contractSymbol,lastTradeDate,strike,lastPrice,bid,ask,change,percentChange,volume,openInterest,impliedVolatility,inTheMoney,contractSize,currency,expiry,dte,spot,mid,moneyness,T,bs_price,error,abs_error,rel_error
SPY260116C00595000,2026-01-02 16:52:41+00:00,595.0,86.66,89.07,89.63,-2.3799973,-2.672953,10.0,3905,0.4705863488769531,True,REGULAR,USD,2026-01-16,12,683.1699829101562,89.35,1.1481848452271537,0.0328767123287671,88.87378550920994,-0.4762144907900563,0.4762144907900563,-0.005329764866145006
SPY260116C00600000,2026-01-02 20:48:42+00:00,600.0,83.28,84.09,84.64,-1.1100006,-1.3153224,137.0,18941,0.4483697741699218,True,REGULAR,USD,2026-01-16,12,683.1699829101562,84.36500000000001,1.1386166381835938,0.0328767123287671,83.8796998169264,-0.4853001830736048,0.4853001830736048,-0.005752387637925736
SPY260116C00605000,2026-01-02 21:05:45+00:00,605.0,79.4,79.12,79.7,-2.1800003,-2.672224,6.0,3455,0.4294490649414063,True,REGULAR,USD,2026-01-16,12,683.1699829101562,79.41,1.1292065833225724,0.0328767123287671,78.88561412667923,-0.5243858733207674,0.5243858733207674,-0.0066035244090261605
SPY260116C00610000,2026-01-02 21:05:37+00:00,610.0,74.42,74.14,74.72,-0.22000122,-0.29474977,170.0,4319,0.4075986975097656,True,REGULAR,USD,2026-01-16,12,683.1699829101562,74.43,1.119950791655994,0.0328767123287671,73.89152845930425,-0.5384715406957525,0.5384715406957525,-0.0072346035294337295
SPY260116C00615000,2026-01-02 20:59:50+00:00,615.0,69.17,69.16,69.71,-2.209999,-3.0961041,88.0,2936,0.3839172937011719,True,REGULAR,USD,2026-01-16,12,683.1699829101562,69.435,1.110845500666921,0.0328767123287671,68.89744300727261,-0.5375569927273887,0.5375569927273887,-0.0077418735900826475
SPY260116C00620000,2026-01-02 20:49:47+00:00,620.0,63.66,64.23,64.73,-1.1099968,-1.7137514,74.0,5416,0.3619448571777344,True,REGULAR,USD,2026-01-16,12,683.1699829101562,64.48,1.1018870692099294,0.0328767123287671,63.90335926211412,-0.5766407378858815,0.5766407378858815,-0.008942939483341836
SPY260116C00621000,2025-12-23 20:45:19+00:00,621.0,69.31,63.18,64.98,0.0,0.0,54.0,40,0.4172421557617187,True,REGULAR,USD,2026-01-16,12,683.1699829101562,64.08,1.100112693897192,0.0328767123287671,62.904543223228984,-1.1754567767710142,1.1754567767710142,-0.018343582658723694
SPY260116C00622000,2026-01-02 20:59:43+00:00,622.0,62.2,61.21,64.0,-7.0600014,-10.193476,28.0,28,0.412969737548828,True,REGULAR,USD,2026-01-16,12,683.1699829101562,62.605,1.0983440239713125,0.0328767123287671,61.90572769857579,-0.6992723014242088,0.6992723014242088,-0.01116959190838126
SPY260116C00623000,2025-12-26 14:53:05+00:00,623.0,69.99,60.21,62.98,0.0,0.0,40.0,45,0.4069883520507812,True,REGULAR,USD,2026-01-16,12,683.1699829101562,61.595,1.0965810319585172,0.0328767123287671,60.90691291322696,-0.688087086773038,0.688087086773038,-0.011171151664470136
SPY260116C00624000,2025-12-24 16:46:43+00:00,624.0,68.67,60.21,60.77,0.0,0.0,352.0,196,0.3455875988769531,True,REGULAR,USD,2026-01-16,12,683.1699829101562,60.49,1.094823690561148,0.0328767123287671,59.908099183662216,-0.5819008163377859,0.5819008163377859,-0.009619785358535062
SPY260116C00625000,2026-01-02 20:46:22+00:00,625.0,58.69,59.21,59.84,-0.5400009,-0.91170174,36.0,3035,0.3444889770507812,True,REGULAR,USD,2026-01-16,12,683.1699829101562,59.525000000000006,1.09307197265625,0.0328767123287671,58.90928695181174,-0.6157130481882689,0.6157130481882689,-0.010343772334116234
SPY260116C00626000,2025-12-29 17:19:56+00:00,626.0,62.62,58.21,58.85,0.0,0.0,17.0,105,0.3403386279296875,True,REGULAR,USD,2026-01-16,12,683.1699829101562,58.53,1.0913258512941792,0.0328767123287671,57.9104768305217,-0.619523169478299,0.619523169478299,-0.010584711591975039
SPY260116C00627000,2025-12-23 14:50:21+00:00,627.0,56.78,56.24,59.03,-4.7800026,-7.7647867,40.0,75,0.3884338500976562,True,REGULAR,USD,2026-01-16,12,683.1699829101562,57.635000000000005,1.0895852996972188,0.0328767123287671,56.91166966380865,-0.7233303361913528,0.7233303361913528,-0.012550192351719489
SPY260116C00628000,2025-12-31 14:48:57+00:00,628.0,54.49,56.25,56.8,-4.779999,-8.064786,1.0,128,0.3283758569335937,True,REGULAR,USD,2026-01-16,12,683.1699829101562,56.525,1.0878502912582106,0.0328767123287671,55.91286660608159,-0.6121333939184055,0.6121333939184055,-0.010829427579272986
SPY260116C00630000,2026-01-02 19:07:56+00:00,630.0,52.67,54.25,54.86,-2.210003,-4.0269732,85.0,3788,0.3219061950683593,True,REGULAR,USD,2026-01-16,12,683.1699829101562,54.555,1.0843967982700893,0.0328767123287671,53.915279637670665,-0.639720362329335,0.639720362329335,-0.011726154565655487
SPY260116C00631000,2026-01-02 20:56:52+00:00,631.0,52.65,53.27,53.86,-9.919998,-15.854241,40.0,201,0.3171455004882812,True,REGULAR,USD,2026-01-16,12,683.1699829101562,53.565,1.0826782613473158,0.0328767123287671,52.91650067748185,-0.6484993225181483,0.6484993225181483,-0.012106773499825415
SPY260116C00633000,2025-12-29 14:35:05+00:00,633.0,57.04,50.31,53.08,0.0,0.0,40.0,94,0.3591372680664062,True,REGULAR,USD,2026-01-16,12,683.1699829101562,51.695,1.0792574769512735,0.0328767123287671,50.9189909454368,-0.7760090545631968,0.7760090545631968,-0.015011298086143666
SPY260116C00634000,2026-01-02 20:59:04+00:00,634.0,50.25,49.31,52.11,-7.279999,-12.654265,40.0,26,0.3550479534912109,True,REGULAR,USD,2026-01-16,12,683.1699829101562,50.71,1.0775551780917292,0.0328767123287671,49.9202717082693,-0.7897282917307038,0.7897282917307038,-0.015573423224821609
SPY260116C00635000,2026-01-02 20:08:23+00:00,635.0,49.64,49.29,49.93,-0.13000107,-0.26120368,32.0,4420,0.3013985876464844,True,REGULAR,USD,2026-01-16,12,683.1699829101562,49.61,1.0758582408033956,0.0328767123287671,48.921586944799856,-0.6884130552001437,0.6884130552001437,-0.013876497786739442
SPY260116C00636000,2025-12-26 14:53:41+00:00,636.0,57.26,48.34,48.87,0.0,0.0,40.0,765,0.293830303955078,True,REGULAR,USD,2026-01-16,12,683.1699829101562,48.605,1.0741666397958431,0.0328767123287671,47.92294771508955,-0.6820522849104478,0.6820522849104478,-0.01403255395351194
SPY260116C00638000,2025-12-24 16:32:22+00:00,638.0,54.53,45.36,48.16,0.0,0.0,40.0,47,0.3357610369873046,True,REGULAR,USD,2026-01-16,12,683.1699829101562,46.76,1.0707993462541634,0.0328767123287671,45.92586673256483,-0.8341332674351705,0.8341332674351705,-0.017838607088006213
SPY260116C00639000,2026-01-02 20:57:15+00:00,639.0,44.73,44.38,47.15,-4.549999,-9.232953,32.0,9,0.3300848242187499,True,REGULAR,USD,2026-01-16,12,683.1699829101562,45.765,1.069123603928257,0.0328767123287671,44.92746625105167,-0.8375337489483314,0.8375337489483314,-0.018300748365526743
SPY260116C00640000,2026-01-02 20:52:30+00:00,640.0,44.23,44.39,44.94,-0.61999893,-1.3823835,66.0,16668,0.2776561492919921,True,REGULAR,USD,2026-01-16,12,683.1699829101562,44.665,1.067453098297119,0.0328767123287671,43.92919591440989,-0.7358040855901109,0.7358040855901109,-0.016473840492334288
SPY260116C00641000,2026-01-02 20:49:16+00:00,641.0,42.65,43.41,43.98,-6.459999,-13.154141,2.0,168,0.2745433874511719,True,REGULAR,USD,2026-01-16,12,683.1699829101562,43.69499999999999,1.0657878048520375,0.0328767123287671,42.93109218376617,-0.7639078162338251,0.7639078162338251,-0.01748272837244136
SPY260116C00642000,2025-12-30 15:40:46+00:00,642.0,46.75,42.42,43.0,0.0,0.0,2.0,172,0.2704540728759765,True,REGULAR,USD,2026-01-16,12,683.1699829101562,42.71,1.0641276992370037,0.0328767123287671,41.933200423419635,-0.7767995765803661,0.7767995765803661,-0.01818776812410129
SPY260116C00644000,2026-01-02 20:59:49+00:00,644.0,40.5,40.45,41.04,-4.299999,-9.598212,82.0,1002,0.2622144091796875,True,REGULAR,USD,2026-01-16,12,683.1699829101562,40.745000000000005,1.0608229548294352,0.0328767123287671,39.93828983820424,-0.8067101617957633,0.8067101617957633,-0.019798997712498788
SPY260116C00645000,2026-01-02 19:46:17+00:00,645.0,39.6,39.48,40.06,-1.4600029,-3.5557792,7.0,8151,0.2580640600585938,True,REGULAR,USD,2026-01-16,12,683.1699829101562,39.77,1.0591782680777615,0.0328767123287671,38.94142377705157,-0.8285762229484348,0.8285762229484348,-0.02083420223657115
SPY260116C00647000,2026-01-02 20:54:44+00:00,647.0,37.19,37.5,38.11,-1.050003,-2.7458239,30.0,344,0.2500685345458984,True,REGULAR,USD,2026-01-16,12,683.1699829101562,37.805,1.0559041466926682,0.0328767123287671,36.94938141639216,-0.8556185836078427,0.8556185836078427,-0.0226324185585992
SPY260116C00648000,2026-01-02 20:56:43+00:00,648.0,35.92,35.56,38.35,-4.710003,-11.592426,32.0,51,0.2881540911865233,True,REGULAR,USD,2026-01-16,12,683.1699829101562,36.955,1.054274664984809,0.0328767123287671,35.95447368383168,-1.0005263161683189,1.0005263161683189,-0.027074179844901066
SPY260116C00649000,2025-12-26 19:45:25+00:00,649.0,43.61,34.59,37.37,0.0,0.0,42.0,51,0.2832102929687499,True,REGULAR,USD,2026-01-16,12,683.1699829101562,35.980000000000004,1.0526502047922284,0.0328767123287671,34.960530596363924,-1.01946940363608,1.01946940363608,-0.028334335843137298
SPY260116C00650000,2026-01-02 20:28:53+00:00,650.0,35.01,34.79,35.16,-0.11000061,-0.3132136,126.0,29571,0.236763003540039,True,REGULAR,USD,2026-01-16,12,683.1699829101562,34.974999999999994,1.051030742938702,0.0328767123287671,33.96775688236744,-1.0072431176325551,1.0072431176325551,-0.028798945464833605
SPY260116C00651000,2026-01-02 20:57:58+00:00,651.0,33.15,32.66,35.43,-9.199997,-21.723724,32.0,17,0.2739330419921875,True,REGULAR,USD,2026-01-16,12,683.1699829101562,34.045,1.049416256390409,0.0328767123287671,32.976392351482446,-1.0686076485175562,1.0686076485175562,-0.031388093655971686
SPY260116C00654000,2026-01-02 17:17:48+00:00,654.0,30.1,29.78,32.56,-5.789999,-16.132624,14.0,37,0.2608716491699219,True,REGULAR,USD,2026-01-16,12,683.1699829101562,31.17,1.0446024203519209,0.0328767123287671,30.013765212713338,-1.1562347872866638,1.1562347872866638,-0.03709447504929945
SPY260116C00655000,2026-01-02 20:27:53+00:00,655.0,30.07,29.94,30.39,-1.5300007,-4.8417745,26.0,7898,0.2188798815917968,True,REGULAR,USD,2026-01-16,12,683.1699829101562,30.165,1.043007607496422,0.0328767123287671,29.031282612991617,-1.1337173870083816,1.1337173870083816,-0.037583868291343664
SPY260116C00658000,2026-01-02 20:01:35+00:00,658.0,27.37,27.17,27.52,-4.8500004,-15.052763,11.0,21,0.2069781451416015,True,REGULAR,USD,2026-01-16,12,683.1699829101562,27.345,1.0382522536628511,0.0328767123287671,26.105724390387877,-1.2392756096121218,1.2392756096121218,-0.04532000766546432
SPY260116C00659000,2025-12-26 17:16:18+00:00,659.0,33.47,26.17,26.59,0.0,0.0,46.0,13,0.2036822796630859,True,REGULAR,USD,2026-01-16,12,683.1699829101562,26.380000000000003,1.0366767570715574,0.0328767123287671,25.139834927462516,-1.2401650725374864,1.2401650725374864,-0.047011564538949446
SPY260116C00660000,2026-01-02 20:36:39+00:00,660.0,25.37,25.27,25.71,0.41000175,1.6426352,456.0,11640,0.2017291741943359,True,REGULAR,USD,2026-01-16,12,683.1699829101562,25.49,1.035106034712358,0.0328767123287671,24.1797568142498,-1.310243185750199,1.310243185750199,-0.05140224345822672
SPY260116C00663000,2026-01-02 17:20:48+00:00,663.0,21.82,22.53,22.95,-5.710001,-20.741013,40.0,585,0.1915364050292969,True,REGULAR,USD,2026-01-16,12,683.1699829101562,22.74,1.0304222969987271,0.0328767123287671,21.342714082633506,-1.3972859173664922,1.3972859173664922,-0.061446170508640825
SPY260116C00665000,2026-01-02 20:36:48+00:00,665.0,20.91,20.75,21.13,-0.07999992,-0.38113353,183.0,12460,0.1847005358886718,True,REGULAR,USD,2026-01-16,12,683.1699829101562,20.94,1.0273232825716636,0.0328767123287671,19.496818648680346,-1.4431813513196552,1.4431813513196552,-0.06891983530657379
SPY260116C00670000,2026-01-02 21:00:10+00:00,670.0,16.76,16.44,16.75,0.44000053,2.6960819,707.0,26333,0.1690146575927734,True,REGULAR,USD,2026-01-16,12,683.1699829101562,16.595,1.019656690910681,0.0328767123287671,15.105474121400334,-1.4895258785996646,1.4895258785996646,-0.08975751000901866
SPY260116C00671000,2026-01-02 19:13:13+00:00,671.0,14.99,15.56,15.93,-0.57000065,-3.663243,11.0,92,0.166573275756836,True,REGULAR,USD,2026-01-16,12,683.1699829101562,15.745,1.0181370833236307,0.0328767123287671,14.275177050495927,-1.4698229495040724,1.4698229495040724,-0.09335172750105256
SPY260116C00672000,2026-01-02 19:22:20+00:00,672.0,14.15,14.76,15.09,-1.4400005,-9.236693,24.0,162,0.163521548461914,True,REGULAR,USD,2026-01-16,12,683.1699829101562,14.925,1.0166219983782088,0.0328767123287671,13.463772916150106,-1.461227083849895,1.461227083849895,-0.09790466223449883
SPY260116C00673000,2026-01-02 20:45:08+00:00,673.0,13.5,13.94,14.26,-4.6499996,-25.619831,35.0,233,0.1604087866210937,True,REGULAR,USD,2026-01-16,12,683.1699829101562,14.1,1.0151114159140509,0.0328767123287671,12.672486271023558,-1.4275137289764412,1.4275137289764412,-0.10124210843804549
SPY260116C00674000,2026-01-02 20:42:29+00:00,674.0,12.9,13.15,13.46,-0.97000027,-6.9935126,40.0,509,0.1577232666015625,True,REGULAR,USD,2026-01-16,12,683.1699829101562,13.305,1.0136053158904397,0.0328767123287671,11.90250693346195,-1.4024930665380495,1.4024930665380495,-0.10541097831928219
SPY260116C00675000,2026-01-02 21:12:15+00:00,675.0,12.4,12.45,12.68,-0.20000076,-1.5873077,3079.0,18395,0.1551598156738281,True,REGULAR,USD,2026-01-16,12,683.1699829101562,12.565,1.0121036783854167,0.0328767123287671,11.154975412727822,-1.4100245872721775,1.4100245872721775,-0.112218431139847
SPY260116C00676000,2026-01-02 20:50:00+00:00,676.0,11.0,11.6,11.91,-0.5,-4.347826,36.0,1076,0.1525353302001953,True,REGULAR,USD,2026-01-16,12,683.1699829101562,11.755,1.0106064835949058,0.0328767123287671,10.430968401551695,-1.3240315984483058,1.3240315984483058,-0.1126356102465594
SPY260116C00677000,2026-01-02 21:12:04+00:00,677.0,10.94,10.86,11.17,0.0899992,0.8294857,211.0,1166,0.1502465347290039,True,REGULAR,USD,2026-01-16,12,683.1699829101562,11.015,1.0091137118318407,0.0328767123287671,9.731484645683679,-1.2835153543163216,1.2835153543163216,-0.11652431723253032
SPY260116C00678000,2026-01-02 20:41:36+00:00,678.0,10.0,10.12,10.44,-0.5,-4.7619047,171.0,2531,0.1478356701660156,True,REGULAR,USD,2026-01-16,12,683.1699829101562,10.28,1.0076253435253042,0.0328767123287671,9.057431502316888,-1.2225684976831115,1.2225684976831115,-0.11892689666178129
SPY260116C00679000,2026-01-02 20:59:04+00:00,679.0,9.3,9.42,9.72,-0.34999943,-3.6269372,204.0,3467,0.1452722192382812,True,REGULAR,USD,2026-01-16,12,683.1699829101562,9.57,1.0061413592196704,0.0328767123287671,8.409612491705786,-1.1603875082942139,1.1603875082942139,-0.12125261319688754
SPY260116C00680000,2026-01-02 21:01:04+00:00,680.0,8.93,8.73,8.93,-0.029999733,-0.33481845,3958.0,25340,0.1409692837524414,True,REGULAR,USD,2026-01-16,12,683.1699829101562,8.83,1.0046617395737591,0.0328767123287671,7.788716129009174,-1.041283870990826,1.041283870990826,-0.11792569320394407
SPY260116C00681000,2026-01-02 21:02:53+00:00,681.0,8.3,8.06,8.3,0.14000034,1.7156905,1349.0,1635,0.1394739373779297,True,REGULAR,USD,2026-01-16,12,683.1699829101562,8.18,1.0031864653599945,0.0328767123287671,7.195306296763931,-0.9846937032360685,0.9846937032360685,-0.12037820332959273
SPY260116C00682000,2026-01-02 21:14:01+00:00,682.0,7.52,7.49,7.57,-0.09000015,-1.1826564,3709.0,2571,0.1355982437133789,True,REGULAR,USD,2026-01-16,12,683.1699829101562,7.53,1.001715517463572,0.0328767123287671,6.629814383209066,-0.9001856167909343,0.9001856167909343,-0.11954656265483855
SPY260116C00683000,2026-01-02 21:14:56+00:00,683.0,6.9,6.9,6.93,-0.19999981,-2.8168988,4718.0,2797,0.1330653100585937,True,REGULAR,USD,2026-01-16,12,683.1699829101562,6.915,1.0002488768816344,0.0328767123287671,6.09253336910615,-0.8224666308938504,0.8224666308938504,-0.11893949832159803
SPY260116C00684000,2026-01-02 21:14:08+00:00,684.0,6.27,6.3,6.33,-0.23000002,-3.5384617,3940.0,2312,0.1308680664062499,False,REGULAR,USD,2026-01-16,12,683.1699829101562,6.3149999999999995,0.9987865247224508,0.0328767123287671,5.583613997192913,-0.7313860028070867,0.7313860028070867,-0.11581726093540566
SPY260116C00685000,2026-01-02 21:14:24+00:00,685.0,5.7,5.72,5.75,-0.26000023,-4.36242,14678.0,22476,0.1286097882080077,False,REGULAR,USD,2026-01-16,12,683.1699829101562,5.734999999999999,0.9973284422046076,0.0328767123287671,5.103063105687625,-0.6319368943123749,0.6319368943123749,-0.11018951949649083
SPY260116C00686000,2026-01-02 21:06:35+00:00,686.0,5.14,5.17,5.2,-0.16000032,-3.018874,1879.0,3877,0.126412544555664,False,REGULAR,USD,2026-01-16,12,683.1699829101562,5.1850000000000005,0.9958746106562044,0.0328767123287671,4.650744152202378,-0.5342558477976223,0.5342558477976223,-0.10303873631583842
SPY260116C00687000,2026-01-02 21:03:04+00:00,687.0,4.7,4.65,4.68,-0.11000013,-2.286905,1208.0,4591,0.1243373699951172,False,REGULAR,USD,2026-01-16,12,683.1699829101562,4.665,0.9944250115140556,0.0328767123287671,4.226379898998914,-0.43862010100108595,0.43862010100108595,-0.09402360150076869
SPY260116C00688000,2026-01-02 21:12:29+00:00,688.0,4.11,4.16,4.19,-0.27999973,-6.378126,2307.0,5488,0.1222927127075195,False,REGULAR,USD,2026-01-16,12,683.1699829101562,4.175000000000001,0.9929796263229016,0.0328767123287671,3.8295571766721537,-0.34544282332784704,0.34544282332784704,-0.08274079600666993
SPY260116C00689000,2026-01-02 21:14:56+00:00,689.0,3.72,3.71,3.74,-0.07999992,-2.105261,17326.0,3592,0.1204921936035156,False,REGULAR,USD,2026-01-16,12,683.1699829101562,3.725,0.9915384367346244,0.0328767123287671,3.459733592940381,-0.2652664070596189,0.2652664070596189,-0.07121245827103863
SPY260116C00690000,2026-01-02 21:14:39+00:00,690.0,3.27,3.28,3.31,-0.24000001,-6.8376074,15601.0,29416,0.1185390881347656,False,REGULAR,USD,2026-01-16,12,683.1699829101562,3.295,0.9901014245074728,0.0328767123287671,3.1162460079375762,-0.1787539920624237,0.1787539920624237,-0.05425007346355803
SPY260116C00691000,2026-01-02 21:11:47+00:00,691.0,2.89,2.89,2.92,-0.19999981,-6.4724865,1770.0,2245,0.1168606381225585,False,REGULAR,USD,2026-01-16,12,683.1699829101562,2.905,0.9886685715052912,0.0328767123287671,2.798320558659185,-0.10667944134081475,0.10667944134081475,-0.03672269925673486
SPY260116C00692000,2026-01-02 21:09:57+00:00,692.0,2.54,2.53,2.55,-0.18000007,-6.6176496,1267.0,2485,0.114968567199707,False,REGULAR,USD,2026-01-16,12,683.1699829101562,2.54,0.9872398596967576,0.0328767123287671,2.505083984161587,-0.034916015838413195,0.034916015838413195,-0.013746462928509132
SPY260116C00693000,2026-01-02 21:12:15+00:00,693.0,2.15,2.2,2.22,-0.15999985,-6.9264,3216.0,4417,0.1133511517333984,False,REGULAR,USD,2026-01-16,12,683.1699829101562,2.21,0.9858152711546266,0.0328767123287671,2.2355759805129765,0.025575980512976493,0.025575980512976493,0.011572841861075336
SPY260116C00694000,2026-01-02 21:03:40+00:00,694.0,1.9,1.9,1.92,-0.16999996,-8.212559,2897.0,2931,0.111764253540039,False,REGULAR,USD,2026-01-16,12,683.1699829101562,1.91,0.9843947880549802,0.0328767123287671,1.988762300787016,0.07876230078701618,0.07876230078701618,0.04123680669477287
SPY260116C00695000,2026-01-02 21:14:53+00:00,695.0,1.63,1.63,1.65,-0.19000006,-10.439564,13097.0,24801,0.1102994244384765,False,REGULAR,USD,2026-01-16,12,683.1699829101562,1.64,0.9829783926764838,0.0328767123287671,1.7635483106139134,0.12354831061391347,0.12354831061391347,0.07533433574019115
SPY260116C00696000,2026-01-02 21:02:15+00:00,696.0,1.41,1.39,1.41,-0.14999998,-9.615383,1138.0,2849,0.1088956298828125,False,REGULAR,USD,2026-01-16,12,683.1699829101562,1.4,0.9815660673996498,0.0328767123287671,1.5587927136874384,0.15879271368743852,0.15879271368743852,0.11342336691959895
SPY260116C00697000,2026-01-02 21:09:00+00:00,697.0,1.16,1.17,1.19,-0.19000006,-14.074079,2138.0,3017,0.1073697662353515,False,REGULAR,USD,2026-01-16,12,683.1699829101562,1.18,0.9801577947061064,0.0328767123287671,1.373321173533526,0.19332117353352607,0.19332117353352607,0.16383150299451363
SPY260116C00698000,2026-01-02 21:11:17+00:00,698.0,0.98,0.98,1.0,-0.16999996,-14.782604,2029.0,3261,0.1060270062255859,False,REGULAR,USD,2026-01-16,12,683.1699829101562,0.99,0.9787535571778744,0.0328767123287671,1.2059395769197039,0.2159395769197039,0.2159395769197039,0.21812078476737767
SPY260116C00699000,2026-01-02 21:10:13+00:00,699.0,0.82,0.81,0.82,-0.13,-13.68421,658.0,2818,0.1042570043945312,False,REGULAR,USD,2026-01-16,12,683.1699829101562,0.815,0.977353337496647,0.0328767123287671,1.0554467094066808,0.2404467094066809,0.2404467094066809,0.29502663730881096
SPY260116C00700000,2026-01-02 21:14:56+00:00,700.0,0.68,0.67,0.68,-0.13999999,-17.07317,13878.0,48808,0.1030973480224609,False,REGULAR,USD,2026-01-16,12,683.1699829101562,0.675,0.9759571184430804,0.0328767123287671,0.9206461434691846,0.24564614346918456,0.24564614346918456,0.36392021254694007
SPY260116C00701000,2026-01-02 21:10:57+00:00,701.0,0.55,0.55,0.56,-0.13999999,-20.289854,15728.0,3637,0.1020597607421874,False,REGULAR,USD,2026-01-16,12,683.1699829101562,0.555,0.974564882896086,0.0328767123287671,0.8003571729954615,0.24535717299546145,0.24535717299546145,0.4420849963882188
SPY260116C00702000,2026-01-02 21:11:56+00:00,702.0,0.45,0.44,0.46,-0.17000002,-27.41936,1050.0,3224,0.1012052770996093,False,REGULAR,USD,2026-01-16,12,683.1699829101562,0.45,0.9731766138321314,0.0328767123287671,0.6934246634434373,0.24342466344343733,0.24342466344343733,0.5409436965409719
SPY260116C00703000,2026-01-02 21:13:29+00:00,703.0,0.36,0.35,0.37,-0.089999974,-19.999994,843.0,5188,0.0999845861816406,False,REGULAR,USD,2026-01-16,12,683.1699829101562,0.36,0.9717922943245466,0.0328767123287671,0.5987277231515762,0.2387277231515762,0.2387277231515762,0.663132564309934
SPY260116C00704000,2026-01-02 21:13:09+00:00,704.0,0.28,0.29,0.3,-0.109999985,-28.205126,523.0,4576,0.0992521716308593,False,REGULAR,USD,2026-01-16,12,683.1699829101562,0.295,0.9704119075428356,0.0328767123287671,0.515187137021698,0.22018713702169807,0.22018713702169807,0.746397074649824
SPY260116C00705000,2026-01-02 21:14:59+00:00,705.0,0.24,0.23,0.24,-0.10000001,-29.411766,4119.0,24495,0.0983976879882812,False,REGULAR,USD,2026-01-16,12,683.1699829101562,0.235,0.9690354367519948,0.0328767123287671,0.4417715378992071,0.2067715378992071,0.2067715378992071,0.8798788846774771
SPY260116C00706000,2026-01-02 21:03:52+00:00,706.0,0.18,0.18,0.19,-0.07999998,-30.769226,325.0,2899,0.0976652734375,False,REGULAR,USD,2026-01-16,12,683.1699829101562,0.185,0.967662865311836,0.0328767123287671,0.3775023225102956,0.1925023225102956,0.1925023225102956,1.0405530946502464
SPY260116C00707000,2026-01-02 21:14:07+00:00,707.0,0.15,0.14,0.16,-0.06999999,-31.818178,750.0,2874,0.0979094116210937,False,REGULAR,USD,2026-01-16,12,683.1699829101562,0.15,0.9662941766763172,0.0328767123287671,0.3214573470282147,0.17145734702821472,0.17145734702821472,1.143048980188098
SPY260116C00708000,2026-01-02 20:47:29+00:00,708.0,0.11,0.12,0.13,-0.08,-42.105263,213.0,3660,0.0979094116210937,False,REGULAR,USD,2026-01-16,12,683.1699829101562,0.125,0.964929354392876,0.0328767123287671,0.27277346165718797,0.14777346165718797,0.14777346165718797,1.1821876932575037
SPY260116C00709000,2026-01-02 19:25:12+00:00,709.0,0.11,0.1,0.11,-0.07000001,-38.888893,33.0,1361,0.0983976879882812,False,REGULAR,USD,2026-01-16,12,683.1699829101562,0.105,0.963568382101772,0.0328767123287671,0.23064796369142826,0.12564796369142828,0.12564796369142828,1.196647273251698
SPY260116C00710000,2026-01-02 21:12:37+00:00,710.0,0.08,0.08,0.09,-0.049999997,-38.461536,3757.0,27470,0.0983976879882812,False,REGULAR,USD,2026-01-16,12,683.1699829101562,0.0849999999999999,0.9622112435354312,0.0328767123287671,0.19433906416229618,0.10933906416229629,0.10933906416229629,1.2863419313211344
SPY260116C00711000,2026-01-02 20:12:56+00:00,711.0,0.07,0.07,0.08,-0.04,-36.363636,237.0,1906,0.09961837890625,False,REGULAR,USD,2026-01-16,12,683.1699829101562,0.075,0.9608579225178008,0.0328767123287671,0.16316547444290208,0.08816547444290208,0.08816547444290208,1.1755396592386944
SPY260116C00712000,2026-01-02 20:42:57+00:00,712.0,0.07,0.06,0.07,-0.04,-36.363636,385.0,1193,0.100594931640625,False,REGULAR,USD,2026-01-16,12,683.1699829101562,0.065,0.9595084029637024,0.0328767123287671,0.1365052262096036,0.07150522620960359,0.07150522620960359,1.1000804032246705
SPY260116C00713000,2026-01-02 21:00:12+00:00,713.0,0.06,0.05,0.06,-0.040000003,-40.000004,41.0,5213,0.1015714843749999,False,REGULAR,USD,2026-01-16,12,683.1699829101562,0.055,0.9581626688781996,0.0328767123287671,0.11379384126461645,0.058793841264616446,0.058793841264616446,1.0689789320839354
SPY260116C00714000,2026-01-02 20:45:47+00:00,714.0,0.05,0.05,0.06,-0.05,-50.0,513.0,1220,0.1045011425781249,False,REGULAR,USD,2026-01-16,12,683.1699829101562,0.055,0.9568207043559612,0.0328767123287671,0.09452196730943463,0.03952196730943463,0.03952196730943463,0.7185812238079023
SPY260116C00715000,2026-01-02 21:12:21+00:00,715.0,0.04,0.04,0.05,-0.030000001,-42.857143,2080.0,17984,0.1045011425781249,False,REGULAR,USD,2026-01-16,12,683.1699829101562,0.045,0.955482493580638,0.0328767123287671,0.0782325923004894,0.0332325923004894,0.0332325923004894,0.7385020511219867
SPY260116C00716000,2026-01-02 19:02:43+00:00,716.0,0.04,0.04,0.05,-0.060000002,-60.000004,67.0,779,0.10743080078125,False,REGULAR,USD,2026-01-16,12,683.1699829101562,0.045,0.9541480208242406,0.0328767123287671,0.06451794403607636,0.01951794403607636,0.01951794403607636,0.4337320896905858
SPY260116C00717000,2026-01-02 16:36:00+00:00,717.0,0.05,0.04,0.05,-0.02,-28.571426,8.0,804,0.1103604589843749,False,REGULAR,USD,2026-01-16,12,683.1699829101562,0.045,0.952817270446522,0.0328767123287671,0.05301617365496014,0.008016173654960143,0.008016173654960143,0.17813719233244762
SPY260116C00718000,2026-01-02 20:26:00+00:00,718.0,0.05,0.03,0.05,-0.02,-28.571426,31.0,1368,0.1132901171875,False,REGULAR,USD,2026-01-16,12,683.1699829101562,0.04,0.951490226894368,0.0328767123287671,0.04340791230038299,0.0034079123003829884,0.0034079123003829884,0.0851978075095747
SPY260116C00719000,2026-01-02 20:58:52+00:00,719.0,0.04,0.03,0.04,-0.030000001,-42.857143,629.0,688,0.1123135644531249,False,REGULAR,USD,2026-01-16,12,683.1699829101562,0.035,0.9501668747011908,0.0328767123287671,0.035412779823080776,0.0004127798230807722,0.0004127798230807722,0.011793709230879204
SPY260116C00720000,2026-01-02 20:59:14+00:00,720.0,0.04,0.03,0.04,0.0,0.0,1075.0,18543,0.11524322265625,False,REGULAR,USD,2026-01-16,12,683.1699829101562,0.035,0.948847198486328,0.0328767123287671,0.028785913522622053,-0.00621408647737795,0.00621408647737795,-0.1775453279250843
SPY260116C00725000,2026-01-02 21:09:18+00:00,725.0,0.03,0.03,0.04,-0.01,-25.0,238.0,19327,0.1289149609375,False,REGULAR,USD,2026-01-16,12,683.1699829101562,0.035,0.9423034247036638,0.0328767123287671,0.009675519366560303,-0.0253244806334397,0.0253244806334397,-0.7235565895268485
SPY260116C00730000,2026-01-02 20:48:41+00:00,730.0,0.02,0.02,0.03,-0.02,-50.0,757.0,19148,0.1367273828125,False,REGULAR,USD,2026-01-16,12,683.1699829101562,0.025,0.9358492916577484,0.0328767123287671,0.002970291335445463,-0.02202970866455454,0.02202970866455454,-0.8811883465821815
SPY260116C00735000,2026-01-02 19:44:04+00:00,735.0,0.02,0.02,0.03,0.0,0.0,780.0,20739,0.149422568359375,False,REGULAR,USD,2026-01-16,12,683.1699829101562,0.025,0.9294829699457908,0.0328767123287671,0.0008329807480718654,-0.024167019251928136,0.024167019251928136,-0.9666807700771254
SPY260116C00740000,2026-01-02 20:52:12+00:00,740.0,0.02,0.02,0.03,-0.01,-33.333336,130.0,20603,0.16211775390625,False,REGULAR,USD,2026-01-16,12,683.1699829101562,0.025,0.9232026796083193,0.0328767123287671,0.00021349258862954357,-0.024786507411370458,0.024786507411370458,-0.9914602964548183
SPY260116C00745000,2026-01-02 21:08:14+00:00,745.0,0.02,0.01,0.02,0.0,0.0,329.0,10354,0.16602396484375,False,REGULAR,USD,2026-01-16,12,683.1699829101562,0.015,0.9170066884700084,0.0328767123287671,5.004233070527754e-05,-0.014949957669294722,0.014949957669294722,-0.9966638446196482
SPY260116C00750000,2026-01-02 20:22:21+00:00,750.0,0.01,0.01,0.02,-0.02,-66.66667,425.0,21815,0.17774259765625,False,REGULAR,USD,2026-01-16,12,683.1699829101562,0.015,0.910893310546875,0.0328767123287671,1.0736618096603319e-05,-0.014989263381903397,0.014989263381903397,-0.9992842254602265
SPY260116C00755000,2025-12-31 18:52:21+00:00,755.0,0.02,0.01,0.02,-0.01,-33.333336,6.0,5261,0.18946123046875,False,REGULAR,USD,2026-01-16,12,683.1699829101562,0.015,0.9048609045167632,0.0328767123287671,2.110560912147179e-06,-0.014997889439087852,0.014997889439087852,-0.9998592959391901
SPY260116C00760000,2026-01-02 14:57:11+00:00,760.0,0.02,0.01,0.02,0.0,0.0,36.0,4689,0.2011798632812499,False,REGULAR,USD,2026-01-16,12,683.1699829101562,0.015,0.8989078722502056,0.0328767123287671,3.8053743702459123e-07,-0.014999619462562975,0.014999619462562975,-0.9999746308375317
SPY260116C00765000,2026-01-02 14:57:47+00:00,765.0,0.01,0.01,0.02,0.0,0.0,4.0,5747,0.2109453906249999,False,REGULAR,USD,2026-01-16,12,683.1699829101562,0.015,0.893032657398897,0.0328767123287671,6.300393759365517e-08,-0.014999936996062406,0.014999936996062406,-0.9999957997374938
SPY260116C00770000,2025-12-31 17:15:20+00:00,770.0,0.02,0.01,0.02,0.0,0.0,72.0,13121,0.2226640234374999,False,REGULAR,USD,2026-01-16,12,683.1699829101562,0.015,0.887233744039164,0.0328767123287671,9.590363275184238e-09,-0.014999990409636725,0.014999990409636725,-0.9999993606424483
SPY260116C00775000,2026-01-02 16:50:30+00:00,775.0,0.01,0.01,0.02,0.0,0.0,263.0,3243,0.23438265625,False,REGULAR,USD,2026-01-16,12,683.1699829101562,0.015,0.8815096553679436,0.0328767123287671,1.3438276494611323e-09,-0.01499999865617235,0.01499999865617235,-0.9999999104114901
SPY260116C00780000,2026-01-02 15:41:34+00:00,780.0,0.02,0.01,0.02,0.0,0.0,7.0,4190,0.24414818359375,False,REGULAR,USD,2026-01-16,12,683.1699829101562,0.015,0.8758589524489183,0.0328767123287671,1.7356004951836415e-10,-0.01499999982643995,0.01499999982643995,-0.99999998842933
SPY260116C00785000,2026-01-02 17:00:15+00:00,785.0,0.02,0.01,0.02,0.01,100.0,4.0,1274,0.2539137109375,False,REGULAR,USD,2026-01-16,12,683.1699829101562,0.015,0.8702802330065684,0.0328767123287671,2.0687989591485065e-11,-0.01499999997931201,0.01499999997931201,-0.9999999986208007
SPY260116C00790000,2025-12-29 20:47:17+00:00,790.0,0.01,0.01,0.02,0.0,0.0,2.0,5442,0.26563234375,False,REGULAR,USD,2026-01-16,12,683.1699829101562,0.015,0.8647721302660206,0.0328767123287671,2.2788642191218836e-12,-0.014999999997721135,0.014999999997721135,-0.9999999998480756
SPY260116C00795000,2026-01-02 16:40:32+00:00,795.0,0.01,0.01,0.02,0.0,0.0,2.0,3966,0.2753978710937499,False,REGULAR,USD,2026-01-16,12,683.1699829101562,0.015,0.8593333118366745,0.0328767123287671,2.32285134981933e-13,-0.014999999999767715,0.014999999999767715,-0.9999999999845144
SPY260123C00615000,2025-12-29 20:32:04+00:00,615.0,75.67,69.71,70.35,0.0,0.0,2.0,212,0.3372869006347656,True,REGULAR,USD,2026-01-23,19,683.1699829101562,70.03,1.110845500666921,0.0520547945205479,69.32145974383229,-0.7085402561677085,0.7085402561677085,-0.010117667516317414
SPY260123C00645000,2026-01-02 18:29:48+00:00,645.0,38.54,39.32,42.11,-9.43,-19.65812,16.0,8,0.2650525155639648,True,REGULAR,USD,2026-01-23,19,683.1699829101562,40.715,1.0591782680777615,0.0520547945205479,39.44052608865195,-1.2744739113480534,1.2744739113480534,-0.031302318834534035
SPY260123C00650000,2025-12-31 20:09:43+00:00,650.0,36.4,34.57,37.36,0.0,0.0,11.0,79,0.2477492218017578,True,REGULAR,USD,2026-01-23,19,683.1699829101562,35.965,1.051030742938702,0.0520547945205479,34.533045458725155,-1.4319545412748482,1.4319545412748482,-0.03981522428124143
SPY260123C00660000,2026-01-02 19:50:24+00:00,660.0,26.87,26.51,26.88,-1.8299999,-6.376306,17.0,101,0.189186575012207,True,REGULAR,USD,2026-01-23,19,683.1699829101562,26.695,1.035106034712358,0.0520547945205479,25.029118897583544,-1.6658811024164564,1.6658811024164564,-0.0624042368389757
SPY260123C00663000,2026-01-02 19:26:12+00:00,663.0,23.54,23.8,24.24,-7.3199997,-23.720024,46.0,61,0.1818929467773437,True,REGULAR,USD,2026-01-23,19,683.1699829101562,24.02,1.0304222969987271,0.0520547945205479,22.321498345986583,-1.6985016540134161,1.6985016540134161,-0.07071197560422215
SPY260123C00665000,2026-01-02 16:00:54+00:00,665.0,20.82,22.06,22.46,-1.5599995,-6.9705067,6.0,460,0.1760946649169922,True,REGULAR,USD,2026-01-23,19,683.1699829101562,22.26,1.0273232825716636,0.0520547945205479,20.570423976935217,-1.6895760230647845,1.6895760230647845,-0.07590188782860667
SPY260123C00666000,2025-12-30 18:30:57+00:00,666.0,20.82,21.31,21.51,-5.1100006,-19.706905,1.0,580,0.1718527639770508,True,REGULAR,USD,2026-01-23,19,683.1699829101562,21.41,1.0257807551203548,0.0520547945205479,19.713414018529534,-1.6965859814704665,1.6965859814704665,-0.0792426894661591
SPY260123C00667000,2026-01-02 18:24:49+00:00,667.0,18.9,20.38,20.76,-6.17,-24.61109,4.0,139,0.171333970336914,True,REGULAR,USD,2026-01-23,19,683.1699829101562,20.57,1.024242852938765,0.0520547945205479,18.869810916800702,-1.700189083199298,1.700189083199298,-0.0826538202819299
SPY260123C00669000,2026-01-02 17:24:24+00:00,669.0,18.17,18.71,19.12,-1.9500008,-9.691853,12.0,21,0.1671836212158203,True,REGULAR,USD,2026-01-23,19,683.1699829101562,18.915,1.0211808414202634,0.0520547945205479,17.225994315216212,-1.6890056847837869,1.6890056847837869,-0.0892945114873797
SPY260123C00670000,2026-01-02 21:04:19+00:00,670.0,18.05,17.95,18.16,0.0,0.0,102.0,1223,0.1623313748168945,True,REGULAR,USD,2026-01-23,19,683.1699829101562,18.055,1.019656690910681,0.0520547945205479,16.427347570015968,-1.6276524299840318,1.6276524299840318,-0.09014967765073563
SPY260123C00671000,2026-01-02 21:04:19+00:00,671.0,17.25,17.11,17.34,-3.58,-17.186749,28.0,80,0.159889992980957,True,REGULAR,USD,2026-01-23,19,683.1699829101562,17.225,1.0181370833236307,0.0520547945205479,15.645229809631019,-1.5797701903689827,1.5797701903689827,-0.09171379915059405
SPY260123C00673000,2026-01-02 18:49:08+00:00,673.0,13.83,15.52,15.79,-6.0200005,-30.327457,20.0,89,0.1560448165893554,True,REGULAR,USD,2026-01-23,19,683.1699829101562,15.655,1.0151114159140509,0.0520547945205479,14.1335125230529,-1.5214874769470992,1.5214874769470992,-0.09718859641948893
SPY260123C00675000,2026-01-02 19:24:11+00:00,675.0,14.3,13.98,14.18,0.32000065,2.288989,94.0,1063,0.1504601556396484,True,REGULAR,USD,2026-01-23,19,683.1699829101562,14.08,1.0121036783854167,0.0520547945205479,12.69639089321089,-1.3836091067891108,1.3836091067891108,-0.0982676922435448
SPY260123C00676000,2026-01-02 19:47:26+00:00,676.0,13.57,13.15,13.51,-2.0900002,-13.346106,32.0,268,0.1496361892700195,True,REGULAR,USD,2026-01-23,19,683.1699829101562,13.33,1.0106064835949058,0.0520547945205479,12.007370242203194,-1.3226297577968058,1.3226297577968058,-0.09922203734409646
SPY260123C00677000,2025-12-31 21:12:16+00:00,677.0,12.69,12.41,12.76,0.0,0.0,18.0,175,0.1472253247070312,True,REGULAR,USD,2026-01-23,19,683.1699829101562,12.585,1.0091137118318407,0.0520547945205479,11.338785041243227,-1.2462149587567737,1.2462149587567737,-0.09902383462509126
SPY260123C00678000,2026-01-02 18:17:02+00:00,678.0,10.43,11.76,11.97,-1.5999994,-13.300079,34.0,201,0.143990493774414,True,REGULAR,USD,2026-01-23,19,683.1699829101562,11.865,1.0076253435253042,0.0520547945205479,10.691124693688721,-1.1738753063112792,1.1738753063112792,-0.098935971876214
SPY260123C00679000,2026-01-02 20:07:29+00:00,679.0,11.1,11.05,11.27,-0.029999733,-0.2695394,43.0,551,0.1419763537597656,True,REGULAR,USD,2026-01-23,19,683.1699829101562,11.16,1.0061413592196704,0.0520547945205479,10.064819700409657,-1.0951802995903428,1.0951802995903428,-0.09813443544716333
SPY260123C00680000,2026-01-02 21:04:23+00:00,680.0,10.49,10.41,10.54,-0.06000042,-0.56872433,245.0,672,0.1392603164672852,True,REGULAR,USD,2026-01-23,19,683.1699829101562,10.475,1.0046617395737591,0.0520547945205479,9.460237896341027,-1.0147621036589722,1.0147621036589722,-0.0968746638337921
SPY260123C00681000,2026-01-02 21:10:17+00:00,681.0,9.88,9.7,9.96,-1.0599995,-9.68921,60.0,267,0.1386499710083008,True,REGULAR,USD,2026-01-23,19,683.1699829101562,9.83,1.0031864653599945,0.0520547945205479,8.877681254319157,-0.9523187456808433,0.9523187456808433,-0.09687881441310715
SPY260123C00682000,2026-01-02 21:09:13+00:00,682.0,9.2,9.09,9.18,-0.05000019,-0.5405426,399.0,227,0.1346216909790039,True,REGULAR,USD,2026-01-23,19,683.1699829101562,9.135,1.001715517463572,0.0520547945205479,8.317383302456903,-0.8176166975430963,0.8176166975430963,-0.08950374357340955
SPY260123C00683000,2026-01-02 21:01:21+00:00,683.0,8.56,8.49,8.53,-0.049999237,-0.58071125,679.0,579,0.1323634127807617,True,REGULAR,USD,2026-01-23,19,683.1699829101562,8.51,1.0002488768816344,0.0520547945205479,7.779507191580478,-0.7304928084195215,0.7304928084195215,-0.08583934294001427
SPY260123C00684000,2026-01-02 21:14:10+00:00,684.0,7.88,7.88,7.92,-0.01999998,-0.2531643,440.0,854,0.1304408245849609,False,REGULAR,USD,2026-01-23,19,683.1699829101562,7.9,0.9987865247224508,0.0520547945205479,7.2641444388023615,-0.6358555611976389,0.6358555611976389,-0.0804880457212201
SPY260123C00685000,2026-01-02 21:06:07+00:00,685.0,7.28,7.28,7.32,-0.099999905,-1.3550122,3828.0,1325,0.128365650024414,False,REGULAR,USD,2026-01-23,19,683.1699829101562,7.300000000000001,0.9973284422046076,0.0520547945205479,6.771314362384885,-0.5286856376151157,0.5286856376151157,-0.07242269008426241
SPY260123C00686000,2026-01-02 21:13:49+00:00,686.0,6.7,6.71,6.75,-0.10000038,-1.4705938,575.0,483,0.1264735791015624,False,REGULAR,USD,2026-01-23,19,683.1699829101562,6.73,0.9958746106562044,0.0520547945205479,6.3009642118955185,-0.42903578810448195,0.42903578810448195,-0.0637497456321667
SPY260123C00687000,2026-01-02 20:59:53+00:00,687.0,6.14,6.17,6.2,-0.03999996,-0.6472486,641.0,802,0.1245509909057617,False,REGULAR,USD,2026-01-23,19,683.1699829101562,6.1850000000000005,0.9944250115140556,0.0520547945205479,5.852969986530638,-0.3320300134693621,0.3320300134693621,-0.05368310646230592
SPY260123C00688000,2026-01-02 21:13:59+00:00,688.0,5.62,5.64,5.68,-0.03000021,-0.5309772,729.0,793,0.1227504718017578,False,REGULAR,USD,2026-01-23,19,683.1699829101562,5.66,0.9929796263229016,0.0520547945205479,5.42713792362963,-0.23286207637037037,0.23286207637037037,-0.0411417096060725
SPY260123C00689000,2026-01-02 20:52:08+00:00,689.0,4.88,5.14,5.18,-0.38999987,-7.4003773,269.0,798,0.1209194354248047,False,REGULAR,USD,2026-01-23,19,683.1699829101562,5.16,0.9915384367346244,0.0520547945205479,5.0232066290520265,-0.1367933709479736,0.1367933709479736,-0.02651034320697163
SPY260123C00690000,2026-01-02 21:11:33+00:00,690.0,4.67,4.67,4.7,-0.1500001,-3.112035,2281.0,2187,0.1190273645019531,False,REGULAR,USD,2026-01-23,19,683.1699829101562,4.6850000000000005,0.9901014245074728,0.0520547945205479,4.640849811472947,-0.04415018852705366,0.04415018852705366,-0.009423732876638986
SPY260123C00691000,2026-01-02 21:02:22+00:00,691.0,4.29,4.23,4.26,-0.119999886,-2.721086,264.0,1207,0.1174404663085937,False,REGULAR,USD,2026-01-23,19,683.1699829101562,4.245,0.9886685715052912,0.0520547945205479,4.279679573953388,0.03467957395338761,0.03467957395338761,0.008169510943083064
SPY260123C00692000,2026-01-02 21:02:22+00:00,692.0,3.86,3.81,3.84,-0.00999999,-0.2583977,486.0,1047,0.1157925335693359,False,REGULAR,USD,2026-01-23,19,683.1699829101562,3.825,0.9872398596967576,0.0520547945205479,3.939250208535924,0.11425020853592383,0.11425020853592383,0.029869335564947405
SPY260123C00693000,2026-01-02 20:51:40+00:00,693.0,3.22,3.42,3.45,-0.26,-7.4712644,689.0,403,0.1142361526489257,False,REGULAR,USD,2026-01-23,19,683.1699829101562,3.435,0.9858152711546266,0.0520547945205479,3.6190624332358254,0.18406243323582538,0.18406243323582538,0.05358440559994917
SPY260123C00694000,2026-01-02 21:10:17+00:00,694.0,3.08,3.05,3.08,-0.11000013,-3.4482799,507.0,420,0.1126187371826171,False,REGULAR,USD,2026-01-23,19,683.1699829101562,3.065,0.9843947880549802,0.0520547945205479,3.3185680057449076,0.2535680057449077,0.2535680057449077,0.08273018131970887
SPY260123C00695000,2026-01-02 21:14:28+00:00,695.0,2.71,2.71,2.74,-0.13999987,-4.9122763,3104.0,843,0.1111233908081054,False,REGULAR,USD,2026-01-23,19,683.1699829101562,2.725,0.9829783926764838,0.0520547945205479,3.0371746445009364,0.31217464450093635,0.31217464450093635,0.11455950256915096
SPY260123C00696000,2026-01-02 21:01:45+00:00,696.0,2.4,2.4,2.43,-0.099999905,-3.9999962,308.0,644,0.1097501135253906,False,REGULAR,USD,2026-01-23,19,683.1699829101562,2.415,0.9815660673996498,0.0520547945205479,2.7742511855335295,0.3592511855335294,0.3592511855335294,0.14875825487930824
SPY260123C00697000,2026-01-02 20:30:31+00:00,697.0,2.01,2.12,2.14,-0.22000003,-9.865472,418.0,576,0.1083463189697265,False,REGULAR,USD,2026-01-23,19,683.1699829101562,2.13,0.9801577947061064,0.0520547945205479,2.5291329026621554,0.3991329026621555,0.3991329026621555,0.1873863392780073
SPY260123C00698000,2026-01-02 20:44:54+00:00,698.0,1.68,1.86,1.88,-0.34000003,-16.831686,708.0,1952,0.1070645935058593,False,REGULAR,USD,2026-01-23,19,683.1699829101562,1.87,0.9787535571778744,0.0520547945205479,2.3011269191541146,0.4311269191541145,0.4311269191541145,0.2305491546278687
SPY260123C00699000,2026-01-02 20:16:56+00:00,699.0,1.6,1.62,1.65,-0.18999994,-10.614522,193.0,1289,0.1059659716796874,False,REGULAR,USD,2026-01-23,19,683.1699829101562,1.635,0.977353337496647,0.0520547945205479,2.0895176407787517,0.4545176407787517,0.4545176407787517,0.2779924408432732
SPY260123C00700000,2026-01-02 21:09:17+00:00,700.0,1.4,1.41,1.43,-0.18000007,-11.392408,1634.0,2942,0.1046842462158203,False,REGULAR,USD,2026-01-23,19,683.1699829101562,1.42,0.9759571184430804,0.0520547945205479,1.8935721432071944,0.47357214320719443,0.47357214320719443,0.33350150930084116
SPY260123C00701000,2026-01-02 20:49:54+00:00,701.0,1.14,1.22,1.24,-0.24000001,-17.391304,240.0,1605,0.1035856243896484,False,REGULAR,USD,2026-01-23,19,683.1699829101562,1.23,0.974564882896086,0.0520547945205479,1.712545450790799,0.4825454507907989,0.4825454507907989,0.39231337462666577
SPY260123C00702000,2026-01-02 21:13:30+00:00,702.0,1.03,1.05,1.07,-0.20000005,-16.260166,360.0,2538,0.1025480371093749,False,REGULAR,USD,2026-01-23,19,683.1699829101562,1.06,0.9731766138321314,0.0520547945205479,1.5456856487535475,0.48568564875354747,0.48568564875354747,0.4581940082580636
SPY260123C00703000,2026-01-02 21:11:19+00:00,703.0,0.89,0.9,0.92,-0.110000014,-11.000002,165.0,1079,0.1016325189208984,False,REGULAR,USD,2026-01-23,19,683.1699829101562,0.91,0.9717922943245466,0.0520547945205479,1.392238776595903,0.482238776595903,0.482238776595903,0.5299327215339593
SPY260123C00704000,2026-01-02 21:13:30+00:00,704.0,0.77,0.77,0.79,-0.16000003,-17.204304,240.0,1361,0.1008390698242187,False,REGULAR,USD,2026-01-23,19,683.1699829101562,0.78,0.9704119075428356,0.0520547945205479,1.2514534568705784,0.4714534568705784,0.4714534568705784,0.6044275088084338
SPY260123C00705000,2026-01-02 20:58:55+00:00,705.0,0.6,0.65,0.67,-0.14999998,-19.999998,3678.0,2264,0.0998625170898437,False,REGULAR,USD,2026-01-23,19,683.1699829101562,0.66,0.9690354367519948,0.0520547945205479,1.1225852202725832,0.4625852202725832,0.4625852202725832,0.7008866973827018
SPY260123C00706000,2026-01-02 21:11:46+00:00,706.0,0.54,0.55,0.57,-0.120000005,-18.181818,1091.0,617,0.0991301025390625,False,REGULAR,USD,2026-01-23,19,683.1699829101562,0.56,0.967662865311836,0.0520547945205479,1.0049004950273144,0.4449004950273143,0.4449004950273143,0.7944651696916326
SPY260123C00707000,2026-01-02 20:58:29+00:00,707.0,0.43,0.47,0.48,-0.15999997,-27.118639,82.0,950,0.0982756188964843,False,REGULAR,USD,2026-01-23,19,683.1699829101562,0.475,0.9662941766763172,0.0520547945205479,0.8976802356910412,0.4226802356910412,0.4226802356910412,0.8898531277706131
SPY260123C00708000,2026-01-02 20:59:40+00:00,708.0,0.4,0.4,0.41,-0.099999994,-19.999998,240.0,1525,0.0979094116210937,False,REGULAR,USD,2026-01-23,19,683.1699829101562,0.405,0.964929354392876,0.0520547945205479,0.80022317354873,0.39522317354872993,0.39522317354872993,0.9758596877746417
SPY260123C00709000,2026-01-02 20:42:41+00:00,709.0,0.31,0.33,0.35,-0.13999999,-31.111109,90.0,1726,0.0976652734375,False,REGULAR,USD,2026-01-23,19,683.1699829101562,0.3399999999999999,0.963568382101772,0.0520547945205479,0.7118486776574997,0.3718486776574998,0.3718486776574998,1.0936725813455879
SPY260123C00710000,2026-01-02 21:06:52+00:00,710.0,0.28,0.28,0.3,-0.099999994,-26.315788,1099.0,4560,0.0975432043457031,False,REGULAR,USD,2026-01-23,19,683.1699829101562,0.29,0.9622112435354312,0.0520547945205479,0.6318992221220725,0.3418992221220725,0.3418992221220725,1.1789628349036985
SPY260123C00711000,2026-01-02 19:40:13+00:00,711.0,0.27,0.24,0.25,-0.07999998,-22.857138,30.0,290,0.0969328588867187,False,REGULAR,USD,2026-01-23,19,683.1699829101562,0.245,0.9608579225178008,0.0520547945205479,0.5597424612857651,0.3147424612857651,0.3147424612857651,1.2846631072888373
SPY260123C00712000,2026-01-02 20:13:55+00:00,712.0,0.21,0.2,0.22,-0.13000001,-38.2353,26.0,115,0.0974211352539062,False,REGULAR,USD,2026-01-23,19,683.1699829101562,0.21,0.9595084029637024,0.0520547945205479,0.49477292009721197,0.284772920097212,0.284772920097212,1.356061524272438
SPY260123C00714000,2026-01-02 18:48:56+00:00,714.0,0.17,0.15,0.16,-0.17,-50.0,34.0,109,0.0974211352539062,False,REGULAR,USD,2026-01-23,19,683.1699829101562,0.155,0.9568207043559612,0.0520547945205479,0.3841155001346266,0.2291155001346266,0.2291155001346266,1.478164516997591
SPY260123C00715000,2026-01-02 21:07:31+00:00,715.0,0.14,0.13,0.14,-0.060000002,-30.000002,520.0,5362,0.0979094116210937,False,REGULAR,USD,2026-01-23,19,683.1699829101562,0.135,0.955482493580638,0.0520547945205479,0.33736112444347555,0.20236112444347554,0.20236112444347554,1.4989712921738927
SPY260123C00716000,2026-01-02 20:42:20+00:00,716.0,0.12,0.11,0.12,-0.15,-55.555557,11.0,50,0.0979094116210937,False,REGULAR,USD,2026-01-23,19,683.1699829101562,0.1149999999999999,0.9541480208242406,0.0520547945205479,0.2956619139634853,0.1806619139634854,0.1806619139634854,1.5709731648998746
SPY260123C00717000,2025-12-31 15:22:01+00:00,717.0,0.26,0.1,0.11,0.0,0.0,1.0,384,0.0991301025390625,False,REGULAR,USD,2026-01-23,19,683.1699829101562,0.105,0.952817270446522,0.0520547945205479,0.2585597137443969,0.15355971374439692,0.15355971374439692,1.4624734642323516
SPY260123C00719000,2026-01-02 14:57:56+00:00,719.0,0.15,0.08,0.09,-0.08,-34.782608,1.0,327,0.1010832080078125,False,REGULAR,USD,2026-01-23,19,683.1699829101562,0.0849999999999999,0.9501668747011908,0.0520547945205479,0.19646267073232693,0.11146267073232703,0.11146267073232703,1.3113255380273785
SPY260123C00720000,2026-01-02 20:46:54+00:00,720.0,0.08,0.08,0.09,-0.049999997,-38.461536,368.0,3682,0.1032804516601562,False,REGULAR,USD,2026-01-23,19,683.1699829101562,0.0849999999999999,0.948847198486328,0.0520547945205479,0.17069886542700274,0.08569886542700285,0.08569886542700285,1.0082219462000348
SPY260123C00725000,2026-01-02 17:32:05+00:00,725.0,0.07,0.05,0.06,-0.049999997,-41.666664,156.0,844,0.1088956298828125,False,REGULAR,USD,2026-01-23,19,683.1699829101562,0.055,0.9423034247036638,0.0520547945205479,0.08181752261821273,0.026817522618212734,0.026817522618212734,0.4875913203311406
SPY260123C00730000,2026-01-02 20:01:32+00:00,730.0,0.04,0.04,0.05,-0.030000001,-42.857143,29.0,436,0.117196328125,False,REGULAR,USD,2026-01-23,19,683.1699829101562,0.045,0.9358492916577484,0.0520547945205479,0.037139594083720695,-0.007860405916279303,0.007860405916279303,-0.17467568702842898
SPY260123C00735000,2026-01-02 15:42:38+00:00,735.0,0.04,0.03,0.04,-0.010000002,-20.000004,3.0,134,0.1245204736328125,False,REGULAR,USD,2026-01-23,19,683.1699829101562,0.035,0.9294829699457908,0.0520547945205479,0.015965578626212285,-0.01903442137378772,0.01903442137378772,-0.5438406106796491
SPY260123C00745000,2025-12-31 15:22:58+00:00,745.0,0.05,0.02,0.03,0.0,0.0,10.0,46,0.139657041015625,False,REGULAR,USD,2026-01-23,19,683.1699829101562,0.025,0.9170066884700084,0.0520547945205479,0.00250739028112984,-0.02249260971887016,0.02249260971887016,-0.8997043887548064
SPY260123C00750000,2026-01-02 16:50:26+00:00,750.0,0.02,0.02,0.03,-0.01,-33.333336,6.0,2994,0.149422568359375,False,REGULAR,USD,2026-01-23,19,683.1699829101562,0.025,0.910893310546875,0.0520547945205479,0.0009166101341082922,-0.02408338986589171,0.02408338986589171,-0.9633355946356683
SPY260123C00755000,2025-12-31 16:35:04+00:00,755.0,0.03,0.02,0.03,0.0,0.0,14.0,70,0.159188095703125,False,REGULAR,USD,2026-01-23,19,683.1699829101562,0.025,0.9048609045167632,0.0520547945205479,0.0003177094311037215,-0.02468229056889628,0.02468229056889628,-0.9872916227558511
SPY260123C00760000,2026-01-02 15:06:17+00:00,760.0,0.03,0.02,0.03,0.0,0.0,3.0,383,0.1679770703125,False,REGULAR,USD,2026-01-23,19,683.1699829101562,0.025,0.8989078722502056,0.0520547945205479,0.0001044695497085732,-0.024895530450291428,0.024895530450291428,-0.9958212180116571
SPY260123C00765000,2026-01-02 14:35:34+00:00,765.0,0.03,0.01,0.02,0.0,0.0,25.0,120,0.170906728515625,False,REGULAR,USD,2026-01-23,19,683.1699829101562,0.015,0.893032657398897,0.0520547945205479,3.2607704252687886e-05,-0.014967392295747312,0.014967392295747312,-0.9978261530498208
SPY260123C00770000,2025-12-31 16:32:01+00:00,770.0,0.03,0.01,0.02,0.0,0.0,3.0,133,0.179695703125,False,REGULAR,USD,2026-01-23,19,683.1699829101562,0.015,0.887233744039164,0.0520547945205479,9.667148080005602e-06,-0.014990332851919993,0.014990332851919993,-0.9993555234613329
SPY260123C00775000,2025-12-18 14:43:17+00:00,775.0,0.03,0.01,0.02,0.0,0.0,34.0,34,0.188484677734375,False,REGULAR,USD,2026-01-23,19,683.1699829101562,0.015,0.8815096553679436,0.0520547945205479,2.7240596384622015e-06,-0.014997275940361538,0.014997275940361538,-0.9998183960241026
SPY260123C00780000,2025-12-30 15:03:31+00:00,780.0,0.03,0.01,0.02,0.0,0.0,10.0,205,0.19727365234375,False,REGULAR,USD,2026-01-23,19,683.1699829101562,0.015,0.8758589524489183,0.0520547945205479,7.300951425636966e-07,-0.014999269904857436,0.014999269904857436,-0.9999513269904958
SPY260123C00800000,2025-12-31 15:10:20+00:00,800.0,0.02,0.01,0.02,0.0,0.0,2.0,215,0.2304764453125,False,REGULAR,USD,2026-01-23,19,683.1699829101562,0.015,0.8539624786376954,0.0520547945205479,2.316517336287805e-09,-0.014999997683482664,0.014999997683482664,-0.9999998455655109
SPY260130C00600000,2026-01-02 17:59:15+00:00,600.0,83.32,85.31,85.89,-3.6800003,-4.229885,1.0,328,0.3606020971679687,True,REGULAR,USD,2026-01-30,26,683.1699829101562,85.6,1.1386166381835938,0.0712328767123287,84.70666569836123,-0.8933343016387596,0.8933343016387596,-0.01043614838363037
SPY260130C00605000,2025-12-31 19:25:06+00:00,605.0,79.83,80.32,80.99,-3.0599976,-3.6916368,1.0,152,0.3463810479736328,True,REGULAR,USD,2026-01-30,26,683.1699829101562,80.655,1.1292065833225724,0.0712328767123287,79.71953324513947,-0.9354667548605278,0.9354667548605278,-0.011598372758793971
SPY260130C00609000,2025-12-03 17:18:49+00:00,609.0,79.35,75.41,78.21,0.0,0.0,11.0,79,0.3684145190429688,True,REGULAR,USD,2026-01-30,26,683.1699829101562,76.81,1.1217897913138857,0.0712328767123287,75.72991816454385,-1.0800818354561557,1.0800818354561557,-0.01406173461080791
SPY260130C00610000,2026-01-02 16:55:38+00:00,610.0,73.03,75.42,76.06,-4.6100006,-5.937662,3.0,101,0.3310003424072265,True,REGULAR,USD,2026-01-30,26,683.1699829101562,75.74000000000001,1.119950791655994,0.0712328767123287,74.73253912946666,-1.0074608705333503,1.0074608705333503,-0.013301569455153818
SPY260130C00614000,2026-01-02 15:13:22+00:00,614.0,73.2,70.49,73.27,7.329994,11.127971,50.0,73,0.3512027770996093,True,REGULAR,USD,2026-01-30,26,683.1699829101562,71.88,1.112654695293414,0.0712328767123287,70.74320705276295,-1.1367929472370406,1.1367929472370406,-0.01581514951637508
SPY260130C00615000,2025-12-31 15:44:49+00:00,615.0,68.94,70.5,71.12,-4.1800003,-5.7166305,1.0,433,0.3150092913818358,True,REGULAR,USD,2026-01-30,26,683.1699829101562,70.81,1.110845500666921,0.0712328767123287,69.74594237230917,-1.0640576276908291,1.0640576276908291,-0.01502694008884097
SPY260130C00620000,2026-01-02 17:30:38+00:00,620.0,63.99,65.55,66.25,-3.920002,-5.7723484,44.0,443,0.3009103112792969,True,REGULAR,USD,2026-01-30,26,683.1699829101562,65.9,1.1018870692099294,0.0712328767123287,64.76039852750318,-1.139601472496821,1.139601472496821,-0.017292890326203656
SPY260130C00623000,2025-11-21 20:58:53+00:00,623.0,49.63,61.68,64.48,0.0,0.0,45.0,24,0.3222113677978515,True,REGULAR,USD,2026-01-30,26,683.1699829101562,63.08,1.0965810319585172,0.0712328767123287,61.77015354552543,-1.3098464544745667,1.3098464544745667,-0.020764845505303848
SPY260130C00625000,2026-01-02 19:48:40+00:00,625.0,61.17,60.68,61.34,-2.6400032,-4.1372876,1.0,303,0.2852854675292968,True,REGULAR,USD,2026-01-30,26,683.1699829101562,61.010000000000005,1.09307197265625,0.0712328767123287,59.777433205290095,-1.2325667947099106,1.2325667947099106,-0.020202701109816597
SPY260130C00630000,2026-01-02 16:12:06+00:00,630.0,53.86,55.89,56.52,-7.0200005,-11.530881,16.0,643,0.2716137292480468,True,REGULAR,USD,2026-01-30,26,683.1699829101562,56.205,1.0843967982700893,0.0712328767123287,54.80031440570008,-1.4046855942999201,1.4046855942999201,-0.024992182088780717
SPY260130C00631000,2025-12-31 16:35:16+00:00,631.0,57.17,54.92,55.52,0.0,0.0,1.0,102,0.2679211392211914,True,REGULAR,USD,2026-01-30,26,683.1699829101562,55.22,1.0826782613473158,0.0712328767123287,53.80608230398741,-1.4139176960125894,1.4139176960125894,-0.025605173777844794
SPY260130C00633000,2025-12-17 14:52:32+00:00,633.0,50.43,53.0,53.59,0.0,0.0,2.0,109,0.2622144091796875,True,REGULAR,USD,2026-01-30,26,683.1699829101562,53.295,1.0792574769512735,0.0712328767123287,51.819341410028414,-1.4756585899715873,1.4756585899715873,-0.027688499671105867
SPY260130C00635000,2026-01-02 18:14:19+00:00,635.0,49.22,51.09,51.67,-5.3099976,-9.737755,1.0,233,0.2566602655029296,True,REGULAR,USD,2026-01-30,26,683.1699829101562,51.38,1.0758582408033956,0.0712328767123287,49.83549062650263,-1.5445093734973696,1.5445093734973696,-0.030060517195355577
SPY260130C00638000,2025-12-31 15:43:49+00:00,638.0,50.71,48.28,48.8,0.0,0.0,1.0,106,0.2483595672607422,True,REGULAR,USD,2026-01-30,26,683.1699829101562,48.54,1.0707993462541634,0.0712328767123287,46.8670796879145,-1.6729203120855018,1.6729203120855018,-0.0344647777520705
SPY260130C00640000,2025-12-31 17:31:04+00:00,640.0,48.7,46.38,46.94,0.0,0.0,5.0,615,0.2439040454101562,True,REGULAR,USD,2026-01-30,26,683.1699829101562,46.66,1.067453098297119,0.0712328767123287,44.89468842608767,-1.765311573912328,1.765311573912328,-0.0378335099423988
SPY260130C00643000,2025-12-19 14:59:37+00:00,643.0,43.4,43.49,44.08,0.0,0.0,1.0,185,0.2353286917114257,True,REGULAR,USD,2026-01-30,26,683.1699829101562,43.785,1.0624727572475214,0.0712328767123287,41.949498265588886,-1.8355017344111104,1.8355017344111104,-0.04192078872698665
SPY260130C00645000,2026-01-02 20:58:00+00:00,645.0,41.2,41.71,42.2,-5.459999,-11.70167,6.0,1099,0.2300186862182617,True,REGULAR,USD,2026-01-30,26,683.1699829101562,41.955,1.0591782680777615,0.0712328767123287,39.997560914623364,-1.9574390853766346,1.9574390853766346,-0.046655680738329985
SPY260130C00646000,2025-12-29 15:49:45+00:00,646.0,45.97,40.76,41.29,0.0,0.0,1.0,226,0.2279129943847656,True,REGULAR,USD,2026-01-30,26,683.1699829101562,41.025,1.057538673235536,0.0712328767123287,39.025830513648316,-1.9991694863516827,1.9991694863516827,-0.048730517644160455
SPY260130C00647000,2025-12-31 20:10:49+00:00,647.0,40.34,39.84,40.37,0.0,0.0,2.0,357,0.2255631643676757,True,REGULAR,USD,2026-01-30,26,683.1699829101562,40.105,1.0559041466926682,0.0712328767123287,38.05732047601623,-2.047679523983767,2.047679523983767,-0.05105796095209493
SPY260130C00648000,2025-12-26 16:57:59+00:00,648.0,46.45,38.94,39.43,0.0,0.0,3.0,177,0.2227555752563476,True,REGULAR,USD,2026-01-30,26,683.1699829101562,39.185,1.054274664984809,0.0712328767123287,37.09235341430485,-2.0926465856951495,2.0926465856951495,-0.05340427678180808
SPY260130C00649000,2026-01-02 18:40:33+00:00,649.0,36.24,38.0,38.5,-4.709999,-11.501829,2.0,115,0.2201005725097655,True,REGULAR,USD,2026-01-30,26,683.1699829101562,38.25,1.0526502047922284,0.0712328767123287,36.13127351232913,-2.1187264876708696,2.1187264876708696,-0.055391542161329924
SPY260130C00650000,2026-01-02 19:40:01+00:00,650.0,37.59,37.15,37.57,-0.95000076,-2.4649734,603.0,1810,0.2173845352172851,True,REGULAR,USD,2026-01-30,26,683.1699829101562,37.36,1.051030742938702,0.0712328767123287,35.17444668374344,-2.1855533162565592,2.1855533162565592,-0.058499821098944305
SPY260130C00652000,2025-12-30 14:55:53+00:00,652.0,40.55,35.25,35.75,0.0,0.0,2.0,224,0.2125933233642578,True,REGULAR,USD,2026-01-30,26,683.1699829101562,35.5,1.0478067222548408,0.0712328767123287,33.275124379096496,-2.2248756209035037,2.2248756209035037,-0.06267255270150715
SPY260130C00653000,2025-12-31 18:56:21+00:00,653.0,37.36,34.35,34.85,0.0,0.0,2.0,105,0.2103350451660156,True,REGULAR,USD,2026-01-30,26,683.1699829101562,34.6,1.0462021177797185,0.0712328767123287,32.333468508712144,-2.266531491287857,2.266531491287857,-0.06550669049964905
SPY260130C00654000,2026-01-02 18:51:03+00:00,654.0,30.96,33.45,33.94,-8.43,-21.401373,1.0,105,0.2077715942382812,True,REGULAR,USD,2026-01-30,26,683.1699829101562,33.695,1.0446024203519209,0.0712328767123287,31.3977440168635,-2.297255983136502,2.297255983136502,-0.06817794875015586
SPY260130C00655000,2026-01-02 17:37:59+00:00,655.0,31.66,32.62,33.01,-2.75,-7.9918633,9.0,535,0.204811418762207,True,REGULAR,USD,2026-01-30,26,683.1699829101562,32.815,1.043007607496422,0.0712328767123287,30.468421857392627,-2.3465781426073704,2.3465781426073704,-0.07150931411267318
SPY260130C00656000,2025-12-31 19:33:09+00:00,656.0,33.5,31.68,32.18,0.0,0.0,11.0,255,0.2035907278442382,True,REGULAR,USD,2026-01-30,26,683.1699829101562,31.93,1.0414176568752382,0.0712328767123287,29.545991917664423,-2.3840080823355763,2.3840080823355763,-0.0746635791523826
SPY260130C00657000,2026-01-02 17:27:58+00:00,657.0,30.12,30.78,31.27,-5.319998,-15.011281,1.0,171,0.2008441732788085,True,REGULAR,USD,2026-01-30,26,683.1699829101562,31.025,1.0398325462863869,0.0712328767123287,28.630961839080328,-2.3940381609196706,2.3940381609196706,-0.0771648077653399
SPY260130C00658000,2026-01-02 17:34:13+00:00,658.0,27.45,29.9,30.36,-5.239998,-16.029362,4.0,138,0.1980671014404297,True,REGULAR,USD,2026-01-30,26,683.1699829101562,30.13,1.0382522536628511,0.0712328767123287,27.723855620354016,-2.4061443796459834,2.4061443796459834,-0.07985875803670706
SPY260130C00660000,2026-01-02 19:34:27+00:00,660.0,28.5,28.21,28.64,-0.10000038,-0.34965166,35.0,1173,0.1939777868652344,True,REGULAR,USD,2026-01-30,26,683.1699829101562,28.425,1.035106034712358,0.0712328767123287,25.935582649623598,-2.489417350376403,2.489417350376403,-0.08757844680303968
SPY260130C00661000,2025-12-24 15:59:02+00:00,661.0,34.6,27.3,27.71,0.0,0.0,1.0,283,0.1906208868408203,True,REGULAR,USD,2026-01-30,26,683.1699829101562,27.505000000000003,1.0335400649170292,0.0712328767123287,25.055530099384782,-2.4494699006152203,2.4494699006152203,-0.08905544085130776
SPY260130C00662000,2026-01-02 16:50:26+00:00,662.0,25.06,26.45,26.85,-9.030001,-26.488708,1.0,291,0.1883931259155273,True,REGULAR,USD,2026-01-30,26,683.1699829101562,26.65,1.0319788261482723,0.0712328767123287,24.185625546236224,-2.4643744537637744,2.4643744537637744,-0.09247183691421293
SPY260130C00663000,2025-12-31 18:56:21+00:00,663.0,28.43,25.59,26.0,0.0,0.0,1.0,427,0.1862263995361328,True,REGULAR,USD,2026-01-30,26,683.1699829101562,25.795,1.0304222969987271,0.0712328767123287,23.326446415715168,-2.468553584284834,2.468553584284834,-0.09569891778580476
SPY260130C00664000,2026-01-02 20:36:39+00:00,664.0,24.88,24.78,25.17,-2.2700005,-8.36096,5.0,153,0.1842732940673828,True,REGULAR,USD,2026-01-30,26,683.1699829101562,24.975,1.0288704561899944,0.0712328767123287,22.478573777254837,-2.496426222745164,2.496426222745164,-0.09995700591572228
SPY260130C00665000,2026-01-02 20:07:31+00:00,665.0,24.0,23.9,24.34,-0.21999931,-0.9083374,161.0,1131,0.1822591540527343,True,REGULAR,USD,2026-01-30,26,683.1699829101562,24.119999999999997,1.0273232825716636,0.0712328767123287,21.64258960271934,-2.477410397280657,2.477410397280657,-0.10271187385077353
SPY260130C00666000,2025-12-31 20:29:25+00:00,666.0,23.43,23.1,23.55,0.0,0.0,3.0,218,0.1807332904052734,True,REGULAR,USD,2026-01-30,26,683.1699829101562,23.325000000000003,1.0257807551203548,0.0712328767123287,20.819073892876645,-2.505926107123358,2.505926107123358,-0.1074352028777431
SPY260130C00667000,2026-01-02 15:15:50+00:00,667.0,23.2,22.28,22.65,0.63000107,2.7913208,12.0,440,0.1774069076538085,True,REGULAR,USD,2026-01-30,26,683.1699829101562,22.465,1.024242852938765,0.0712328767123287,20.00860169498958,-2.4563983050104206,2.4563983050104206,-0.10934334765236682
SPY260130C00669000,2026-01-02 19:28:06+00:00,669.0,20.05,20.67,21.05,-3.0900002,-13.353501,23.0,214,0.1735006967163085,True,REGULAR,USD,2026-01-30,26,683.1699829101562,20.86,1.0211808414202634,0.0712328767123287,18.429044805320473,-2.4309551946795267,2.4309551946795267,-0.11653668239115661
SPY260130C00670000,2026-01-02 21:12:57+00:00,670.0,19.97,19.83,20.23,0.1099987,0.55387056,47.0,1033,0.1710898321533203,True,REGULAR,USD,2026-01-30,26,683.1699829101562,20.03,1.019656690910681,0.0712328767123287,17.661057596254864,-2.3689424037451374,2.3689424037451374,-0.1182697156138361
SPY260130C00671000,2026-01-02 15:32:10+00:00,671.0,19.0,19.1,19.44,-1.8600006,-8.91659,1.0,251,0.1689993989562988,True,REGULAR,USD,2026-01-30,26,683.1699829101562,19.270000000000003,1.0181370833236307,0.0712328767123287,16.908302569477144,-2.3616974305228595,2.3616974305228595,-0.12255824756216187
SPY260130C00672000,2025-12-31 15:44:46+00:00,672.0,20.08,18.31,18.72,-0.29000092,-1.4236667,1.0,139,0.1677939666748047,True,REGULAR,USD,2026-01-30,26,683.1699829101562,18.515,1.0166219983782088,0.0712328767123287,16.171283336317913,-2.3437166636820876,2.3437166636820876,-0.12658475094151161
SPY260130C00673000,2026-01-02 19:21:34+00:00,673.0,16.92,17.55,17.88,-1.0499992,-5.843068,111.0,236,0.1647422393798828,True,REGULAR,USD,2026-01-30,26,683.1699829101562,17.715,1.0151114159140509,0.0712328767123287,15.450479913162553,-2.2645200868374467,2.2645200868374467,-0.12783065689175538
SPY260130C00674000,2026-01-02 18:55:29+00:00,674.0,15.04,16.77,17.13,-5.8100004,-27.865707,10.0,155,0.162819651184082,True,REGULAR,USD,2026-01-30,26,683.1699829101562,16.95,1.0136053158904397,0.0712328767123287,14.746345771594292,-2.203654228405707,2.203654228405707,-0.13000909902098567
SPY260130C00675000,2026-01-02 21:11:30+00:00,675.0,16.22,16.02,16.38,0.18999863,1.185269,195.0,3027,0.1607902525329589,True,REGULAR,USD,2026-01-30,26,683.1699829101562,16.2,1.0121036783854167,0.0712328767123287,14.05930501597038,-2.1406949840296186,2.1406949840296186,-0.13214166568084065
SPY260130C00676000,2026-01-02 18:53:04+00:00,676.0,13.29,15.32,15.66,-1.9899998,-13.023559,28.0,356,0.1590355093383789,True,REGULAR,USD,2026-01-30,26,683.1699829101562,15.49,1.0106064835949058,0.0712328767123287,13.389749718176802,-2.1002502818231985,2.1002502818231985,-0.13558749398471262
SPY260130C00677000,2026-01-02 20:21:34+00:00,677.0,14.86,14.52,14.94,-0.45000076,-2.9392605,18.0,490,0.1571129211425781,True,REGULAR,USD,2026-01-30,26,683.1699829101562,14.73,1.0091137118318407,0.0712328767123287,12.73803743786118,-1.99196256213882,1.99196256213882,-0.13523167427962118
SPY260130C00678000,2026-01-02 21:05:53+00:00,678.0,14.05,13.81,14.21,-2.1400003,-13.218038,29.0,721,0.1548851602172852,True,REGULAR,USD,2026-01-30,26,683.1699829101562,14.010000000000002,1.0076253435253042,0.0712328767123287,12.104488954580631,-1.9055110454193702,1.9055110454193702,-0.1360107812576281
SPY260130C00679000,2026-01-02 21:14:47+00:00,679.0,13.3,13.15,13.51,0.25,1.9157088,70.0,793,0.1529320547485352,True,REGULAR,USD,2026-01-30,26,683.1699829101562,13.33,1.0061413592196704,0.0712328767123287,11.48938623603118,-1.84061376396882,1.84061376396882,-0.13808055243577044
SPY260130C00680000,2026-01-02 21:12:13+00:00,680.0,12.58,12.6,12.72,-0.05000019,-0.3958843,4275.0,4429,0.149575154724121,True,REGULAR,USD,2026-01-30,26,683.1699829101562,12.66,1.0046617395737591,0.0712328767123287,10.892970663902133,-1.7670293360978668,1.7670293360978668,-0.13957577694295947
SPY260130C00681000,2026-01-02 21:02:01+00:00,681.0,12.0,11.8,12.16,0.22999954,1.9541167,859.0,1003,0.149147912902832,True,REGULAR,USD,2026-01-30,26,683.1699829101562,11.98,1.0031864653599945,0.0712328767123287,10.315441535943705,-1.6645584640562952,1.6645584640562952,-0.1389447799713101
SPY260130C00682000,2026-01-02 21:00:05+00:00,682.0,11.36,11.27,11.35,-0.010000229,-0.08795276,1477.0,1070,0.1451806674194335,True,REGULAR,USD,2026-01-30,26,683.1699829101562,11.31,1.001715517463572,0.0712328767123287,9.756954859621715,-1.553045140378286,1.553045140378286,-0.13731610436589617
SPY260130C00683000,2026-01-02 21:13:10+00:00,683.0,10.62,10.63,10.72,0.05000019,0.4730387,1059.0,1061,0.1434717001342773,True,REGULAR,USD,2026-01-30,26,683.1699829101562,10.675,1.0002488768816344,0.0712328767123287,9.217622449295845,-1.4573775507041553,1.4573775507041553,-0.13652248718540097
SPY260130C00684000,2026-01-02 21:02:33+00:00,684.0,10.18,10.04,10.08,0.07000065,0.6923902,1226.0,1289,0.1413965255737305,False,REGULAR,USD,2026-01-30,26,683.1699829101562,10.06,0.9987865247224508,0.0712328767123287,8.697511335255228,-1.362488664744772,1.362488664744772,-0.13543624898059364
SPY260130C00685000,2026-01-02 21:14:29+00:00,685.0,9.43,9.44,9.48,-0.049999237,-0.52741814,3623.0,4301,0.1396875582885742,False,REGULAR,USD,2026-01-30,26,683.1699829101562,9.46,0.9973284422046076,0.0712328767123287,8.196643489253745,-1.2633565107462559,1.2633565107462559,-0.1335471998674689
SPY260130C00686000,2026-01-02 21:10:17+00:00,686.0,8.93,8.85,8.89,-0.019999504,-0.22345816,477.0,1879,0.1378717805480957,False,REGULAR,USD,2026-01-30,26,683.1699829101562,8.870000000000001,0.9958746106562044,0.0712328767123287,7.714995867448636,-1.1550041325513654,1.1550041325513654,-0.1302146710880908
SPY260130C00687000,2026-01-02 20:37:51+00:00,687.0,8.05,8.28,8.32,-0.14999962,-1.8292638,612.0,1245,0.1361170373535156,False,REGULAR,USD,2026-01-30,26,683.1699829101562,8.3,0.9944250115140556,0.0712328767123287,7.252500767935658,-1.047499232064343,1.047499232064343,-0.12620472675474012
SPY260130C00688000,2026-01-02 21:13:10+00:00,688.0,7.72,7.73,7.77,-0.03000021,-0.38709947,961.0,1320,0.1344080700683594,False,REGULAR,USD,2026-01-30,26,683.1699829101562,7.75,0.9929796263229016,0.0712328767123287,6.809046496441908,-0.9409535035580916,0.9409535035580916,-0.12141335529781827
SPY260130C00689000,2026-01-02 20:54:40+00:00,689.0,6.86,7.2,7.24,-0.3699999,-5.117564,307.0,799,0.1327296200561523,False,REGULAR,USD,2026-01-30,26,683.1699829101562,7.220000000000001,0.9915384367346244,0.0712328767123287,6.384478330253501,-0.8355216697465,0.8355216697465,-0.11572322295657894
SPY260130C00690000,2026-01-02 21:14:59+00:00,690.0,6.7,6.69,6.72,-0.0800004,-1.1799469,2891.0,5954,0.1309596182250976,False,REGULAR,USD,2026-01-30,26,683.1699829101562,6.705,0.9901014245074728,0.0712328767123287,5.97859976716029,-0.7264002328397101,0.7264002328397101,-0.10833709662038928
SPY260130C00691000,2026-01-02 20:57:58+00:00,691.0,5.89,6.2,6.23,-0.3000002,-4.8465295,434.0,751,0.129342202758789,False,REGULAR,USD,2026-01-30,26,683.1699829101562,6.215,0.9886685715052912,0.0712328767123287,5.591174043151398,-0.6238259568486022,0.6238259568486022,-0.10037424888955788
SPY260130C00692000,2026-01-02 21:14:56+00:00,692.0,5.74,5.73,5.77,-0.09000015,-1.543742,570.0,2033,0.1278773736572265,False,REGULAR,USD,2026-01-30,26,683.1699829101562,5.75,0.9872398596967576,0.0712328767123287,5.221925899837203,-0.5280741001627973,0.5280741001627973,-0.09183897394135605
SPY260130C00693000,2026-01-02 20:58:48+00:00,693.0,5.03,5.28,5.32,-0.55999994,-10.017887,366.0,805,0.1263057341003418,False,REGULAR,USD,2026-01-30,26,683.1699829101562,5.300000000000001,0.9858152711546266,0.0712328767123287,4.870543580136541,-0.4294564198634596,0.4294564198634596,-0.08102951318178482
SPY260130C00694000,2026-01-02 21:12:13+00:00,694.0,4.79,4.86,4.89,-0.09000015,-1.8442653,715.0,992,0.124734094543457,False,REGULAR,USD,2026-01-30,26,683.1699829101562,4.875,0.9843947880549802,0.0712328767123287,4.536681028690452,-0.3383189713095476,0.3383189713095476,-0.06939876334554822
SPY260130C00695000,2026-01-02 21:00:58+00:00,695.0,4.5,4.46,4.49,-0.07999992,-1.7467233,1831.0,2186,0.1233302999877929,False,REGULAR,USD,2026-01-30,26,683.1699829101562,4.475,0.9829783926764838,0.0712328767123287,4.219960271762858,-0.2550397282371417,0.2550397282371417,-0.05699211804181938
SPY260130C00696000,2026-01-02 21:02:41+00:00,696.0,4.14,4.08,4.11,-0.010000229,-0.24096936,785.0,903,0.1219570227050781,False,REGULAR,USD,2026-01-30,26,683.1699829101562,4.095000000000001,0.9815660673996498,0.0712328767123287,3.919973950082408,-0.17502604991759263,0.17502604991759263,-0.04274140413128025
SPY260130C00697000,2026-01-02 21:12:11+00:00,697.0,3.68,3.72,3.75,-0.18999982,-4.9095564,462.0,1007,0.1205837454223632,False,REGULAR,USD,2026-01-30,26,683.1699829101562,3.735,0.9801577947061064,0.0712328767123287,3.636287977174618,-0.09871202282538194,0.09871202282538194,-0.026428921773863974
SPY260130C00698000,2026-01-02 20:54:58+00:00,698.0,3.16,3.39,3.42,-0.32999992,-9.4555855,724.0,4758,0.1193935717773437,False,REGULAR,USD,2026-01-30,26,683.1699829101562,3.405,0.9787535571778744,0.0712328767123287,3.3684442952315123,-0.03655570476848746,0.03655570476848746,-0.010735889799849475
SPY260130C00699000,2026-01-02 20:47:26+00:00,699.0,2.8,3.07,3.1,-0.33000016,-10.543136,187.0,969,0.1180508117675781,False,REGULAR,USD,2026-01-30,26,683.1699829101562,3.085,0.977353337496647,0.0712328767123287,3.1159637004575984,0.030963700457598442,0.030963700457598442,0.010036855901976805
SPY260130C00700000,2026-01-02 21:12:11+00:00,700.0,2.74,2.78,2.81,-0.17000008,-5.841927,4557.0,9784,0.116921672668457,False,REGULAR,USD,2026-01-30,26,683.1699829101562,2.795,0.9759571184430804,0.0712328767123287,2.878348710102415,0.08334871010241507,0.08334871010241507,0.02982064762161541
SPY260130C00701000,2026-01-02 21:00:58+00:00,701.0,2.52,2.51,2.54,-0.099999905,-3.8167906,630.0,1121,0.1158230508422851,False,REGULAR,USD,2026-01-30,26,683.1699829101562,2.525,0.974564882896086,0.0712328767123287,2.655086444026068,0.13008644402606828,0.13008644402606828,0.05151938377270031
SPY260130C00702000,2026-01-02 20:58:48+00:00,702.0,2.12,2.26,2.28,-0.23000002,-9.787235,353.0,1800,0.1145718426513672,False,REGULAR,USD,2026-01-30,26,683.1699829101562,2.2699999999999996,0.9731766138321314,0.0712328767123287,2.4456514946112407,0.17565149461124108,0.17565149461124108,0.07737951304459961
SPY260130C00703000,2026-01-02 20:58:48+00:00,703.0,1.9,2.03,2.05,-0.24000013,-11.214959,901.0,1813,0.1135952899169921,False,REGULAR,USD,2026-01-30,26,683.1699829101562,2.04,0.9717922943245466,0.0712328767123287,2.2495087601081423,0.20950876010814223,0.20950876010814223,0.1027003726020305
SPY260130C00704000,2026-01-02 20:58:48+00:00,704.0,1.76,1.81,1.84,-0.14999998,-7.853402,470.0,1632,0.1126797717285156,False,REGULAR,USD,2026-01-30,26,683.1699829101562,1.825,0.9704119075428356,0.0712328767123287,2.066116218046915,0.24111621804691485,0.24111621804691485,0.13211847564214513
SPY260130C00705000,2026-01-02 21:11:30+00:00,705.0,1.61,1.62,1.64,-0.15999997,-9.039547,1016.0,3496,0.1116421844482421,False,REGULAR,USD,2026-01-30,26,683.1699829101562,1.63,0.9690354367519948,0.0712328767123287,1.894927617123784,0.2649276171237842,0.2649276171237842,0.1625322804440394
SPY260130C00706000,2026-01-02 20:59:18+00:00,706.0,1.41,1.44,1.46,-0.13999999,-9.032258,502.0,883,0.1107266662597656,False,REGULAR,USD,2026-01-30,26,683.1699829101562,1.45,0.967662865311836,0.0712328767123287,1.7353950679434007,0.28539506794340075,0.28539506794340075,0.19682418478855224
SPY260130C00707000,2026-01-02 21:12:11+00:00,707.0,1.25,1.28,1.3,-0.13,-9.42029,180.0,876,0.1099332171630859,False,REGULAR,USD,2026-01-30,26,683.1699829101562,1.29,0.9662941766763172,0.0712328767123287,1.5869715151238637,0.29697151512386366,0.29697151512386366,0.23021047684020438
SPY260130C00708000,2026-01-02 21:12:17+00:00,708.0,1.11,1.13,1.16,-0.120000005,-9.756098,729.0,1370,0.1093228717041015,False,REGULAR,USD,2026-01-30,26,683.1699829101562,1.145,0.964929354392876,0.0712328767123287,1.4491130755036323,0.3041130755036323,0.3041130755036323,0.26560093930448236
SPY260130C00709000,2026-01-02 21:03:48+00:00,709.0,1.0,1.0,1.02,-0.13,-11.504424,428.0,1091,0.108407353515625,False,REGULAR,USD,2026-01-30,26,683.1699829101562,1.01,0.963568382101772,0.0712328767123287,1.321281229504251,0.3112812295042511,0.3112812295042511,0.30819923713292185
SPY260130C00710000,2026-01-02 21:02:34+00:00,710.0,0.9,0.89,0.9,-0.08000004,-8.16327,2462.0,3650,0.1076749389648437,False,REGULAR,USD,2026-01-30,26,683.1699829101562,0.895,0.9622112435354312,0.0712328767123287,1.202944855037245,0.307944855037245,0.307944855037245,0.3440724637287654
SPY260130C00711000,2026-01-02 20:52:32+00:00,711.0,0.73,0.78,0.8,-0.21999997,-23.157892,188.0,888,0.1073087316894531,False,REGULAR,USD,2026-01-30,26,683.1699829101562,0.79,0.9608579225178008,0.0712328767123287,1.09358209568434,0.30358209568434,0.30358209568434,0.3842811337776456
SPY260130C00712000,2026-01-02 21:00:16+00:00,712.0,0.7,0.69,0.7,-0.100000024,-12.500003,442.0,1179,0.1065763171386718,False,REGULAR,USD,2026-01-30,26,683.1699829101562,0.695,0.9595084029637024,0.0712328767123287,0.9926820571719333,0.2976820571719333,0.2976820571719333,0.4283195067222062
SPY260130C00713000,2026-01-02 18:48:32+00:00,713.0,0.57,0.6,0.62,-0.13999999,-19.71831,101.0,879,0.1062101098632812,False,REGULAR,USD,2026-01-30,26,683.1699829101562,0.61,0.9581626688781996,0.0712328767123287,0.899746328385902,0.289746328385902,0.289746328385902,0.47499398096049505
SPY260130C00714000,2026-01-02 20:28:56+00:00,714.0,0.54,0.53,0.54,-0.15999997,-22.857138,107.0,756,0.1055997644042968,False,REGULAR,USD,2026-01-30,26,683.1699829101562,0.535,0.9568207043559612,0.0712328767123287,0.8142903252973568,0.27929032529735676,0.27929032529735676,0.5220379912100126
SPY260130C00715000,2026-01-02 20:41:14+00:00,715.0,0.46,0.47,0.48,-0.09,-16.363638,703.0,4104,0.1054776953125,False,REGULAR,USD,2026-01-30,26,683.1699829101562,0.475,0.955482493580638,0.0712328767123287,0.7358444581647277,0.2608444581647277,0.2608444581647277,0.5491462277152162
SPY260130C00716000,2026-01-02 19:40:15+00:00,716.0,0.44,0.41,0.42,-0.060000002,-12.0,162.0,1315,0.1050504534912109,False,REGULAR,USD,2026-01-30,26,683.1699829101562,0.415,0.9541480208242406,0.0712328767123287,0.6639551242338939,0.24895512423389393,0.24895512423389393,0.5998918656238408
SPY260130C00717000,2026-01-02 21:14:18+00:00,717.0,0.36,0.36,0.37,-0.089999974,-19.999994,234.0,2413,0.1048673498535156,False,REGULAR,USD,2026-01-30,26,683.1699829101562,0.365,0.952817270446522,0.0712328767123287,0.5981855298450469,0.23318552984504692,0.23318552984504692,0.6388644653288957
SPY260130C00718000,2026-01-02 21:13:29+00:00,718.0,0.32,0.32,0.33,-0.099999994,-23.809523,398.0,19101,0.1049894189453125,False,REGULAR,USD,2026-01-30,26,683.1699829101562,0.325,0.951490226894368,0.0712328767123287,0.5381163473704973,0.21311634737049728,0.21311634737049728,0.6557426072938378
SPY260130C00719000,2026-01-02 16:38:32+00:00,719.0,0.29,0.28,0.29,-0.07000002,-19.444448,88.0,3091,0.1047452807617187,False,REGULAR,USD,2026-01-30,26,683.1699829101562,0.285,0.9501668747011908,0.0712328767123287,0.48334621373665954,0.19834621373665956,0.19834621373665956,0.695951627146174
SPY260130C00720000,2026-01-02 21:06:07+00:00,720.0,0.25,0.25,0.26,-0.08000001,-24.242428,3150.0,7030,0.1049894189453125,False,REGULAR,USD,2026-01-30,26,683.1699829101562,0.255,0.948847198486328,0.0712328767123287,0.433492078426454,0.17849207842645398,0.17849207842645398,0.6999689350057019
SPY260130C00721000,2026-01-02 20:23:29+00:00,721.0,0.23,0.22,0.23,-0.059999987,-20.689651,412.0,1116,0.1049894189453125,False,REGULAR,USD,2026-01-30,26,683.1699829101562,0.225,0.9475311829544468,0.0712328767123287,0.3881894098064116,0.16318940980641158,0.16318940980641158,0.7252862658062736
SPY260130C00722000,2026-01-02 20:28:06+00:00,722.0,0.21,0.19,0.21,-0.07000001,-25.000004,534.0,927,0.1057218334960937,False,REGULAR,USD,2026-01-30,26,683.1699829101562,0.2,0.9462188128949532,0.0712328767123287,0.34709226938679905,0.14709226938679903,0.14709226938679903,0.7354613469339951
SPY260130C00723000,2026-01-02 18:36:10+00:00,723.0,0.17,0.17,0.19,-0.11999999,-41.37931,406.0,277,0.1060880407714843,False,REGULAR,USD,2026-01-30,26,683.1699829101562,0.18,0.9449100731814056,0.0712328767123287,0.3098732641988917,0.12987326419889172,0.12987326419889172,0.7215181344382874
SPY260130C00724000,2026-01-02 18:13:51+00:00,724.0,0.17,0.16,0.17,-0.060000002,-26.086956,168.0,519,0.106454248046875,False,REGULAR,USD,2026-01-30,26,683.1699829101562,0.165,0.943604948770934,0.0712328767123287,0.2762233878776179,0.1112233878776179,0.1112233878776179,0.6740811386522296
SPY260130C00725000,2026-01-02 20:58:08+00:00,725.0,0.14,0.14,0.15,-0.099999994,-41.666664,726.0,5308,0.106454248046875,False,REGULAR,USD,2026-01-30,26,683.1699829101562,0.145,0.9423034247036638,0.0712328767123287,0.2458517612710942,0.10085176127109421,0.10085176127109421,0.6955293880765119
SPY260130C00726000,2026-01-02 17:48:33+00:00,726.0,0.13,0.13,0.14,-0.060000002,-31.578949,14.0,2866,0.10743080078125,False,REGULAR,USD,2026-01-30,26,683.1699829101562,0.135,0.9410054861021436,0.0712328767123287,0.21848528348051133,0.08348528348051132,0.08348528348051132,0.6184095072630468
SPY260130C00727000,2026-01-02 18:15:06+00:00,727.0,0.11,0.12,0.13,-0.11,-50.0,4.0,312,0.1081632153320312,False,REGULAR,USD,2026-01-30,26,683.1699829101562,0.125,0.9397111181707788,0.0712328767123287,0.19386820417142658,0.06886820417142658,0.06886820417142658,0.5509456333714127
SPY260130C00728000,2026-01-02 20:36:50+00:00,728.0,0.11,0.11,0.12,-0.049999997,-31.25,184.0,599,0.1091397680664062,False,REGULAR,USD,2026-01-30,26,683.1699829101562,0.1149999999999999,0.9384203061952696,0.0712328767123287,0.1717616278089622,0.05676162780896231,0.05676162780896231,0.4935793722518466
SPY260130C00729000,2025-12-31 18:17:33+00:00,729.0,0.13,0.1,0.11,-0.07000001,-35.000004,8.0,593,0.1096280444335937,False,REGULAR,USD,2026-01-30,26,683.1699829101562,0.105,0.9371330355420524,0.0712328767123287,0.15194296016788833,0.046942960167888334,0.046942960167888334,0.4470758111227461
SPY260130C00730000,2026-01-02 20:34:13+00:00,730.0,0.1,0.09,0.1,-0.059999995,-37.499996,2042.0,2271,0.1101163208007812,False,REGULAR,USD,2026-01-30,26,683.1699829101562,0.095,0.9358492916577484,0.0712328767123287,0.13420530706893352,0.03920530706893352,0.03920530706893352,0.41268744283087916
SPY260130C00731000,2026-01-02 18:04:15+00:00,731.0,0.09,0.08,0.1,-0.029999994,-24.999996,102.0,3611,0.1120694262695312,False,REGULAR,USD,2026-01-30,26,683.1699829101562,0.09,0.9345690600686132,0.0712328767123287,0.11835683481195147,0.028356834811951476,0.028356834811951476,0.3150759423550164
SPY260130C00732000,2026-01-02 16:54:34+00:00,732.0,0.09,0.08,0.09,-0.08,-47.058823,104.0,1042,0.1125577026367187,False,REGULAR,USD,2026-01-30,26,683.1699829101562,0.0849999999999999,0.9332923263799948,0.0712328767123287,0.10422010122770153,0.01922010122770164,0.01922010122770164,0.22611883797296073
SPY260130C00733000,2026-01-02 18:02:28+00:00,733.0,0.08,0.07,0.09,-0.07000001,-46.66667,1.0,613,0.114266669921875,False,REGULAR,USD,2026-01-30,26,683.1699829101562,0.08,0.932019076275793,0.0712328767123287,0.09163136566976426,0.011631365669764263,0.011631365669764263,0.14539207087205328
SPY260130C00734000,2026-01-02 16:49:02+00:00,734.0,0.09,0.07,0.08,-0.03999999,-30.769226,154.0,782,0.1145108081054687,False,REGULAR,USD,2026-01-30,26,683.1699829101562,0.075,0.930749295517924,0.0712328767123287,0.08043988562870652,0.005439885628706523,0.005439885628706523,0.07253180838275364
SPY260130C00735000,2026-01-02 18:28:36+00:00,735.0,0.07,0.07,0.08,-0.049999997,-41.666664,16.0,712,0.1164639135742187,False,REGULAR,USD,2026-01-30,26,683.1699829101562,0.075,0.9294829699457908,0.0712328767123287,0.07050720698611812,-0.004492793013881877,0.004492793013881877,-0.05990390685175836
SPY260130C00736000,2025-12-30 18:29:31+00:00,736.0,0.1,0.06,0.07,-0.080000006,-44.444447,100.0,629,0.116219775390625,False,REGULAR,USD,2026-01-30,26,683.1699829101562,0.065,0.9282200854757556,0.0712328767123287,0.06170645424817334,-0.0032935457518266653,0.0032935457518266653,-0.05066993464348716
SPY260130C00737000,2026-01-02 20:44:10+00:00,737.0,0.06,0.06,0.07,-0.06999999,-53.84615,19.0,341,0.118172880859375,False,REGULAR,USD,2026-01-30,26,683.1699829101562,0.065,0.9269606281006192,0.0712328767123287,0.053921626417891666,-0.011078373582108336,0.011078373582108336,-0.17043651664782056
SPY260130C00738000,2026-01-02 15:20:30+00:00,738.0,0.06,0.06,0.07,-0.06,-50.0,102.0,336,0.1201259863281249,False,REGULAR,USD,2026-01-30,26,683.1699829101562,0.065,0.9257045838891006,0.0712328767123287,0.04704690349239016,-0.017953096507609845,0.017953096507609845,-0.27620148473245915
SPY260130C00739000,2026-01-02 14:44:29+00:00,739.0,0.09,0.06,0.07,0.0,0.0,8.0,181,0.1218349536132812,False,REGULAR,USD,2026-01-30,26,683.1699829101562,0.065,0.9244519389853264,0.0712328767123287,0.04098596791403164,-0.024014032085968362,0.024014032085968362,-0.36944664747643635
SPY260130C00740000,2026-01-02 20:58:08+00:00,740.0,0.05,0.05,0.06,-0.040000003,-44.444447,31.0,2495,0.1215908154296875,False,REGULAR,USD,2026-01-30,26,683.1699829101562,0.055,0.9232026796083193,0.0712328767123287,0.03565134467021602,-0.019348655329783977,0.019348655329783977,-0.3517937332687996
SPY260130C00741000,2025-12-31 20:54:40+00:00,741.0,0.07,0.05,0.06,0.0,0.0,5.0,313,0.12305564453125,False,REGULAR,USD,2026-01-30,26,683.1699829101562,0.055,0.921956792051493,0.0712328767123287,0.030963763131947264,-0.024036236868052736,0.024036236868052736,-0.43702248851004977
SPY260130C00742000,2025-12-31 17:26:04+00:00,742.0,0.06,0.05,0.06,-0.030000005,-33.333336,100.0,314,0.12500875,False,REGULAR,USD,2026-01-30,26,683.1699829101562,0.055,0.9207142626821512,0.0712328767123287,0.02685154315001137,-0.02814845684998863,0.02814845684998863,-0.5117901245452479
SPY260130C00743000,2025-12-31 20:39:51+00:00,743.0,0.08,0.05,0.06,0.0,0.0,1.0,552,0.12696185546875,False,REGULAR,USD,2026-01-30,26,683.1699829101562,0.055,0.9194750779409908,0.0712328767123287,0.02325000739516314,-0.03174999260483686,0.03174999260483686,-0.5772725928152156
SPY260130C00744000,2026-01-02 14:47:32+00:00,744.0,0.05,0.05,0.06,-0.029999997,-37.499996,1317.0,281,0.1284266845703124,False,REGULAR,USD,2026-01-30,26,683.1699829101562,0.055,0.918239224341608,0.0712328767123287,0.020100921435941554,-0.034899078564058446,0.034899078564058446,-0.6345287011646991
SPY260130C00745000,2026-01-02 21:12:17+00:00,745.0,0.05,0.04,0.05,-0.02,-28.571426,16.0,2046,0.1274501318359375,False,REGULAR,USD,2026-01-30,26,683.1699829101562,0.045,0.9170066884700084,0.0712328767123287,0.01735196259795657,-0.027648037402043427,0.027648037402043427,-0.6144008311565207
SPY260130C00746000,2026-01-02 14:44:41+00:00,746.0,0.05,0.04,0.05,-0.029999997,-37.499996,40.0,694,0.1294032373046875,False,REGULAR,USD,2026-01-30,26,683.1699829101562,0.045,0.9157774569841236,0.0712328767123287,0.01495621824152682,-0.03004378175847318,0.03004378175847318,-0.6676395946327374
SPY260130C00747000,2025-12-31 19:27:37+00:00,747.0,0.07,0.04,0.05,0.0,0.0,68.0,1211,0.1308680664062499,False,REGULAR,USD,2026-01-30,26,683.1699829101562,0.045,0.9145515166133285,0.0712328767123287,0.012871713731115175,-0.03212828626888482,0.03212828626888482,-0.7139619170863294
SPY260130C00748000,2025-12-31 19:25:52+00:00,748.0,0.07,0.04,0.05,0.0,0.0,338.0,647,0.132821171875,False,REGULAR,USD,2026-01-30,26,683.1699829101562,0.045,0.9133288541579628,0.0712328767123287,0.011060970049087793,-0.033939029950912206,0.033939029950912206,-0.7542006655758268
SPY260130C00749000,2026-01-02 20:05:23+00:00,749.0,0.04,0.04,0.05,-0.030000001,-42.857143,606.0,519,0.1342860009765625,False,REGULAR,USD,2026-01-30,26,683.1699829101562,0.045,0.91210945648886,0.0712328767123287,0.009490590727189163,-0.035509409272810835,0.035509409272810835,-0.7890979838402408
SPY260130C00750000,2026-01-02 20:50:29+00:00,750.0,0.04,0.04,0.05,-0.02,-33.333336,4994.0,7368,0.1362391064453125,False,REGULAR,USD,2026-01-30,26,683.1699829101562,0.045,0.910893310546875,0.0712328767123287,0.008130877529573755,-0.036869122470426244,0.036869122470426244,-0.8193138326761388
SPY260130C00755000,2026-01-02 19:53:53+00:00,755.0,0.04,0.03,0.04,-0.02,-33.333336,51.0,1076,0.1411218701171875,False,REGULAR,USD,2026-01-30,26,683.1699829101562,0.035,0.9048609045167632,0.0712328767123287,0.0036690763789536396,-0.031330923621046364,0.031330923621046364,-0.8951692463156103
SPY260130C00760000,2026-01-02 19:36:39+00:00,760.0,0.03,0.03,0.04,-0.020000001,-40.000004,8.0,1793,0.149422568359375,False,REGULAR,USD,2026-01-30,26,683.1699829101562,0.035,0.8989078722502056,0.0712328767123287,0.0015949412766216309,-0.03340505872337837,0.03340505872337837,-0.954430249239382
SPY260130C00765000,2026-01-02 20:34:12+00:00,765.0,0.03,0.03,0.04,-0.01,-25.0,28.0,1622,0.157234990234375,False,REGULAR,USD,2026-01-30,26,683.1699829101562,0.035,0.893032657398897,0.0712328767123287,0.0006681268264286389,-0.034331873173571364,0.034331873173571364,-0.9809106621020389
SPY260130C00770000,2026-01-02 20:04:53+00:00,770.0,0.03,0.02,0.03,-0.01,-25.0,2860.0,693,0.161141201171875,False,REGULAR,USD,2026-01-30,26,683.1699829101562,0.025,0.887233744039164,0.0712328767123287,0.0002698193286898437,-0.024730180671310158,0.024730180671310158,-0.9892072268524063
SPY260130C00775000,2025-12-31 15:12:05+00:00,775.0,0.03,0.02,0.03,0.0,0.0,6.0,804,0.168953623046875,False,REGULAR,USD,2026-01-30,26,683.1699829101562,0.025,0.8815096553679436,0.0712328767123287,0.00010509300313001069,-0.02489490699686999,0.02489490699686999,-0.9957962798747996
SPY260130C00780000,2026-01-02 16:07:37+00:00,780.0,0.02,0.02,0.03,-0.01,-33.333336,1004.0,2319,0.1757894921875,False,REGULAR,USD,2026-01-30,26,683.1699829101562,0.025,0.8758589524489183,0.0712328767123287,3.949646565269173e-05,-0.02496050353434731,0.02496050353434731,-0.9984201413738925
SPY260130C00785000,2025-12-31 20:51:10+00:00,785.0,0.02,0.02,0.03,0.0,0.0,7.0,762,0.1836019140624999,False,REGULAR,USD,2026-01-30,26,683.1699829101562,0.025,0.8702802330065684,0.0712328767123287,1.4329521625289828e-05,-0.024985670478374713,0.024985670478374713,-0.9994268191349884
SPY260130C00790000,2026-01-02 17:02:57+00:00,790.0,0.02,0.02,0.03,0.0,0.0,51.0,3255,0.1914143359375,False,REGULAR,USD,2026-01-30,26,683.1699829101562,0.025,0.8647721302660206,0.0712328767123287,5.021181497554851e-06,-0.024994978818502447,0.024994978818502447,-0.9997991527400979
SPY260130C00795000,2025-12-30 19:48:01+00:00,795.0,0.03,0.01,0.02,0.0,0.0,50.0,55,0.1914143359375,False,REGULAR,USD,2026-01-30,26,683.1699829101562,0.015,0.8593333118366745,0.0712328767123287,1.700190181695249e-06,-0.014998299809818304,0.014998299809818304,-0.999886653987887
SPY260130C00800000,2026-01-02 17:13:11+00:00,800.0,0.02,0.01,0.02,-0.01,-33.333336,2.0,142,0.1992267578125,False,REGULAR,USD,2026-01-30,26,683.1699829101562,0.015,0.8539624786376954,0.0712328767123287,5.565786610289646e-07,-0.01499944342133897,0.01499944342133897,-0.9999628947559314
SPY260206C00645000,2026-01-02 20:47:05+00:00,645.0,42.32,41.47,44.98,-4.779999,-10.148618,26.0,48,0.253364400024414,True,REGULAR,USD,2026-02-06,33,683.1699829101562,43.224999999999994,1.0591782680777615,0.0904109589041095,40.60047261612999,-2.624527383870003,2.624527383870003,-0.060717811078542586
SPY260206C00650000,2026-01-02 18:40:33+00:00,650.0,38.84,36.91,40.43,-1.4399986,-3.574972,597.0,17,0.2406081799316406,True,REGULAR,USD,2026-02-06,33,683.1699829101562,38.67,1.051030742938702,0.0904109589041095,35.86296288787355,-2.8070371121264515,2.8070371121264515,-0.07258952966450612
SPY260206C00675000,2026-01-02 19:31:08+00:00,675.0,17.55,17.72,17.95,-0.80000114,-4.359679,14.0,134,0.1629112030029297,True,REGULAR,USD,2026-02-06,33,683.1699829101562,17.835,1.0121036783854167,0.0904109589041095,15.300565427915842,-2.534434572084159,2.534434572084159,-0.14210454567334785
SPY260206C00679000,2026-01-02 20:45:53+00:00,679.0,14.5,14.88,15.11,-0.77999973,-5.1047106,65.0,8,0.1557396438598632,True,REGULAR,USD,2026-02-06,33,683.1699829101562,14.995,1.0061413592196704,0.0904109589041095,12.769370416752736,-2.2256295832472635,2.2256295832472635,-0.14842478047664312
SPY260206C00680000,2026-01-02 20:52:02+00:00,680.0,13.83,14.22,14.38,-0.6300001,-4.3568473,899.0,23,0.1533898138427734,True,REGULAR,USD,2026-02-06,33,683.1699829101562,14.3,1.0046617395737591,0.0904109589041095,12.177689515138638,-2.1223104848613623,2.1223104848613623,-0.1484133206196757
SPY260206C00681000,2026-01-02 20:59:53+00:00,681.0,13.6,13.6,13.73,0.11000061,0.81542337,391.0,9,0.1518639501953125,True,REGULAR,USD,2026-02-06,33,683.1699829101562,13.665,1.0031864653599945,0.0904109589041095,11.602792953821677,-2.0622070461783224,2.0622070461783224,-0.15091160235479859
SPY260206C00683000,2026-01-02 21:14:48+00:00,683.0,12.33,12.31,12.4,0.17000008,1.398027,342.0,121,0.1480492910766602,True,REGULAR,USD,2026-02-06,33,683.1699829101562,12.355,1.0002488768816344,0.0904109589041095,10.50378604245401,-1.8512139575459905,1.8512139575459905,-0.14983520498146422
SPY260206C00684000,2026-01-02 21:14:30+00:00,684.0,11.7,11.7,11.74,-0.77999973,-6.249998,490.0,31,0.1459588578796386,False,REGULAR,USD,2026-02-06,33,683.1699829101562,11.72,0.9987865247224508,0.0904109589041095,9.979814504634305,-1.7401854953656954,1.7401854953656954,-0.1484799910721583
SPY260206C00685000,2026-01-02 21:13:49+00:00,685.0,11.07,11.09,11.13,0.03999996,0.362647,1904.0,318,0.1443261837768554,False,REGULAR,USD,2026-02-06,33,683.1699829101562,11.11,0.9973284422046076,0.0904109589041095,9.472904436534066,-1.6370955634659339,1.6370955634659339,-0.1473533360455386
SPY260206C00686000,2026-01-02 21:06:48+00:00,686.0,10.49,10.49,10.53,0.059999466,0.57525855,196.0,110,0.1426477337646484,False,REGULAR,USD,2026-02-06,33,683.1699829101562,10.51,0.9958746106562044,0.0904109589041095,8.983046653220924,-1.5269533467790755,1.5269533467790755,-0.1452857608733659
SPY260206C00687000,2026-01-02 21:12:51+00:00,687.0,9.88,9.9,9.95,0.0,0.0,100.0,249,0.1410303182983398,False,REGULAR,USD,2026-02-06,33,683.1699829101562,9.925,0.9944250115140556,0.0904109589041095,8.51020069802064,-1.414799301979361,1.414799301979361,-0.1425490480583739
SPY260206C00688000,2026-01-02 20:53:26+00:00,688.0,9.07,9.34,9.38,-0.3600006,-3.8176098,107.0,143,0.1393671269226074,False,REGULAR,USD,2026-02-06,33,683.1699829101562,9.36,0.9929796263229016,0.0904109589041095,8.054295200905585,-1.3057047990944142,1.3057047990944142,-0.13949837597162545
SPY260206C00689000,2026-01-02 19:54:34+00:00,689.0,8.84,8.79,8.83,-0.60999966,-6.455023,364.0,172,0.1377649700927734,False,REGULAR,USD,2026-02-06,33,683.1699829101562,8.809999999999999,0.9915384367346244,0.0904109589041095,7.615228402793491,-1.1947715972065076,1.1947715972065076,-0.13561539128337205
SPY260206C00690000,2026-01-02 21:05:36+00:00,690.0,8.26,8.26,8.3,0.030000687,0.36452842,1028.0,482,0.1362391064453125,False,REGULAR,USD,2026-02-06,33,683.1699829101562,8.280000000000001,0.9901014245074728,0.0904109589041095,7.192868839805044,-1.0871311601949571,1.0871311601949571,-0.13129603383997066
SPY260206C00691000,2026-01-02 20:58:48+00:00,691.0,7.44,7.74,7.77,-0.3800001,-4.8593364,12.0,82,0.134499621887207,False,REGULAR,USD,2026-02-06,33,683.1699829101562,7.755,0.9886685715052912,0.0904109589041095,6.787056180168065,-0.9679438198319348,0.9679438198319348,-0.12481545065531074
SPY260206C00692000,2026-01-02 18:50:47+00:00,692.0,6.0,7.25,7.29,-1.3200002,-18.03279,98.0,179,0.1332026377868652,False,REGULAR,USD,2026-02-06,33,683.1699829101562,7.27,0.9872398596967576,0.0904109589041095,6.397602205201224,-0.8723977947987755,0.8723977947987755,-0.1199996966710833
SPY260206C00693000,2026-01-02 18:50:47+00:00,693.0,6.67,6.77,6.81,-0.46000004,-6.4516134,73.0,238,0.1316920327758789,False,REGULAR,USD,2026-02-06,33,683.1699829101562,6.789999999999999,0.9858152711546266,0.0904109589041095,6.024291924678039,-0.7657080753219603,0.7657080753219603,-0.11276996691045071
SPY260206C00694000,2026-01-02 20:25:42+00:00,694.0,6.24,6.31,6.35,-0.64000034,-9.302331,115.0,39,0.130242462310791,False,REGULAR,USD,2026-02-06,33,683.1699829101562,6.33,0.9843947880549802,0.0904109589041095,5.666884815862375,-0.6631151841376255,0.6631151841376255,-0.10475753303911935
SPY260206C00695000,2026-01-02 21:12:04+00:00,695.0,5.84,5.87,5.91,-0.12999964,-2.1775484,294.0,738,0.1288234091186523,False,REGULAR,USD,2026-02-06,33,683.1699829101562,5.890000000000001,0.9829783926764838,0.0904109589041095,5.325116174646212,-0.5648838253537889,0.5648838253537889,-0.0959055730651594
SPY260206C00696000,2026-01-02 20:58:48+00:00,696.0,5.23,5.45,5.49,-0.34000015,-6.1041317,173.0,170,0.1274806491088867,False,REGULAR,USD,2026-02-06,33,683.1699829101562,5.470000000000001,0.9815660673996498,0.0904109589041095,4.998698566496643,-0.47130143350335807,0.47130143350335807,-0.08616113958013857
SPY260206C00697000,2026-01-02 21:02:02+00:00,697.0,5.1,5.06,5.1,-0.1800003,-3.4090967,185.0,149,0.1262904754638671,False,REGULAR,USD,2026-02-06,33,683.1699829101562,5.08,0.9801577947061064,0.0904109589041095,4.687323364358178,-0.39267663564182165,0.39267663564182165,-0.07729855032319323
SPY260206C00698000,2026-01-02 20:58:48+00:00,698.0,4.47,4.68,4.72,-0.2800002,-5.8947415,409.0,43,0.12500875,False,REGULAR,USD,2026-02-06,33,683.1699829101562,4.699999999999999,0.9787535571778744,0.0904109589041095,4.390662360237059,-0.3093376397629406,0.3093376397629406,-0.065816519098498
SPY260206C00699000,2026-01-02 21:13:41+00:00,699.0,4.29,4.33,4.36,-0.61000013,-12.448982,144.0,137,0.1237880590820312,False,REGULAR,USD,2026-02-06,33,683.1699829101562,4.345000000000001,0.977353337496647,0.0904109589041095,4.108369436939654,-0.2366305630603467,0.2366305630603467,-0.054460428782588416
SPY260206C00700000,2026-01-02 21:08:35+00:00,700.0,4.0,3.99,4.02,-0.11000013,-2.6764023,841.0,720,0.1226284027099609,False,REGULAR,USD,2026-02-06,33,683.1699829101562,4.005,0.9759571184430804,0.0904109589041095,3.840082286329732,-0.16491771367026775,0.16491771367026775,-0.04117795597260119
SPY260206C00701000,2026-01-02 20:58:48+00:00,701.0,3.48,3.67,3.7,-0.31999993,-8.421051,271.0,23,0.1214992636108398,False,REGULAR,USD,2026-02-06,33,683.1699829101562,3.685,0.974564882896086,0.0904109589041095,3.585424160508609,-0.09957583949139126,0.09957583949139126,-0.02702193744678189
SPY260206C00702000,2026-01-02 21:02:02+00:00,702.0,3.38,3.37,3.4,-0.07999992,-2.3121364,225.0,210,0.1204311590576171,False,REGULAR,USD,2026-02-06,33,683.1699829101562,3.385,0.9731766138321314,0.0904109589041095,3.3440056425068008,-0.04099435749319902,0.04099435749319902,-0.012110593055597939
SPY260206C00704000,2026-01-02 21:13:41+00:00,704.0,2.82,2.82,2.85,-0.48000002,-14.545456,163.0,409,0.1183559844970703,False,REGULAR,USD,2026-02-06,33,683.1699829101562,2.835,0.9704119075428356,0.0904109589041095,2.899277073154451,0.06427707315445108,0.06427707315445108,0.022672688943368987
SPY260206C00705000,2026-01-02 21:14:45+00:00,705.0,2.56,2.58,2.6,-0.13000011,-4.832718,626.0,1002,0.1173794317626953,False,REGULAR,USD,2026-02-06,33,683.1699829101562,2.59,0.9690354367519948,0.0904109589041095,2.695140793235481,0.10514079323548131,0.10514079323548131,0.0405949008631202
SPY260206C00706000,2026-01-02 21:01:41+00:00,706.0,2.35,2.35,2.37,-0.13000011,-5.24194,437.0,919,0.1164639135742187,False,REGULAR,USD,2026-02-06,33,683.1699829101562,2.3600000000000003,0.967662865311836,0.0904109589041095,2.502595139329003,0.14259513932900258,0.14259513932900258,0.06042166920720448
SPY260206C00707000,2026-01-02 20:58:48+00:00,707.0,2.02,2.14,2.16,-0.49,-19.521914,431.0,613,0.115670464477539,False,REGULAR,USD,2026-02-06,33,683.1699829101562,2.1500000000000004,0.9662941766763172,0.0904109589041095,2.3212137037029947,0.17121370370299438,0.17121370370299438,0.0796342807920904
SPY260206C00708000,2026-01-02 20:56:39+00:00,708.0,1.87,1.94,1.97,-0.17999995,-8.780485,70.0,715,0.1150296017456054,False,REGULAR,USD,2026-02-06,33,683.1699829101562,1.955,0.964929354392876,0.0904109589041095,2.150567747219796,0.19556774721979586,0.19556774721979586,0.1000346533093585
SPY260206C00709000,2026-01-02 17:32:05+00:00,709.0,1.75,1.76,1.78,-0.3599999,-17.061607,39.0,478,0.1141140835571289,False,REGULAR,USD,2026-02-06,33,683.1699829101562,1.77,0.963568382101772,0.0904109589041095,1.9902277720678967,0.22022777206789668,0.22022777206789668,0.12442247009485688
SPY260206C00710000,2026-01-02 20:43:43+00:00,710.0,1.51,1.59,1.62,-0.28999996,-16.11111,195.0,482,0.1135647726440429,False,REGULAR,USD,2026-02-06,33,683.1699829101562,1.605,0.9622112435354312,0.0904109589041095,1.8397650271718504,0.23476502717185044,0.23476502717185044,0.146271044966885
SPY260206C00711000,2026-01-02 17:23:43+00:00,711.0,1.37,1.44,1.46,-0.7399999,-35.071087,10.0,733,0.112740806274414,False,REGULAR,USD,2026-02-06,33,683.1699829101562,1.45,0.9608579225178008,0.0904109589041095,1.6987529392157654,0.24875293921576547,0.24875293921576547,0.17155375118328653
SPY260206C00712000,2026-01-02 20:26:59+00:00,712.0,1.29,1.3,1.32,-0.1500001,-10.416673,320.0,722,0.1121914953613281,False,REGULAR,USD,2026-02-06,33,683.1699829101562,1.31,0.9595084029637024,0.0904109589041095,1.5667684632124264,0.2567684632124263,0.2567684632124263,0.19600646046750098
SPY260206C00713000,2026-01-02 18:57:26+00:00,713.0,0.93,1.17,1.19,-0.34999996,-27.343746,414.0,317,0.1115811499023437,False,REGULAR,USD,2026-02-06,33,683.1699829101562,1.18,0.9581626688781996,0.0904109589041095,1.443393347551293,0.26339334755129307,0.26339334755129307,0.22321470131465515
SPY260206C00714000,2026-01-02 21:11:10+00:00,714.0,1.06,1.06,1.07,-0.2700001,-20.30076,293.0,606,0.1109708044433593,False,REGULAR,USD,2026-02-06,33,683.1699829101562,1.065,0.9568207043559612,0.0904109589041095,1.3282153094563824,0.2632153094563825,0.2632153094563825,0.24715052531115728
SPY260206C00715000,2026-01-02 21:14:45+00:00,715.0,0.95,0.95,0.97,-0.120000064,-11.214959,203.0,1165,0.1106656317138671,False,REGULAR,USD,2026-02-06,33,683.1699829101562,0.96,0.955482493580638,0.0904109589041095,1.2208291177737607,0.2608291177737607,0.2608291177737607,0.27169699768100075
SPY260206C00716000,2026-01-02 18:11:20+00:00,716.0,0.74,0.85,0.87,-0.29999995,-28.846151,22.0,518,0.1101773553466796,False,REGULAR,USD,2026-02-06,33,683.1699829101562,0.86,0.9541480208242406,0.0904109589041095,1.1208375809583657,0.26083758095836573,0.26083758095836573,0.3032995127422857
SPY260206C00717000,2026-01-02 19:29:23+00:00,717.0,0.74,0.77,0.78,-0.120000005,-13.953489,8.0,508,0.1096890789794921,False,REGULAR,USD,2026-02-06,33,683.1699829101562,0.775,0.952817270446522,0.0904109589041095,1.0278524390604673,0.2528524390604673,0.2528524390604673,0.32626121169092553
SPY260206C00718000,2026-01-02 18:14:34+00:00,718.0,0.72,0.69,0.7,-0.06999999,-8.860759,552.0,1795,0.1093228717041015,False,REGULAR,USD,2026-02-06,33,683.1699829101562,0.695,0.951490226894368,0.0904109589041095,0.9414951593812475,0.24649515938124755,0.24649515938124755,0.3546692940737375
SPY260206C00719000,2026-01-02 16:36:34+00:00,719.0,0.59,0.62,0.63,-0.120000005,-16.90141,25.0,323,0.1090176989746093,False,REGULAR,USD,2026-02-06,33,683.1699829101562,0.625,0.9501668747011908,0.0904109589041095,0.8613976362982285,0.23639763629822852,0.23639763629822852,0.3782362180771656
SPY260206C00720000,2026-01-02 21:10:44+00:00,720.0,0.56,0.56,0.57,-0.089999974,-13.84615,160.0,2023,0.1089566644287109,False,REGULAR,USD,2026-02-06,33,683.1699829101562,0.565,0.948847198486328,0.0904109589041095,0.7872027965270405,0.22220279652704056,0.22220279652704056,0.3932792858885674
SPY260206C00725000,2026-01-02 20:48:17+00:00,725.0,0.31,0.33,0.34,-0.099999994,-24.390244,163.0,808,0.1086514916992187,False,REGULAR,USD,2026-02-06,33,683.1699829101562,0.335,0.9423034247036638,0.0904109589041095,0.4931007021465277,0.15810070214652766,0.15810070214652766,0.47194239446724673
SPY260206C00730000,2026-01-02 20:07:23+00:00,730.0,0.2,0.2,0.22,-0.11999999,-37.499996,111.0,345,0.1103604589843749,False,REGULAR,USD,2026-02-06,33,683.1699829101562,0.21,0.9358492916577484,0.0904109589041095,0.3000023614687706,0.09000236146877058,0.09000236146877058,0.4285826736608123
SPY260206C00735000,2026-01-02 21:11:10+00:00,735.0,0.13,0.13,0.15,-0.13,-50.0,12.0,394,0.1130459790039062,False,REGULAR,USD,2026-02-06,33,683.1699829101562,0.14,0.9294829699457908,0.0904109589041095,0.17726214208724222,0.03726214208724221,0.03726214208724221,0.26615815776601576
SPY260206C00740000,2026-01-02 21:13:19+00:00,740.0,0.11,0.1,0.11,-0.060000002,-35.294117,34.0,175,0.1167080517578125,False,REGULAR,USD,2026-02-06,33,683.1699829101562,0.105,0.9232026796083193,0.0904109589041095,0.10171994279646235,-0.003280057203537648,0.003280057203537648,-0.031238640033691888
SPY260206C00750000,2026-01-02 14:33:04+00:00,750.0,0.09,0.06,0.07,-0.029999994,-24.999996,8.0,232,0.1262294409179687,False,REGULAR,USD,2026-02-06,33,683.1699829101562,0.065,0.910893310546875,0.0904109589041095,0.030691134687742316,-0.034308865312257686,0.034308865312257686,-0.5278286971116567
SPY260206C00755000,2025-12-31 17:29:43+00:00,755.0,0.1,0.05,0.06,0.0,0.0,15.0,26,0.131844619140625,False,REGULAR,USD,2026-02-06,33,683.1699829101562,0.055,0.9048609045167632,0.0904109589041095,0.0161419014102111,-0.0388580985897889,0.0388580985897889,-0.7065108834507072
SPY260206C00765000,2025-12-26 14:42:37+00:00,765.0,0.12,0.04,0.05,0.0,0.0,10.0,10,0.143563251953125,False,REGULAR,USD,2026-02-06,33,683.1699829101562,0.045,0.893032657398897,0.0904109589041095,0.004097989042600558,-0.04090201095739944,0.04090201095739944,-0.9089335768310987
SPY260206C00770000,2026-01-02 20:44:57+00:00,770.0,0.04,0.04,0.05,-0.02,-33.333336,27.0,115,0.151375673828125,False,REGULAR,USD,2026-02-06,33,683.1699829101562,0.045,0.887233744039164,0.0904109589041095,0.001979122443821174,-0.043020877556178824,0.043020877556178824,-0.9560195012484184
SPY260206C00775000,2025-12-26 17:54:38+00:00,775.0,0.08,0.03,0.04,0.0,0.0,40.0,40,0.15430533203125,False,REGULAR,USD,2026-02-06,33,683.1699829101562,0.035,0.8815096553679436,0.0904109589041095,0.0009295544564922459,-0.03407044554350776,0.03407044554350776,-0.9734413012430787
