ticker,expiry,strike,bid,ask,mid,lastPrice,volume,openInterest,spot,time_to_maturity,moneyness,log_moneyness,sqrt_T,moneyness_T_interaction,implied_vol,relative_spread,wide_spread_flag,short_maturity_flag,wing_flag,implied_vol_raw,weight
SPY,2026-03-18,630.0,32.65,33.1,32.875,33.37,50.0,3.0,662.2899780273438,0.0054794520547945,1.051253933376736,0.0499836739167948,0.0740233210197603,0.0057602955253519,0.4217943202481269,0.013688212927756741,0,1,0,0.4217943202481269,0.9426350640736401
SPY,2026-03-18,645.0,19.38,19.75,19.564999999999998,20.14,3.0,10.0,662.2899780273438,0.0054794520547945,1.026806167484254,0.0264531765066007,0.0740233210197603,0.0056263351642972,0.4156711073291004,0.018911321236902687,0,1,0,0.4156711073291004,0.9601316024175868
SPY,2026-03-18,650.0,15.44,15.74,15.59,15.71,24.0,20.0,662.2899780273438,0.0054794520547945,1.018907658503606,0.0187311304126905,0.0740233210197603,0.0055830556630334,0.4062968793537617,0.019243104554201456,0,1,0,0.4062968793537617,0.9672595188734654
SPY,2026-03-18,655.0,11.85,12.13,11.99,12.32,574.0,534.0,662.2899780273438,0.0054794520547945,1.0111297374463264,0.0110682576671213,0.0740233210197603,0.005540436917514,0.3969560001660586,0.023352793994995923,0,1,0,0.3969560001660586,0.970785672449767
SPY,2026-03-18,657.0,10.61,10.71,10.66,10.65,188.0,15.0,662.2899780273438,0.0054794520547945,1.0080517169365963,0.0080194748177627,0.0740233210197603,0.0055235710517073,0.392588918310672,0.009380863039399757,0,1,0,0.392588918310672,0.9872286278634531
SPY,2026-03-18,658.0,9.95,10.05,10.0,9.98,456.0,25.0,662.2899780273438,0.0054794520547945,1.0065197234458112,0.006498561977056,0.0740233210197603,0.0055151765668263,0.3891896665522158,0.010000000000000142,0,1,0,0.3891896665522158,0.9881251598803282
SPY,2026-03-18,659.0,9.33,9.42,9.375,9.39,434.0,44.0,662.2899780273438,0.0054794520547945,1.0049923794041635,0.004979958799866,0.0740233210197603,0.0055068075583789,0.3866296777147651,0.009599999999999985,0,1,0,0.3866296777147651,0.9900189565652228
SPY,2026-03-18,660.0,8.73,8.77,8.75,8.76,739.0,168.0,662.2899780273438,0.0054794520547945,1.0034696636777936,0.003463658281902,0.0740233210197603,0.0054984639105632,0.3830443701196611,0.004571428571428474,0,1,0,0.3830443701196611,0.9964845078671167
SPY,2026-03-18,661.0,8.13,8.18,8.155000000000001,8.15,384.0,222.0,662.2899780273438,0.0054794520547945,1.001951555260732,0.0019496534506869,0.0740233210197603,0.0054901455082779,0.379966357487142,0.006131207847945914,0,1,0,0.379966357487142,0.9964471679900396
SPY,2026-03-18,662.0,7.56,7.6,7.58,7.58,1062.0,106.0,662.2899780273438,0.0054794520547945,1.000438033273933,0.0004379373653649,0.0740233210197603,0.0054818522371174,0.3768459659663141,0.0052770448548812715,0,1,0,0.3768459659663141,0.9988025936676448
SPY,2026-03-18,663.0,7.0,7.04,7.02,7.02,1259.0,199.0,662.2899780273438,0.0054794520547945,0.9989290769643194,-0.0010714968834892,0.0740233210197603,0.0054735839833661,0.373400669635117,0.0056980056980057035,0,1,0,0.373400669635117,0.9977521833945864
SPY,2026-03-18,664.0,6.46,6.5,6.48,6.5,2127.0,273.0,662.2899780273438,0.0054794520547945,0.9974246657038308,-0.0025786561740606,0.0740233210197603,0.0054653406339935,0.3698595290670693,0.006172839506172844,0,1,0,0.3698595290670693,0.9957793937644726
SPY,2026-03-18,665.0,5.94,5.98,5.960000000000001,5.98,5369.0,162.0,662.2899780273438,0.0054794520547945,0.9959247789884867,-0.0040835473534808,0.0740233210197603,0.0054571220766492,0.3661953645532131,0.006711409395973159,0,1,0,0.3661953645532131,0.9937500607408363
SPY,2026-03-18,666.0,5.44,5.48,5.460000000000001,5.49,3435.0,482.0,662.2899780273438,0.0054794520547945,0.9944293964374532,-0.0055861772380158,0.0740233210197603,0.0054489281996572,0.3623807281637787,0.007326007326007331,0,1,0,0.3623807281637787,0.9916525390520212
SPY,2026-03-18,667.0,4.97,5.0,4.984999999999999,5.0,1864.0,634.0,662.2899780273438,0.0054794520547945,0.9929384977921196,-0.0070865526132505,0.0740233210197603,0.0054407588920115,0.3586513859925866,0.006018054162487513,0,1,0,0.3586513859925866,0.9914531468053375
SPY,2026-03-18,668.0,4.5,4.54,4.52,4.56,1948.0,361.0,662.2899780273438,0.0054794520547945,0.9914520629151852,-0.0085846802342724,0.0740233210197603,0.0054326140433708,0.3541872082032263,0.008849557522123902,0,1,0,0.3541872082032263,0.9871904237406082
SPY,2026-03-18,669.0,4.07,4.11,4.09,4.09,3597.0,761.0,662.2899780273438,0.0054794520547945,0.9899700717897516,-0.0100805668258552,0.0740233210197603,0.0054244935440534,0.3502939831158519,0.009779951100244507,0,1,0,0.3502939831158519,0.9848065824068235
SPY,2026-03-18,670.0,3.65,3.69,3.67,3.67,8806.0,1322.0,662.2899780273438,0.0054794520547945,0.9884925045184236,-0.0115742190826384,0.0740233210197603,0.0054163972850324,0.3455926087216735,0.010899182561307912,0,1,0,0.3455926087216735,0.9822480065468636
SPY,2026-03-18,671.0,3.26,3.3,3.28,3.28,3181.0,1241.0,662.2899780273438,0.0054794520547945,0.98701934132242,-0.0130656436693085,0.0740233210197603,0.005408325157931,0.3411576670008301,0.012195121951219523,0,1,0,0.3411576670008301,0.9795284264912102
SPY,2026-03-18,672.0,2.89,2.92,2.9050000000000002,2.92,3781.0,751.0,662.2899780273438,0.0054794520547945,0.98555056254069,-0.0145548472207763,0.0740233210197603,0.0054002770550174,0.336106175039947,0.010327022375215078,0,1,0,0.336106175039947,0.979879252558769
SPY,2026-03-18,673.0,2.54,2.58,2.56,2.59,2056.0,855.0,662.2899780273438,0.0054794520547945,0.9840861486290398,-0.0160418363423545,0.0740233210197603,0.0053922528692001,0.3312951877405642,0.015625000000000014,0,1,0,0.3312951877405642,0.9733193496736348
SPY,2026-03-18,674.0,2.22,2.26,2.24,2.25,2169.0,522.0,662.2899780273438,0.0054794520547945,0.9826260801592636,-0.0175266176099338,0.0740233210197603,0.0053842524940233,0.3264301986510157,0.017857142857142672,0,1,0,0.3264301986510157,0.9697439502977514
SPY,2026-03-18,675.0,1.92,1.96,1.94,1.94,4649.0,1669.0,662.2899780273438,0.0054794520547945,0.981170337818287,-0.0190091975701566,0.0740233210197603,0.0053762758236618,0.3211666334347128,0.020618556701030948,0,1,0,0.3211666334347128,0.9656874135552038
SPY,2026-03-18,676.0,1.65,1.69,1.67,1.67,5430.0,1687.0,662.2899780273438,0.0054794520547945,0.9797189024073132,-0.0204895827405909,0.0740233210197603,0.0053683227529167,0.3161872034653424,0.023952095808383256,0,1,0,0.3161872034653424,0.961119677705113
SPY,2026-03-18,677.0,1.41,1.44,1.4249999999999998,1.44,1389.0,772.0,662.2899780273438,0.0054794520547945,0.9782717548409804,-0.0219677796099017,0.0740233210197603,0.0053603931772108,0.3111898921085,0.02105263157894739,0,1,0,0.3111898921085,0.9624252454520847
SPY,2026-03-18,678.0,1.19,1.22,1.205,1.22,1668.0,943.0,662.2899780273438,0.0054794520547945,0.9768288761465248,-0.0234437946380223,0.0740233210197603,0.0053524869925836,0.3062229791103601,0.024896265560165994,0,1,0,0.3062229791103601,0.9574017117005308
SPY,2026-03-18,679.0,0.99,1.02,1.005,1.04,2028.0,838.0,662.2899780273438,0.0054794520547945,0.975390247462951,-0.0249176342563229,0.0740233210197603,0.0053446040956873,0.3009004053153991,0.029850746268656747,0,1,0,0.3009004053153991,0.9513925402301646
SPY,2026-03-18,680.0,0.82,0.85,0.835,0.84,4790.0,2093.0,662.2899780273438,0.0054794520547945,0.9739558500402112,-0.0263893048677791,0.0740233210197603,0.0053367443837819,0.2962417674372791,0.035928143712574884,0,1,0,0.2962417674372791,0.9444201824549494
SPY,2026-03-18,681.0,0.67,0.7,0.685,0.72,2054.0,1371.0,662.2899780273438,0.0054794520547945,0.9725256652383902,-0.0278588128471391,0.0740233210197603,0.0053289077547308,0.2914547411971091,0.043795620437956075,0,1,0,0.2914547411971091,0.935925374608476
SPY,2026-03-18,682.0,0.54,0.57,0.5549999999999999,0.58,1732.0,1086.0,662.2899780273438,0.0054794520547945,0.9710996745268968,-0.0293261645410889,0.0740233210197603,0.0053210941069966,0.2866539462885855,0.05405405405405391,0,1,0,0.2866539462885855,0.9254576431995043
SPY,2026-03-18,683.0,0.44,0.47,0.45499999999999996,0.46,2612.0,908.0,662.2899780273438,0.0054794520547945,0.9696778594836658,-0.0307913662684168,0.0740233210197603,0.0053133033396365,0.2835043186992406,0.06593406593406588,0,1,0,0.2835043186992406,0.9138033766905538
SPY,2026-03-18,684.0,0.35,0.38,0.365,0.38,2166.0,1087.0,662.2899780273438,0.0054794520547945,0.9682602017943622,-0.0322544243201772,0.0740233210197603,0.0053055353522978,0.2796319254282713,0.08219178082191789,0,1,0,0.2796319254282713,0.8987594530317576
SPY,2026-03-18,685.0,0.28,0.3,0.29000000000000004,0.29,3065.0,1018.0,662.2899780273438,0.0054794520547945,0.9668466832515968,-0.033715344959852,0.0740233210197603,0.0052977900452142,0.2759211799000503,0.06896551724137917,0,1,0,0.2759211799000503,0.9085514727989767
SPY,2026-03-18,686.0,0.22,0.24,0.22999999999999998,0.23,1995.0,1077.0,662.2899780273438,0.0054794520547945,0.9654372857541454,-0.0351741344235119,0.0740233210197603,0.0052900673192007,0.2727829963986873,0.0869565217391304,0,1,0,0.2727829963986873,0.892210881818406
SPY,2026-03-18,687.0,0.17,0.19,0.18,0.19,2036.0,1288.0,662.2899780273438,0.0054794520547945,0.9640319913061772,-0.036630798919976,0.0740233210197603,0.0052823670756502,0.2695757907416821,0.11111111111111106,0,1,0,0.2695757907416821,0.8715445200219668
SPY,2026-03-18,688.0,0.13,0.15,0.14,0.13,1832.0,965.0,662.2899780273438,0.0054794520547945,0.962630782016488,-0.0380853446309704,0.0740233210197603,0.0052746892165286,0.26666183983922,0.14285714285714277,0,1,0,0.26666183983922,0.8461033585242325
SPY,2026-03-18,689.0,0.1,0.12,0.11,0.1,1761.0,1236.0,662.2899780273438,0.0054794520547945,0.9612336400977411,-0.0395377777112853,0.0740233210197603,0.0052670336443711,0.2646834431293011,0.18181818181818174,0,1,0,0.2646834431293011,0.8170223087846878
SPY,2026-03-18,690.0,0.08,0.09,0.08499999999999999,0.09,1473.0,1699.0,662.2899780273438,0.0054794520547945,0.9598405478657156,-0.0409881042889318,0.0740233210197603,0.0052594002622778,0.262441832395792,0.11764705882352937,0,1,0,0.262441832395792,0.8626806042322697
SPY,2026-03-18,691.0,0.06,0.07,0.065,0.06,1283.0,1352.0,662.2899780273438,0.0054794520547945,0.9584514877385584,-0.0424363304652966,0.0740233210197603,0.0052517889739098,0.2602288318822384,0.15384615384615397,0,1,0,0.2602288318822384,0.8344068294276876
SPY,2026-03-18,692.0,0.04,0.06,0.05,0.05,1544.0,3087.0,662.2899780273438,0.0054794520547945,0.957066442236046,-0.0438824623152963,0.0740233210197603,0.0052441996834851,0.2586073476662636,0.3999999999999999,1,1,0,0.2586073476662636,0.6867041531964987
SPY,2026-03-18,693.0,0.03,0.04,0.035,0.03,602.0,1188.0,662.2899780273438,0.0054794520547945,0.955685393978851,-0.04532650588753,0.0740233210197603,0.0052366322957745,0.2543358418269157,0.28571428571428575,0,1,0,0.2543358418269157,0.746665525944745
SPY,2026-03-18,694.0,0.02,0.03,0.025,0.04,933.0,1655.0,662.2899780273438,0.0054794520547945,0.9543083256878152,-0.0467684672044312,0.0740233210197603,0.0052290867160975,0.2513045890226364,0.3999999999999999,1,1,0,0.2513045890226364,0.6847251786916098
SPY,2026-03-19,615.0,46.23,49.03,47.629999999999995,57.98,2.0,2.0,662.2899780273438,0.0082191780821917,1.0768942732151932,0.0740812254958554,0.0906596827823244,0.008851185807248,0.3952283005084992,0.05878647910980484,0,1,0,0.3952283005084992,0.8809964670982103
SPY,2026-03-19,650.0,16.39,16.7,16.545,16.89,2014.0,227.0,662.2899780273438,0.0082191780821917,1.018907658503606,0.0187311304126905,0.0906596827823244,0.0083745834945501,0.3773787419060468,0.018736778482925275,0,1,0,0.3773787419060468,0.9677402600447274
SPY,2026-03-19,655.0,12.87,13.18,13.024999999999999,13.0,665.0,1205.0,662.2899780273438,0.0082191780821917,1.0111297374463264,0.0110682576671213,0.0906596827823244,0.008310655376271,0.3686595985607503,0.02380038387715935,0,1,0,0.3686595985607503,0.9703612597892715
SPY,2026-03-19,656.0,12.3,12.43,12.365,13.41,89.0,6.0,662.2899780273438,0.0082191780821917,1.0095883811392434,0.0095427043582841,0.0906596827823244,0.008297986694295,0.3668144628909677,0.010513546300040356,0,1,0,0.3668144628909677,0.9846210978407521
SPY,2026-03-19,660.0,9.81,9.86,9.835,9.87,251.0,277.0,662.2899780273438,0.0082191780821917,1.0034696636777936,0.003463658281902,0.0906596827823244,0.0082476958658447,0.3569923508629202,0.0050838840874426975,0,1,0,0.3569923508629202,0.9959764368585532
SPY,2026-03-19,661.0,9.22,9.27,9.245000000000001,9.15,125.0,19.0,662.2899780273438,0.0082191780821917,1.001951555260732,0.0019496534506869,0.0906596827823244,0.0082352182624168,0.3544935163706242,0.005408328826392529,0,1,0,0.3544935163706242,0.9971636040222205
SPY,2026-03-19,662.0,8.65,8.69,8.67,8.7,317.0,168.0,662.2899780273438,0.0082191780821917,1.000438033273933,0.0004379373653649,0.0906596827823244,0.008222778355676,0.351858336298853,0.004613610149942231,0,1,0,0.351858336298853,0.9994621908474235
SPY,2026-03-19,663.0,8.09,8.13,8.11,8.13,1058.0,198.0,662.2899780273438,0.0082191780821917,0.9989290769643194,-0.0010714968834892,0.0906596827823244,0.0082103759750491,0.349070717398882,0.004932182490752272,0,1,0,0.349070717398882,0.9985125349789464
SPY,2026-03-19,664.0,7.55,7.59,7.57,7.58,1044.0,256.0,662.2899780273438,0.0082191780821917,0.9974246657038308,-0.0025786561740606,0.0906596827823244,0.0081980109509903,0.3463229739929736,0.0052840158520475605,0,1,0,0.3463229739929736,0.9966598138900412
SPY,2026-03-19,665.0,7.01,7.06,7.035,7.05,2514.0,836.0,662.2899780273438,0.0082191780821917,0.9959247789884867,-0.0040835473534808,0.0906596827823244,0.0081856831149737,0.3429700350280701,0.007107320540156336,0,1,0,0.3429700350280701,0.993359400564353
SPY,2026-03-19,666.0,6.5,6.55,6.525,6.43,1023.0,173.0,662.2899780273438,0.0082191780821917,0.9944293964374532,-0.0055861772380158,0.0906596827823244,0.0081733922994858,0.3398311809746772,0.007662835249042118,0,1,0,0.3398311809746772,0.9913210628345632
SPY,2026-03-19,667.0,6.01,6.05,6.029999999999999,6.03,1462.0,367.0,662.2899780273438,0.0082191780821917,0.9929384977921196,-0.0070865526132505,0.0906596827823244,0.0081611383380173,0.3364684519501327,0.00663349917081261,0,1,0,0.3364684519501327,0.9908469829028922
SPY,2026-03-19,668.0,5.53,5.58,5.555,5.79,1342.0,769.0,662.2899780273438,0.0082191780821917,0.9914520629151852,-0.0085846802342724,0.0906596827823244,0.0081489210650562,0.3330756374911665,0.00900090009000897,0,1,0,0.3330756374911665,0.9870423525806051
SPY,2026-03-19,669.0,5.08,5.12,5.1,5.15,1538.0,637.0,662.2899780273438,0.0082191780821917,0.9899700717897516,-0.0100805668258552,0.0906596827823244,0.00813674031608,0.3296373149010837,0.007843137254901968,0,1,0,0.3296373149010837,0.9866991259518291
SPY,2026-03-19,670.0,4.64,4.67,4.654999999999999,4.68,5539.0,988.0,662.2899780273438,0.0082191780821917,0.9884925045184236,-0.0115742190826384,0.0906596827823244,0.0081245959275486,0.3256924126039148,0.006444683136412514,0,1,0,0.3256924126039148,0.9865954120760303
SPY,2026-03-19,671.0,4.21,4.25,4.23,4.21,1368.0,590.0,662.2899780273438,0.0082191780821917,0.98701934132242,-0.0130656436693085,0.0906596827823244,0.0081124877368965,0.3216531859878301,0.009456264775413718,0,1,0,0.3216531859878301,0.9821860834431914
SPY,2026-03-19,672.0,3.81,3.85,3.83,3.85,1658.0,695.0,662.2899780273438,0.0082191780821917,0.98555056254069,-0.0145548472207763,0.0906596827823244,0.0081004155825261,0.3177342117024958,0.010443864229765022,0,1,0,0.3177342117024958,0.9797659450182343
SPY,2026-03-19,673.0,3.42,3.46,3.44,3.47,1558.0,1107.0,662.2899780273438,0.0082191780821917,0.9840861486290398,-0.0160418363423545,0.0906596827823244,0.0080883793038002,0.3132118299969136,0.011627906976744196,0,1,0,0.3132118299969136,0.9771650798627187
SPY,2026-03-19,674.0,3.06,3.1,3.08,3.03,2380.0,943.0,662.2899780273438,0.0082191780821917,0.9826260801592636,-0.0175266176099338,0.0906596827823244,0.0080763787410349,0.3090168564959466,0.012987012987012998,0,1,0,0.3090168564959466,0.9744061808280287
SPY,2026-03-19,675.0,2.71,2.76,2.735,2.75,5615.0,2472.0,662.2899780273438,0.0082191780821917,0.981170337818287,-0.0190091975701566,0.0906596827823244,0.0080644137354926,0.3044006869130731,0.01828153564899445,0,1,0,0.3044006869130731,0.9679037277435256
SPY,2026-03-19,676.0,2.39,2.44,2.415,2.44,1586.0,893.0,662.2899780273438,0.0082191780821917,0.9797189024073132,-0.0204895827405909,0.0906596827823244,0.008052484129375,0.2998507678707837,0.020703933747411935,0,1,0,0.2998507678707837,0.9641782261930306
SPY,2026-03-19,677.0,2.1,2.14,2.12,2.15,1603.0,643.0,662.2899780273438,0.0082191780821917,0.9782717548409804,-0.0219677796099017,0.0906596827823244,0.0080405897658161,0.2953796163403093,0.018867924528301903,0,1,0,0.2953796163403093,0.9644889253156274
SPY,2026-03-19,678.0,1.82,1.86,1.84,1.86,1551.0,825.0,662.2899780273438,0.0082191780821917,0.9768288761465248,-0.0234437946380223,0.0906596827823244,0.0080287304888754,0.290404924938619,0.021739130434782625,0,1,0,0.290404924938619,0.9603600466444273
SPY,2026-03-19,679.0,1.56,1.6,1.58,1.61,1223.0,1141.0,662.2899780273438,0.0082191780821917,0.975390247462951,-0.0249176342563229,0.0906596827823244,0.008016906143531,0.2851691652798354,0.025316455696202552,0,1,0,0.2851691652798354,0.9555999146479875
SPY,2026-03-19,680.0,1.34,1.38,1.3599999999999999,1.36,5816.0,3117.0,662.2899780273438,0.0082191780821917,0.9739558500402112,-0.0263893048677791,0.0906596827823244,0.0080051165756728,0.2810341838338374,0.029411764705882217,0,1,0,0.2810341838338374,0.9503985480239544
SPY,2026-03-19,681.0,1.13,1.17,1.15,1.15,1599.0,1139.0,662.2899780273438,0.0082191780821917,0.9725256652383902,-0.0278588128471391,0.0906596827823244,0.0079933616320962,0.2760484953788519,0.03478260869565221,0,1,0,0.2760484953788519,0.9440773345664225
SPY,2026-03-19,682.0,0.95,0.98,0.965,0.98,1765.0,1178.0,662.2899780273438,0.0082191780821917,0.9710996745268968,-0.0293261645410889,0.0906596827823244,0.0079816411604949,0.2712730920405388,0.03108808290155443,0,1,0,0.2712730920405388,0.946070851604328
SPY,2026-03-19,683.0,0.79,0.82,0.8049999999999999,0.84,1487.0,716.0,662.2899780273438,0.0082191780821917,0.9696778594836658,-0.0307913662684168,0.0906596827823244,0.0079699550094547,0.266849952035427,0.03726708074534151,0,1,0,0.266849952035427,0.9390581913388419
SPY,2026-03-19,684.0,0.65,0.68,0.665,0.66,1455.0,1472.0,662.2899780273438,0.0082191780821917,0.9682602017943622,-0.0322544243201772,0.0906596827823244,0.0079583030284467,0.2624920790945888,0.04511278195488726,0,1,0,0.2624920790945888,0.9306460602153028
SPY,2026-03-19,685.0,0.53,0.56,0.545,0.53,2772.0,2261.0,662.2899780273438,0.0082191780821917,0.9668466832515968,-0.033715344959852,0.0906596827823244,0.0079466850678212,0.25834967687279,0.05504587155963307,0,1,0,0.25834967687279,0.9205383587969241
SPY,2026-03-19,686.0,0.43,0.45,0.44,0.49,1542.0,1081.0,662.2899780273438,0.0082191780821917,0.9654372857541454,-0.0351741344235119,0.0906596827823244,0.0079351009788011,0.2540204141519069,0.0454545454545455,0,1,0,0.2540204141519069,0.9276294612478703
SPY,2026-03-19,687.0,0.34,0.37,0.355,0.34,3161.0,1014.0,662.2899780273438,0.0082191780821917,0.9640319913061772,-0.036630798919976,0.0906596827823244,0.0079235506134753,0.2503488288622498,0.08450704225352106,0,1,0,0.2503488288622498,0.8929244000225058
SPY,2026-03-19,688.0,0.27,0.29,0.28,0.29,3932.0,1090.0,662.2899780273438,0.0082191780821917,0.962630782016488,-0.0380853446309704,0.0906596827823244,0.0079120338247929,0.2461676240296363,0.07142857142857129,0,1,0,0.2461676240296363,0.9025102490925149
SPY,2026-03-19,689.0,0.21,0.23,0.22,0.24,1675.0,1210.0,662.2899780273438,0.0082191780821917,0.9612336400977411,-0.0395377777112853,0.0906596827823244,0.0079005504665567,0.2424726141223908,0.090909090909091,0,1,0,0.2424726141223908,0.8851075011834115
SPY,2026-03-19,690.0,0.17,0.19,0.18,0.18,2248.0,3027.0,662.2899780273438,0.0082191780821917,0.9598405478657156,-0.0409881042889318,0.0906596827823244,0.0078891003934167,0.2410292285256386,0.11111111111111106,0,1,0,0.2410292285256386,0.8677551960218711
SPY,2026-03-19,691.0,0.13,0.15,0.14,0.14,607.0,875.0,662.2899780273438,0.0082191780821917,0.9584514877385584,-0.0424363304652966,0.0906596827823244,0.0078776834608647,0.2378885416300296,0.14285714285714277,0,1,0,0.2378885416300296,0.8424299720183386
SPY,2026-03-19,692.0,0.1,0.12,0.11,0.11,980.0,1479.0,662.2899780273438,0.0082191780821917,0.957066442236046,-0.0438824623152963,0.0906596827823244,0.0078662995252276,0.2355947172451019,0.18181818181818174,0,1,0,0.2355947172451019,0.8134803045558524
SPY,2026-03-19,693.0,0.08,0.1,0.09,0.08,1494.0,2535.0,662.2899780273438,0.0082191780821917,0.955685393978851,-0.04532650588753,0.0906596827823244,0.0078549484436617,0.2350418247444629,0.22222222222222227,0,1,0,0.2350418247444629,0.7854533454743423
SPY,2026-03-19,694.0,0.07,0.08,0.07500000000000001,0.07,1052.0,5301.0,662.2899780273438,0.0082191780821917,0.9543083256878152,-0.0467684672044312,0.0906596827823244,0.0078436300741463,0.2352542556276321,0.13333333333333325,0,1,0,0.2352542556276321,0.8458369854425766
SPY,2026-03-19,695.0,0.05,0.07,0.060000000000000005,0.06,1930.0,3483.0,662.2899780273438,0.0082191780821917,0.9529352201832284,-0.0482083522624189,0.0906596827823244,0.0078323442754785,0.234281508149147,0.33333333333333337,1,1,0,0.234281508149147,0.7179269607375193
SPY,2026-03-19,696.0,0.04,0.06,0.05,0.06,302.0,1369.0,662.2899780273438,0.0082191780821917,0.9515660603841146,-0.0496461670320463,0.0906596827823244,0.0078210909072666,0.2347192445144653,0.3999999999999999,1,1,0,0.2347192445144653,0.6827575776034155
SPY,2026-03-19,698.0,0.03,0.04,0.035,0.05,211.0,1366.0,662.2899780273438,0.0082191780821917,0.9488395100678276,-0.0525156094599992,0.0906596827823244,0.007798680904667,0.2360167179894447,0.28571428571428575,0,1,0,0.2360167179894447,0.7413169190253701
SPY,2026-03-19,700.0,0.02,0.03,0.025,0.04,311.0,4653.0,662.2899780273438,0.0082191780821917,0.9461285400390624,-0.0553768417410313,0.0906596827823244,0.007776398959225,0.2380323079853057,0.3999999999999999,1,1,0,0.2380323079853057,0.678856105731396
SPY,2026-03-20,610.0,52.33,52.85,52.59,53.05,33.0,3194.0,662.2899780273438,0.010958904109589,1.085721275454662,0.0822445361350163,0.1046847845180425,0.0118983153474483,0.3288468681678772,0.009887811370983135,0,1,0,0.3288468681678772,0.9161448447481371
SPY,2026-03-20,611.0,50.18,52.98,51.58,51.82,2.0,3.0,662.2899780273438,0.010958904109589,1.0839443175570274,0.0806065341307778,0.1046847845180425,0.0118788418362413,0.3157247907853125,0.05428460643660328,0,1,0,0.3157247907853125,0.8790038606016091
SPY,2026-03-20,612.0,49.21,52.01,50.61,66.81,,8.0,662.2899780273438,0.010958904109589,1.082173166711346,0.078971210790047,0.1046847845180425,0.0118594319639599,0.3286694848041535,0.055325034578146554,0,1,0,0.3286694848041535,0.8795744778960836
SPY,2026-03-20,613.0,48.24,51.04,49.64,71.57,1.0,3.0,662.2899780273438,0.010958904109589,1.080407794498114,0.0773385573661619,0.1046847845180425,0.0118400854191573,0.3367726143510341,0.05640612409347295,0,1,0,0.3367726143510341,0.8801100941805883
SPY,2026-03-20,615.0,47.46,47.99,47.725,48.43,13.0,1933.0,662.2899780273438,0.010958904109589,1.0768942732151932,0.0740812254958554,0.1046847845180425,0.0118015810763308,0.353102612646103,0.011105290728129935,0,1,0,0.353102612646103,0.9225420498347514
SPY,2026-03-20,616.0,45.33,48.13,46.730000000000004,53.76,32.0,37.0,662.2899780273438,0.010958904109589,1.0751460682262073,0.0724565297688533,0.1046847845180425,0.0117824226654926,0.3478340406413078,0.05991868178900073,0,1,0,0.3478340406413078,0.8814863730859323
SPY,2026-03-20,617.0,44.37,47.17,45.769999999999996,70.64,,3.0,662.2899780273438,0.010958904109589,1.0734035300281095,0.0708344693969853,0.1046847845180425,0.0117633263564723,0.3514725453641414,0.061175442429539095,0,1,0,0.3514725453641414,0.8818717096418891
SPY,2026-03-20,618.0,43.41,46.2,44.805,47.5,1.0,10.0,662.2899780273438,0.010958904109589,1.0716666311122067,0.0692150358446824,0.1046847845180425,0.0117442918478049,0.352718520443201,0.06226983595580864,0,1,0,0.352718520443201,0.8823909867223576
SPY,2026-03-20,620.0,42.62,43.18,42.9,43.39,289.0,8391.0,662.2899780273438,0.010958904109589,1.0682096419795868,0.065984015263236,0.1046847845180425,0.0117064070353926,0.3574753271385431,0.013053613053613107,0,1,0,0.3574753271385431,0.9282537180022976
SPY,2026-03-20,623.0,38.65,41.44,40.045,50.39,1.0,2.0,662.2899780273438,0.010958904109589,1.0630657753247894,0.0611569745149201,0.1046847845180425,0.0116500358939702,0.3585013611516953,0.06967161942814332,0,1,0,0.3585013611516953,0.8833748104536913
SPY,2026-03-20,624.0,37.71,40.51,39.11,64.93,2.0,2.0,662.2899780273438,0.010958904109589,1.0613621442745893,0.0595531249329455,0.1046847845180425,0.0116313659646529,0.3598040202290415,0.07159294298133463,0,1,0,0.3598040202290415,0.8832063493214249
SPY,2026-03-20,625.0,37.89,38.46,38.175,38.55,198.0,3802.0,662.2899780273438,0.010958904109589,1.05966396484375,0.0579518435659717,0.1046847845180425,0.0116127557791095,0.3603245474183559,0.014931237721021619,0,1,0,0.3603245474183559,0.9340085150269379
SPY,2026-03-20,626.0,36.95,37.52,37.235,39.67,4.0,4.0,662.2899780273438,0.010958904109589,1.0579712109063,0.0563531222022747,0.1046847845180425,0.0115942050510279,0.3595939139262437,0.015308177789713986,0,1,0,0.3595939139262437,0.9351556168239894
SPY,2026-03-20,627.0,36.03,36.6,36.315,51.8,2.0,4.0,662.2899780273438,0.010958904109589,1.0562838565029409,0.0547569526694526,0.1046847845180425,0.0115757134959225,0.3605146265671849,0.015695993391160686,0,1,0,0.3605146265671849,0.9362918417757875
SPY,2026-03-20,628.0,35.1,35.68,35.39,35.54,27.0,9.0,662.2899780273438,0.010958904109589,1.054601875839719,0.0531633268341745,0.1046847845180425,0.0115572808311201,0.3602108217940331,0.016388810398417584,0,1,0,0.3602108217940331,0.9371458930487829
SPY,2026-03-20,629.0,34.18,34.76,34.47,40.39,1.0,1.0,662.2899780273438,0.010958904109589,1.052925243286715,0.0515722366019327,0.1046847845180425,0.0115389067757447,0.3598154643170237,0.01682622570351025,0,1,0,0.3598154643170237,0.9382343829838523
SPY,2026-03-20,630.0,33.27,33.85,33.56,33.66,328.0,9212.0,662.2899780273438,0.010958904109589,1.051253933376736,0.0499836739167948,0.1046847845180425,0.0115205910507039,0.3597659328737258,0.017282479141835467,0,1,0,0.3597659328737258,0.9393045423822962
SPY,2026-03-20,631.0,32.38,32.94,32.66,39.13,11.0,6.0,662.2899780273438,0.010958904109589,1.0495879208040313,0.04839763076116,0.1046847845180425,0.0115023333786742,0.35997514510715,0.01714635639926501,0,1,0,0.35997514510715,0.9409214068277995
SPY,2026-03-20,632.0,31.46,32.04,31.75,36.8,4.0,3.0,662.2899780273438,0.010958904109589,1.0479271804230124,0.0468140991555159,0.1046847845180425,0.0114841334840877,0.3587445480213165,0.018267716535433017,0,1,0,0.3587445480213165,0.941374740764187
SPY,2026-03-20,633.0,30.61,31.15,30.88,39.85,1.0,2.0,662.2899780273438,0.010958904109589,1.0462716872469886,0.0452330711581971,0.1046847845180425,0.0114659910931176,0.3601236500301063,0.017487046632124324,0,1,0,0.3601236500301063,0.9435876731100283
SPY,2026-03-20,634.0,29.68,30.27,29.975,36.31,1.0,2.0,662.2899780273438,0.010958904109589,1.0446214164469143,0.0436545388651474,0.1046847845180425,0.0114479059336647,0.3581953212051094,0.019683069224353623,0,1,0,0.3581953212051094,0.9430429815332584
SPY,2026-03-20,635.0,28.82,29.39,29.105,29.42,141.0,1186.0,662.2899780273438,0.010958904109589,1.0429763433501476,0.0420784944096815,0.1046847845180425,0.011429877735344,0.3582962616373897,0.019584263872186917,0,1,0,0.3582962616373897,0.9446219631045335
SPY,2026-03-20,636.0,27.93,28.52,28.225,30.05,12.0,2.0,662.2899780273438,0.010958904109589,1.0413364434392198,0.0405049299622511,0.1046847845180425,0.0114119062294708,0.3571144807393551,0.020903454384410977,0,1,0,0.3571144807393551,0.9448870133760249
SPY,2026-03-20,638.0,26.23,26.78,26.505000000000003,33.9,2.0,4.0,662.2899780273438,0.010958904109589,1.0380720658735796,0.0373652099575834,0.1046847845180425,0.0113761322287515,0.3557452134936749,0.020750801735521626,0,1,0,0.3557452134936749,0.9480001078142801
SPY,2026-03-20,639.0,25.43,25.96,25.695,25.99,3.0,21.0,662.2899780273438,0.010958904109589,1.0364475399488948,0.0357990389248384,0.1046847845180425,0.0113583292049193,0.3572004008061588,0.02062658104689633,0,1,0,0.3572004008061588,0.9496015635530186
SPY,2026-03-20,640.0,24.61,25.12,24.865000000000002,25.0,248.0,3047.0,662.2899780273438,0.010958904109589,1.0348280906677243,0.0342353169486556,0.1046847845180425,0.0113405818155366,0.3568065632470846,0.020510758093706075,0,1,0,0.3568065632470846,0.9511955817577858
SPY,2026-03-20,641.0,23.75,24.29,24.02,24.64,16.0,29.0,662.2899780273438,0.010958904109589,1.033213694270427,0.0326740363817032,0.1046847845180425,0.0113228898002238,0.3550223584051133,0.022481265611989973,0,1,0,0.3550223584051133,0.9508458335637388
SPY,2026-03-20,642.0,22.96,23.48,23.22,24.34,26.0,27.0,662.2899780273438,0.010958904109589,1.0316043271453952,0.031115189612412,0.1046847845180425,0.0113052529002234,0.3551307196131945,0.022394487510766562,0,1,0,0.3551307196131945,0.9524100435478943
SPY,2026-03-20,643.0,22.15,22.64,22.395,22.36,19.0,12.0,662.2899780273438,0.010958904109589,1.0299999658279062,0.0295587690647537,0.1046847845180425,0.0112876708583879,0.3533575118245184,0.02187988390265693,0,1,0,0.3533575118245184,0.9543739149828253
SPY,2026-03-20,644.0,21.35,21.87,21.61,21.54,21.0,53.0,662.2899780273438,0.010958904109589,1.028400586998981,0.0280047671980196,0.1046847845180425,0.0112701434191668,0.3530666710572839,0.02406293382693196,0,1,0,0.3530666710572839,0.953820512633227
SPY,2026-03-20,645.0,20.56,21.0,20.78,20.95,811.0,4162.0,662.2899780273438,0.010958904109589,1.026806167484254,0.0264531765066007,0.1046847845180425,0.0112526703285945,0.3500369381709396,0.02117420596727629,0,1,0,0.3500369381709396,0.9580039858664011
SPY,2026-03-20,646.0,19.78,20.3,20.04,20.0,18.0,64.0,662.2899780273438,0.010958904109589,1.025216684252854,0.0249039895197713,0.1046847845180425,0.0112352513342778,0.3507614025843739,0.02594810379241515,0,1,0,0.3507614025843739,0.955024608971814
SPY,2026-03-20,647.0,19.16,19.38,19.27,20.0,6.0,100.0,662.2899780273438,0.010958904109589,1.0236321144162963,0.0233571988014726,0.1046847845180425,0.011217886185384,0.3494837774494886,0.01141670991177991,0,1,0,0.3494837774494886,0.9702454034049305
SPY,2026-03-20,648.0,18.26,18.78,18.520000000000003,20.33,70.0,12.0,662.2899780273438,0.010958904109589,1.0220524352273823,0.0218127969500985,0.1046847845180425,0.0112005746326288,0.3485470609667599,0.028077753779697595,0,1,0,0.3485470609667599,0.9559968953462716
SPY,2026-03-20,649.0,17.44,18.01,17.725,19.48,4.0,84.0,662.2899780273438,0.010958904109589,1.020477624079112,0.0202707765982831,0.1046847845180425,0.0111833164282641,0.3451149074553548,0.03215796897038083,0,1,0,0.3451149074553548,0.9536872237095757
SPY,2026-03-20,650.0,16.78,17.21,16.995,17.22,1148.0,24865.0,662.2899780273438,0.010958904109589,1.018907658503606,0.0187311304126905,0.1046847845180425,0.0111661113260668,0.3439620049980878,0.025301559282141787,0,1,0,0.3439620049980878,0.9615440316080728
SPY,2026-03-20,651.0,16.05,16.5,16.275,16.55,60.0,24.0,662.2899780273438,0.010958904109589,1.017342516171035,0.017193851093804,0.1046847845180425,0.0111489590813263,0.3426578260028063,0.027649769585253416,0,1,0,0.3426578260028063,0.9608227931523882
SPY,2026-03-20,652.0,15.35,15.86,15.605,15.54,34.0,33.0,662.2899780273438,0.010958904109589,1.015782174888564,0.0156589313757202,0.1046847845180425,0.0111318594508335,0.3428077614367604,0.032681832745914755,0,1,0,0.3428077614367604,0.9576096118926718
SPY,2026-03-20,653.0,14.66,15.13,14.895,14.85,18.0,52.0,662.2899780273438,0.010958904109589,1.0142266125993014,0.0141263640259422,0.1046847845180425,0.011114812192869,0.3407553357827068,0.03155421282309504,0,1,0,0.3407553357827068,0.9601267328675016
SPY,2026-03-20,654.0,13.96,14.45,14.205,15.0,114.0,26.0,662.2899780273438,0.010958904109589,1.0126758073812596,0.0125961418451745,0.1046847845180425,0.0110978170671918,0.3389352340553849,0.034494896163322665,0,1,0,0.3389352340553849,0.9588636027896447
SPY,2026-03-20,655.0,13.31,13.8,13.555,13.95,412.0,3356.0,662.2899780273438,0.010958904109589,1.0111297374463264,0.0110682576671213,0.1046847845180425,0.0110808738350281,0.3380864939990192,0.03614902250092219,0,1,0,0.3380864939990192,0.9587966679483074
SPY,2026-03-20,656.0,12.64,13.14,12.89,12.81,39.0,34.0,662.2899780273438,0.010958904109589,1.0095883811392434,0.0095427043582841,0.1046847845180425,0.0110639822590601,0.3360743908737152,0.038789759503491075,0,1,0,0.3360743908737152,0.9578193741690939
SPY,2026-03-20,657.0,11.94,12.43,12.184999999999999,12.19,94.0,51.0,662.2899780273438,0.010958904109589,1.0080517169365963,0.0080194748177627,0.1046847845180425,0.0110471421034147,0.331993992362976,0.04021337710299551,0,1,0,0.331993992362976,0.9579666117977141
SPY,2026-03-20,658.0,11.52,11.59,11.555,11.55,99.0,92.0,662.2899780273438,0.010958904109589,1.0065197234458112,0.006498561977056,0.1046847845180425,0.0110303531336526,0.3301483649550378,0.006057983556901799,0,1,0,0.3301483649550378,0.9919969105067843
SPY,2026-03-20,659.0,10.9,10.97,10.935,10.91,360.0,49.0,662.2899780273438,0.010958904109589,1.0049923794041635,0.004979958799866,0.1046847845180425,0.0110136151167579,0.3280713523932099,0.006401463191586674,0,1,0,0.3280713523932099,0.9931654266265427
SPY,2026-03-20,660.0,10.29,10.36,10.325,10.35,2406.0,11473.0,662.2899780273438,0.010958904109589,1.0034696636777936,0.003463658281902,0.1046847845180425,0.0109969278211264,0.3257541033906936,0.006779661016949181,0,1,0,0.3257541033906936,0.9942988564212896
SPY,2026-03-20,661.0,9.7,9.77,9.735,9.78,1448.0,131.0,662.2899780273438,0.010958904109589,1.001951555260732,0.0019496534506869,0.1046847845180425,0.0109802910165559,0.3235491495015025,0.007190549563430949,0,1,0,0.3235491495015025,0.9953991259360445
SPY,2026-03-20,662.0,9.13,9.2,9.165,9.13,2773.0,242.0,662.2899780273438,0.010958904109589,1.000438033273933,0.0004379373653649,0.1046847845180425,0.0109637044742348,0.3214411127324104,0.0076377523186032205,0,1,0,0.3214411127324104,0.9964625853340642
SPY,2026-03-20,663.0,8.57,8.63,8.600000000000001,8.61,5097.0,387.0,662.2899780273438,0.010958904109589,0.9989290769643194,-0.0010714968834892,0.1046847845180425,0.0109471679667322,0.3188746865954696,0.006976744186046568,0,1,0,0.3188746865954696,0.9964851589813613
SPY,2026-03-20,664.0,8.02,8.09,8.055,8.07,4663.0,740.0,662.2899780273438,0.010958904109589,0.9974246657038308,-0.0025786561740606,0.1046847845180425,0.0109306812679871,0.3163795624910741,0.008690254500310402,0,1,0,0.3163795624910741,0.9932942007475561
SPY,2026-03-20,665.0,7.52,7.56,7.539999999999999,7.54,12838.0,10047.0,662.2899780273438,0.010958904109589,0.9959247789884867,-0.0040835473534808,0.1046847845180425,0.0109142441532984,0.3143064838344901,0.005305039787798413,0,1,0,0.3143064838344901,0.9951402655326503
SPY,2026-03-20,666.0,6.98,7.04,7.01,7.02,2845.0,1112.0,662.2899780273438,0.010958904109589,0.9944293964374532,-0.0055861772380158,0.1046847845180425,0.0108978563993145,0.3110070549215972,0.008559201141226764,0,1,0,0.3110070549215972,0.9904400174899533
SPY,2026-03-20,667.0,6.48,6.54,6.51,6.53,6424.0,2564.0,662.2899780273438,0.010958904109589,0.9929384977921196,-0.0070865526132505,0.1046847845180425,0.0108815177840231,0.3081007036088109,0.009216589861751093,0,1,0,0.3081007036088109,0.9883109092360576
SPY,2026-03-20,668.0,6.0,6.06,6.029999999999999,6.08,5274.0,2563.0,662.2899780273438,0.010958904109589,0.9914520629151852,-0.0085846802342724,0.1046847845180425,0.0108652280867417,0.3052125466077774,0.009950248756218841,0,1,0,0.3052125466077774,0.9861145372331964
SPY,2026-03-20,669.0,5.54,5.59,5.5649999999999995,5.58,5300.0,2800.0,662.2899780273438,0.010958904109589,0.9899700717897516,-0.0100805668258552,0.1046847845180425,0.0108489870881068,0.3021435193724632,0.00898472596585801,0,1,0,0.3021435193724632,0.9855827516853916
SPY,2026-03-20,670.0,5.1,5.15,5.125,5.12,48497.0,21951.0,662.2899780273438,0.010958904109589,0.9884925045184236,-0.0115742190826384,0.1046847845180425,0.0108327945700648,0.2992583575038313,0.009756097560975749,0,1,0,0.2992583575038313,0.9833599512685659
SPY,2026-03-20,671.0,4.66,4.72,4.6899999999999995,4.69,4245.0,2974.0,662.2899780273438,0.010958904109589,0.98701934132242,-0.0130656436693085,0.1046847845180425,0.010816650315862,0.2957771195838152,0.012793176972281368,0,1,0,0.2957771195838152,0.9789500143266585
SPY,2026-03-20,672.0,4.25,4.3,4.275,4.28,6644.0,3879.0,662.2899780273438,0.010958904109589,0.98555056254069,-0.0145548472207763,0.1046847845180425,0.0108005541100349,0.2922524298922418,0.011695906432748496,0,1,0,0.2922524298922418,0.9785534183050106
SPY,2026-03-20,673.0,3.86,3.91,3.885,3.93,2766.0,2716.0,662.2899780273438,0.010958904109589,0.9840861486290398,-0.0160418363423545,0.1046847845180425,0.0107845057384003,0.2888768709721863,0.012870012870012939,0,1,0,0.2888768709721863,0.9759667597535521
SPY,2026-03-20,674.0,3.49,3.53,3.51,3.51,2562.0,4000.0,662.2899780273438,0.010958904109589,0.9826260801592636,-0.0175266176099338,0.1046847845180425,0.0107685049880466,0.2852343429371714,0.01139601139601128,0,1,0,0.2852343429371714,0.9759389946482451
SPY,2026-03-20,675.0,3.15,3.18,3.165,3.18,13950.0,10935.0,662.2899780273438,0.010958904109589,0.981170337818287,-0.0190091975701566,0.1046847845180425,0.0107525516473236,0.2819501579070985,0.00947867298578207,0,1,0,0.2819501579070985,0.976344048291692
SPY,2026-03-20,676.0,2.8,2.85,2.825,2.84,2233.0,4398.0,662.2899780273438,0.010958904109589,0.9797189024073132,-0.0204895827405909,0.1046847845180425,0.0107366455058335,0.2779284550507367,0.01769911504424788,0,1,0,0.2779284550507367,0.9670250212078052
SPY,2026-03-20,677.0,2.48,2.53,2.505,2.49,4363.0,3569.0,662.2899780273438,0.010958904109589,0.9782717548409804,-0.0219677796099017,0.1046847845180425,0.0107207863544216,0.2737880197815597,0.019960079840319292,0,1,0,0.2737880197815597,0.9634561675401169
SPY,2026-03-20,678.0,2.18,2.23,2.205,2.2,2761.0,3620.0,662.2899780273438,0.010958904109589,0.9768288761465248,-0.0234437946380223,0.1046847845180425,0.0107049739851673,0.269513563513279,0.022675736961451167,0,1,0,0.269513563513279,0.9594805112695964
SPY,2026-03-20,679.0,1.92,1.96,1.94,1.94,2552.0,3690.0,662.2899780273438,0.010958904109589,0.975390247462951,-0.0249176342563229,0.1046847845180425,0.0106892081913747,0.2658795291373134,0.020618556701030948,0,1,0,0.2658795291373134,0.9599985333575296
SPY,2026-03-20,680.0,1.66,1.7,1.68,1.7,23297.0,23657.0,662.2899780273438,0.010958904109589,0.9739558500402112,-0.0263893048677791,0.1046847845180425,0.0106734887675639,0.2613392660442591,0.023809523809523832,0,1,0,0.2613392660442591,0.9555990872744274
SPY,2026-03-20,681.0,1.43,1.48,1.455,1.45,2878.0,3412.0,662.2899780273438,0.010958904109589,0.9725256652383902,-0.0278588128471391,0.1046847845180425,0.0106578155094617,0.2575260601658226,0.03436426116838491,0,1,0,0.2575260601658226,0.9444591656420812
SPY,2026-03-20,682.0,1.22,1.27,1.245,1.25,3097.0,4808.0,662.2899780273438,0.010958904109589,0.9710996745268968,-0.0293261645410889,0.1046847845180425,0.0106421882139933,0.2533455705887079,0.04016064257028116,0,1,0,0.2533455705887079,0.9378189682886763
SPY,2026-03-20,683.0,1.03,1.08,1.0550000000000002,1.06,3733.0,5578.0,662.2899780273438,0.010958904109589,0.9696778594836658,-0.0307913662684168,0.1046847845180425,0.010626606679273,0.2490982046224474,0.04739336492890999,0,1,0,0.2490982046224474,0.929979300418953
SPY,2026-03-20,684.0,0.87,0.91,0.89,0.9,2974.0,5378.0,662.2899780273438,0.010958904109589,0.9682602017943622,-0.0322544243201772,0.1046847845180425,0.0106110707045957,0.2452052477558851,0.04494382022471914,0,1,0,0.2452052477558851,0.930796540619574
SPY,2026-03-20,685.0,0.73,0.76,0.745,0.75,18242.0,41999.0,662.2899780273438,0.010958904109589,0.9668466832515968,-0.033715344959852,0.1046847845180425,0.0105955800904284,0.2414259271067083,0.040268456375838965,0,1,0,0.2414259271067083,0.9336149617037761
SPY,2026-03-20,686.0,0.6,0.62,0.61,0.63,2323.0,5451.0,662.2899780273438,0.010958904109589,0.9654372857541454,-0.0351741344235119,0.1046847845180425,0.0105801346384015,0.2369433314882516,0.03278688524590167,0,1,0,0.2369433314882516,0.9390073117826564
SPY,2026-03-20,687.0,0.49,0.51,0.5,0.5,2245.0,5681.0,662.2899780273438,0.010958904109589,0.9640319913061772,-0.036630798919976,0.1046847845180425,0.0105647341513005,0.233203439298451,0.040000000000000036,0,1,0,0.233203439298451,0.9311373077157765
SPY,2026-03-20,688.0,0.4,0.42,0.41000000000000003,0.42,2286.0,6708.0,662.2899780273438,0.010958904109589,0.962630782016488,-0.0380853446309704,0.1046847845180425,0.0105493784330573,0.2300525600119829,0.04878048780487795,0,1,0,0.2300525600119829,0.9219996730762402
SPY,2026-03-20,689.0,0.32,0.34,0.33,0.34,2050.0,4559.0,662.2899780273438,0.010958904109589,0.9612336400977411,-0.0395377777112853,0.1046847845180425,0.0105340672887423,0.2265279597273469,0.060606060606060656,0,1,0,0.2265279597273469,0.9103962869315092
SPY,2026-03-20,690.0,0.26,0.27,0.265,0.27,17365.0,51958.0,662.2899780273438,0.010958904109589,0.9598405478657156,-0.0409881042889318,0.1046847845180425,0.0105188005245557,0.2234339432530403,0.03773584905660381,0,1,0,0.2234339432530403,0.9291116240234176
SPY,2026-03-20,691.0,0.21,0.22,0.215,0.22,1960.0,7587.0,662.2899780273438,0.010958904109589,0.9584514877385584,-0.0424363304652966,0.1046847845180425,0.0105035779478197,0.2212073528850078,0.046511627906976785,0,1,0,0.2212073528850078,0.9199870170612967
SPY,2026-03-20,692.0,0.17,0.18,0.175,0.18,2089.0,7347.0,662.2899780273438,0.010958904109589,0.957066442236046,-0.0438824623152963,0.1046847845180425,0.0104883993669703,0.2194435328247547,0.05714285714285704,0,1,0,0.2194435328247547,0.9094190136926606
SPY,2026-03-20,693.0,0.13,0.14,0.135,0.14,3966.0,6813.0,662.2899780273438,0.010958904109589,0.955685393978851,-0.04532650588753,0.1046847845180425,0.010473264591549,0.2161011438784599,0.07407407407407414,0,1,0,0.2161011438784599,0.8937917379535618
SPY,2026-03-20,694.0,0.11,0.12,0.11499999999999999,0.11,28124.0,8630.0,662.2899780273438,0.010958904109589,0.9543083256878152,-0.0467684672044312,0.1046847845180425,0.0104581734321951,0.216452334328413,0.0869565217391304,0,1,0,0.216452334328413,0.8819260301547932
SPY,2026-03-20,695.0,0.09,0.1,0.095,0.1,44813.0,22418.0,662.2899780273438,0.010958904109589,0.9529352201832284,-0.0482083522624189,0.1046847845180425,0.010443125700638,0.2159037333607673,0.10526315789473693,0,1,0,0.2159037333607673,0.8660706193024041
SPY,2026-03-20,696.0,0.07,0.08,0.07500000000000001,0.07,1671.0,7120.0,662.2899780273438,0.010958904109589,0.9515660603841146,-0.0496461670320463,0.1046847845180425,0.0104281212096888,0.2141449200890064,0.13333333333333325,0,1,0,0.2141449200890064,0.8434064193924544
SPY,2026-03-20,697.0,0.05,0.06,0.055,0.06,4730.0,9957.0,662.2899780273438,0.010958904109589,0.9502008293075234,-0.0510819174581505,0.1046847845180425,0.010413159773233,0.2106108426690101,0.18181818181818174,0,1,0,0.2106108426690101,0.8076447213093975
SPY,2026-03-20,698.0,0.04,0.05,0.045,0.05,1697.0,9256.0,662.2899780273438,0.010958904109589,0.9488395100678276,-0.0525156094599992,0.1046847845180425,0.0103982412062227,0.2103705168213844,0.22222222222222227,0,1,0,0.2103705168213844,0.7798268888448698
SPY,2026-03-20,699.0,0.04,0.05,0.045,0.05,1534.0,7670.0,662.2899780273438,0.010958904109589,0.9474820858760282,-0.053947248931437,0.1046847845180425,0.0103833653246687,0.2154066307890415,0.22222222222222227,0,1,0,0.2154066307890415,0.7787112566719874
SPY,2026-03-20,700.0,0.03,0.04,0.035,0.04,21629.0,70414.0,662.2899780273438,0.010958904109589,0.9461285400390624,-0.0553768417410313,0.1046847845180425,0.0103685319456335,0.2138695467219352,0.28571428571428575,0,1,0,0.2138695467219352,0.7391988706852978
SPY,2026-03-20,701.0,0.03,0.04,0.035,0.04,620.0,7508.0,662.2899780273438,0.010958904109589,0.9447788559591208,-0.0568043937322168,0.1046847845180425,0.0103537408872232,0.2187461587133407,0.28571428571428575,0,1,0,0.2187461587133407,0.7381443787157038
SPY,2026-03-20,702.0,0.02,0.03,0.025,0.03,705.0,5256.0,662.2899780273438,0.010958904109589,0.9434330171329685,-0.0582299107234378,0.1046847845180425,0.0103389919685804,0.2152557118787765,0.3999999999999999,1,1,0,0.2152557118787765,0.6769220427521041
SPY,2026-03-20,703.0,0.02,0.03,0.025,0.03,936.0,6051.0,662.2899780273438,0.010958904109589,0.9420910071512714,-0.0596533985082916,0.1046847845180425,0.0103242850098769,0.219950648973465,0.3999999999999999,1,1,0,0.219950648973465,0.6759591379971226
SPY,2026-03-20,705.0,0.02,0.03,0.025,0.02,3899.0,32763.0,662.2899780273438,0.010958904109589,0.9394184085494236,-0.0624943095098954,0.1046847845180425,0.0102949962580758,0.2292861637449265,0.3999999999999999,1,1,0,0.2292861637449265,0.6740415234212442
SPY,2026-03-27,600.0,61.66,64.47,63.065,63.4,4.0,25.0,662.2899780273438,0.0301369863013698,1.103816630045573,0.0987738380862269,0.1736000757527766,0.0332657066589076,0.2573635183537006,0.0445572028859114,0,0,0,0.2573635183537006,0.871217238228866
SPY,2026-03-27,605.0,56.89,59.7,58.295,59.0,1.0,29.0,662.2899780273438,0.0301369863013698,1.094694178557593,0.0904750352715317,0.1736000757527766,0.0329907834633794,0.279244256947875,0.04820310489750411,0,0,0,0.279244256947875,0.8754218266751331
SPY,2026-03-27,610.0,52.17,54.98,53.575,56.84,1.0,236.0,662.2899780273438,0.0301369863013698,1.085721275454662,0.0822445361350163,0.1736000757527766,0.0327203672054828,0.2874559265167117,0.052449836677554734,0,0,0,0.2874559265167117,0.8790951168582539
SPY,2026-03-27,611.0,51.23,54.04,52.635,81.08,10.0,2.0,662.2899780273438,0.0301369863013698,1.0839443175570274,0.0806065341307778,0.1736000757527766,0.0326668150496637,0.2880833844031094,0.053386529875558135,0,0,0,0.2880833844031094,0.8797532652521205
SPY,2026-03-27,613.0,49.37,52.18,50.775,74.17,,5.0,662.2899780273438,0.0301369863013698,1.080407794498114,0.0773385573661619,0.1736000757527766,0.0325602349026828,0.289839336652875,0.055342195962580054,0,0,0,0.289839336652875,0.8809973645759767
SPY,2026-03-27,614.0,48.44,51.26,49.849999999999994,54.63,7.0,17.0,662.2899780273438,0.0301369863013698,1.0786481726829702,0.0757085651552307,0.1736000757527766,0.0325072052041442,0.2905184717490672,0.056569709127382156,0,0,0,0.2905184717490672,0.8814093498924056
SPY,2026-03-27,615.0,47.52,50.34,48.93000000000001,49.35,2.0,191.0,662.2899780273438,0.0301369863013698,1.0768942732151932,0.0740812254958554,0.1736000757527766,0.0324543479599098,0.2911850004670917,0.05763335377069283,0,0,0,0.2911850004670917,0.8819570072951106
SPY,2026-03-27,616.0,46.6,49.42,48.010000000000005,54.0,1.0,8.0,662.2899780273438,0.0301369863013698,1.0751460682262073,0.0724565297688533,0.1736000757527766,0.0324016623301048,0.2915005175490378,0.05873776296604874,0,0,0,0.2915005175490378,0.8824695852528777
SPY,2026-03-27,617.0,45.7,48.5,47.1,58.27,3.0,8.0,662.2899780273438,0.0301369863013698,1.0734035300281095,0.0708344693969853,0.1736000757527766,0.0323491474802991,0.2921202864388226,0.059447983014861934,0,0,0,0.2921202864388226,0.8833096260019007
SPY,2026-03-27,618.0,44.78,47.59,46.185,62.73,2.0,4.0,662.2899780273438,0.0301369863013698,1.0716666311122067,0.0692150358446824,0.1736000757527766,0.0322968025814636,0.2921038355623483,0.06084226480459028,0,0,0,0.2921038355623483,0.8835784167093895
SPY,2026-03-27,619.0,43.87,46.69,45.28,65.83,,22.0,662.2899780273438,0.0301369863013698,1.0699353441475667,0.0675982206177772,0.1736000757527766,0.0322446268099266,0.2923688377246856,0.0622791519434629,0,0,0,0.2923688377246856,0.8838110529288898
SPY,2026-03-27,620.0,42.97,45.79,44.379999999999995,47.57,2.0,362.0,662.2899780273438,0.0301369863013698,1.0682096419795868,0.065984015263236,0.1736000757527766,0.0321926193473299,0.2925975406704544,0.06354213609734116,0,0,0,0.2925975406704544,0.884187613199191
SPY,2026-03-27,622.0,41.18,44.0,42.59,54.75,1.0,4.0,662.2899780273438,0.0301369863013698,1.064774884288334,0.0627634005631938,0.1736000757527766,0.0320891061018401,0.2926713013937771,0.06621272599201691,0,0,0,0.2926713013937771,0.8848180236389107
SPY,2026-03-27,623.0,40.29,43.11,41.7,52.68,4.0,26.0,662.2899780273438,0.0301369863013698,1.0630657753247894,0.0611569745149201,0.1736000757527766,0.0320375987084182,0.2925249422373174,0.06762589928057554,0,0,0,0.2925249422373174,0.8850674798136391
SPY,2026-03-27,624.0,40.0,41.62,40.81,48.5,2.0,52.0,662.2899780273438,0.0301369863013698,1.0613621442745893,0.0595531249329455,0.1736000757527766,0.0319862564027957,0.292108216502279,0.03969615290370001,0,0,0,0.292108216502279,0.9103021959693721
SPY,2026-03-27,625.0,39.14,40.73,39.935,45.71,2.0,594.0,662.2899780273438,0.0301369863013698,1.05966396484375,0.0579518435659717,0.1736000757527766,0.0319350783925513,0.2921046402247845,0.03981469888568915,0,0,0,0.2921046402247845,0.9116570666043987
SPY,2026-03-27,626.0,38.28,39.84,39.06,65.94,502.0,204.0,662.2899780273438,0.0301369863013698,1.0579712109063,0.0563531222022747,0.1736000757527766,0.0318840638903267,0.2918209520125389,0.03993855606758838,0,0,0,0.2918209520125389,0.9130069653900513
SPY,2026-03-27,627.0,37.42,38.95,38.185,67.72,2.0,265.0,662.2899780273438,0.0301369863013698,1.0562838565029409,0.0547569526694526,0.1736000757527766,0.0318332121137871,0.2912765531709491,0.04006808956396494,0,0,0,0.2912765531709491,0.9143515524403668
SPY,2026-03-27,628.0,36.58,38.08,37.33,60.57,1.0,145.0,662.2899780273438,0.0301369863013698,1.054601875839719,0.0531633268341745,0.1736000757527766,0.0317825222855805,0.2912861197132467,0.04018215912135012,0,0,0,0.2912861197132467,0.9157094178679274
SPY,2026-03-27,629.0,35.73,37.21,36.47,60.91,3.0,345.0,662.2899780273438,0.0301369863013698,1.052925243286715,0.0515722366019327,0.1736000757527766,0.0317319936332982,0.2908228129638432,0.04058129969838234,0,0,0,0.2908228129638432,0.9168157516873119
SPY,2026-03-27,630.0,34.9,36.34,35.620000000000005,37.52,14.0,633.0,662.2899780273438,0.0301369863013698,1.051253933376736,0.0499836739167948,0.1736000757527766,0.0316816253894358,0.2904833348226845,0.04042672655811355,0,0,0,0.2904833348226845,0.9184097535680497
SPY,2026-03-27,631.0,34.07,35.48,34.775,37.09,30.0,252.0,662.2899780273438,0.0301369863013698,1.0495879208040313,0.04839763076116,0.1736000757527766,0.0316314167913543,0.2900670114188641,0.040546369518332036,0,0,0,0.2900670114188641,0.9197617796273572
SPY,2026-03-27,632.0,33.25,34.63,33.94,58.0,1.0,5.0,662.2899780273438,0.0301369863013698,1.0479271804230124,0.0468140991555159,0.1736000757527766,0.0315813670812414,0.2897484992045164,0.04065998821449625,0,0,0,0.2897484992045164,0.9211188270308587
SPY,2026-03-27,633.0,32.43,33.78,33.105000000000004,62.93,,0.0,662.2899780273438,0.0301369863013698,1.0462716872469886,0.0452330711581971,0.1736000757527766,0.0315314755060735,0.2891702151336669,0.04077933846850933,0,0,0,0.2891702151336669,0.9224704980826735
SPY,2026-03-27,634.0,31.62,32.93,32.275,32.35,79.0,1.0,662.2899780273438,0.0301369863013698,1.0446214164469143,0.0436545388651474,0.1736000757527766,0.0314817413175781,0.2885120459642857,0.0405886909372579,0,0,0,0.2885120459642857,0.9240970713935024
SPY,2026-03-27,635.0,30.82,32.1,31.46,31.38,18.0,497.0,662.2899780273438,0.0301369863013698,1.0429763433501476,0.0420784944096815,0.1736000757527766,0.0314321637721961,0.2880965272229016,0.04068658614113163,0,0,0,0.2880965272229016,0.9254675727691402
SPY,2026-03-27,636.0,30.03,31.27,30.65,32.83,30.0,1.0,662.2899780273438,0.0301369863013698,1.0413364434392198,0.0405049299622511,0.1736000757527766,0.0313827421310449,0.2875825267400145,0.04045676998368674,0,0,0,0.2875825267400145,0.9271297412709204
SPY,2026-03-27,637.0,29.24,30.44,29.84,42.97,1.0,28.0,662.2899780273438,0.0301369863013698,1.0397016923506182,0.0389338377302099,0.1736000757527766,0.0313334756598815,0.2868168010249883,0.04021447721179634,0,0,0,0.2868168010249883,0.9288037844054665
SPY,2026-03-27,638.0,28.47,29.63,29.049999999999997,31.41,69.0,3.0,662.2899780273438,0.0301369863013698,1.0380720658735796,0.0373652099575834,0.1736000757527766,0.0312843636290667,0.2864104017912149,0.03993115318416524,0,0,0,0.2864104017912149,0.930515320301611
SPY,2026-03-27,639.0,27.68,28.81,28.244999999999997,41.1,4.0,2.0,662.2899780273438,0.0301369863013698,1.0364475399488948,0.0357990389248384,0.1736000757527766,0.0312354053135282,0.2853061367078721,0.040007080899274176,0,0,0,0.2853061367078721,0.9319057677259908
SPY,2026-03-27,640.0,26.92,28.01,27.465000000000003,28.11,9.0,780.0,662.2899780273438,0.0301369863013698,1.0348280906677243,0.0342353169486556,0.1736000757527766,0.0311865999927258,0.2846902123163938,0.03968687420353176,0,0,0,0.2846902123163938,0.933651610229903
SPY,2026-03-27,641.0,26.16,27.21,26.685000000000002,31.7,1.0,25.0,662.2899780273438,0.0301369863013698,1.033213694270427,0.0326740363817032,0.1736000757527766,0.0311379469506155,0.2838233673552125,0.039347948285553706,0,0,0,0.2838233673552125,0.9354153754840797
SPY,2026-03-27,642.0,25.41,26.42,25.915,37.82,2.0,2.0,662.2899780273438,0.0301369863013698,1.0316043271453952,0.031115189612412,0.1736000757527766,0.0310894454756145,0.2829894688504486,0.03897356743198926,0,0,0,0.2829894688504486,0.9372122726664043
SPY,2026-03-27,643.0,24.66,25.64,25.15,25.27,23.0,2.0,662.2899780273438,0.0301369863013698,1.0299999658279062,0.0295587690647537,0.1736000757527766,0.0310410948605669,0.2820455551092624,0.038966202783300215,0,0,0,0.2820455551092624,0.9386787585869001
SPY,2026-03-27,644.0,23.93,24.87,24.4,26.11,46.0,26.0,662.2899780273438,0.0301369863013698,1.028400586998981,0.0280047671980196,0.1736000757527766,0.0309928944027089,0.2812559577419609,0.03852459016393448,0,0,0,0.2812559577419609,0.9405383770039611
SPY,2026-03-27,645.0,23.2,24.1,23.65,25.19,34.0,279.0,662.2899780273438,0.0301369863013698,1.026806167484254,0.0264531765066007,0.1736000757527766,0.0309448434036349,0.2802168256124854,0.03805496828752652,0,0,0,0.2802168256124854,0.9424250058688952
SPY,2026-03-27,646.0,22.48,23.34,22.91,43.75,4.0,25.0,662.2899780273438,0.0301369863013698,1.025216684252854,0.0249039895197713,0.1736000757527766,0.030896941169264,0.2791902104542405,0.03753819292885201,0,0,0,0.2791902104542405,0.944356259198368
SPY,2026-03-27,647.0,21.77,22.59,22.18,34.73,1.0,3.0,662.2899780273438,0.0301369863013698,1.0236321144162963,0.0233571988014726,0.1736000757527766,0.0308491870098061,0.2781694961538614,0.03697024346257891,0,0,0,0.2781694961538614,0.9463361363601707
SPY,2026-03-27,649.0,20.37,21.11,20.740000000000002,21.64,9.0,10.0,662.2899780273438,0.0301369863013698,1.020477624079112,0.0202707765982831,0.1736000757527766,0.0307541201777266,0.275877862238899,0.035679845708775235,0,0,0,0.275877862238899,0.9504441666366749
SPY,2026-03-27,650.0,19.67,20.38,20.025,20.18,80.0,224.0,662.2899780273438,0.0301369863013698,1.018907658503606,0.0187311304126905,0.1736000757527766,0.0307068061466839,0.2744824434640407,0.03545568039950049,0,0,0,0.2744824434640407,0.9521147197201368
SPY,2026-03-27,651.0,18.98,19.68,19.33,21.11,10.0,6.0,662.2899780273438,0.0301369863013698,1.017342516171035,0.017193851093804,0.1736000757527766,0.0306596374736475,0.2733165770008565,0.036213140196585586,0,0,0,0.2733165770008565,0.9528824560244318
SPY,2026-03-27,652.0,18.3,18.98,18.64,18.56,2.0,5.0,662.2899780273438,0.0301369863013698,1.015782174888564,0.0156589313757202,0.1736000757527766,0.0306126134897922,0.2720145884755401,0.03648068669527895,0,0,0,0.2720145884755401,0.9540998320166123
SPY,2026-03-27,653.0,17.62,18.3,17.96,21.35,3.0,12.0,662.2899780273438,0.0301369863013698,1.0142266125993014,0.0141263640259422,0.1736000757527766,0.0305657335303898,0.2706912763956636,0.037861915367483276,0,0,0,0.2706912763956636,0.9542914731415495
SPY,2026-03-27,654.0,16.96,17.62,17.29,18.38,10.0,58.0,662.2899780273438,0.0301369863013698,1.0126758073812596,0.0125961418451745,0.1736000757527766,0.0305189969347776,0.2693415892692656,0.03817235396182766,0,0,0,0.2693415892692656,0.9554670757868547
SPY,2026-03-27,655.0,16.3,16.95,16.625,16.77,40.0,109.0,662.2899780273438,0.0301369863013698,1.0111297374463264,0.0110682576671213,0.1736000757527766,0.0304724030463275,0.2678471523112803,0.03909774436090217,0,0,0,0.2678471523112803,0.9560758221863008
SPY,2026-03-27,656.0,15.65,16.29,15.969999999999999,16.27,16.0,3.0,662.2899780273438,0.0301369863013698,1.0095883811392434,0.0095427043582841,0.1736000757527766,0.0304259512124154,0.2663186960136295,0.04007514088916712,0,0,0,0.2663186960136295,0.9566356489304113
SPY,2026-03-27,657.0,15.02,15.64,15.33,15.82,256.0,15.0,662.2899780273438,0.0301369863013698,1.0080517169365963,0.0080194748177627,0.1736000757527766,0.0303796407843905,0.2648627934456468,0.0404435746901501,0,0,0,0.2648627934456468,0.9577546621947036
SPY,2026-03-27,658.0,14.67,14.73,14.7,14.7,80.0,20.0,662.2899780273438,0.0301369863013698,1.0065197234458112,0.006498561977056,0.1736000757527766,0.0303334711175449,0.2633614274500161,0.004081632653061259,0,0,0,0.2633614274500161,0.9939494748471027
SPY,2026-03-27,659.0,14.05,14.11,14.08,14.27,31.0,14.0,662.2899780273438,0.0301369863013698,1.0049923794041635,0.004979958799866,0.1736000757527766,0.0302874415710843,0.2618098594590574,0.004261363636363546,0,0,0,0.2618098594590574,0.9952818805346073
SPY,2026-03-27,660.0,13.44,13.49,13.465,13.35,325.0,206.0,662.2899780273438,0.0301369863013698,1.0034696636777936,0.003463658281902,0.1736000757527766,0.0302415515080978,0.2600936038894802,0.003713330857779481,0,0,0,0.2600936038894802,0.9973364254929957
SPY,2026-03-27,661.0,12.84,12.89,12.865,12.85,299.0,21.0,662.2899780273438,0.0301369863013698,1.001951555260732,0.0019496534506869,0.1736000757527766,0.0301958002955288,0.2584279526464492,0.003886513797124035,0,0,0,0.2584279526464492,0.9986752276354325
SPY,2026-03-27,662.0,12.25,12.3,12.275,12.27,598.0,218.0,662.2899780273438,0.0301369863013698,1.000438033273933,0.0004379373653649,0.1736000757527766,0.0301501873041458,0.2566975260773004,0.004073319755600872,0,0,0,0.2566975260773004,1.0
SPY,2026-03-27,663.0,11.67,11.72,11.695,11.69,710.0,177.0,662.2899780273438,0.0301369863013698,0.9989290769643194,-0.0010714968834892,0.1736000757527766,0.0301047119085136,0.2548972726900727,0.004275331338178769,0,0,0,0.2548972726900727,0.9991656169466038
SPY,2026-03-27,664.0,11.1,11.16,11.129999999999999,11.09,632.0,120.0,662.2899780273438,0.0301369863013698,0.9974246657038308,-0.0025786561740606,0.1736000757527766,0.0300593734869647,0.25313072571823,0.00539083557951487,0,0,0,0.25313072571823,0.9965539218071517
SPY,2026-03-27,665.0,10.55,10.6,10.575,10.55,1735.0,428.0,662.2899780273438,0.0301369863013698,0.9959247789884867,-0.0040835473534808,0.1736000757527766,0.0300141714215707,0.2512833548750132,0.004728132387706755,0,0,0,0.2512833548750132,0.9957116676511025
SPY,2026-03-27,666.0,10.01,10.06,10.035,10.01,655.0,317.0,662.2899780273438,0.0301369863013698,0.9944293964374532,-0.0055861772380158,0.1736000757527766,0.0299691050981149,0.2494588275042921,0.004982561036372767,0,0,0,0.2494588275042921,0.993964902025615
SPY,2026-03-27,667.0,9.48,9.53,9.504999999999999,9.5,863.0,501.0,662.2899780273438,0.0301369863013698,0.9929384977921196,-0.0070865526132505,0.1736000757527766,0.0299241739060638,0.2475423003950268,0.0052603892688057804,0,0,0,0.2475423003950268,0.9922004051784752
SPY,2026-03-27,668.0,8.96,9.01,8.985,9.21,962.0,1166.0,662.2899780273438,0.0301369863013698,0.9914520629151852,-0.0085846802342724,0.1736000757527766,0.0298793772385397,0.2455274703581333,0.005564830272676565,0,0,0,0.2455274703581333,0.9904151300823912
SPY,2026-03-27,669.0,8.45,8.5,8.475,8.48,1197.0,637.0,662.2899780273438,0.0301369863013698,0.9899700717897516,-0.0100805668258552,0.1736000757527766,0.0298347144922938,0.2434074083559662,0.005899705014749347,0,0,0,0.2434074083559662,0.9886054620240492
SPY,2026-03-27,670.0,7.95,8.01,7.98,7.99,3645.0,1269.0,662.2899780273438,0.0301369863013698,0.9884925045184236,-0.0115742190826384,0.1736000757527766,0.0297901850676784,0.241286228767082,0.007518796992481154,0,0,0,0.241286228767082,0.9855436046004694
SPY,2026-03-27,671.0,7.48,7.52,7.5,7.48,1210.0,649.0,662.2899780273438,0.0301369863013698,0.98701934132242,-0.0130656436693085,0.1736000757527766,0.0297457883686208,0.239158611878708,0.0053333333333332195,0,0,0,0.239158611878708,0.986214086644851
SPY,2026-03-27,672.0,7.01,7.06,7.035,7.04,342.0,630.0,662.2899780273438,0.0301369863013698,0.98555056254069,-0.0145548472207763,0.1736000757527766,0.029701523802596,0.2370192379780709,0.007107320540156336,0,0,0,0.2370192379780709,0.9830119068084742
SPY,2026-03-27,673.0,6.55,6.6,6.574999999999999,6.8,524.0,453.0,662.2899780273438,0.0301369863013698,0.9840861486290398,-0.0160418363423545,0.1736000757527766,0.0296573907806011,0.2346314021985084,0.0076045627376425595,0,0,0,0.2346314021985084,0.9810668798744565
SPY,2026-03-27,674.0,6.11,6.16,6.135,6.14,672.0,517.0,662.2899780273438,0.0301369863013698,0.9826260801592636,-0.0175266176099338,0.1736000757527766,0.0296133887171284,0.2323320345834643,0.00814995925020372,0,0,0,0.2323320345834643,0.9790813335817419
SPY,2026-03-27,675.0,5.68,5.72,5.699999999999999,5.72,2282.0,1705.0,662.2899780273438,0.0301369863013698,0.981170337818287,-0.0190091975701566,0.1736000757527766,0.02956951703014,0.2297619427620917,0.00701754385964913,0,0,0,0.2297619427620917,0.9787302120571886
SPY,2026-03-27,676.0,5.27,5.31,5.289999999999999,5.3,300.0,959.0,662.2899780273438,0.0301369863013698,0.9797189024073132,-0.0204895827405909,0.1736000757527766,0.0295257751410422,0.2273886356098503,0.007561436672967872,0,0,0,0.2273886356098503,0.9767548384528519
SPY,2026-03-27,677.0,4.88,4.92,4.9,4.88,339.0,1847.0,662.2899780273438,0.0301369863013698,0.9782717548409804,-0.0219677796099017,0.1736000757527766,0.0294821624746596,0.2250951688526719,0.008163265306122455,0,0,0,0.2250951688526719,0.9747298511898058
SPY,2026-03-27,678.0,4.49,4.54,4.515000000000001,4.47,302.0,1349.0,662.2899780273438,0.0301369863013698,0.9768288761465248,-0.0234437946380223,0.1736000757527766,0.0294386784592102,0.2225016524137109,0.011074197120708708,0,0,0,0.2225016524137109,0.9704900409456676
SPY,2026-03-27,679.0,4.13,4.17,4.15,4.36,268.0,602.0,662.2899780273438,0.0301369863013698,0.975390247462951,-0.0249176342563229,0.1736000757527766,0.0293953225262806,0.2199744759222716,0.009638554216867478,0,0,0,0.2199744759222716,0.9704386916072655
SPY,2026-03-27,680.0,3.77,3.83,3.8,3.82,4863.0,5641.0,662.2899780273438,0.0301369863013698,0.9739558500402112,-0.0263893048677791,0.1736000757527766,0.0293520941108008,0.2173818088492154,0.01578947368421054,0,0,0,0.2173818088492154,0.9631439110574971
SPY,2026-03-27,681.0,3.44,3.49,3.465,3.63,480.0,1015.0,662.2899780273438,0.0301369863013698,0.9725256652383902,-0.0278588128471391,0.1736000757527766,0.0293089926510199,0.2147156045701801,0.014430014430014508,0,0,0,0.2147156045701801,0.9630184371289401
SPY,2026-03-27,682.0,3.12,3.17,3.145,3.14,485.0,2429.0,662.2899780273438,0.0301369863013698,0.9710996745268968,-0.0293261645410889,0.1736000757527766,0.0292660175884817,0.2119670565018355,0.015898251192368783,0,0,0,0.2119670565018355,0.9602166157140395
SPY,2026-03-27,683.0,2.82,2.87,2.8449999999999998,2.83,732.0,1108.0,662.2899780273438,0.0301369863013698,0.9696778594836658,-0.0307913662684168,0.1736000757527766,0.0292231683680008,0.2092765335358381,0.017574692442882345,0,0,0,0.2092765335358381,0.9572311064867758
SPY,2026-03-27,684.0,2.53,2.58,2.5549999999999997,2.64,170.0,987.0,662.2899780273438,0.0301369863013698,0.9682602017943622,-0.0322544243201772,0.1736000757527766,0.0291804444376382,0.2063394262365996,0.01956947162426625,0,0,0,0.2063394262365996,0.9539615691488713
SPY,2026-03-27,685.0,2.27,2.31,2.29,2.29,1838.0,5682.0,662.2899780273438,0.0301369863013698,0.9668466832515968,-0.033715344959852,0.1736000757527766,0.0291378452486782,0.2036164038488715,0.01746724890829696,0,0,0,0.2036164038488715,0.9545370586650785
SPY,2026-03-27,686.0,2.02,2.05,2.035,2.02,586.0,1742.0,662.2899780273438,0.0301369863013698,0.9654372857541454,-0.0351741344235119,0.1736000757527766,0.0290953702556043,0.2006266358635276,0.014742014742014645,0,0,0,0.2006266358635276,0.9557054134648153
SPY,2026-03-27,687.0,1.78,1.83,1.8050000000000002,1.8,2209.0,1367.0,662.2899780273438,0.0301369863013698,0.9640319913061772,-0.036630798919976,0.1736000757527766,0.0290530189160765,0.1978809041137099,0.02770083102493077,0,0,0,0.1978809041137099,0.9422808377595988
SPY,2026-03-27,688.0,1.57,1.61,1.59,1.6,709.0,1408.0,662.2899780273438,0.0301369863013698,0.962630782016488,-0.0380853446309704,0.1736000757527766,0.0290107906909077,0.1950461677577495,0.025157232704402538,0,0,0,0.1950461677577495,0.9432458124827553
SPY,2026-03-27,689.0,1.37,1.41,1.3900000000000001,1.46,285.0,740.0,662.2899780273438,0.0301369863013698,0.9612336400977411,-0.0395377777112853,0.1736000757527766,0.0289686850440414,0.1921185375938713,0.02877697841726605,0,0,0,0.1921185375938713,0.9385628175295174
SPY,2026-03-27,690.0,1.19,1.23,1.21,1.21,4841.0,6458.0,662.2899780273438,0.0301369863013698,0.9598405478657156,-0.0409881042889318,0.1736000757527766,0.0289267014425283,0.1893190275712311,0.03305785123966945,0,0,0,0.1893190275712311,0.9333189219435236
SPY,2026-03-27,691.0,1.03,1.07,1.05,1.11,507.0,1321.0,662.2899780273438,0.0301369863013698,0.9584514877385584,-0.0424363304652966,0.1736000757527766,0.0288848393565044,0.1867017288869321,0.038095238095238126,0,0,0,0.1867017288869321,0.9274458407541342
SPY,2026-03-27,692.0,0.89,0.92,0.905,0.9,532.0,5461.0,662.2899780273438,0.0301369863013698,0.957066442236046,-0.0438824623152963,0.1736000757527766,0.0288430982591684,0.1840809433320761,0.03314917127071826,0,0,0,0.1840809433320761,0.9305392108021002
SPY,2026-03-27,693.0,0.75,0.78,0.765,0.78,225.0,1144.0,662.2899780273438,0.0301369863013698,0.955685393978851,-0.04532650588753,0.1736000757527766,0.0288014776267598,0.1809176364813149,0.03921568627450984,0,0,0,0.1809176364813149,0.9237721736081886
SPY,2026-03-27,694.0,0.63,0.67,0.65,0.7,370.0,1546.0,662.2899780273438,0.0301369863013698,0.9543083256878152,-0.0467684672044312,0.1736000757527766,0.0287599769385368,0.1783527302623093,0.06153846153846159,0,0,0,0.1783527302623093,0.903043351607775
SPY,2026-03-27,695.0,0.53,0.56,0.545,0.56,1929.0,5254.0,662.2899780273438,0.0301369863013698,0.9529352201832284,-0.0482083522624189,0.1736000757527766,0.0287185956767547,0.1755858537718057,0.05504587155963307,0,0,0,0.1755858537718057,0.9072932025552417
SPY,2026-03-27,696.0,0.44,0.48,0.45999999999999996,0.46,1723.0,958.0,662.2899780273438,0.0301369863013698,0.9515660603841146,-0.0496461670320463,0.1736000757527766,0.0286773333266444,0.1733904664249122,0.0869565217391304,0,0,0,0.1733904664249122,0.8793917599531992
SPY,2026-03-27,697.0,0.37,0.4,0.385,0.42,168.0,1243.0,662.2899780273438,0.0301369863013698,0.9502008293075234,-0.0510819174581505,0.1736000757527766,0.028636189376391,0.171172369715929,0.07792207792207799,0,0,0,0.171172369715929,0.8854899956524718
SPY,2026-03-27,698.0,0.3,0.33,0.315,0.34,267.0,1422.0,662.2899780273438,0.0301369863013698,0.9488395100678276,-0.0525156094599992,0.1736000757527766,0.0285951633171125,0.1685012480553388,0.09523809523809532,0,0,0,0.1685012480553388,0.8702416005949998
SPY,2026-03-27,699.0,0.25,0.28,0.265,0.28,236.0,900.0,662.2899780273438,0.0301369863013698,0.9474820858760282,-0.053947248931437,0.1736000757527766,0.0285542546428391,0.1669697072183489,0.11320754716981142,0,0,0,0.1669697072183489,0.8549692328432553
SPY,2026-03-27,700.0,0.2,0.23,0.21500000000000002,0.22,5184.0,4995.0,662.2899780273438,0.0301369863013698,0.9461285400390624,-0.0553768417410313,0.1736000757527766,0.0285134628504922,0.1646084700026512,0.1395348837209302,0,0,0,0.1646084700026512,0.8340232156128579
SPY,2026-03-27,701.0,0.17,0.19,0.18,0.18,225.0,2248.0,662.2899780273438,0.0301369863013698,0.9447788559591208,-0.0568043937322168,0.1736000757527766,0.0284727874398638,0.1633444347222447,0.11111111111111106,0,0,0,0.1633444347222447,0.8541384953710287
SPY,2026-03-27,702.0,0.14,0.16,0.15000000000000002,0.14,357.0,1089.0,662.2899780273438,0.0301369863013698,0.9434330171329685,-0.0582299107234378,0.1736000757527766,0.0284322279135962,0.1621161622167825,0.13333333333333325,0,0,0,0.1621161622167825,0.8361978175173052
SPY,2026-03-27,703.0,0.11,0.13,0.12,0.12,101.0,1157.0,662.2899780273438,0.0301369863013698,0.9420910071512714,-0.0596533985082916,0.1736000757527766,0.0283917837771615,0.1600708891177177,0.1666666666666667,0,0,0,0.1600708891177177,0.8111509655965469
SPY,2026-03-27,704.0,0.09,0.11,0.1,0.1,545.0,4046.0,662.2899780273438,0.0301369863013698,0.9407528096979316,-0.0610748628556691,0.1736000757527766,0.0283514545388417,0.1591632298896312,0.20000000000000004,0,0,0,0.1591632298896312,0.7874987968948485
SPY,2026-03-27,705.0,0.08,0.1,0.09,0.09,10497.0,3012.0,662.2899780273438,0.0301369863013698,0.9394184085494236,-0.0624943095098954,0.1736000757527766,0.0283112397097086,0.1600322653207779,0.22222222222222227,0,0,0,0.1600322653207779,0.7720839268279704
SPY,2026-03-27,706.0,0.06,0.08,0.07,0.09,144.0,4320.0,662.2899780273438,0.0301369863013698,0.9380877875741412,-0.0639117441908689,0.1736000757527766,0.0282711388036042,0.1578371461946964,0.28571428571428575,0,0,0,0.1578371461946964,0.7329167273083688
SPY,2026-03-27,707.0,0.05,0.07,0.060000000000000005,0.06,457.0,10516.0,662.2899780273438,0.0301369863013698,0.936760930731745,-0.0653271725941995,0.1736000757527766,0.028231151337121,0.1577824291490316,0.33333333333333337,1,0,0,0.1577824291490316,0.7057414960573917
SPY,2026-03-27,708.0,0.04,0.06,0.05,0.06,390.0,10589.0,662.2899780273438,0.0301369863013698,0.9354378220725196,-0.0667406003913464,0.1736000757527766,0.0281912768295827,0.1572320400426388,0.3999999999999999,1,0,0,0.1572320400426388,0.6711854152711543
SPY,2026-03-27,713.0,0.02,0.03,0.025,0.06,95.0,772.0,662.2899780273438,0.0301369863013698,0.9288779495474668,-0.0737779271119226,0.1736000757527766,0.0279935820411564,0.1590509347763061,0.3999999999999999,1,0,0,0.1590509347763061,0.6664786451780886
SPY,2026-03-31,511.0,173.81,177.15,175.48000000000002,189.12,50.0,297.0,662.2899780273438,0.0410958904109589,1.2960664932041952,0.2593339030986688,0.2027212135198458,0.0532630065700354,1.300867432489466,0.019033508092090284,0,0,1,1.6327490595712664,0.7605711943368785
SPY,2026-03-31,514.0,160.19,163.46,161.825,117.35,1.0,21.0,662.2899780273438,0.0410958904109589,1.288501902776933,0.2534802278472081,0.2027212135198458,0.0529521329908328,1.2736012133792045,0.020207013749420737,0,0,1,1.2736012133792045,0.7641563947508143
SPY,2026-03-31,517.0,175.94,179.27,177.60500000000002,177.0,1.0,2.0,662.2899780273438,0.0410958904109589,1.281025102567396,0.247660618793944,0.2027212135198458,0.052644867228797,1.300867432489466,0.018749472143239278,0,0,1,1.812389367318288,0.769716123713829
SPY,2026-03-31,518.0,160.35,163.31,161.82999999999998,144.94,1.0,9.0,662.2899780273438,0.0410958904109589,1.2785520811338682,0.2457282510428901,0.2027212135198458,0.0525432362109808,1.300867432489466,0.018290798986590917,0,0,1,1.3778633816032708,0.7715523135283348
SPY,2026-03-31,522.0,173.57,176.94,175.255,167.22,1.0,6.0,662.2899780273438,0.0410958904109589,1.2687547471788194,0.2380359054197345,0.2027212135198458,0.0521406060484446,1.300867432489466,0.01922912327750994,0,0,1,1.8406046768314095,0.7767944537664291
SPY,2026-03-31,527.0,148.09,151.0,149.54500000000002,107.69,2.0,3.0,662.2899780273438,0.0410958904109589,1.2567172258583372,0.2285029447610108,0.2027212135198458,0.0516459133914385,1.2090421626428065,0.019459025711324327,0,0,1,1.2090421626428065,0.7840581575773056
SPY,2026-03-31,531.0,162.38,165.68,164.03,165.78,2.0,2.0,662.2899780273438,0.0410958904109589,1.247250429430026,0.2209414720604344,0.2027212135198458,0.0512568669628777,1.300867432489466,0.020118271047979096,0,0,1,1.7063075444015867,0.7894987243722892
SPY,2026-03-31,537.0,158.86,162.22,160.54000000000002,152.32,1.0,3.0,662.2899780273438,0.0410958904109589,1.2333146704419808,0.2097053987935085,0.2027212135198458,0.0506841645387115,1.300867432489466,0.02092936339852987,0,0,1,1.7203472498857526,0.7977852977062495
SPY,2026-03-31,538.0,155.21,158.58,156.895,155.02,2.0,4.0,662.2899780273438,0.0410958904109589,1.2310222639913453,0.2078449331405888,0.2027212135198458,0.0505899560544388,1.300867432489466,0.02147933331208773,0,0,1,1.6446689712740783,0.798840599681283
SPY,2026-03-31,539.0,154.26,157.56,155.91,154.01,2.0,2.0,662.2899780273438,0.0410958904109589,1.228738363687094,0.205987922393376,0.2027212135198458,0.0504960971378257,1.300867432489466,0.021166057340773595,0,0,1,1.6367777361687423,0.8005709594217045
SPY,2026-03-31,542.0,135.01,137.81,136.41,155.62,1.0,11.0,662.2899780273438,0.0410958904109589,1.2219372288327377,0.2004374918627269,0.2027212135198458,0.0502165984451809,1.1641723523554652,0.02052635437284665,0,0,1,1.1641723523554652,0.8055314475114422
SPY,2026-03-31,547.0,146.36,149.75,148.055,147.1,2.0,15.0,662.2899780273438,0.0410958904109589,1.210767784327868,0.191254690880392,0.2027212135198458,0.0497575801778575,1.300867432489466,0.022896896423626262,0,0,1,1.5744350834095182,0.8110785258102163
SPY,2026-03-31,551.0,127.23,130.54,128.885,127.7,2.0,12.0,662.2899780273438,0.0410958904109589,1.201978181537829,0.1839686841494587,0.2027212135198458,0.0493963636248422,1.1442403273680055,0.025681809364937646,0,0,1,1.1442403273680055,0.8147913002386505
SPY,2026-03-31,553.0,131.49,134.52,133.005,103.76,2.0,6.0,662.2899780273438,0.0410958904109589,1.1976310633405851,0.1803454917800383,0.2027212135198458,0.0492177149318048,1.296046825003624,0.022781098454945314,0,0,1,1.296046825003624,0.8200680189425417
SPY,2026-03-31,557.0,139.18,142.7,140.94,134.54,10.0,7.0,662.2899780273438,0.0410958904109589,1.1890304811981036,0.1731382533750891,0.2027212135198458,0.048864266350607,1.300867432489466,0.024975166737618716,0,0,1,1.5621337617119253,0.8242316544968112
SPY,2026-03-31,559.0,134.8,138.03,136.41500000000002,128.55,3.0,12.0,662.2899780273438,0.0410958904109589,1.184776347097216,0.169554020147274,0.2027212135198458,0.0486894389218033,1.300867432489466,0.023677748048235085,0,0,1,1.4847445472434462,0.8282395834558833
SPY,2026-03-31,561.0,116.2,119.0,117.6,122.32,2.0,86.0,662.2899780273438,0.0410958904109589,1.1805525455032866,0.1659825877796769,0.2027212135198458,0.0485158580343816,1.0383031648759546,0.023809523809523787,0,0,1,1.0383031648759546,0.8310958884311622
SPY,2026-03-31,562.0,134.48,137.99,136.235,128.27,4.0,29.0,662.2899780273438,0.0410958904109589,1.1784519181981206,0.1642016434086821,0.2027212135198458,0.0484295308848542,1.300867432489466,0.02576430432708202,0,0,1,1.5273770830337408,0.8309907151653781
SPY,2026-03-31,566.0,128.02,130.83,129.425,118.0,1.0,34.0,662.2899780273438,0.0410958904109589,1.1701236360907132,0.1571094150991902,0.2027212135198458,0.0480872727160567,1.300867432489466,0.02171141587792159,0,0,1,1.4277020271379053,0.8402250457216391
SPY,2026-03-31,569.0,124.84,128.23,126.535,117.25,3.0,15.0,662.2899780273438,0.0410958904109589,1.163954267183381,0.1518230591760423,0.2027212135198458,0.0478337370075362,1.300867432489466,0.02679100644090557,0,0,1,1.4057868668728468,0.8404998650300974
SPY,2026-03-31,571.0,108.24,110.99,109.615,82.16,10.0,5.0,662.2899780273438,0.0410958904109589,1.1598773695750328,0.148314283646363,0.2027212135198458,0.0476661932702068,1.0231127474044863,0.02508780732563974,0,0,1,1.0231127474044863,0.8448555823967722
SPY,2026-03-31,581.0,113.42,116.23,114.825,114.38,10.0,78.0,662.2899780273438,0.0410958904109589,1.1399139036615211,0.130952736450462,0.2027212135198458,0.0468457768628022,1.300867432489466,0.024472022643152642,0,0,0,1.3144545064125512,0.8601683673933325
SPY,2026-03-31,590.0,71.57,74.96,73.26499999999999,81.52,1.0,135.0,662.2899780273438,0.0410958904109589,1.1225253864870233,0.115580956402608,0.2027212135198458,0.0461311802665899,0.247111761288166,0.04627038831638574,0,0,0,0.247111761288166,0.8552941770808846
SPY,2026-03-31,595.0,66.76,70.15,68.45500000000001,80.7,9.0,53.0,662.2899780273438,0.0410958904109589,1.113092400045956,0.1071420877567434,0.2027212135198458,0.0457435232895598,0.2673556376731396,0.04952158352202177,0,0,0,0.2673556376731396,0.8598704593537413
SPY,2026-03-31,600.0,61.99,65.4,63.69500000000001,71.85,1.0,460.0,662.2899780273438,0.0410958904109589,1.103816630045573,0.0987738380862269,0.2027212135198458,0.0453623272621468,0.2764443892974854,0.05353638433158024,0,0,0,0.2764443892974854,0.8637919439751562
SPY,2026-03-31,605.0,57.3,60.7,59.0,66.77,3.0,81.0,662.2899780273438,0.0410958904109589,1.094694178557593,0.0904750352715317,0.2027212135198458,0.0449874319955175,0.2814393760739565,0.057627118644067894,0,0,0,0.2814393760739565,0.8676213578868466
SPY,2026-03-31,610.0,52.65,56.07,54.36,54.21,13.0,278.0,662.2899780273438,0.0410958904109589,1.085721275454662,0.0822445361350163,0.2027212135198458,0.0446186825529313,0.2828756091157197,0.06291390728476824,0,0,0,0.2828756091157197,0.8704406874541263
SPY,2026-03-31,615.0,48.09,51.52,49.80500000000001,53.04,21.0,205.0,662.2899780273438,0.0410958904109589,1.0768942732151932,0.0740812254958554,0.2027212135198458,0.0442559290362408,0.283005785616517,0.06886858749121573,0,0,0,0.283005785616517,0.8726864634468052
SPY,2026-03-31,620.0,44.43,46.02,45.225,45.3,14.0,434.0,662.2899780273438,0.0410958904109589,1.0682096419795868,0.065984015263236,0.2027212135198458,0.0438990263827227,0.2772992984325291,0.03515754560530687,0,0,0,0.2772992984325291,0.9084325249281712
SPY,2026-03-31,621.0,43.56,45.13,44.345,52.57,2.0,7.0,662.2899780273438,0.0410958904109589,1.0664894976285728,0.0643724113688944,0.2027212135198458,0.0438283355189824,0.2771150307346285,0.035404216935392946,0,0,0,0.2771150307346285,0.9096809676027874
SPY,2026-03-31,622.0,42.7,44.23,43.465,51.8,3.0,10.0,662.2899780273438,0.0410958904109589,1.064774884288334,0.0627634005631938,0.2027212135198458,0.0437578719570548,0.2767224448726773,0.03520073622454835,0,0,0,0.2767224448726773,0.9113249285656181
SPY,2026-03-31,623.0,41.85,43.35,42.6,59.69,1.0,3.0,662.2899780273438,0.0410958904109589,1.0630657753247894,0.0611569745149201,0.2027212135198458,0.0436876346023886,0.2766743886438459,0.035211267605633804,0,0,0,0.2766743886438459,0.9127807952144499
SPY,2026-03-31,624.0,41.0,42.48,41.739999999999995,42.0,1.0,2.0,662.2899780273438,0.0410958904109589,1.0613621442745893,0.0595531249329455,0.2027212135198458,0.0436176223674488,0.2765839535267055,0.03545759463344507,0,0,0,0.2765839535267055,0.9140284411784029
SPY,2026-03-31,625.0,40.15,41.61,40.879999999999995,41.25,136.0,959.0,662.2899780273438,0.0410958904109589,1.05966396484375,0.0579518435659717,0.2027212135198458,0.0435478341716609,0.2762800146431475,0.03571428571428574,0,0,0,0.2762800146431475,0.9152663348121164
SPY,2026-03-31,626.0,39.32,40.74,40.03,64.95,1.0,3.0,662.2899780273438,0.0410958904109589,1.0579712109063,0.0563531222022747,0.2027212135198458,0.0434782689413547,0.2761031230175794,0.0354733949537847,0,0,0,0.2761031230175794,0.9169440276249275
SPY,2026-03-31,627.0,38.48,39.88,39.18,61.98,,51.0,662.2899780273438,0.0410958904109589,1.0562838565029409,0.0547569526694526,0.2027212135198458,0.0434089256097098,0.2757180473383664,0.03573251659009714,0,0,0,0.2757180473383664,0.9181790250897973
SPY,2026-03-31,628.0,37.66,39.02,38.34,50.6,10.0,86.0,662.2899780273438,0.0410958904109589,1.054601875839719,0.0531633268341745,0.2027212135198458,0.0433398031167007,0.275446071434915,0.03547209181012015,0,0,0,0.275446071434915,0.9198747189221984
SPY,2026-03-31,629.0,51.32,53.14,52.230000000000004,73.25,5.0,6.0,662.2899780273438,0.0410958904109589,1.052925243286715,0.0515722366019327,0.2027212135198458,0.043270900409043,0.6191056856471597,0.034845874018763164,0,0,0,0.6191056856471597,0.9218970190892742
SPY,2026-03-31,630.0,36.02,37.33,36.675,36.58,35.0,2735.0,662.2899780273438,0.0410958904109589,1.051253933376736,0.0499836739167948,0.2027212135198458,0.0432022164401398,0.2747440034592896,0.035719154737559516,0,0,0,0.2747440034592896,0.9225841283064549
SPY,2026-03-31,631.0,35.21,36.48,35.845,61.04,4.0,4.0,662.2899780273438,0.0410958904109589,1.0495879208040313,0.04839763076116,0.2027212135198458,0.0431337501700286,0.2741681780792177,0.0354303250104616,0,0,0,0.2741681780792177,0.9243063077211857
SPY,2026-03-31,632.0,34.4,35.65,35.025,36.08,6.0,2.0,662.2899780273438,0.0410958904109589,1.0479271804230124,0.0468140991555159,0.2027212135198458,0.0430655005653292,0.2736829666301609,0.03568879371877231,0,0,0,0.2736829666301609,0.9255400980445209
SPY,2026-03-31,633.0,33.61,34.82,34.215,50.43,1.0,1.0,662.2899780273438,0.0410958904109589,1.0462716872469886,0.0452330711581971,0.2027212135198458,0.0429974665991913,0.2732769697276057,0.03536460616688589,0,0,0,0.2732769697276057,0.9272948186877161
SPY,2026-03-31,634.0,32.82,34.0,33.41,61.4,1.0,3.0,662.2899780273438,0.0410958904109589,1.0446214164469143,0.0436545388651474,0.2027212135198458,0.042929647251243,0.2728063316093386,0.035318766836276556,0,0,0,0.2728063316093386,0.9288008607810592
SPY,2026-03-31,635.0,32.03,33.18,32.605000000000004,35.22,446.0,1450.0,662.2899780273438,0.0410958904109589,1.0429763433501476,0.0420784944096815,0.2027212135198458,0.0428620415075403,0.2721403840364069,0.03527066400858759,0,0,0,0.2721403840364069,0.9303090702485575
SPY,2026-03-31,636.0,31.25,32.36,31.805,43.92,2.0,57.0,662.2899780273438,0.0410958904109589,1.0413364434392198,0.0405049299622511,0.2027212135198458,0.0427946483605158,0.2714143550015688,0.034900172928784765,0,0,0,0.2714143550015688,0.9321076961738348
SPY,2026-03-31,637.0,30.48,31.56,31.02,61.38,7.0,7.0,662.2899780273438,0.0410958904109589,1.0397016923506182,0.0389338377302099,0.2027212135198458,0.0427274668089295,0.2708771534184365,0.03481624758220497,0,0,0,0.2708771534184365,0.9336489886828141
SPY,2026-03-31,638.0,29.71,30.75,30.23,51.36,1.0,12.0,662.2899780273438,0.0410958904109589,1.0380720658735796,0.0373652099575834,0.2027212135198458,0.0426604958578183,0.270022959538892,0.03440291101554744,0,0,0,0.270022959538892,0.935488347714291
SPY,2026-03-31,639.0,28.95,29.96,29.455,34.81,31.0,32.0,662.2899780273438,0.0410958904109589,1.0364475399488948,0.0357990389248384,0.2027212135198458,0.0425937345184477,0.2693460149126649,0.03428959429638437,0,0,0,0.2693460149126649,0.9370572830960683
SPY,2026-03-31,640.0,28.2,29.17,28.685000000000002,28.65,438.0,3663.0,662.2899780273438,0.0410958904109589,1.0348280906677243,0.0342353169486556,0.2027212135198458,0.0425271818082626,0.2685960695220829,0.03381558305734713,0,0,0,0.2685960695220829,0.9389540457151103
SPY,2026-03-31,641.0,27.45,28.39,27.92,43.41,2.0,49.0,662.2899780273438,0.0410958904109589,1.033213694270427,0.0326740363817032,0.2027212135198458,0.0424608367508394,0.2677727210359276,0.03366762177650434,0,0,0,0.2677727210359276,0.9405557752048358
SPY,2026-03-31,642.0,26.71,27.61,27.16,32.72,1.0,9.0,662.2899780273438,0.0410958904109589,1.0316043271453952,0.031115189612412,0.2027212135198458,0.0423946983758381,0.2668752989021689,0.03313696612665679,0,0,0,0.2668752989021689,0.9425069572565091
SPY,2026-03-31,643.0,25.98,26.84,26.41,39.85,6.0,6.0,662.2899780273438,0.0410958904109589,1.0299999658279062,0.0295587690647537,0.2027212135198458,0.042328765718955,0.2660150700543522,0.03256342294585382,0,0,0,0.2660150700543522,0.9444993728908356
SPY,2026-03-31,644.0,25.25,26.08,25.665,25.5,1.0,38.0,662.2899780273438,0.0410958904109589,1.028400586998981,0.0280047671980196,0.2027212135198458,0.0422630378218759,0.2650758054739088,0.03233976232222865,0,0,0,0.2650758054739088,0.9461732156032236
SPY,2026-03-31,645.0,24.53,25.33,24.93,25.42,44.0,625.0,662.2899780273438,0.0410958904109589,1.026806167484254,0.0264531765066007,0.2027212135198458,0.0421975137322296,0.2641653299272955,0.03208985158443631,0,0,0,0.2641653299272955,0.9478718912687353
SPY,2026-03-31,646.0,23.82,24.58,24.2,30.45,1.0,60.0,662.2899780273438,0.0410958904109589,1.025216684252854,0.0249039895197713,0.2027212135198458,0.0421321925035419,0.263171214190781,0.03140495867768587,0,0,0,0.263171214190781,0.949971859652378
SPY,2026-03-31,648.0,22.41,23.1,22.755000000000003,22.67,6.0,2.0,662.2899780273438,0.0410958904109589,1.0220524352273823,0.0218127969500985,0.2027212135198458,0.0420021548723581,0.2609292011260539,0.030323005932762083,0,0,0,0.2609292011260539,0.9539136126521653
SPY,2026-03-31,649.0,21.7,22.39,22.045,21.95,3.0,52.0,662.2899780273438,0.0410958904109589,1.020477624079112,0.0202707765982831,0.2027212135198458,0.0419374366059909,0.2597821995266527,0.03129961442503975,0,0,0,0.2597821995266527,0.9544809811704095
SPY,2026-03-31,650.0,21.0,21.79,21.395,21.6,353.0,1892.0,662.2899780273438,0.0410958904109589,1.018907658503606,0.0187311304126905,0.2027212135198458,0.0418729174727509,0.2596626624514013,0.03692451507361529,0,0,0,0.2596626624514013,0.9507660206646797
SPY,2026-03-31,651.0,20.32,20.98,20.65,32.45,1.0,55.0,662.2899780273438,0.0410958904109589,1.017342516171035,0.017193851093804,0.2027212135198458,0.041808596554974,0.2574183024545685,0.03196125907990316,0,0,0,0.2574183024545685,0.9568085170907169
SPY,2026-03-31,652.0,19.63,20.29,19.96,21.3,2.0,34.0,662.2899780273438,0.0410958904109589,1.015782174888564,0.0156589313757202,0.2027212135198458,0.0417444729406259,0.2560951468368321,0.03306613226452906,0,0,0,0.2560951468368321,0.9572533821205622
SPY,2026-03-31,653.0,18.96,19.61,19.285,22.13,5.0,50.0,662.2899780273438,0.0410958904109589,1.0142266125993014,0.0141263640259422,0.2027212135198458,0.0416805457232589,0.2548729540031106,0.03370495203526049,0,0,0,0.2548729540031106,0.9581290814013257
SPY,2026-03-31,654.0,18.3,18.94,18.62,21.0,5.0,12.0,662.2899780273438,0.0410958904109589,1.0126758073812596,0.0125961418451745,0.2027212135198458,0.0416168140019695,0.2536471401884258,0.03437164339419981,0,0,0,0.2536471401884258,0.958977858236427
SPY,2026-03-31,655.0,17.64,18.27,17.955,18.42,5.0,838.0,662.2899780273438,0.0410958904109589,1.0111297374463264,0.0110682576671213,0.2027212135198458,0.0415532768813558,0.2522200713577419,0.035087719298245564,0,0,0,0.2522200713577419,0.959779747889686
SPY,2026-03-31,656.0,16.99,17.6,17.295,22.45,1.0,19.0,662.2899780273438,0.0410958904109589,1.0095883811392434,0.0095427043582841,0.2027212135198458,0.0414899334714757,0.2506883517068773,0.03527030933795912,0,0,0,0.2506883517068773,0.9610755262335
SPY,2026-03-31,657.0,16.35,16.96,16.655,19.24,3.0,22.0,662.2899780273438,0.0410958904109589,1.0080517169365963,0.0080194748177627,0.2027212135198458,0.0414267828878053,0.2493362058897019,0.03662563794656256,0,0,0,0.2493362058897019,0.961282113747396
SPY,2026-03-31,658.0,16.01,16.07,16.04,16.5,2.0,4.0,662.2899780273438,0.0410958904109589,1.0065197234458112,0.006498561977056,0.2027212135198458,0.0413638242511977,0.2482510291874855,0.0037406483790522896,0,0,0,0.2482510291874855,0.9942871329270356
SPY,2026-03-31,659.0,15.38,15.44,15.41,16.39,3.0,21.0,662.2899780273438,0.0410958904109589,1.0049923794041635,0.004979958799866,0.2027212135198458,0.0413010566878423,0.2466690851895585,0.0038935756002594886,0,0,0,0.2466690851895585,0.9956465135765042
SPY,2026-03-31,660.0,14.76,14.82,14.79,14.82,349.0,1660.0,662.2899780273438,0.0410958904109589,1.0034696636777936,0.003463658281902,0.2027212135198458,0.0412384793292243,0.24506364951884,0.0040567951318458756,0,0,0,0.24506364951884,0.9969952600997202
SPY,2026-03-31,661.0,14.16,14.22,14.190000000000001,14.2,741.0,160.0,662.2899780273438,0.0410958904109589,1.001951555260732,0.0019496534506869,0.2027212135198458,0.0411760913120848,0.2436181181555912,0.0042283298097251934,0,0,0,0.2436181181555912,0.9983353017699087
SPY,2026-03-31,662.0,13.56,13.62,13.59,13.61,428.0,101.0,662.2899780273438,0.0410958904109589,1.000438033273933,0.0004379373653649,0.2027212135198458,0.0411138917783808,0.2419528021885753,0.0044150110375275,0,0,0,0.2419528021885753,0.9996598106577742
SPY,2026-03-31,663.0,12.97,13.03,13.0,12.92,443.0,278.0,662.2899780273438,0.0410958904109589,0.9989290769643194,-0.0010714968834892,0.2027212135198458,0.041051879875246,0.2402516787431464,0.004615384615384517,0,0,0,0.2402516787431464,0.998827408366766
SPY,2026-03-31,664.0,12.4,12.45,12.425,12.43,566.0,264.0,662.2899780273438,0.0410958904109589,0.9974246657038308,-0.0025786561740606,0.2027212135198458,0.0409900547549519,0.2386037524254471,0.004024144869215205,0,0,0,0.2386037524254471,0.9979104439527661
SPY,2026-03-31,665.0,11.83,11.88,11.855,11.85,1206.0,1035.0,662.2899780273438,0.0410958904109589,0.9959247789884867,-0.0040835473534808,0.2027212135198458,0.0409284155748693,0.2368179829620719,0.004217629692113092,0,0,0,0.2368179829620719,0.9962178462675106
SPY,2026-03-31,666.0,11.27,11.32,11.295,11.29,358.0,300.0,662.2899780273438,0.0410958904109589,0.9944293964374532,-0.0055861772380158,0.2027212135198458,0.0408669614974295,0.2349831737935543,0.004426737494466641,0,0,0,0.2349831737935543,0.9945149362608171
SPY,2026-03-31,667.0,10.72,10.78,10.75,11.01,835.0,238.0,662.2899780273438,0.0410958904109589,0.9929384977921196,-0.0070865526132505,0.2027212135198458,0.0408056916900871,0.2331882848225683,0.005581395348837091,0,0,0,0.2331882848225683,0.9918836706365026
SPY,2026-03-31,668.0,10.19,10.24,10.215,10.21,763.0,825.0,662.2899780273438,0.0410958904109589,0.9914520629151852,-0.0085846802342724,0.2027212135198458,0.0407446053252815,0.2313351695836261,0.004894762604013775,0,0,0,0.2313351695836261,0.9910755426767438
SPY,2026-03-31,669.0,9.66,9.72,9.690000000000001,9.92,588.0,513.0,662.2899780273438,0.0410958904109589,0.9899700717897516,-0.0100805668258552,0.2027212135198458,0.0406837015804007,0.2294187989365011,0.0061919504643963355,0,0,0,0.2294187989365011,0.9883183245174936
SPY,2026-03-31,670.0,9.16,9.21,9.185,9.19,2437.0,2671.0,662.2899780273438,0.0410958904109589,0.9884925045184236,-0.0115742190826384,0.2027212135198458,0.0406229796377434,0.2276240440759211,0.005443658138268994,0,0,0,0.2276240440759211,0.9875776716611873
SPY,2026-03-31,671.0,8.65,8.71,8.68,8.7,396.0,966.0,662.2899780273438,0.0410958904109589,0.98701934132242,-0.0130656436693085,0.2027212135198458,0.040562438684483,0.2255658516744077,0.006912442396313422,0,0,0,0.2255658516744077,0.9846674381611424
SPY,2026-03-31,672.0,8.17,8.22,8.195,8.17,256.0,509.0,662.2899780273438,0.0410958904109589,0.98555056254069,-0.0145548472207763,0.2027212135198458,0.040502077912631,0.2236204014209062,0.00610128126906659,0,0,0,0.2236204014209062,0.9839948581281968
SPY,2026-03-31,673.0,7.69,7.74,7.715,7.7,232.0,330.0,662.2899780273438,0.0410958904109589,0.9840861486290398,-0.0160418363423545,0.2027212135198458,0.0404418965190016,0.2214935221397653,0.00648088139987036,0,0,0,0.2214935221397653,0.9821621878573444
SPY,2026-03-31,674.0,7.23,7.28,7.255000000000001,7.26,335.0,765.0,662.2899780273438,0.0410958904109589,0.9826260801592636,-0.0175266176099338,0.2027212135198458,0.0403818937051752,0.2194715171961486,0.006891798759476198,0,0,0,0.2194715171961486,0.9803047435376468
SPY,2026-03-31,675.0,6.78,6.83,6.805,6.82,1262.0,1668.0,662.2899780273438,0.0410958904109589,0.981170337818287,-0.0190091975701566,0.2027212135198458,0.0403220686774638,0.2173538244778215,0.00734753857457749,0,0,0,0.2173538244778215,0.9784095920279018
SPY,2026-03-31,676.0,6.34,6.39,6.365,6.35,605.0,764.0,662.2899780273438,0.0410958904109589,0.9797189024073132,-0.0204895827405909,0.2027212135198458,0.0402624206468758,0.2151325091190933,0.007855459544383318,0,0,0,0.2151325091190933,0.976469888602602
SPY,2026-03-31,677.0,5.92,5.97,5.945,6.04,173.0,1497.0,662.2899780273438,0.0410958904109589,0.9782717548409804,-0.0219677796099017,0.2027212135198458,0.0402029488290813,0.2130053839688747,0.008410428931875496,0,0,0,0.2130053839688747,0.974490942748126
SPY,2026-03-31,678.0,5.51,5.56,5.535,5.63,314.0,966.0,662.2899780273438,0.0410958904109589,0.9768288761465248,-0.0234437946380223,0.2027212135198458,0.0401436524443777,0.2107630579798668,0.009033423667569977,0,0,0,0.2107630579798668,0.9724528602791428
SPY,2026-03-31,679.0,5.11,5.16,5.135,5.14,467.0,1275.0,662.2899780273438,0.0410958904109589,0.975390247462951,-0.0249176342563229,0.2027212135198458,0.0400845307176555,0.2083952717060074,0.009737098344693247,0,0,0,0.2083952717060074,0.9703439827621321
SPY,2026-03-31,680.0,4.73,4.78,4.755000000000001,4.74,1918.0,8427.0,662.2899780273438,0.0410958904109589,0.9739558500402112,-0.0263893048677791,0.2027212135198458,0.0400255828783648,0.2061103209596127,0.010515247108307006,0,0,0,0.2061103209596127,0.9681708903402497
SPY,2026-03-31,681.0,4.36,4.41,4.385,4.38,438.0,1089.0,662.2899780273438,0.0410958904109589,0.9725256652383902,-0.0278588128471391,0.2027212135198458,0.0399668081604817,0.2036853813010453,0.011402508551881374,0,0,0,0.2036853813010453,0.9659011113901823
SPY,2026-03-31,682.0,4.01,4.06,4.035,4.0,355.0,2073.0,662.2899780273438,0.0410958904109589,0.9710996745268968,-0.0293261645410889,0.2027212135198458,0.0399082058024752,0.2013386280092,0.012391573729863648,0,0,0,0.2013386280092,0.9635425718488205
SPY,2026-03-31,683.0,3.68,3.72,3.7,3.71,365.0,1784.0,662.2899780273438,0.0410958904109589,0.9696778594836658,-0.0307913662684168,0.2027212135198458,0.0398497750472739,0.1989553519834428,0.01081081081081082,0,0,0,0.1989553519834428,0.9636364573492382
SPY,2026-03-31,684.0,3.36,3.4,3.38,3.53,215.0,1944.0,662.2899780273438,0.0410958904109589,0.9682602017943622,-0.0322544243201772,0.2027212135198458,0.039791515142234,0.196530769952625,0.011834319526627229,0,0,0,0.196530769952625,0.9612543024454856
SPY,2026-03-31,685.0,3.05,3.09,3.07,3.07,1866.0,4148.0,662.2899780273438,0.0410958904109589,0.9668466832515968,-0.033715344959852,0.2027212135198458,0.0397334253391067,0.1939313526557981,0.013029315960912065,0,0,0,0.1939313526557981,0.9587187456068147
SPY,2026-03-31,686.0,2.76,2.8,2.78,2.91,152.0,1066.0,662.2899780273438,0.0410958904109589,0.9654372857541454,-0.0351741344235119,0.2027212135198458,0.0396755048940059,0.1914039079435467,0.014388489208633108,0,0,0,0.1914039079435467,0.9560384873015606
SPY,2026-03-31,687.0,2.49,2.53,2.51,2.47,175.0,1281.0,662.2899780273438,0.0410958904109589,0.9640319913061772,-0.036630798919976,0.2027212135198458,0.0396177530673771,0.1889589411310106,0.01593625498007952,0,0,0,0.1889589411310106,0.9531924815926525
SPY,2026-03-31,688.0,2.23,2.27,2.25,2.23,588.0,1439.0,662.2899780273438,0.0410958904109589,0.962630782016488,-0.0380853446309704,0.2027212135198458,0.0395601691239652,0.1863181284221857,0.017777777777777795,0,0,0,0.1863181284221857,0.9500848692099927
SPY,2026-03-31,689.0,2.0,2.04,2.02,2.01,465.0,2104.0,662.2899780273438,0.0410958904109589,0.9612336400977411,-0.0395377777112853,0.2027212135198458,0.0395027523327838,0.1840726284869015,0.01980198019801982,0,0,0,0.1840726284869015,0.9468228521044086
SPY,2026-03-31,690.0,1.77,1.81,1.79,1.81,5855.0,6242.0,662.2899780273438,0.0410958904109589,0.9598405478657156,-0.0409881042889318,0.2027212135198458,0.0394455019670842,0.1813180901537537,0.022346368715083817,0,0,0,0.1813180901537537,0.9430976325920762
SPY,2026-03-31,691.0,1.57,1.61,1.59,1.65,935.0,1539.0,662.2899780273438,0.0410958904109589,0.9584514877385584,-0.0424363304652966,0.2027212135198458,0.0393884173043243,0.1790086195547879,0.025157232704402538,0,0,0,0.1790086195547879,0.9391506787093136
SPY,2026-03-31,692.0,1.38,1.42,1.4,1.42,564.0,2476.0,662.2899780273438,0.0410958904109589,0.957066442236046,-0.0438824623152963,0.2027212135198458,0.0393314976261388,0.1765061193780601,0.0285714285714286,0,0,0,0.1765061193780601,0.9346806529619008
SPY,2026-03-31,693.0,1.21,1.24,1.225,1.27,488.0,1164.0,662.2899780273438,0.0410958904109589,0.955685393978851,-0.04532650588753,0.2027212135198458,0.0392747422183089,0.1739820721294283,0.024489795918367366,0,0,0,0.1739820721294283,0.9370503612453972
SPY,2026-03-31,694.0,1.05,1.08,1.065,1.06,306.0,1789.0,662.2899780273438,0.0410958904109589,0.9543083256878152,-0.0467684672044312,0.2027212135198458,0.0392181503707321,0.1714501570703089,0.028169014084507067,0,0,0,0.1714501570703089,0.9323518186567946
SPY,2026-03-31,695.0,0.91,0.94,0.925,0.94,813.0,8167.0,662.2899780273438,0.0410958904109589,0.9529352201832284,-0.0482083522624189,0.2027212135198458,0.0391617213773929,0.1691625911709964,0.03243243243243234,0,0,0,0.1691625911709964,0.9271657084568313
SPY,2026-03-31,696.0,0.78,0.81,0.795,0.81,65.0,1229.0,662.2899780273438,0.0410958904109589,0.9515660603841146,-0.0496461670320463,0.2027212135198458,0.0391054545363334,0.1667096224375665,0.03773584905660381,0,0,0,0.1667096224375665,0.9211020410576987
SPY,2026-03-31,697.0,0.67,0.7,0.685,0.7,212.0,1647.0,662.2899780273438,0.0410958904109589,0.9502008293075234,-0.0510819174581505,0.2027212135198458,0.0390493491496242,0.1646272454594969,0.043795620437956075,0,0,0,0.1646272454594969,0.9144407175155986
SPY,2026-03-31,698.0,0.57,0.6,0.585,0.59,304.0,898.0,662.2899780273438,0.0410958904109589,0.9488395100678276,-0.0525156094599992,0.2027212135198458,0.0389934045233353,0.1624616306227445,0.05128205128205133,0,0,0,0.1624616306227445,0.9066280089822472
SPY,2026-03-31,699.0,0.48,0.51,0.495,0.51,134.0,1563.0,662.2899780273438,0.0410958904109589,0.9474820858760282,-0.053947248931437,0.2027212135198458,0.038937619967508,0.1602287817690968,0.06060606060606066,0,0,0,0.1602287817690968,0.8973720195934332
SPY,2026-03-31,700.0,0.43,0.44,0.435,0.42,2329.0,8851.0,662.2899780273438,0.0410958904109589,0.9461285400390624,-0.0553768417410313,0.2027212135198458,0.0388819947961258,0.1594348481653332,0.022988505747126457,0,0,0,0.1594348481653332,0.9290412772818432
SPY,2026-03-31,701.0,0.35,0.37,0.36,0.36,196.0,2874.0,662.2899780273438,0.0410958904109589,0.9447788559591208,-0.0568043937322168,0.2027212135198458,0.0388265283270871,0.156938427660346,0.05555555555555561,0,0,0,0.156938427660346,0.8990931530221354
SPY,2026-03-31,702.0,0.29,0.31,0.3,0.3,150.0,1588.0,662.2899780273438,0.0410958904109589,0.9434330171329685,-0.0582299107234378,0.2027212135198458,0.0387712198821767,0.1549117512042522,0.06666666666666674,0,0,0,0.1549117512042522,0.8884601811121368
SPY,2026-03-31,703.0,0.24,0.26,0.25,0.28,278.0,1700.0,662.2899780273438,0.0410958904109589,0.9420910071512714,-0.0596533985082916,0.2027212135198458,0.0387160687870385,0.1531051946279406,0.08000000000000007,0,0,0,0.1531051946279406,0.8762433270333068
SPY,2026-03-31,704.0,0.2,0.22,0.21000000000000002,0.25,67.0,2298.0,662.2899780273438,0.0410958904109589,0.9407528096979316,-0.0610748628556691,0.2027212135198458,0.0386610743711478,0.1516913133205175,0.09523809523809518,0,0,0,0.1516913133205175,0.8628247687717471
SPY,2026-03-31,705.0,0.18,0.19,0.185,0.19,5219.0,9218.0,662.2899780273438,0.0410958904109589,0.9394184085494236,-0.0624943095098954,0.2027212135198458,0.0386062359677845,0.1515647130972146,0.054054054054054106,0,0,0,0.1515647130972146,0.8952654080312934
SPY,2026-03-31,706.0,0.14,0.16,0.15000000000000002,0.16,117.0,1728.0,662.2899780273438,0.0410958904109589,0.9380877875741412,-0.0639117441908689,0.2027212135198458,0.0385515529140058,0.1495788062045573,0.13333333333333325,0,0,0,0.1495788062045573,0.8314601528288217
SPY,2026-03-31,707.0,0.12,0.14,0.13,0.13,116.0,1501.0,662.2899780273438,0.0410958904109589,0.936760930731745,-0.0653271725941995,0.2027212135198458,0.0384970245506196,0.1492383445870876,0.15384615384615397,0,0,0,0.1492383445870876,0.8155235065552081
SPY,2026-03-31,708.0,0.1,0.12,0.11,0.09,423.0,1702.0,662.2899780273438,0.0410958904109589,0.9354378220725196,-0.0667406003913464,0.2027212135198458,0.0384426502221583,0.1484522787938118,0.18181818181818174,0,0,0,0.1484522787938118,0.7950965688596751
SPY,2026-03-31,709.0,0.08,0.1,0.09,0.15,74.0,1259.0,662.2899780273438,0.0410958904109589,0.9341184457367332,-0.0681520332297542,0.2027212135198458,0.038388429276852,0.1470854255354404,0.22222222222222227,0,0,0,0.1470854255354404,0.7677280231505207
SPY,2026-03-31,710.0,0.07,0.09,0.08,0.09,1107.0,12863.0,662.2899780273438,0.0410958904109589,0.9328027859540052,-0.0695614767329879,0.2027212135198458,0.0383343610666029,0.1474391193796396,0.24999999999999986,0,0,0,0.1474391193796396,0.7496101223850907
SPY,2026-03-31,711.0,0.06,0.08,0.07,0.13,45.0,2356.0,662.2899780273438,0.0410958904109589,0.9314908270426776,-0.0709689365008676,0.2027212135198458,0.0382804449469593,0.1475095720462799,0.28571428571428575,0,0,0,0.1475095720462799,0.7277626012372832
SPY,2026-03-31,712.0,0.05,0.07,0.060000000000000005,0.07,89.0,4071.0,662.2899780273438,0.0410958904109589,0.9301825534091906,-0.0723744181096025,0.2027212135198458,0.03822668027709,0.1472306224017143,0.33333333333333337,1,0,0,0.1472306224017143,0.7007854462255279
SPY,2026-03-31,713.0,0.04,0.06,0.05,0.06,165.0,23401.0,662.2899780273438,0.0410958904109589,0.9288779495474668,-0.0737779271119226,0.2027212135198458,0.0381730664197589,0.1465049956980943,0.3999999999999999,1,0,0,0.1465049956980943,0.6664786451780886
SPY,2026-03-31,714.0,0.04,0.05,0.045,0.05,80.0,2351.0,662.2899780273438,0.0410958904109589,0.9275770000382966,-0.0751794690372111,0.2027212135198458,0.0381196027412998,0.1471598121073245,0.22222222222222227,0,0,0,0.1471598121073245,0.7623517764898028
SPY,2026-03-31,719.0,0.02,0.03,0.025,0.05,5.0,520.0,662.2899780273438,0.0410958904109589,0.9211265341131346,-0.0821578644186734,0.2027212135198458,0.0378545151005397,0.1494607890472412,0.3999999999999999,1,0,0,0.1494607890472412,0.6609169318664494
SPY,2026-03-31,720.0,0.02,0.03,0.025,0.03,200.0,5324.0,662.2899780273438,0.0410958904109589,0.919847191704644,-0.0835477187077277,0.2027212135198458,0.0378019393851223,0.1517553286876678,0.3999999999999999,1,0,0,0.1517553286876678,0.6599989916833016
SPY,2026-04-02,580.0,81.61,84.98,83.295,83.24,1055.0,13.0,662.2899780273438,0.0465753424657534,1.1418792724609377,0.1326753897619081,0.2158132119814572,0.0531834181694135,0.2310585668711662,0.040458610961042134,0,0,0,0.2310585668711662,0.8454941799899499
SPY,2026-04-02,585.0,76.85,80.13,78.49,78.23,22.0,18.0,662.2899780273438,0.0465753424657534,1.132119620559562,0.1240916460705168,0.2158132119814572,0.0527288590397604,0.273865177968502,0.04178876289973247,0,0,0,0.273865177968502,0.8516940929213803
SPY,2026-04-02,590.0,71.84,75.34,73.59,74.61,4.0,5.0,662.2899780273438,0.0465753424657534,1.1225253864870233,0.115580956402608,0.2158132119814572,0.0522820043021353,0.2717719827510119,0.04756080989264846,0,0,0,0.2717719827510119,0.8542405961815857
SPY,2026-04-02,600.0,62.42,65.91,64.16499999999999,66.64,3.0,39.0,662.2899780273438,0.0465753424657534,1.103816630045573,0.0987738380862269,0.2158132119814572,0.0514106375637663,0.2876156967137753,0.0543910231434582,0,0,0,0.2876156967137753,0.8630917956388133
SPY,2026-04-02,605.0,57.79,61.28,59.535,71.55,1.0,10.0,662.2899780273438,0.0465753424657534,1.094694178557593,0.0904750352715317,0.2158132119814572,0.0509857562615864,0.2898304853660761,0.05862097925589993,0,0,0,0.2898304853660761,0.8668068126336493
SPY,2026-04-02,610.0,53.2,56.71,54.955,55.22,2.0,10.0,662.2899780273438,0.0465753424657534,1.085721275454662,0.0822445361350163,0.2158132119814572,0.0505678402266554,0.2893614565726816,0.06387043945045943,0,0,0,0.2893614565726816,0.8696580691154625
SPY,2026-04-02,615.0,49.64,51.24,50.44,56.1,8.0,11.0,662.2899780273438,0.0465753424657534,1.0768942732151932,0.0740812254958554,0.2158132119814572,0.0501567195744062,0.287291820083186,0.03172085646312454,0,0,0,0.287291820083186,0.9041080653393097
SPY,2026-04-02,620.0,45.31,46.79,46.05,58.55,7.0,11.0,662.2899780273438,0.0465753424657534,1.0682096419795868,0.065984015263236,0.2158132119814572,0.049752229900419,0.2856703805706798,0.03213897937024966,0,0,0,0.2856703805706798,0.9110893025534568
SPY,2026-04-02,625.0,41.1,42.46,41.78,47.46,3.0,41.0,662.2899780273438,0.0465753424657534,1.05966396484375,0.0579518435659717,0.2158132119814572,0.0493542120612157,0.2836591715147495,0.03255146002872186,0,0,0,0.2836591715147495,0.9180699024646141
SPY,2026-04-02,630.0,37.01,38.23,37.62,37.88,3.0,6.0,662.2899780273438,0.0465753424657534,1.051253933376736,0.0499836739167948,0.2158132119814572,0.0489625119654917,0.280637038218081,0.03242955874534819,0,0,0,0.280637038218081,0.9255237274541612
SPY,2026-04-02,635.0,33.06,34.13,33.595,38.7,5.0,1250.0,662.2899780273438,0.0465753424657534,1.0429763433501476,0.0420784944096815,0.2158132119814572,0.0485769803752123,0.2770299600337297,0.0318499776752493,0,0,0,0.2770299600337297,0.9333931382732035
SPY,2026-04-02,640.0,29.25,30.16,29.705,35.07,9.0,1353.0,662.2899780273438,0.0465753424657534,1.0348280906677243,0.0342353169486556,0.2158132119814572,0.0481974727160309,0.2725580932477564,0.030634573304157555,0,0,0,0.2725580932477564,0.941852087421242
SPY,2026-04-02,645.0,25.6,26.34,25.97,26.9,4.0,2394.0,662.2899780273438,0.0465753424657534,1.026806167484254,0.0264531765066007,0.2158132119814572,0.0478238488965268,0.2673981953753233,0.0284944166345783,0,0,0,0.2673981953753233,0.9511854840999024
SPY,2026-04-02,650.0,22.07,22.73,22.4,24.15,15.0,184.0,662.2899780273438,0.0465753424657534,1.018907658503606,0.0187311304126905,0.2158132119814572,0.0474559731357843,0.261458043160543,0.029464285714285724,0,0,0,0.261458043160543,0.9576559465024608
SPY,2026-04-02,655.0,18.69,19.32,19.005000000000003,19.3,8.0,137.0,662.2899780273438,0.0465753424657534,1.0111297374463264,0.0110682576671213,0.2158132119814572,0.0470937137988699,0.2546236874617487,0.033149171270718175,0,0,0,0.2546236874617487,0.9615806293004932
SPY,2026-04-02,656.0,18.04,18.66,18.35,19.1,11.0,24.0,662.2899780273438,0.0465753424657534,1.0095883811392434,0.0095427043582841,0.2158132119814572,0.0470219246010058,0.2531752280213014,0.03378746594005455,0,0,0,0.2531752280213014,0.9624540731262765
SPY,2026-04-02,657.0,17.4,18.0,17.7,19.87,2.0,182.0,662.2899780273438,0.0465753424657534,1.0080517169365963,0.0080194748177627,0.2158132119814572,0.0469503539395126,0.251638792154491,0.033898305084745846,0,0,0,0.251638792154491,0.9638178914785386
SPY,2026-04-02,658.0,16.76,17.36,17.060000000000002,17.02,2.0,20.0,662.2899780273438,0.0465753424657534,1.0065197234458112,0.006498561977056,0.2158132119814572,0.046879000818024,0.2501012163492292,0.03516998827667044,0,0,0,0.2501012163492292,0.9640990588807468
SPY,2026-04-02,659.0,16.43,16.49,16.46,16.45,39.0,1.0,662.2899780273438,0.0465753424657534,1.0049923794041635,0.004979958799866,0.2158132119814572,0.0468078642462212,0.2490909626605212,0.0036452004860266537,0,0,0,0.2490909626605212,0.9958929092314881
SPY,2026-04-02,660.0,15.81,15.87,15.84,15.84,216.0,306.0,662.2899780273438,0.0465753424657534,1.0034696636777936,0.003463658281902,0.2158132119814572,0.0467369432397876,0.2475380982689708,0.0037878787878787073,0,0,0,0.2475380982689708,0.9972623566905083
SPY,2026-04-02,661.0,15.19,15.25,15.219999999999999,15.2,64.0,160.0,662.2899780273438,0.0465753424657534,1.001951555260732,0.0019496534506869,0.2158132119814572,0.0466662368203628,0.2457974346054941,0.003942181340341688,0,0,0,0.2457974346054941,0.9986198521392852
SPY,2026-04-02,662.0,14.59,14.65,14.620000000000001,14.6,176.0,152.0,662.2899780273438,0.0465753424657534,1.000438033273933,0.0004379373653649,0.2158132119814572,0.0465957440154982,0.2442181951674223,0.004103967168262688,0,0,0,0.2442181951674223,0.9999694778492426
SPY,2026-04-02,663.0,13.99,14.05,14.02,13.99,1033.0,274.0,662.2899780273438,0.0465753424657534,0.9989290769643194,-0.0010714968834892,0.2158132119814572,0.0465254638586121,0.2424446297509968,0.004279600570613445,0,0,0,0.2424446297509968,0.9991613694539163
SPY,2026-04-02,664.0,13.41,13.47,13.440000000000001,13.45,1695.0,186.0,662.2899780273438,0.0465753424657534,0.9974246657038308,-0.0025786561740606,0.2158132119814572,0.0464553953889455,0.2408243525286764,0.0044642857142857505,0,0,0,0.2408243525286764,0.9974731749006426
SPY,2026-04-02,665.0,12.83,12.89,12.86,12.86,1054.0,293.0,662.2899780273438,0.0465753424657534,0.9959247789884867,-0.0040835473534808,0.2158132119814572,0.0463855376515185,0.2390026638282165,0.004665629860031143,0,0,0,0.2390026638282165,0.9957736131324794
SPY,2026-04-02,666.0,12.26,12.32,12.29,12.31,1019.0,450.0,662.2899780273438,0.0465753424657534,0.9944293964374532,-0.0055861772380158,0.2158132119814572,0.0463158896970868,0.237150979100272,0.0048820179007323435,0,0,0,0.237150979100272,0.9940643528528625
SPY,2026-04-02,667.0,11.71,11.77,11.74,11.71,388.0,805.0,662.2899780273438,0.0465753424657534,0.9929384977921196,-0.0070865526132505,0.2158132119814572,0.0462464505820986,0.2354410714232474,0.005110732538330385,0,0,0,0.2354410714232474,0.9923481396158941
SPY,2026-04-02,668.0,11.16,11.22,11.190000000000001,11.16,817.0,1417.0,662.2899780273438,0.0465753424657534,0.9914520629151852,-0.0085846802342724,0.2158132119814572,0.0461772193686524,0.2335172576485872,0.00536193029490621,0,0,0,0.2335172576485872,0.9906150135291597
SPY,2026-04-02,669.0,10.63,10.68,10.655000000000001,10.63,4945.0,3708.0,662.2899780273438,0.0465753424657534,0.9899700717897516,-0.0100805668258552,0.2158132119814572,0.0461081951244541,0.2316392202258557,0.004692632566869913,0,0,0,0.2316392202258557,0.9897932067893149
SPY,2026-04-02,670.0,10.1,10.16,10.129999999999999,10.1,3810.0,17391.0,662.2899780273438,0.0465753424657534,0.9884925045184236,-0.0115742190826384,0.2158132119814572,0.0460393769227758,0.2297145347335561,0.005923000987166881,0,0,0,0.2297145347335561,0.9871070707362881
SPY,2026-04-02,671.0,9.59,9.64,9.615,9.64,749.0,335.0,662.2899780273438,0.0465753424657534,0.98701934132242,-0.0130656436693085,0.2158132119814572,0.045970763842414,0.2277385296592116,0.005200208008320406,0,0,0,0.2277385296592116,0.9863446975119905
SPY,2026-04-02,672.0,9.09,9.14,9.115,9.06,592.0,835.0,662.2899780273438,0.0465753424657534,0.98555056254069,-0.0145548472207763,0.2158132119814572,0.0459023549676485,0.2257963874623924,0.005485463521667659,0,0,0,0.2257963874623924,0.9845975137795897
SPY,2026-04-02,673.0,8.59,8.65,8.620000000000001,8.57,216.0,399.0,662.2899780273438,0.0465753424657534,0.9840861486290398,-0.0160418363423545,0.2158132119814572,0.0458341493882018,0.2237030581344962,0.006960556844547621,0,0,0,0.2237030581344962,0.9816943253566702
SPY,2026-04-02,674.0,8.11,8.17,8.14,8.09,474.0,726.0,662.2899780273438,0.0465753424657534,0.9826260801592636,-0.0175266176099338,0.2158132119814572,0.0457661461991985,0.2216342263074368,0.007371007371007432,0,0,0,0.2216342263074368,0.9798384104075579
SPY,2026-04-02,675.0,7.65,7.7,7.675000000000001,7.68,1759.0,1411.0,662.2899780273438,0.0465753424657534,0.981170337818287,-0.0190091975701566,0.2158132119814572,0.0456983445011256,0.2195865839245319,0.006514657980456002,0,0,0,0.2195865839245319,0.9792192159671472
SPY,2026-04-02,676.0,7.19,7.25,7.220000000000001,7.2,185.0,350.0,662.2899780273438,0.0465753424657534,0.9797189024073132,-0.0204895827405909,0.2158132119814572,0.0456307433997926,0.2174630350518077,0.00831024930747917,0,0,0,0.2174630350518077,0.9760294601634258
SPY,2026-04-02,677.0,6.75,6.81,6.779999999999999,6.73,231.0,1068.0,662.2899780273438,0.0465753424657534,0.9782717548409804,-0.0219677796099017,0.2158132119814572,0.0455633420062922,0.2153522490193918,0.008849557522123836,0,0,0,0.2153522490193918,0.9740667696583842
SPY,2026-04-02,678.0,6.32,6.38,6.35,6.31,80.0,333.0,662.2899780273438,0.0465753424657534,0.9768288761465248,-0.0234437946380223,0.2158132119814572,0.0454961394369614,0.2131542018161118,0.009448818897637734,0,0,0,0.2131542018161118,0.9720526891441001
SPY,2026-04-02,679.0,5.91,5.96,5.9350000000000005,5.92,141.0,468.0,662.2899780273438,0.0465753424657534,0.975390247462951,-0.0249176342563229,0.2158132119814572,0.0454291348133428,0.2109597532420605,0.008424599831507973,0,0,0,0.2109597532420605,0.9716069180721852
SPY,2026-04-02,680.0,5.51,5.56,5.535,5.53,1312.0,1679.0,662.2899780273438,0.0465753424657534,0.9739558500402112,-0.0263893048677791,0.2158132119814572,0.0453623272621468,0.2087656622957587,0.009033423667569977,0,0,0,0.2087656622957587,0.9695927048077336
SPY,2026-04-02,681.0,5.12,5.17,5.145,5.11,55.0,764.0,662.2899780273438,0.0465753424657534,0.9725256652383902,-0.0278588128471391,0.2158132119814572,0.0452957159152126,0.2064661158668398,0.009718172983479071,0,0,0,0.2064661158668398,0.9675123546469684
SPY,2026-04-02,682.0,4.75,4.8,4.775,4.74,165.0,668.0,662.2899780273438,0.0465753424657534,0.9710996745268968,-0.0293261645410889,0.2158132119814572,0.0452292999094718,0.2042615643088668,0.010471204188481638,0,0,0,0.2042615643088668,0.9653737549633254
SPY,2026-04-02,683.0,4.39,4.44,4.415,4.38,98.0,1515.0,662.2899780273438,0.0465753424657534,0.9696778594836658,-0.0307913662684168,0.2158132119814572,0.0451630783869104,0.2019406943253874,0.011325028312570942,0,0,0,0.2019406943253874,0.9631464875395027
SPY,2026-04-02,684.0,4.04,4.09,4.0649999999999995,4.04,138.0,1275.0,662.2899780273438,0.0465753424657534,0.9682602017943622,-0.0322544243201772,0.2158132119814572,0.0450970504945319,0.1994917936076075,0.01230012300122997,0,0,0,0.1994917936076075,0.9608119873811265
SPY,2026-04-02,685.0,3.72,3.76,3.74,3.74,1383.0,3853.0,662.2899780273438,0.0465753424657534,0.9668466832515968,-0.033715344959852,0.2158132119814572,0.0450312153843209,0.1972450419752001,0.010695187165775291,0,0,0,0.1972450419752001,0.9609328384994835
SPY,2026-04-02,686.0,3.4,3.45,3.425,3.43,120.0,814.0,662.2899780273438,0.0465753424657534,0.9654372857541454,-0.0351741344235119,0.2158132119814572,0.0449655722132067,0.1948640458263456,0.01459854014598548,0,0,0,0.1948640458263456,0.9558405599712357
SPY,2026-04-02,687.0,3.1,3.15,3.125,3.13,68.0,700.0,662.2899780273438,0.0465753424657534,0.9640319913061772,-0.036630798919976,0.2158132119814572,0.0449001201430274,0.1924568981483131,0.015999999999999945,0,0,0,0.1924568981483131,0.9531326771893776
SPY,2026-04-02,688.0,2.82,2.87,2.8449999999999998,2.85,151.0,616.0,662.2899780273438,0.0465753424657534,0.962630782016488,-0.0380853446309704,0.2158132119814572,0.0448348583404939,0.1901486792464703,0.017574692442882345,0,0,0,0.1901486792464703,0.9502744850733545
SPY,2026-04-02,689.0,2.56,2.6,2.58,2.58,281.0,745.0,662.2899780273438,0.0465753424657534,0.9612336400977411,-0.0395377777112853,0.2158132119814572,0.044769785977155,0.18782038848719,0.015503875968992262,0,0,0,0.18782038848719,0.9508302649770446
SPY,2026-04-02,690.0,2.31,2.35,2.33,2.34,1645.0,1639.0,662.2899780273438,0.0465753424657534,0.9598405478657156,-0.0409881042889318,0.2158132119814572,0.044704902229362,0.1854723834982216,0.01716738197424894,0,0,0,0.1854723834982216,0.9478994874500517
SPY,2026-04-02,691.0,2.07,2.12,2.0949999999999998,2.11,229.0,497.0,662.2899780273438,0.0465753424657534,0.9584514877385584,-0.0424363304652966,0.2158132119814572,0.0446402062782341,0.183106094790563,0.023866348448687482,0,0,0,0.183106094790563,0.9403347539811757
SPY,2026-04-02,692.0,1.86,1.9,1.88,1.88,88.0,403.0,662.2899780273438,0.0465753424657534,0.957066442236046,-0.0438824623152963,0.2158132119814572,0.044575697309624,0.1808786550566256,0.021276595744680753,0,0,0,0.1808786550566256,0.9413569433402004
SPY,2026-04-02,693.0,1.65,1.69,1.67,1.69,84.0,420.0,662.2899780273438,0.0465753424657534,0.955685393978851,-0.04532650588753,0.2158132119814572,0.0445113745140834,0.1783328372187465,0.023952095808383256,0,0,0,0.1783328372187465,0.9375424273140786
SPY,2026-04-02,694.0,1.47,1.51,1.49,1.49,236.0,717.0,662.2899780273438,0.0465753424657534,0.9543083256878152,-0.0467684672044312,0.2158132119814572,0.0444472370868297,0.1762856418705284,0.02684563758389264,0,0,0,0.1762856418705284,0.9335534135625475
SPY,2026-04-02,695.0,1.3,1.33,1.315,1.31,710.0,1158.0,662.2899780273438,0.0465753424657534,0.9529352201832284,-0.0482083522624189,0.2158132119814572,0.0443832842277119,0.1739251199103296,0.022813688212927778,0,0,0,0.1739251199103296,0.9358849599700997
SPY,2026-04-02,696.0,1.14,1.18,1.16,1.16,152.0,995.0,662.2899780273438,0.0465753424657534,0.9515660603841146,-0.0496461670320463,0.2158132119814572,0.0443195151411779,0.1717933455993682,0.03448275862068969,0,0,0,0.1717933455993682,0.9239985883566222
SPY,2026-04-02,697.0,1.0,1.03,1.0150000000000001,1.0,155.0,628.0,662.2899780273438,0.0465753424657534,0.9502008293075234,-0.0510819174581505,0.2158132119814572,0.0442559290362407,0.169535239285916,0.02955665024630544,0,0,0,0.169535239285916,0.9270876118031751
SPY,2026-04-02,698.0,0.87,0.9,0.885,0.88,66.0,1277.0,662.2899780273438,0.0465753424657534,0.9488395100678276,-0.0525156094599992,0.2158132119814572,0.0441925251264467,0.1673718596225977,0.03389830508474579,0,0,0,0.1673718596225977,0.9218718594905656
SPY,2026-04-02,699.0,0.75,0.79,0.77,0.76,146.0,596.0,662.2899780273438,0.0465753424657534,0.9474820858760282,-0.053947248931437,0.2158132119814572,0.0441293026298423,0.1653534980116784,0.05194805194805199,0,0,0,0.1653534980116784,0.9047577975324737
SPY,2026-04-02,700.0,0.67,0.68,0.675,0.65,1381.0,3725.0,662.2899780273438,0.0465753424657534,0.9461285400390624,-0.0553768417410313,0.2158132119814572,0.0440662607689426,0.1638205266636907,0.014814814814814828,0,0,0,0.1638205266636907,0.9365241166659404
SPY,2026-04-02,701.0,0.56,0.59,0.575,0.62,104.0,669.0,662.2899780273438,0.0465753424657534,0.9447788559591208,-0.0568043937322168,0.2158132119814572,0.0440033987706987,0.1614584847855568,0.05217391304347812,0,0,0,0.1614584847855568,0.9019828004377255
SPY,2026-04-02,702.0,0.48,0.51,0.495,0.54,205.0,774.0,662.2899780273438,0.0465753424657534,0.9434330171329685,-0.0582299107234378,0.2158132119814572,0.0439407158664669,0.1596853664038181,0.06060606060606066,0,0,0,0.1596853664038181,0.8935370964327777
SPY,2026-04-02,703.0,0.41,0.44,0.425,0.42,263.0,596.0,662.2899780273438,0.0465753424657534,0.9420910071512714,-0.0596533985082916,0.2158132119814572,0.043878211291977,0.1580134566751718,0.07058823529411772,0,0,0,0.1580134566751718,0.8839465650731602
SPY,2026-04-02,704.0,0.35,0.37,0.36,0.37,358.0,851.0,662.2899780273438,0.0465753424657534,0.9407528096979316,-0.0610748628556691,0.2158132119814572,0.0438158842873009,0.1561198177418709,0.05555555555555561,0,0,0,0.1561198177418709,0.8952617901541434
SPY,2026-04-02,705.0,0.3,0.32,0.31,0.3,335.0,1500.0,662.2899780273438,0.0465753424657534,0.9394184085494236,-0.0624943095098954,0.2158132119814572,0.0437537340968224,0.1548727697795629,0.06451612903225812,0,0,0,0.1548727697795629,0.8864667308024847
SPY,2026-04-02,706.0,0.25,0.27,0.26,0.31,143.0,760.0,662.2899780273438,0.0465753424657534,0.9380877875741412,-0.0639117441908689,0.2158132119814572,0.0436917599692065,0.1530628157396316,0.07692307692307698,0,0,0,0.1530628157396316,0.8750128275008074
SPY,2026-04-02,707.0,0.21,0.23,0.22,0.23,253.0,2974.0,662.2899780273438,0.0465753424657534,0.936760930731745,-0.0653271725941995,0.2158132119814572,0.0436299611573689,0.1516541200345754,0.090909090909091,0,0,0,0.1516541200345754,0.8625729396257008
SPY,2026-04-02,710.0,0.13,0.14,0.135,0.14,708.0,4983.0,662.2899780273438,0.0465753424657534,0.9328027859540052,-0.0695614767329879,0.2158132119814572,0.0434456092088166,0.148494478868246,0.07407407407407414,0,0,0,0.148494478868246,0.8723910907067863
SPY,2026-04-02,715.0,0.05,0.07,0.060000000000000005,0.06,708.0,2248.0,662.2899780273438,0.0465753424657534,0.9262796895487324,-0.0765790493916344,0.2158132119814572,0.0431417937598039,0.1450984457595348,0.33333333333333337,1,0,0,0.1450984457595348,0.6978450877098964
SPY,2026-04-02,720.0,0.03,0.04,0.035,0.04,575.0,3801.0,662.2899780273438,0.0465753424657534,0.919847191704644,-0.0835477187077277,0.2158132119814572,0.0428421979698053,0.1474351854743957,0.28571428571428575,0,0,0,0.1474351854743957,0.7186655687218171
SPY,2026-04-02,735.0,0.02,0.03,0.025,0.02,88.0,5727.0,662.2899780273438,0.0465753424657534,0.9010748000372024,-0.1041670059104633,0.2158132119814572,0.0419678673989929,0.1738610151362419,0.3999999999999999,1,0,0,0.1738610151362419,0.6465296245060914
QQQ,2026-03-18,565.0,27.53,30.54,29.035,29.37,27.0,55.0,593.719970703125,0.0054794520547945,1.0508318065542035,0.0495820472655235,0.0740233210197603,0.0057579825016668,0.3659514624280929,0.1036679869123471,0,1,0,0.3659514624280929,0.866131763813435
QQQ,2026-03-18,570.0,23.51,26.14,24.825000000000003,25.04,7.0,22.0,593.719970703125,0.0054794520547945,1.041613983689693,0.0407714175833686,0.0740233210197603,0.0057074738832311,0.4463381338785289,0.10594159113796571,0,1,0,0.4463381338785289,0.8720002880248946
QQQ,2026-03-18,575.0,18.57,21.88,20.225,20.55,30.0,73.0,593.719970703125,0.0054794520547945,1.0325564707880437,0.032037737614614,0.0740233210197603,0.0056578436755509,0.4181728028433918,0.16365883807169337,0,1,0,0.4181728028433918,0.836018977405198
QQQ,2026-03-18,580.0,14.37,18.15,16.259999999999998,16.58,3.0,41.0,593.719970703125,0.0054794520547945,1.0236551219019396,0.0233796748714994,0.0740233210197603,0.0056090691611064,0.4251631736478805,0.23247232472324722,0,1,0,0.4251631736478805,0.7962047812438887
QQQ,2026-03-18,584.0,13.18,13.28,13.23,13.55,16.0,52.0,593.719970703125,0.0054794520547945,1.0166437854505566,0.0165067955837375,0.0740233210197603,0.0055706508791811,0.4187029859819413,0.007558578987150389,0,1,0,0.4187029859819413,0.9806555836807406
QQQ,2026-03-18,585.0,12.47,12.57,12.52,12.91,53.0,39.0,593.719970703125,0.0054794520547945,1.0149059328258547,0.014795931180108,0.0740233210197603,0.0055611283990457,0.4174001480907201,0.007987220447284317,0,1,0,0.4174001480907201,0.981917055553964
QQQ,2026-03-18,590.0,9.15,9.23,9.190000000000001,9.57,216.0,83.0,593.719970703125,0.0054794520547945,1.0063050350900424,0.0062852415121994,0.0740233210197603,0.0055140001922741,0.4067159296691716,0.008705114254624599,0,1,0,0.4067159296691716,0.9896047073355535
QQQ,2026-03-18,593.0,7.35,7.43,7.39,7.44,391.0,29.0,593.719970703125,0.0054794520547945,1.001214115856872,0.0012133794142391,0.0740233210197603,0.0054861047444211,0.3974578413054646,0.010825439783491214,0,1,0,0.3974578413054646,0.9925502281581285
QQQ,2026-03-18,594.0,6.79,6.86,6.825,6.9,772.0,27.0,593.719970703125,0.0054794520547945,0.9995285702072813,-0.0004715409506804,0.0740233210197603,0.005476868877848,0.3938493773135841,0.010256410256410298,0,1,0,0.3938493773135841,0.9938462846320361
QQQ,2026-03-18,595.0,6.24,6.32,6.28,6.27,994.0,450.0,593.719970703125,0.0054794520547945,0.9978486902573528,-0.0021536271336652,0.0740233210197603,0.0054676640562046,0.3900705931060315,0.012738853503184724,0,1,0,0.3900705931060315,0.989743915633355
QQQ,2026-03-18,596.0,5.72,5.79,5.755,5.75,589.0,59.0,593.719970703125,0.0054794520547945,0.9961744474884648,-0.0038328886533852,0.0740233210197603,0.0054584901232244,0.3860881398951709,0.012163336229365818,0,1,0,0.3860881398951709,0.9886450968000411
QQQ,2026-03-18,597.0,5.21,5.28,5.245,5.47,1694.0,71.0,593.719970703125,0.0054794520547945,0.9945058135730735,-0.0055093349806376,0.0740233210197603,0.005449346923688,0.3815783645677567,0.013346043851286994,0,1,0,0.3815783645677567,0.9858371292770557
QQQ,2026-03-18,598.0,4.72,4.79,4.755,4.76,1017.0,170.0,593.719970703125,0.0054794520547945,0.9928427603731188,-0.0071829755386672,0.0740233210197603,0.0054402343034143,0.3767865103529692,0.014721345951629923,0,1,0,0.3767865103529692,0.9828546526849213
QQQ,2026-03-18,599.0,4.26,4.33,4.295,4.32,500.0,309.0,593.719970703125,0.0054794520547945,0.9911852599384392,-0.0088538197034848,0.0740233210197603,0.0054311521092517,0.3722652015306353,0.01629802095459844,0,1,0,0.3722652015306353,0.9796915811666853
QQQ,2026-03-18,600.0,3.82,3.88,3.8499999999999996,3.87,2858.0,853.0,593.719970703125,0.0054794520547945,0.9895332845052084,-0.0105218768041817,0.0740233210197603,0.0054221001890696,0.3670888974851966,0.0155844155844156,0,1,0,0.3670888974851966,0.9787459996503064
QQQ,2026-03-18,601.0,3.4,3.46,3.4299999999999997,3.45,1226.0,248.0,593.719970703125,0.0054794520547945,0.9878868064943844,-0.0121871561232431,0.0740233210197603,0.00541307839175,0.361811027158916,0.01749271137026241,0,1,0,0.361811027158916,0.9752848980430837
QQQ,2026-03-18,602.0,3.01,3.06,3.035,3.26,984.0,210.0,593.719970703125,0.0054794520547945,0.9862457985101744,-0.0138496668968564,0.0740233210197603,0.005404086567179,0.3563998510890305,0.01647446457990124,0,1,0,0.3563998510890305,0.9746401859679312
QQQ,2026-03-18,603.0,2.64,2.69,2.665,2.75,792.0,433.0,593.719970703125,0.0054794520547945,0.9846102333385156,-0.0155094183152209,0.0740233210197603,0.0053951245662384,0.3508237192197144,0.018761726078799182,0,1,0,0.3508237192197144,0.9708392935950362
QQQ,2026-03-18,604.0,2.3,2.35,2.325,2.35,538.0,92.0,593.719970703125,0.0054794520547945,0.9829800839455712,-0.0171664195228503,0.0740233210197603,0.0053861922407976,0.3454039600838422,0.021505376344086134,0,1,0,0.3454039600838422,0.9666286941542803
QQQ,2026-03-18,605.0,2.0,2.03,2.0149999999999997,2.01,2982.0,470.0,593.719970703125,0.0054794520547945,0.9813553234762395,-0.0188206796188769,0.0740233210197603,0.0053772894437054,0.3401665016932487,0.014888337468982535,0,1,0,0.3401665016932487,0.9713229311799173
QQQ,2026-03-18,606.0,1.69,1.74,1.7149999999999999,1.76,313.0,371.0,593.719970703125,0.0054794520547945,0.9797359252526816,-0.0204722076573499,0.0740233210197603,0.0053684160287817,0.3335832900815009,0.029154518950437348,0,1,0,0.3335832900815009,0.9562777890576705
QQQ,2026-03-18,607.0,1.43,1.47,1.45,1.48,733.0,722.0,593.719970703125,0.0054794520547945,0.9781218627728584,-0.0221210126475337,0.0740233210197603,0.0053595718508101,0.3275168505676984,0.027586206896551748,0,1,0,0.3275168505676984,0.9561594486390141
QQQ,2026-03-18,608.0,1.19,1.24,1.2149999999999999,1.22,577.0,363.0,593.719970703125,0.0054794520547945,0.9765131097090872,-0.0237671035542024,0.0740233210197603,0.0053507567655292,0.3216773258609174,0.04115226337448564,0,1,0,0.3216773258609174,0.942148696146325
QQQ,2026-03-18,609.0,0.98,1.02,1.0,1.1,613.0,189.0,593.719970703125,0.0054794520547945,0.9749096399066092,-0.0254104892979325,0.0740233210197603,0.0053419706296252,0.3151956805300117,0.040000000000000036,0,1,0,0.3151956805300117,0.9416437893713915
QQQ,2026-03-18,610.0,0.81,0.84,0.825,0.89,1867.0,1140.0,593.719970703125,0.0054794520547945,0.973311427382172,-0.0270511787553924,0.0740233210197603,0.0053332133007242,0.3102090980056523,0.036363636363636265,0,1,0,0.3102090980056523,0.9433987079089606
QQQ,2026-03-18,611.0,0.65,0.68,0.665,0.68,754.0,638.0,593.719970703125,0.0054794520547945,0.9717184463226268,-0.0286891807596308,0.0740233210197603,0.0053244846373842,0.3042810604308842,0.04511278195488726,0,1,0,0.3042810604308842,0.9339699618272108
QQQ,2026-03-18,612.0,0.51,0.54,0.525,0.52,398.0,482.0,593.719970703125,0.0054794520547945,0.9701306710835376,-0.0303245041003615,0.0740233210197603,0.0053157844990878,0.2979353136447667,0.05714285714285719,0,1,0,0.2979353136447667,0.9218328416034827
QQQ,2026-03-18,613.0,0.39,0.43,0.41000000000000003,0.4,690.0,400.0,593.719970703125,0.0054794520547945,0.968548076187806,-0.0319571575242468,0.0740233210197603,0.0053071127462345,0.2920666422764062,0.09756097560975605,0,1,0,0.2920666422764062,0.8864375540288871
QQQ,2026-03-18,614.0,0.3,0.33,0.315,0.33,389.0,249.0,593.719970703125,0.0054794520547945,0.9669706363243078,-0.0335871497351779,0.0740233210197603,0.0052984692401331,0.2863102660213708,0.09523809523809532,0,1,0,0.2863102660213708,0.8868708199377962
QQQ,2026-03-18,615.0,0.23,0.26,0.245,0.25,1224.0,2878.0,593.719970703125,0.0054794520547945,0.9653983263465448,-0.0352144893945533,0.0740233210197603,0.0052898538429947,0.2823216437318325,0.12244897959183673,0,1,0,0.2823216437318325,0.8639638140835764
QQQ,2026-03-18,616.0,0.17,0.19,0.18,0.21,726.0,269.0,593.719970703125,0.0054794520547945,0.9638311212713068,-0.0368391851215553,0.0740233210197603,0.0052812664179249,0.2762054939608575,0.11111111111111106,0,1,0,0.2762054939608575,0.8713629210919448
QQQ,2026-03-18,617.0,0.12,0.15,0.135,0.14,819.0,714.0,593.719970703125,0.0054794520547945,0.96226899627735,-0.0384612454934233,0.0740233210197603,0.0052727068289169,0.2721564325816631,0.2222222222222222,0,1,0,0.2721564325816631,0.7908642395648123
QQQ,2026-03-18,618.0,0.1,0.11,0.10500000000000001,0.11,625.0,596.0,593.719970703125,0.0054794520547945,0.9607119267040858,-0.0400806790457262,0.0740233210197603,0.0052641749408442,0.2704026260983944,0.09523809523809518,0,1,0,0.2704026260983944,0.881130555731079
QQQ,2026-03-18,619.0,0.06,0.09,0.075,0.08,504.0,593.0,593.719970703125,0.0054794520547945,0.9591598880502828,-0.0416974942726315,0.0740233210197603,0.0052556706194535,0.2656998211932182,0.4,1,1,0,0.2656998211932182,0.6882062202126293
QQQ,2026-03-18,620.0,0.06,0.07,0.065,0.07,764.0,1469.0,593.719970703125,0.0054794520547945,0.9576128559727822,-0.0433116996271727,0.0740233210197603,0.0052471937313576,0.2689184709382057,0.15384615384615397,0,1,0,0.2689184709382057,0.8336767350184342
QQQ,2026-03-18,622.0,0.03,0.04,0.035,0.04,383.0,866.0,593.719970703125,0.0054794520547945,0.9545337149567926,-0.0465323143272149,0.0740233210197603,0.0052303217257906,0.2637800754342079,0.28571428571428575,0,1,0,0.2637800754342079,0.7457657329499556
QQQ,2026-03-18,624.0,0.02,0.03,0.025,0.03,379.0,411.0,593.719970703125,0.0054794520547945,0.9514743120242388,-0.0497425899574631,0.0740233210197603,0.0052135578741053,0.2687654062614441,0.3999999999999999,1,1,0,0.2687654062614441,0.682691747294259
QQQ,2026-03-19,570.0,23.75,26.91,25.33,38.16,2.0,35.0,593.719970703125,0.0082191780821917,1.041613983689693,0.0407714175833686,0.0906596827823244,0.0085612108248467,0.407550722243309,0.124753257007501,0,1,0,0.407550722243309,0.8574159532347857
QQQ,2026-03-19,575.0,20.27,22.74,21.505,21.7,18.0,53.0,593.719970703125,0.0082191780821917,1.0325564707880437,0.032037737614614,0.0906596827823244,0.0084867655133263,0.4311126688876152,0.11485700999767491,0,1,0,0.4311126688876152,0.872614930102334
QQQ,2026-03-19,580.0,15.32,19.12,17.22,18.7,4.0,23.0,593.719970703125,0.0082191780821917,1.0236551219019396,0.0233796748714994,0.0906596827823244,0.0084136037416596,0.4022462980566323,0.2206736353077817,0,1,0,0.4022462980566323,0.8039006736210816
QQQ,2026-03-19,588.0,11.49,11.58,11.535,12.97,11.0,26.0,593.719970703125,0.0082191780821917,1.0097278413318451,0.0096808305133377,0.0906596827823244,0.0082991329424534,0.3863849709272086,0.00780234070221065,0,1,0,0.3863849709272086,0.9871335825135781
QQQ,2026-03-19,590.0,10.22,10.3,10.260000000000002,10.82,244.0,102.0,593.719970703125,0.0082191780821917,1.0063050350900424,0.0062852415121994,0.0906596827823244,0.0082710002884112,0.3815222170110941,0.007797270955165698,0,1,0,0.3815222170110941,0.9904961624213726
QQQ,2026-03-19,593.0,8.42,8.5,8.46,8.79,457.0,34.0,593.719970703125,0.0082191780821917,1.001214115856872,0.0012133794142391,0.0906596827823244,0.0082291571166317,0.3730501944406628,0.009456264775413718,0,1,0,0.3730501944406628,0.9938964726801318
QQQ,2026-03-19,594.0,7.85,7.93,7.89,8.13,332.0,21.0,593.719970703125,0.0082191780821917,0.9995285702072813,-0.0004715409506804,0.0906596827823244,0.008215303316772,0.3698352997870445,0.010139416983523457,0,1,0,0.3698352997870445,0.9939613908516635
QQQ,2026-03-19,595.0,7.29,7.37,7.33,7.48,689.0,209.0,593.719970703125,0.0082191780821917,0.9978486902573528,-0.0021536271336652,0.0906596827823244,0.0082014960843069,0.3661571877909601,0.010914051841746257,0,1,0,0.3661571877909601,0.9915305030671292
QQQ,2026-03-19,596.0,6.76,6.84,6.8,7.01,201.0,25.0,593.719970703125,0.0082191780821917,0.9961744474884648,-0.0038328886533852,0.0906596827823244,0.0081877351848366,0.3629255740400553,0.011764705882352951,0,1,0,0.3629255740400553,0.9890346181341207
QQQ,2026-03-19,597.0,6.24,6.32,6.28,6.36,193.0,66.0,593.719970703125,0.0082191780821917,0.9945058135730735,-0.0055093349806376,0.0906596827823244,0.008174020385532,0.3591845195600688,0.012738853503184724,0,1,0,0.3591845195600688,0.9864281906228578
QQQ,2026-03-19,598.0,5.74,5.82,5.78,5.93,523.0,382.0,593.719970703125,0.0082191780821917,0.9928427603731188,-0.0071829755386672,0.0906596827823244,0.0081603514551214,0.3553773933533727,0.013840830449827002,0,1,0,0.3553773933533727,0.9837082568520807
QQQ,2026-03-19,599.0,5.26,5.33,5.295,5.33,328.0,676.0,593.719970703125,0.0082191780821917,0.9911852599384392,-0.0088538197034848,0.0906596827823244,0.0081467281638775,0.3512413390241266,0.013220018885741319,0,1,0,0.3512413390241266,0.9826677291478406
QQQ,2026-03-19,600.0,4.8,4.87,4.835,4.83,951.0,299.0,593.719970703125,0.0082191780821917,0.9895332845052084,-0.0105218768041817,0.0906596827823244,0.0081331502836043,0.3472309908488095,0.014477766287487133,0,1,0,0.3472309908488095,0.9798136707303227
QQQ,2026-03-19,601.0,4.36,4.42,4.390000000000001,4.5,407.0,159.0,593.719970703125,0.0082191780821917,0.9878868064943844,-0.0121871561232431,0.0906596827823244,0.0081196175876249,0.3428367292844653,0.01366742596810925,0,1,0,0.3428367292844653,0.9789653389725743
QQQ,2026-03-19,602.0,3.94,4.0,3.9699999999999998,4.15,172.0,452.0,593.719970703125,0.0082191780821917,0.9862457985101744,-0.0138496668968564,0.0906596827823244,0.0081061298507684,0.3385267784620523,0.0151133501259446,0,1,0,0.3385267784620523,0.9759470319909528
QQQ,2026-03-19,603.0,3.53,3.6,3.565,3.62,244.0,318.0,593.719970703125,0.0082191780821917,0.9846102333385156,-0.0155094183152209,0.0906596827823244,0.0080926868493575,0.3337684518487751,0.019635343618513403,0,1,0,0.3337684518487751,0.9700074842227573
QQQ,2026-03-19,604.0,3.16,3.21,3.185,3.24,277.0,241.0,593.719970703125,0.0082191780821917,0.9829800839455712,-0.0171664195228503,0.0906596827823244,0.0080792883611963,0.3290490172532498,0.0156985871271585,0,1,0,0.3290490172532498,0.972154948841573
QQQ,2026-03-19,605.0,2.8,2.86,2.83,2.87,1397.0,529.0,593.719970703125,0.0082191780821917,0.9813553234762395,-0.0188206796188769,0.0906596827823244,0.008065934165558,0.3243624844106733,0.021201413427561856,0,1,0,0.3243624844106733,0.9653182044294254
QQQ,2026-03-19,606.0,2.46,2.52,2.49,2.53,173.0,160.0,593.719970703125,0.0082191780821917,0.9797359252526816,-0.0204722076573499,0.0906596827823244,0.0080526240431726,0.3191211815217732,0.024096385542168693,0,1,0,0.3191211815217732,0.9610009583810903
QQQ,2026-03-19,607.0,2.15,2.21,2.1799999999999997,2.25,327.0,191.0,593.719970703125,0.0082191780821917,0.9781218627728584,-0.0221210126475337,0.0906596827823244,0.0080393577762151,0.3141701829584836,0.027522935779816543,0,1,0,0.3141701829584836,0.9562183254523542
QQQ,2026-03-19,608.0,1.87,1.92,1.895,1.89,379.0,182.0,593.719970703125,0.0082191780821917,0.9765131097090872,-0.0237671035542024,0.0906596827823244,0.0080261351482937,0.3092381386659145,0.02638522427440624,0,1,0,0.3092381386659145,0.9557037886252888
QQQ,2026-03-19,609.0,1.6,1.65,1.625,1.83,113.0,320.0,593.719970703125,0.0082191780821917,0.9749096399066092,-0.0254104892979325,0.0906596827823244,0.0080129559444378,0.3036507415224909,0.03076923076923066,0,1,0,0.3036507415224909,0.9500764203209863
QQQ,2026-03-19,610.0,1.36,1.41,1.385,1.5,1543.0,1382.0,593.719970703125,0.0082191780821917,0.973311427382172,-0.0270511787553924,0.0906596827823244,0.0079998199510862,0.2984160547469555,0.03610108303249085,0,1,0,0.2984160547469555,0.9436377699825517
QQQ,2026-03-19,611.0,1.14,1.19,1.165,1.34,176.0,197.0,593.719970703125,0.0082191780821917,0.9717184463226268,-0.0286891807596308,0.0906596827823244,0.0079867269560763,0.2928510987448095,0.04291845493562235,0,1,0,0.2928510987448095,0.9359350584392424
QQQ,2026-03-19,612.0,0.95,1.0,0.975,1.05,194.0,333.0,593.719970703125,0.0082191780821917,0.9701306710835376,-0.0303245041003615,0.0906596827823244,0.0079736767486317,0.2878151635910272,0.05128205128205133,0,1,0,0.2878151635910272,0.9269719793963941
QQQ,2026-03-19,613.0,0.78,0.82,0.8,0.86,284.0,552.0,593.719970703125,0.0082191780821917,0.968548076187806,-0.0319571575242468,0.0906596827823244,0.0079606691193517,0.2820848941617011,0.049999999999999906,0,1,0,0.2820848941617011,0.9265897777305441
QQQ,2026-03-19,614.0,0.63,0.67,0.65,0.8,201.0,438.0,593.719970703125,0.0082191780821917,0.9669706363243078,-0.0335871497351779,0.0906596827823244,0.0079477038601997,0.2766303557271957,0.06153846153846159,0,1,0,0.2766303557271957,0.9150254491421707
QQQ,2026-03-19,615.0,0.5,0.54,0.52,0.57,919.0,2710.0,593.719970703125,0.0082191780821917,0.9653983263465448,-0.0352144893945533,0.0906596827823244,0.007934780764492,0.271089986632824,0.07692307692307698,0,1,0,0.271089986632824,0.900487065699354
QQQ,2026-03-19,616.0,0.4,0.43,0.41500000000000004,0.4,418.0,355.0,593.719970703125,0.0082191780821917,0.9638311212713068,-0.0368391851215553,0.0906596827823244,0.0079218996268873,0.2663460545364619,0.07228915662650595,0,1,0,0.2663460545364619,0.9029103926420902
QQQ,2026-03-19,617.0,0.31,0.34,0.325,0.38,271.0,313.0,593.719970703125,0.0082191780821917,0.96226899627735,-0.0384612454934233,0.0906596827823244,0.0079090602433754,0.261371452541709,0.09230769230769238,0,1,0,0.261371452541709,0.8849263400451342
QQQ,2026-03-19,618.0,0.23,0.27,0.25,0.24,714.0,1533.0,593.719970703125,0.0082191780821917,0.9607119267040858,-0.0400806790457262,0.0906596827823244,0.0078962624112663,0.256340345362544,0.16000000000000003,0,1,0,0.256340345362544,0.8319377168232683
QQQ,2026-03-19,619.0,0.18,0.21,0.195,0.27,449.0,899.0,593.719970703125,0.0082191780821917,0.9591598880502828,-0.0416974942726315,0.0906596827823244,0.0078835059291803,0.2527744390728474,0.15384615384615383,0,1,0,0.2527744390728474,0.8350235471913237
QQQ,2026-03-19,620.0,0.13,0.16,0.14500000000000002,0.16,1528.0,1231.0,593.719970703125,0.0082191780821917,0.9576128559727822,-0.0433116996271727,0.0906596827823244,0.0078707905970364,0.2478094930273295,0.2068965517241379,0,1,0,0.2478094930273295,0.7970316038088329
QQQ,2026-03-19,621.0,0.1,0.13,0.115,0.12,316.0,619.0,593.719970703125,0.0082191780821917,0.9560708062852254,-0.0449233035215142,0.0906596827823244,0.0078581162160428,0.246119701911211,0.2608695652173913,0,1,0,0.246119701911211,0.7616851985137478
QQQ,2026-03-19,622.0,0.07,0.1,0.085,0.08,223.0,326.0,593.719970703125,0.0082191780821917,0.9545337149567926,-0.0465323143272149,0.0906596827823244,0.0078454825886858,0.2422229899532795,0.3529411764705882,1,1,0,0.2422229899532795,0.7087090505673492
QQQ,2026-03-19,623.0,0.05,0.08,0.065,0.11,172.0,456.0,593.719970703125,0.0082191780821917,0.9530015581109552,-0.0481387403754885,0.0906596827823244,0.0078328895187201,0.2400650641131401,0.4615384615384615,1,1,0,0.2400650641131401,0.6549965055057397
QQQ,2026-03-19,624.0,0.04,0.06,0.05,0.08,482.0,639.0,593.719970703125,0.0082191780821917,0.9514743120242388,-0.0497425899574631,0.0906596827823244,0.007820336811158,0.2384557392406463,0.3999999999999999,1,1,0,0.2384557392406463,0.682691747294259
QQQ,2026-03-19,626.0,0.03,0.04,0.035,0.04,4828.0,341.0,593.719970703125,0.0082191780821917,0.9484344579922124,-0.0529425926881339,0.0906596827823244,0.0077953517095249,0.2408361095409393,0.28571428571428575,0,1,0,0.2408361095409393,0.7410004567010742
QQQ,2026-03-20,545.0,47.15,50.98,49.065,50.14,10.0,1521.0,593.719970703125,0.010958904109589,1.0893944416571102,0.0856219837487205,0.1046847845180425,0.0119385692236395,0.3830253264420032,0.07805971670233361,0,1,0,0.3830253264420032,0.8553180705244793
QQQ,2026-03-20,550.0,42.35,46.18,44.265,44.28,16.0,4501.0,593.719970703125,0.010958904109589,1.0794908558238636,0.0764895001854479,0.1046847845180425,0.0118300367761518,0.4036590170738697,0.08652434203094993,0,1,0,0.4036590170738697,0.8564404925367995
QQQ,2026-03-20,555.0,38.45,41.45,39.95,39.7,49.0,1086.0,593.719970703125,0.010958904109589,1.0697657129786036,0.0674396646655299,0.1046847845180425,0.0117234598682586,0.4619163986442685,0.0750938673341677,0,1,0,0.4619163986442685,0.8734148310349756
QQQ,2026-03-20,560.0,34.25,35.24,34.745000000000005,35.01,66.0,9872.0,593.719970703125,0.010958904109589,1.0602142333984377,0.0584709946827695,0.1046847845180425,0.0116187861194348,0.3920661559479236,0.028493308389696412,0,1,0,0.3920661559479236,0.9212139802932182
QQQ,2026-03-20,565.0,29.64,32.01,30.825,32.03,9.0,7520.0,593.719970703125,0.010958904109589,1.0508318065542035,0.0495820472655235,0.1046847845180425,0.0115159650033336,0.4397989104799628,0.07688564476885637,0,1,0,0.4397989104799628,0.8876726185480857
QQQ,2026-03-20,570.0,24.98,26.63,25.805,26.2,130.0,19835.0,593.719970703125,0.010958904109589,1.041613983689693,0.0407714175833686,0.1046847845180425,0.0114149477664623,0.3840049582546651,0.06394109668668857,0,1,0,0.3840049582546651,0.9064236629398752
QQQ,2026-03-20,575.0,21.26,22.36,21.810000000000002,22.02,172.0,6663.0,593.719970703125,0.010958904109589,1.0325564707880437,0.032037737614614,0.1046847845180425,0.0113156873511018,0.3882069949036837,0.050435580009170006,0,1,0,0.3882069949036837,0.9261309216551153
QQQ,2026-03-20,578.0,17.82,21.6,19.71,19.68,1.0,140.0,593.719970703125,0.010958904109589,1.027197181147275,0.026833909739587,0.1046847845180425,0.0112569554098331,0.397649529779166,0.19178082191780826,0,1,0,0.397649529779166,0.8205506795996939
QQQ,2026-03-20,579.0,17.02,20.84,18.93,19.3,18.0,27.0,593.719970703125,0.010958904109589,1.0254230927515111,0.0251053008389693,0.1046847845180425,0.011237513345222,0.3951624075956643,0.20179609086106712,0,1,0,0.3951624075956643,0.8151203585835483
QQQ,2026-03-20,580.0,17.51,19.74,18.625,18.62,2228.0,8731.0,593.719970703125,0.010958904109589,1.0236551219019396,0.0233796748714994,0.1046847845180425,0.0112181383222129,0.4148463283319473,0.1197315436241609,0,1,0,0.4148463283319473,0.87637109384211
QQQ,2026-03-20,581.0,15.53,19.36,17.445,22.0,1.0,25.0,593.719970703125,0.010958904109589,1.0218932370105422,0.0216570215600533,0.1046847845180425,0.011198829994636,0.3920926204013824,0.21954714817999427,0,1,0,0.3920926204013824,0.8060305469377225
QQQ,2026-03-20,582.0,16.62,16.73,16.675,17.03,35.0,23.0,593.719970703125,0.010958904109589,1.0201374067064004,0.0199373306805267,0.1046847845180425,0.0111795880187002,0.3883881333587765,0.006596701649175378,0,1,0,0.3883881333587765,0.9782310536275612
QQQ,2026-03-20,583.0,15.91,16.02,15.965,16.53,90.0,11.0,593.719970703125,0.010958904109589,1.0183875998338336,0.0182205920614721,0.1046847845180425,0.0111604120529734,0.3868713446664512,0.006890072032571214,0,1,0,0.3868713446664512,0.9796263530631312
QQQ,2026-03-20,584.0,15.21,15.31,15.260000000000002,15.63,67.0,6.0,593.719970703125,0.010958904109589,1.0166437854505566,0.0165067955837375,0.1046847845180425,0.0111413017583622,0.3849548175571858,0.006553079947575337,0,1,0,0.3849548175571858,0.9816352123433406
QQQ,2026-03-20,585.0,14.52,14.62,14.57,15.14,599.0,5398.0,593.719970703125,0.010958904109589,1.0149059328258547,0.014795931180108,0.1046847845180425,0.0111222567980915,0.3830788811974823,0.006863417982155089,0,1,0,0.3830788811974823,0.9830130143383197
QQQ,2026-03-20,586.0,13.84,13.94,13.89,14.5,71.0,253.0,593.719970703125,0.010958904109589,1.01317401143878,0.0130879888349519,0.1046847845180425,0.0111032768376852,0.3810090211906433,0.007199424046076288,0,1,0,0.3810090211906433,0.9843648805151684
QQQ,2026-03-20,587.0,13.17,13.27,13.219999999999999,13.23,114.0,176.0,593.719970703125,0.010958904109589,1.011447990976363,0.0113829585838681,0.1046847845180425,0.0110843615449464,0.3787367438776196,0.007564296520423575,0,1,0,0.3787367438776196,0.9856876045571262
QQQ,2026-03-20,588.0,12.52,12.61,12.565,13.2,135.0,146.0,593.719970703125,0.010958904109589,1.0097278413318451,0.0096808305133377,0.1046847845180425,0.0110655105899379,0.3764620525772869,0.00716275368085952,0,1,0,0.3764620525772869,0.9877604502421633
QQQ,2026-03-20,589.0,11.87,11.97,11.92,12.1,196.0,102.0,593.719970703125,0.010958904109589,1.0080135326029287,0.0079815947603778,0.1046847845180425,0.0110467236449635,0.3739608040976822,0.008389261744966563,0,1,0,0.3739608040976822,0.9882368545723534
QQQ,2026-03-20,590.0,11.25,11.33,11.29,11.25,2007.0,16074.0,593.719970703125,0.010958904109589,1.0063050350900424,0.0062852415121994,0.1046847845180425,0.0110280003845483,0.3714281737830638,0.0070859167404783065,0,1,0,0.3714281737830638,0.9911957984782948
QQQ,2026-03-20,591.0,10.63,10.72,10.675,11.26,462.0,407.0,593.719970703125,0.010958904109589,1.0046023192946278,0.0045917610058664,0.1046847845180425,0.0110093404854205,0.3688479789777697,0.008430913348946122,0,1,0,0.3688479789777697,0.9915515414215251
QQQ,2026-03-20,592.0,10.03,10.11,10.07,10.07,1466.0,141.0,593.719970703125,0.010958904109589,1.0029053559174408,0.0029011435279587,0.1046847845180425,0.0109907436264924,0.3660019773477017,0.007944389275074485,0,1,0,0.3660019773477017,0.9937087148598241
QQQ,2026-03-20,593.0,9.44,9.52,9.48,9.46,1730.0,214.0,593.719970703125,0.010958904109589,1.001214115856872,0.0012133794142391,0.1046847845180425,0.0109722094888423,0.3630795327861905,0.008438818565400852,0,1,0,0.3630795327861905,0.9948992466517965
QQQ,2026-03-20,594.0,8.86,8.95,8.905,8.97,2021.0,475.0,593.719970703125,0.010958904109589,0.9995285702072813,-0.0004715409506804,0.1046847845180425,0.0109537377556961,0.3600645520445109,0.01010668163952834,0,1,0,0.3600645520445109,0.9939936029621649
QQQ,2026-03-20,595.0,8.3,8.39,8.345,8.39,6596.0,7068.0,593.719970703125,0.010958904109589,0.9978486902573528,-0.0021536271336652,0.1046847845180425,0.0109353281124093,0.3569409418739377,0.010784901138406213,0,1,0,0.3569409418739377,0.9916571935842808
QQQ,2026-03-20,596.0,7.76,7.84,7.8,8.38,3113.0,1156.0,593.719970703125,0.010958904109589,0.9961744474884648,-0.0038328886533852,0.1046847845180425,0.0109169802464488,0.3536921619910598,0.010256410256410265,0,1,0,0.3536921619910598,0.9905112299856199
QQQ,2026-03-20,597.0,7.23,7.32,7.275,7.24,1185.0,2458.0,593.719970703125,0.010958904109589,0.9945058135730735,-0.0055093349806376,0.1046847845180425,0.0108986938473761,0.350504178825587,0.012371134020618537,0,1,0,0.350504178825587,0.9867864869547613
QQQ,2026-03-20,598.0,6.72,6.8,6.76,6.79,2144.0,4082.0,593.719970703125,0.010958904109589,0.9928427603731188,-0.0071829755386672,0.1046847845180425,0.0108804686068286,0.3469537846395224,0.011834319526627229,0,1,0,0.3469537846395224,0.9856589925847239
QQQ,2026-03-20,599.0,6.23,6.31,6.27,6.38,1732.0,2057.0,593.719970703125,0.010958904109589,0.9911852599384392,-0.0088538197034848,0.1046847845180425,0.0108623042185034,0.3436364743391574,0.012759170653907366,0,1,0,0.3436364743391574,0.9831148845018284
QQQ,2026-03-20,600.0,5.75,5.83,5.79,5.8,16020.0,43289.0,593.719970703125,0.010958904109589,0.9895332845052084,-0.0105218768041817,0.1046847845180425,0.0108442003781392,0.3399188444767594,0.013816925734024191,0,1,0,0.3399188444767594,0.9804523467989701
QQQ,2026-03-20,601.0,5.29,5.37,5.33,5.33,1647.0,2313.0,593.719970703125,0.010958904109589,0.9878868064943844,-0.0121871561232431,0.1046847845180425,0.0108261567835,0.3361951349426209,0.015009380863039413,0,1,0,0.3361951349426209,0.9776710382957825
QQQ,2026-03-20,602.0,4.85,4.92,4.885,4.87,2656.0,2646.0,593.719970703125,0.010958904109589,0.9862457985101744,-0.0138496668968564,0.1046847845180425,0.010808173134358,0.3322358381285369,0.014329580348004153,0,1,0,0.3322358381285369,0.9767011436755225
QQQ,2026-03-20,603.0,4.43,4.49,4.46,4.46,1895.0,3179.0,593.719970703125,0.010958904109589,0.9846102333385156,-0.0155094183152209,0.1046847845180425,0.0107902491324768,0.3282347882747053,0.01345291479820639,0,1,0,0.3282347882747053,0.975924880224886
QQQ,2026-03-20,604.0,4.02,4.09,4.055,4.09,1718.0,3238.0,593.719970703125,0.010958904109589,0.9829800839455712,-0.0171664195228503,0.1046847845180425,0.0107723844815952,0.3241773226433992,0.017262638717632624,0,1,0,0.3241773226433992,0.9706602507802741
QQQ,2026-03-20,605.0,3.64,3.7,3.67,3.68,7960.0,17633.0,593.719970703125,0.010958904109589,0.9813553234762395,-0.0188206796188769,0.1046847845180425,0.0107545788874108,0.3200490467177034,0.01634877384196187,0,1,0,0.3200490467177034,0.9699271944258484
QQQ,2026-03-20,606.0,3.27,3.33,3.3,3.3,1781.0,5661.0,593.719970703125,0.010958904109589,0.9797359252526816,-0.0204722076573499,0.1046847845180425,0.0107368320575635,0.3155959553885757,0.0181818181818182,0,1,0,0.3155959553885757,0.9665833649809804
QQQ,2026-03-20,607.0,2.92,2.98,2.95,3.06,2012.0,5222.0,593.719970703125,0.010958904109589,0.9781218627728584,-0.0221210126475337,0.1046847845180425,0.0107191437016203,0.3110259197853803,0.020338983050847474,0,1,0,0.3110259197853803,0.962950820596354
QQQ,2026-03-20,608.0,2.6,2.65,2.625,2.67,1766.0,6658.0,593.719970703125,0.010958904109589,0.9765131097090872,-0.0237671035542024,0.1046847845180425,0.0107015135310584,0.3065804280459284,0.01904761904761898,0,1,0,0.3065804280459284,0.9625852895322151
QQQ,2026-03-20,609.0,2.3,2.35,2.325,2.49,1672.0,2766.0,593.719970703125,0.010958904109589,0.9749096399066092,-0.0254104892979325,0.1046847845180425,0.0106839412592504,0.3022773615576922,0.021505376344086134,0,1,0,0.3022773615576922,0.9586924979789576
QQQ,2026-03-20,610.0,2.01,2.06,2.035,2.03,16055.0,35796.0,593.719970703125,0.010958904109589,0.973311427382172,-0.0270511787553924,0.1046847845180425,0.0106664266014484,0.2972856828379033,0.0245700245700247,0,1,0,0.2972856828379033,0.9542579736115095
QQQ,2026-03-20,611.0,1.75,1.79,1.77,1.78,1408.0,3187.0,593.719970703125,0.010958904109589,0.9717184463226268,-0.0286891807596308,0.1046847845180425,0.0106489692747684,0.2924085344048738,0.022598870056497196,0,1,0,0.2924085344048738,0.9545325871654912
QQQ,2026-03-20,612.0,1.5,1.55,1.525,1.57,1727.0,3986.0,593.719970703125,0.010958904109589,0.9701306710835376,-0.0303245041003615,0.1046847845180425,0.0106315689981757,0.2873607975353597,0.03278688524590167,0,1,0,0.2873607975353597,0.9435722102036556
QQQ,2026-03-20,613.0,1.3,1.33,1.315,1.37,1597.0,3025.0,593.719970703125,0.010958904109589,0.968548076187806,-0.0319571575242468,0.1046847845180425,0.010614225492469,0.2831833477941154,0.022813688212927778,0,1,0,0.2831833477941154,0.9512184651311886
QQQ,2026-03-20,614.0,1.09,1.12,1.105,1.11,1429.0,3653.0,593.719970703125,0.010958904109589,0.9669706363243078,-0.0335871497351779,0.1046847845180425,0.0105969384802663,0.2774765029823781,0.02714932126696835,0,1,0,0.2774765029823781,0.945660662417415
QQQ,2026-03-20,615.0,0.91,0.95,0.9299999999999999,0.94,14453.0,28872.0,593.719970703125,0.010958904109589,0.9653983263465448,-0.0352144893945533,0.1046847845180425,0.0105797076859894,0.2727797777489423,0.04301075268817196,0,1,0,0.2727797777489423,0.9297653921812523
QQQ,2026-03-20,616.0,0.75,0.79,0.77,0.78,2091.0,2759.0,593.719970703125,0.010958904109589,0.9638311212713068,-0.0368391851215553,0.1046847845180425,0.0105625328358498,0.2676431703836918,0.05194805194805199,0,1,0,0.2676431703836918,0.9203696148707786
QQQ,2026-03-20,617.0,0.62,0.66,0.64,0.64,1583.0,3409.0,593.719970703125,0.010958904109589,0.96226899627735,-0.0384612454934233,0.1046847845180425,0.0105454136578339,0.2635531606271862,0.06250000000000006,0,1,0,0.2635531606271862,0.909752327865405
QQQ,2026-03-20,618.0,0.5,0.54,0.52,0.54,1706.0,3465.0,593.719970703125,0.010958904109589,0.9607119267040858,-0.0400806790457262,0.1046847845180425,0.0105283498816885,0.2587196427795887,0.07692307692307698,0,1,0,0.2587196427795887,0.8961157692639203
QQQ,2026-03-20,619.0,0.4,0.43,0.41500000000000004,0.42,1847.0,1999.0,593.719970703125,0.010958904109589,0.9591598880502828,-0.0416974942726315,0.1046847845180425,0.0105113412389071,0.2536348914380074,0.07228915662650595,0,1,0,0.2536348914380074,0.8985344133562644
QQQ,2026-03-20,620.0,0.33,0.35,0.33999999999999997,0.34,17075.0,41592.0,593.719970703125,0.010958904109589,0.9576128559727822,-0.0433116996271727,0.1046847845180425,0.0104943874627153,0.2506572827961446,0.0588235294117646,0,1,0,0.2506572827961446,0.9084938779047043
QQQ,2026-03-20,621.0,0.26,0.28,0.27,0.28,1458.0,3733.0,593.719970703125,0.010958904109589,0.9560708062852254,-0.0449233035215142,0.1046847845180425,0.0104774882880572,0.2466611503238678,0.07407407407407414,0,1,0,0.2466611503238678,0.894152189559617
QQQ,2026-03-20,622.0,0.19,0.22,0.20500000000000002,0.22,1672.0,6917.0,593.719970703125,0.010958904109589,0.9545337149567926,-0.0465323143272149,0.1046847845180425,0.0104606434515812,0.2413214103969335,0.14634146341463414,0,1,0,0.2413214103969335,0.8364363387797376
QQQ,2026-03-20,623.0,0.15,0.16,0.155,0.17,4094.0,2514.0,593.719970703125,0.010958904109589,0.9530015581109552,-0.0481387403754885,0.1046847845180425,0.0104438526916268,0.2366250427912473,0.06451612903225812,0,1,0,0.2366250427912473,0.8992842464869014
QQQ,2026-03-20,624.0,0.12,0.14,0.13,0.13,1745.0,2428.0,593.719970703125,0.010958904109589,0.9514743120242388,-0.0497425899574631,0.1046847845180425,0.0104271157482107,0.2364254865070581,0.15384615384615397,0,1,0,0.2364254865070581,0.8283326533837008
QQQ,2026-03-20,625.0,0.1,0.11,0.10500000000000001,0.1,8909.0,31399.0,593.719970703125,0.010958904109589,0.949951953125,-0.0513438713244369,0.1046847845180425,0.0104104323630136,0.2350189365684986,0.09523809523809518,0,1,0,0.2350189365684986,0.871261893506891
QQQ,2026-03-20,626.0,0.07,0.1,0.085,0.08,1007.0,2551.0,593.719970703125,0.010958904109589,0.9484344579922124,-0.0529425926881339,0.1046847845180425,0.0103938022793666,0.233929602443695,0.3529411764705882,1,1,0,0.233929602443695,0.7041805582314558
QQQ,2026-03-20,627.0,0.06,0.07,0.065,0.07,1507.0,3320.0,593.719970703125,0.010958904109589,0.9469218033542663,-0.0545387622209561,0.1046847845180425,0.0103772252422384,0.2312531163668632,0.15384615384615397,0,1,0,0.2312531163668632,0.8243693392526783
QQQ,2026-03-20,628.0,0.05,0.06,0.055,0.06,3224.0,5892.0,593.719970703125,0.010958904109589,0.9454139660877786,-0.0561323880562342,0.1046847845180425,0.0103607009982221,0.2319497752227783,0.18181818181818174,0,1,0,0.2319497752227783,0.8035760184712041
QQQ,2026-03-27,525.0,67.46,71.28,69.37,69.47,10.0,27.0,593.719970703125,0.0301369863013698,1.1308951822916666,0.1230095158203407,0.1736000757527766,0.034081772617009,0.2988862458305358,0.055067031858152045,0,0,0,0.2988862458305358,0.8418858580642475
QQQ,2026-03-27,530.0,62.68,66.49,64.585,76.51,1.0,13.0,593.719970703125,0.0301369863013698,1.120226359817217,0.113530771865797,0.1736000757527766,0.0337602464602448,0.3334012575570344,0.05899202601223187,0,0,0,0.3334012575570344,0.8467537783547424
QQQ,2026-03-27,535.0,57.92,61.75,59.835,67.5,7.0,9.0,593.719970703125,0.0301369863013698,1.1097569545852803,0.1041410315159579,0.1736000757527766,0.0334447301381864,0.3448478489334582,0.06400935907077794,0,0,0,0.3448478489334582,0.8507114880136984
QQQ,2026-03-27,540.0,53.26,57.07,55.165,60.22,5.0,19.0,593.719970703125,0.0301369863013698,1.0994814272280091,0.0948386388536445,0.1736000757527766,0.033135056710981,0.3517321831102371,0.06906553068068526,0,0,0,0.3517321831102371,0.8546009994130952
QQQ,2026-03-27,545.0,49.07,52.47,50.769999999999996,55.7,1.0,32.0,593.719970703125,0.0301369863013698,1.0893944416571102,0.0856219837487205,0.1736000757527766,0.0328310653650087,0.3678265047184229,0.06696868229269251,0,0,0,0.3678265047184229,0.864209017661738
QQQ,2026-03-27,550.0,44.44,47.94,46.19,52.25,2.0,53.0,593.719970703125,0.0301369863013698,1.0794908558238636,0.0764895001854479,0.1736000757527766,0.0325326011344177,0.3619298489786685,0.07577397705130981,0,0,0,0.3619298489786685,0.8649990262757823
QQQ,2026-03-27,555.0,39.83,43.52,41.675,47.66,2.0,231.0,593.719970703125,0.0301369863013698,1.0697657129786036,0.0674396646655299,0.1736000757527766,0.0322395146377112,0.3542665121566654,0.08854229154169178,0,0,0,0.3542665121566654,0.86262420466412
QQQ,2026-03-27,560.0,35.43,39.21,37.32,38.85,2.0,270.0,593.719970703125,0.0301369863013698,1.0602142333984377,0.0584709946827695,0.1736000757527766,0.031951661828446,0.348559756751865,0.10128617363344054,0,0,0,0.348559756751865,0.8603235353447489
QQQ,2026-03-27,565.0,31.19,35.03,33.11,33.13,7.0,171.0,593.719970703125,0.0301369863013698,1.0508318065542035,0.0495820472655235,0.1736000757527766,0.0316689037591677,0.3427840238948911,0.11597704620960435,0,0,0,0.3427840238948911,0.8565784604760336
QQQ,2026-03-27,570.0,27.41,30.51,28.96,29.44,19.0,107.0,593.719970703125,0.0301369863013698,1.041613983689693,0.0407714175833686,0.1736000757527766,0.0313911063577715,0.3334270961619317,0.10704419889502767,0,0,0,0.3334270961619317,0.8711317822482542
QQQ,2026-03-27,575.0,23.77,27.11,25.439999999999998,25.5,14.0,51.0,593.719970703125,0.0301369863013698,1.0325564707880437,0.032037737614614,0.1736000757527766,0.03111814021553,0.3373432094252705,0.13128930817610063,0,0,0,0.3373432094252705,0.8599399506583
QQQ,2026-03-27,580.0,21.4,23.15,22.275,21.5,29.0,59.0,593.719970703125,0.0301369863013698,1.0236551219019396,0.0233796748714994,0.1736000757527766,0.0308498803860857,0.3432703976341338,0.07856341189674523,0,0,0,0.3432703976341338,0.9098216635864924
QQQ,2026-03-27,585.0,16.17,19.97,18.07,18.45,14.0,75.0,593.719970703125,0.0301369863013698,1.0149059328258547,0.014795931180108,0.1736000757527766,0.0305862061947517,0.3151565649949164,0.21029330381848352,0,0,0,0.3151565649949164,0.8177851107784558
QQQ,2026-03-27,588.0,15.27,16.87,16.07,16.28,1.0,20.0,593.719970703125,0.0301369863013698,1.0097278413318451,0.0096808305133377,0.1736000757527766,0.0304301541223295,0.3090360789874791,0.09956440572495341,0,0,0,0.3090360789874791,0.9047542189100222
QQQ,2026-03-27,589.0,15.31,15.5,15.405000000000001,15.68,4.0,32.0,593.719970703125,0.0301369863013698,1.0080135326029287,0.0079815947603778,0.1736000757527766,0.0303784900236498,0.3064863719478249,0.012333657903278124,0,0,0,0.3064863719478249,0.9843863477535338
QQQ,2026-03-27,590.0,14.69,14.87,14.78,14.95,150.0,633.0,593.719970703125,0.0301369863013698,1.0063050350900424,0.0062852415121994,0.1736000757527766,0.030327001057508,0.3046438737826943,0.012178619756427585,0,0,0,0.3046438737826943,0.9862086689995854
QQQ,2026-03-27,591.0,14.12,14.22,14.17,14.23,10.0,25.0,593.719970703125,0.0301369863013698,1.0046023192946278,0.0045917610058664,0.1736000757527766,0.0302756863349065,0.3028773715143202,0.007057163020465873,0,0,0,0.3028773715143202,0.9929041401674071
QQQ,2026-03-27,592.0,13.51,13.61,13.559999999999999,14.51,34.0,34.0,593.719970703125,0.0301369863013698,1.0029053559174408,0.0029011435279587,0.1736000757527766,0.0302245449728543,0.3008134570688157,0.007374631268436553,0,0,0,0.3008134570688157,0.9942707436016484
QQQ,2026-03-27,593.0,12.95,13.01,12.98,13.0,146.0,221.0,593.719970703125,0.0301369863013698,1.001214115856872,0.0012133794142391,0.1736000757527766,0.0301735760943166,0.2991806628752648,0.004622496147919915,0,0,0,0.2991806628752648,0.9986786327522377
QQQ,2026-03-27,594.0,12.32,12.42,12.370000000000001,12.4,146.0,76.0,593.719970703125,0.0301369863013698,0.9995285702072813,-0.0004715409506804,0.1736000757527766,0.0301227788281645,0.2965103458771109,0.008084074373484207,0,0,0,0.2965103458771109,0.995987939282776
QQQ,2026-03-27,595.0,11.74,11.84,11.79,11.8,646.0,281.0,593.719970703125,0.0301369863013698,0.9978486902573528,-0.0021536271336652,0.1736000757527766,0.0300721523091256,0.2942592580082415,0.008481764206955017,0,0,0,0.2942592580082415,0.9939219071239245
QQQ,2026-03-27,596.0,11.17,11.28,11.225,11.67,396.0,61.0,593.719970703125,0.0301369863013698,0.9961744474884648,-0.0038328886533852,0.1736000757527766,0.0300216956777344,0.292055198188424,0.009799554565701508,0,0,0,0.292055198188424,0.9909593592109537
QQQ,2026-03-27,597.0,10.62,10.72,10.67,10.85,179.0,121.0,593.719970703125,0.0301369863013698,0.9945058135730735,-0.0055093349806376,0.1736000757527766,0.0299714080802843,0.289770225090295,0.009372071227741464,0,0,0,0.289770225090295,0.9897184430905599
QQQ,2026-03-27,598.0,10.07,10.17,10.120000000000001,10.25,240.0,422.0,593.719970703125,0.0301369863013698,0.9928427603731188,-0.0071829755386672,0.1736000757527766,0.0299212886687788,0.2872755480205863,0.00988142292490115,0,0,0,0.2872755480205863,0.9875650481407362
QQQ,2026-03-27,599.0,9.54,9.64,9.59,10.13,1010.0,106.0,593.719970703125,0.0301369863013698,0.9911852599384392,-0.0088538197034848,0.1736000757527766,0.0298713366008844,0.2849306275709568,0.010427528675704007,0,0,0,0.2849306275709568,0.9853835003788178
QQQ,2026-03-27,600.0,9.02,9.12,9.07,9.11,1455.0,1068.0,593.719970703125,0.0301369863013698,0.9895332845052084,-0.0105218768041817,0.1736000757527766,0.0298215510398829,0.2824844984682351,0.011025358324145496,0,0,0,0.2824844984682351,0.9831594983018759
QQQ,2026-03-27,601.0,8.51,8.61,8.559999999999999,8.97,176.0,276.0,593.719970703125,0.0301369863013698,0.9878868064943844,-0.0121871561232431,0.1736000757527766,0.0297719311546252,0.2799293823088705,0.011682242990654165,0,0,0,0.2799293823088705,0.980886322898023
QQQ,2026-03-27,602.0,8.02,8.11,8.065,8.06,498.0,894.0,593.719970703125,0.0301369863013698,0.9862457985101744,-0.0138496668968564,0.1736000757527766,0.0297224761194846,0.2773816869253069,0.011159330440173573,0,0,0,0.2773816869253069,0.979763358123336
QQQ,2026-03-27,603.0,7.53,7.63,7.58,7.84,102.0,460.0,593.719970703125,0.0301369863013698,0.9846102333385156,-0.0155094183152209,0.1736000757527766,0.0296731851143113,0.2747090900502503,0.01319261213720312,0,0,0,0.2747090900502503,0.9761756083097721
QQQ,2026-03-27,604.0,7.07,7.16,7.115,7.23,168.0,426.0,593.719970703125,0.0301369863013698,0.9829800839455712,-0.0171664195228503,0.1736000757527766,0.029624057324387,0.2721572372440994,0.012649332396345728,0,0,0,0.2721572372440994,0.9750822682817818
QQQ,2026-03-27,605.0,6.63,6.7,6.665,6.71,1516.0,2325.0,593.719970703125,0.0301369863013698,0.9813553234762395,-0.0188206796188769,0.1736000757527766,0.0295750919403797,0.2695952367505579,0.010502625656414147,0,0,0,0.2695952367505579,0.9755385980618584
QQQ,2026-03-27,606.0,6.17,6.26,6.215,6.27,130.0,326.0,593.719970703125,0.0301369863013698,0.9797359252526816,-0.0204722076573499,0.1736000757527766,0.0295262881582999,0.2666230819318741,0.014481094127111804,0,0,0,0.2666230819318741,0.9701093629817041
QQQ,2026-03-27,607.0,5.75,5.83,5.79,6.17,557.0,878.0,593.719970703125,0.0301369863013698,0.9781218627728584,-0.0221210126475337,0.1736000757527766,0.0294776451794559,0.2638838768884838,0.013816925734024191,0,0,0,0.2638838768884838,0.9691456475772355
QQQ,2026-03-27,608.0,5.33,5.42,5.375,5.66,2904.0,686.0,593.719970703125,0.0301369863013698,0.9765131097090872,-0.0237671035542024,0.1736000757527766,0.0294291622104107,0.2609758268438876,0.0167441860465116,0,0,0,0.2609758268438876,0.9647660256039998
QQQ,2026-03-27,609.0,4.94,5.02,4.98,5.37,424.0,934.0,593.719970703125,0.0301369863013698,0.9749096399066092,-0.0254104892979325,0.1736000757527766,0.0293808384629388,0.2581620564147383,0.016064257028112285,0,0,0,0.2581620564147383,0.9638263861486782
QQQ,2026-03-27,610.0,4.6,4.64,4.619999999999999,4.68,1359.0,4588.0,593.719970703125,0.0301369863013698,0.973311427382172,-0.0270511787553924,0.1736000757527766,0.0293326731539832,0.2558720765281171,0.008658008658008667,0,0,0,0.2558720765281171,0.9693118054652581
QQQ,2026-03-27,611.0,4.19,4.27,4.23,4.26,183.0,349.0,593.719970703125,0.0301369863013698,0.9717184463226268,-0.0286891807596308,0.1736000757527766,0.0292846655056133,0.2522426913128942,0.01891252955082723,0,0,0,0.2522426913128942,0.9579860064119904
QQQ,2026-03-27,612.0,3.84,3.92,3.88,3.99,180.0,863.0,593.719970703125,0.0301369863013698,0.9701306710835376,-0.0303245041003615,0.1736000757527766,0.0292368147449832,0.2492647250432819,0.020618556701030948,0,0,0,0.2492647250432819,0.9548219533953535
QQQ,2026-03-27,613.0,3.51,3.59,3.55,3.7,122.0,612.0,593.719970703125,0.0301369863013698,0.968548076187806,-0.0319571575242468,0.1736000757527766,0.0291891201042899,0.2463731705786288,0.022535211267605656,0,0,0,0.2463731705786288,0.9514775196943809
QQQ,2026-03-27,614.0,3.19,3.27,3.23,3.36,168.0,318.0,593.719970703125,0.0301369863013698,0.9669706363243078,-0.0335871497351779,0.1736000757527766,0.0291415808207325,0.2432542095687985,0.02476780185758516,0,0,0,0.2432542095687985,0.9478583399968188
QQQ,2026-03-27,615.0,2.9,2.97,2.935,2.95,965.0,3171.0,593.719970703125,0.0301369863013698,0.9653983263465448,-0.0352144893945533,0.1736000757527766,0.0290941961364711,0.2403836210309565,0.023850085178875734,0,0,0,0.2403836210309565,0.9471653277764358
QQQ,2026-03-27,616.0,2.61,2.68,2.645,2.72,164.0,1214.0,593.719970703125,0.0301369863013698,0.9638311212713068,-0.0368391851215553,0.1736000757527766,0.0290469652985872,0.2370972008274495,0.02646502835538763,0,0,0,0.2370972008274495,0.9432187134389991
QQQ,2026-03-27,617.0,2.35,2.42,2.385,2.49,218.0,403.0,593.719970703125,0.0301369863013698,0.96226899627735,-0.0384612454934233,0.1736000757527766,0.0289998875590433,0.2342527191153169,0.02935010482180287,0,0,0,0.2342527191153169,0.9390506143916204
QQQ,2026-03-27,618.0,2.1,2.17,2.135,2.39,500.0,759.0,593.719970703125,0.0301369863013698,0.9607119267040858,-0.0400806790457262,0.1736000757527766,0.0289529621746436,0.23115566280514,0.032786885245901565,0,0,0,0.23115566280514,0.9344113149589598
QQQ,2026-03-27,619.0,1.87,1.94,1.905,2.17,190.0,372.0,593.719970703125,0.0301369863013698,0.9591598880502828,-0.0416974942726315,0.1736000757527766,0.0289061884069947,0.2281772047973722,0.0367454068241469,0,0,0,0.2281772047973722,0.9293397414213078
QQQ,2026-03-27,620.0,1.66,1.72,1.69,1.7,1657.0,2190.0,593.719970703125,0.0301369863013698,0.9576128559727822,-0.0433116996271727,0.1736000757527766,0.0288595655224673,0.2251354913814216,0.03550295857988169,0,0,0,0.2251354913814216,0.9289540761633983
QQQ,2026-03-27,621.0,1.47,1.52,1.495,1.52,211.0,636.0,593.719970703125,0.0301369863013698,0.9560708062852254,-0.0449233035215142,0.1736000757527766,0.0288130927921574,0.2222600301654935,0.03344481605351173,0,0,0,0.2222600301654935,0.9293052421996212
QQQ,2026-03-27,622.0,1.29,1.34,1.315,1.35,462.0,734.0,593.719970703125,0.0301369863013698,0.9545337149567926,-0.0465323143272149,0.1736000757527766,0.0287667694918484,0.2193607420007586,0.03802281368821296,0,0,0,0.2193607420007586,0.9237192516444506
QQQ,2026-03-27,623.0,1.13,1.18,1.1549999999999998,1.23,660.0,664.0,593.719970703125,0.0301369863013698,0.9530015581109552,-0.0481387403754885,0.1736000757527766,0.0287205949019739,0.2167151013173162,0.04329004329004334,0,0,0,0.2167151013173162,0.9175804860085194
QQQ,2026-03-27,624.0,0.99,1.03,1.01,1.03,516.0,778.0,593.719970703125,0.0301369863013698,0.9514743120242388,-0.0497425899574631,0.1736000757527766,0.0286745683075797,0.2141299891304671,0.03960396039603964,0,0,0,0.2141299891304671,0.919358219689602
QQQ,2026-03-27,625.0,0.86,0.9,0.88,0.88,3626.0,2009.0,593.719970703125,0.0301369863013698,0.949951953125,-0.0513438713244369,0.1736000757527766,0.0286286889982876,0.2116527911170124,0.0454545454545455,0,0,0,0.2116527911170124,0.9127505551024572
QQQ,2026-03-27,626.0,0.74,0.78,0.76,0.81,253.0,450.0,593.719970703125,0.0301369863013698,0.9484344579922124,-0.0529425926881339,0.1736000757527766,0.0285829562682584,0.2090211873227357,0.05263157894736847,0,0,0,0.2090211873227357,0.9050791292563123
QQQ,2026-03-27,627.0,0.64,0.68,0.66,0.77,326.0,586.0,593.719970703125,0.0301369863013698,0.9469218033542663,-0.0545387622209561,0.1736000757527766,0.0285373694161559,0.2069535624893307,0.060606060606060656,0,0,0,0.2069535624893307,0.8968413690770898
QQQ,2026-03-27,628.0,0.55,0.59,0.5700000000000001,0.58,138.0,850.0,593.719970703125,0.0301369863013698,0.9454139660877786,-0.0561323880562342,0.1736000757527766,0.028491927745111,0.20487833806625,0.07017543859649109,0,0,0,0.20487833806625,0.8874066016202121
QQQ,2026-03-27,629.0,0.47,0.51,0.49,0.54,103.0,1179.0,593.719970703125,0.0301369863013698,0.9439109232164148,-0.057723478288476,0.1736000757527766,0.0284466305626864,0.202845671345353,0.08163265306122457,0,0,0,0.202845671345353,0.8766108531474627
QQQ,2026-03-27,630.0,0.41,0.44,0.425,0.42,2610.0,3158.0,593.719970703125,0.0301369863013698,0.9424126519097222,-0.0593120409736138,0.1736000757527766,0.0284014771808408,0.2014017493069768,0.07058823529411772,0,0,0,0.2014017493069768,0.884248358400183
QQQ,2026-03-27,635.0,0.19,0.22,0.20500000000000002,0.2,1487.0,3507.0,593.719970703125,0.0301369863013698,0.9349920798474408,-0.0672172204807271,0.1736000757527766,0.0281778435022515,0.195856194610238,0.14634146341463414,0,0,0,0.195856194610238,0.8193124452299162
QQQ,2026-03-27,640.0,0.1,0.13,0.115,0.11,805.0,4431.0,593.719970703125,0.0301369863013698,0.9276874542236327,-0.0750603979417529,0.1736000757527766,0.0279577040998902,0.1971711918449401,0.2608695652173913,0,0,0,0.1971711918449401,0.7390726691828711
QQQ,2026-03-27,650.0,0.05,0.07,0.060000000000000005,0.05,141.0,4123.0,593.719970703125,0.0301369863013698,0.9134153395432691,-0.0905645844777182,0.1736000757527766,0.0275275855752765,0.2135154952499866,0.33333333333333337,1,0,0,0.2135154952499866,0.6881532812726129
QQQ,2026-03-31,510.0,96.83,100.7,98.765,116.22,1.0,284.0,593.719970703125,0.0410958904109589,1.1641568053002451,0.1519970526935931,0.2027212135198458,0.0478420604917908,0.9967157961834072,0.0391839214296563,0,0,1,0.9967157961834072,0.8303318961262451
QQQ,2026-03-31,515.0,77.73,81.36,79.545,91.4,7.0,165.0,593.719970703125,0.0410958904109589,1.1528543120449029,0.1422408777482283,0.2027212135198458,0.0473775744675987,0.2835998053083419,0.0456345464831227,0,0,1,0.2835998053083419,0.8332997840186215
QQQ,2026-03-31,520.0,72.91,76.55,74.72999999999999,81.36,11.0,567.0,593.719970703125,0.0410958904109589,1.1417691744290863,0.1325789668364914,0.2027212135198458,0.0469220208669487,0.3173090817153454,0.048708684597885736,0,0,0,0.3173090817153454,0.8389236596494292
QQQ,2026-03-31,525.0,68.13,71.79,69.96000000000001,88.7,2.0,207.0,593.719970703125,0.0410958904109589,1.1308951822916666,0.1230095158203407,0.2027212135198458,0.0464751444777397,0.3309557990063428,0.05231560891938265,0,0,0,0.3309557990063428,0.8440870836681159
QQQ,2026-03-31,530.0,63.25,67.08,65.16499999999999,67.44,1.0,1945.0,593.719970703125,0.0410958904109589,1.120226359817217,0.113530771865797,0.2027212135198458,0.0460366997185157,0.3307158307864665,0.05877388168495356,0,0,0,0.3307158307864665,0.8469282391499556
QQQ,2026-03-31,535.0,59.03,62.42,60.725,68.02,1.0,725.0,593.719970703125,0.0410958904109589,1.1097569545852803,0.1041410315159579,0.2027212135198458,0.0456064501884361,0.3508520612188577,0.055825442568958425,0,0,0,0.3508520612188577,0.857305524778055
QQQ,2026-03-31,540.0,55.0,57.83,56.415,58.0,8.0,828.0,593.719970703125,0.0410958904109589,1.0994814272280091,0.0948386388536445,0.2027212135198458,0.0451841682422469,0.3649231038345695,0.05016396348488874,0,0,0,0.3649231038345695,0.869982691013327
QQQ,2026-03-31,545.0,49.77,53.32,51.545,69.3,4.0,1524.0,593.719970703125,0.0410958904109589,1.0893944416571102,0.0856219837487205,0.2027212135198458,0.0447696345886483,0.3445123941044807,0.06887185954020753,0,0,0,0.3445123941044807,0.8626702523506007
QQQ,2026-03-31,550.0,45.23,48.9,47.065,48.51,2.0,1916.0,593.719970703125,0.0410958904109589,1.0794908558238636,0.0764895001854479,0.2027212135198458,0.0443626379105697,0.3397841976290942,0.07797726548390528,0,0,0,0.3397841976290942,0.8632310461802613
QQQ,2026-03-31,555.0,40.73,44.57,42.65,43.12,8.0,445.0,593.719970703125,0.0410958904109589,1.0697657129786036,0.0674396646655299,0.2027212135198458,0.04396297450597,0.3334016151847838,0.09003516998827675,0,0,0,0.3334016151847838,0.8614427812402692
QQQ,2026-03-31,560.0,36.52,40.36,38.44,38.92,6.0,819.0,593.719970703125,0.0410958904109589,1.0602142333984377,0.0584709946827695,0.2027212135198458,0.0435704479478809,0.3298356194881498,0.09989594172736724,0,0,0,0.3298356194881498,0.8614109556933535
QQQ,2026-03-31,561.0,49.49,52.05,50.769999999999996,74.25,1.0,3.0,593.719970703125,0.0410958904109589,1.0583243684547683,0.0566868728892682,0.2027212135198458,0.0434927822652644,0.6686103515672832,0.050423478432144876,0,0,0,0.6686103515672832,0.9035920569023783
QQQ,2026-03-31,563.0,34.07,37.89,35.980000000000004,49.67,1.0,18.0,593.719970703125,0.0410958904109589,1.0545647792240231,0.0531281502722741,0.2027212135198458,0.0433382785982475,0.3274587360584139,0.10617009449694274,0,0,0,0.3274587360584139,0.8611135941666574
QQQ,2026-03-31,564.0,33.24,37.04,35.14,41.44,1.0,4.0,593.719970703125,0.0410958904109589,1.0526949835161792,0.0513535269139057,0.2027212135198458,0.043261437678747,0.3256930384524762,0.10813887307911205,0,0,0,0.3256930384524762,0.8611104855016215
QQQ,2026-03-31,565.0,33.33,36.27,34.8,39.0,2.0,2120.0,593.719970703125,0.0410958904109589,1.0508318065542035,0.0495820472655235,0.2027212135198458,0.0431848687625015,0.3380497924512326,0.0844827586206898,0,0,0,0.3380497924512326,0.8814542163718796
QQQ,2026-03-31,566.0,31.63,35.44,33.535,48.04,1.0,4.0,593.719970703125,0.0410958904109589,1.0489752132564043,0.0478137002087815,0.2027212135198458,0.0431085704077974,0.3238157609887123,0.11361264350678393,0,0,0,0.3238157609887123,0.8599164197002234
QQQ,2026-03-31,567.0,30.86,34.64,32.75,45.08,1.0,1.0,593.719970703125,0.0410958904109589,1.0471251687885803,0.0460484746842125,0.2027212135198458,0.0430325411830923,0.3230763656167388,0.11541984732824431,0,0,0,0.3230763656167388,0.8600400080772381
QQQ,2026-03-31,568.0,30.55,33.85,32.2,43.22,2.0,16.0,593.719970703125,0.0410958904109589,1.0452816385618398,0.0442863596908131,0.2027212135198458,0.0429567796669249,0.3285100722348392,0.10248447204968945,0,0,0,0.3285100722348392,0.8716654211804835
QQQ,2026-03-31,570.0,29.35,32.29,30.82,30.8,5.0,7459.0,593.719970703125,0.0410958904109589,1.041613983689693,0.0407714175833686,0.2027212135198458,0.0428060541242339,0.3307831542102992,0.09539260220635944,0,0,0,0.3307831542102992,0.8803979359259338
QQQ,2026-03-31,571.0,40.88,43.27,42.075,63.33,5.0,7.0,593.719970703125,0.0410958904109589,1.039789791073774,0.0390185687559543,0.2027212135198458,0.0427310873044016,0.6117882642658052,0.05680332739156269,0,0,0,0.6117882642658052,0.9141467084173087
QQQ,2026-03-31,572.0,27.25,30.75,29.0,34.26,1.0,9.0,593.719970703125,0.0410958904109589,1.037971976753715,0.0372687870321665,0.2027212135198458,0.042656382606317,0.3209277828015536,0.1206896551724138,0,0,0,0.3209277828015536,0.8635443147719697
QQQ,2026-03-31,573.0,26.43,29.99,28.21,32.37,2.0,5.0,593.719970703125,0.0410958904109589,1.0361605073352966,0.0355220616972249,0.2027212135198458,0.0425819386576149,0.3188710656145065,0.12619638426090035,0,0,0,0.3188710656145065,0.8608241786822749
QQQ,2026-03-31,574.0,25.62,29.24,27.43,37.56,2.0,5.0,593.719970703125,0.0410958904109589,1.034355349657012,0.033778382092398,0.2027212135198458,0.0425077540954936,0.3168936523808986,0.13197229310973377,0,0,0,0.3168936523808986,0.8579264533205622
QQQ,2026-03-31,575.0,25.63,28.49,27.06,27.14,5.0,1509.0,593.719970703125,0.0410958904109589,1.0325564707880437,0.032037737614614,0.2027212135198458,0.0424338275666319,0.3246749616567492,0.10569105691056908,0,0,0,0.3246749616567492,0.8798487296907782
QQQ,2026-03-31,577.0,23.23,27.02,25.125,40.3,1.0,1.0,593.719970703125,0.0410958904109589,1.0289774188962304,0.0285655119038648,0.2027212135198458,0.0422867432423108,0.3107650303421616,0.15084577114427858,0,0,0,0.3107650303421616,0.8482671533123374
QQQ,2026-03-31,578.0,22.47,26.29,24.38,37.5,1.0,1.0,593.719970703125,0.0410958904109589,1.027197181147275,0.026833909739587,0.2027212135198458,0.0422135827868743,0.3089173465746639,0.15668580803937657,0,0,0,0.3089173465746639,0.8454470147050068
QQQ,2026-03-31,579.0,23.16,24.0,23.58,24.0,200.0,4.0,593.719970703125,0.0410958904109589,1.0254230927515111,0.0251053008389693,0.2027212135198458,0.0421406750445826,0.3056103627755641,0.035623409669211195,0,0,0,0.3056103627755641,0.9459118550051672
QQQ,2026-03-31,580.0,22.1,23.91,23.005000000000003,23.37,18.0,1043.0,593.719970703125,0.0410958904109589,1.0236551219019396,0.0233796748714994,0.2027212135198458,0.0420680187082988,0.3072930013366938,0.07867854814170826,0,0,0,0.3072930013366938,0.9097245508274487
QQQ,2026-03-31,581.0,20.34,24.16,22.25,22.7,8.0,28.0,593.719970703125,0.0410958904109589,1.0218932370105422,0.0216570215600533,0.2027212135198458,0.0419956124798852,0.3046358271583318,0.17168539325842697,0,0,0,0.3046358271583318,0.8389557986467546
QQQ,2026-03-31,582.0,19.65,23.46,21.555,31.84,4.0,2.0,593.719970703125,0.0410958904109589,1.0201374067064004,0.0199373306805267,0.2027212135198458,0.041923455070126,0.3031436700772493,0.1767571329157969,0,0,0,0.3031436700772493,0.8367777211534099
QQQ,2026-03-31,583.0,18.99,22.75,20.869999999999997,22.62,1.0,144.0,593.719970703125,0.0410958904109589,1.0183875998338336,0.0182205920614721,0.2027212135198458,0.0418515451986507,0.3016689473489522,0.18016291327264025,0,0,0,0.3016689473489522,0.8357965142841846
QQQ,2026-03-31,584.0,18.26,22.07,20.165,33.61,14.0,19.0,593.719970703125,0.0410958904109589,1.0166437854505566,0.0165067955837375,0.2027212135198458,0.0417798815938584,0.2995479018704742,0.1889412348127944,0,0,0,0.2995479018704742,0.8310485980619206
QQQ,2026-03-31,585.0,17.58,21.4,19.49,19.89,4.0,294.0,593.719970703125,0.0410958904109589,1.0149059328258547,0.014795931180108,0.2027212135198458,0.0417084629928433,0.2978816247788816,0.1959979476654695,0,0,0,0.2978816247788816,0.8275598176983378
QQQ,2026-03-31,586.0,18.04,19.58,18.81,31.59,4.0,28.0,593.719970703125,0.0410958904109589,1.01317401143878,0.0130879888349519,0.2027212135198458,0.0416372881413197,0.2958977742457837,0.08187134502923972,0,0,0,0.2958977742457837,0.9164229603283063
QQQ,2026-03-31,587.0,17.39,18.92,18.155,19.29,1.0,23.0,593.719970703125,0.0410958904109589,1.011447990976363,0.0113829585838681,0.2027212135198458,0.0415663557935491,0.2942425836144238,0.084274304599284,0,0,0,0.2942425836144238,0.9159523873818437
QQQ,2026-03-31,588.0,16.74,18.27,17.505,18.64,1.0,107.0,593.719970703125,0.0410958904109589,1.0097278413318451,0.0096808305133377,0.2027212135198458,0.0414956647122676,0.292478137705609,0.08740359897172244,0,0,0,0.292478137705609,0.9148723951104132
QQQ,2026-03-31,589.0,16.1,17.62,16.86,21.83,1.0,8.0,593.719970703125,0.0410958904109589,1.0080135326029287,0.0079815947603778,0.2027212135198458,0.0414252136686135,0.2906020672354996,0.0901542111506524,0,0,0,0.2906020672354996,0.9141160232363397
QQQ,2026-03-31,590.0,16.09,16.28,16.185000000000002,16.24,71.0,1036.0,593.719970703125,0.0410958904109589,1.0063050350900424,0.0062852415121994,0.2027212135198458,0.0413550014420565,0.2878729204725623,0.011739264751313021,0,0,0,0.2878729204725623,0.9866369371610655
QQQ,2026-03-31,591.0,15.53,15.66,15.594999999999999,16.88,7.0,85.0,593.719970703125,0.0410958904109589,1.0046023192946278,0.0045917610058664,0.2027212135198458,0.0412850268203271,0.2867132230880558,0.008336005129849361,0,0,0,0.2867132230880558,0.9916448698264023
QQQ,2026-03-31,592.0,14.91,15.04,14.975,15.26,50.0,110.0,593.719970703125,0.0410958904109589,1.0029053559174408,0.0029011435279587,0.2027212135198458,0.0412152885993468,0.2846921345655471,0.00868113522537556,0,0,0,0.2846921345655471,0.9929829048432741
QQQ,2026-03-31,593.0,14.3,14.44,14.370000000000001,14.48,59.0,28.0,593.719970703125,0.0410958904109589,1.001214115856872,0.0012133794142391,0.2027212135198458,0.0411457855831591,0.2827533451288789,0.009742519137091078,0,0,0,0.2827533451288789,0.9936147105526901
QQQ,2026-03-31,594.0,13.71,13.84,13.775,14.15,91.0,61.0,593.719970703125,0.0410958904109589,0.9995285702072813,-0.0004715409506804,0.2027212135198458,0.0410765165838608,0.2807873759832531,0.009437386569872886,0,0,0,0.2807873759832531,0.9946526582206512
QQQ,2026-03-31,595.0,13.14,13.25,13.195,13.19,623.0,729.0,593.719970703125,0.0410958904109589,0.9978486902573528,-0.0021536271336652,0.2027212135198458,0.041007480421535,0.2788938488086239,0.008336491095111741,0,0,0,0.2788938488086239,0.9940651034970125
QQQ,2026-03-31,596.0,12.55,12.67,12.61,12.85,34.0,148.0,593.719970703125,0.0410958904109589,0.9961744474884648,-0.0038328886533852,0.2027212135198458,0.0409386759241834,0.2766515898748189,0.00951625693893729,0,0,0,0.2766515898748189,0.9912374492691914
QQQ,2026-03-31,597.0,11.98,12.1,12.04,12.06,57.0,225.0,593.719970703125,0.0410958904109589,0.9945058135730735,-0.0055093349806376,0.2027212135198458,0.0408701019276605,0.2744722957766503,0.009966777408637809,0,0,0,0.2744722957766503,0.9891356598855883
QQQ,2026-03-31,598.0,11.42,11.55,11.485,11.75,48.0,161.0,593.719970703125,0.0410958904109589,0.9928427603731188,-0.0071829755386672,0.2027212135198458,0.0408017572756076,0.272351160891235,0.011319111885067549,0,0,0,0.272351160891235,0.9861611279038175
QQQ,2026-03-31,599.0,10.88,11.0,10.940000000000001,11.28,45.0,163.0,593.719970703125,0.0410958904109589,0.9911852599384392,-0.0088538197034848,0.2027212135198458,0.0407336408193879,0.2701790193480551,0.010968921389396636,0,0,0,0.2701790193480551,0.984855809135288
QQQ,2026-03-31,600.0,10.35,10.46,10.405000000000001,10.39,1352.0,4661.0,593.719970703125,0.0410958904109589,0.9895332845052084,-0.0105218768041817,0.2027212135198458,0.0406657514180222,0.2679505961378067,0.01057184046131679,0,0,0,0.2679505961378067,0.9836007142319436
QQQ,2026-03-31,601.0,9.82,9.94,9.879999999999999,10.23,120.0,163.0,593.719970703125,0.0410958904109589,0.9878868064943844,-0.0121871561232431,0.2027212135198458,0.0405980879381253,0.2656603480303734,0.012145748987854173,0,0,0,0.2656603480303734,0.9804371319651072
QQQ,2026-03-31,602.0,9.31,9.43,9.370000000000001,9.79,104.0,265.0,593.719970703125,0.0410958904109589,0.9862457985101744,-0.0138496668968564,0.2027212135198458,0.0405306492538427,0.2634087684233487,0.012806830309498314,0,0,0,0.2634087684233487,0.97816960899352
QQQ,2026-03-31,603.0,8.81,8.92,8.865,9.16,163.0,182.0,593.719970703125,0.0410958904109589,0.9846102333385156,-0.0155094183152209,0.2027212135198458,0.0404634342467883,0.2609775255756974,0.01240834743372808,0,0,0,0.2609775255756974,0.9769318052296524
QQQ,2026-03-31,604.0,8.32,8.44,8.379999999999999,8.82,90.0,641.0,593.719970703125,0.0410958904109589,0.9829800839455712,-0.0171664195228503,0.2027212135198458,0.0403964418059823,0.258681689534679,0.01431980906921232,0,0,0,0.258681689534679,0.973476411658726
QQQ,2026-03-31,605.0,7.84,7.96,7.9,7.99,1198.0,2236.0,593.719970703125,0.0410958904109589,0.9813553234762395,-0.0188206796188769,0.2027212135198458,0.0403296708277906,0.2561927345089614,0.015189873417721532,0,0,0,0.2561927345089614,0.9710344247741164
QQQ,2026-03-31,606.0,7.38,7.49,7.4350000000000005,7.59,295.0,801.0,593.719970703125,0.0410958904109589,0.9797359252526816,-0.0204722076573499,0.2027212135198458,0.0402631202158636,0.253720677394405,0.014794889038332254,0,0,0,0.253720677394405,0.96980938573042
QQQ,2026-03-31,607.0,6.94,7.04,6.99,7.31,625.0,684.0,593.719970703125,0.0410958904109589,0.9781218627728584,-0.0221210126475337,0.2027212135198458,0.0401967888810763,0.2513731194401234,0.014306151645207387,0,0,0,0.2513731194401234,0.9686782037371916
QQQ,2026-03-31,608.0,6.5,6.6,6.55,6.86,33.0,683.0,593.719970703125,0.0410958904109589,0.9765131097090872,-0.0237671035542024,0.2027212135198458,0.0401306757414693,0.2488104930980205,0.01526717557251903,0,0,0,0.2488104930980205,0.9661695670156147
QQQ,2026-03-31,609.0,6.08,6.18,6.13,6.17,250.0,681.0,593.719970703125,0.0410958904109589,0.9749096399066092,-0.0254104892979325,0.2027212135198458,0.0400647797221894,0.2463647216230482,0.016313213703099454,0,0,0,0.2463647216230482,0.9635902866774471
QQQ,2026-03-31,610.0,5.67,5.77,5.72,5.8,3412.0,3508.0,593.719970703125,0.0410958904109589,0.973311427382172,-0.0270511787553924,0.2027212135198458,0.0399990997554317,0.2438028999433815,0.01748251748251742,0,0,0,0.2438028999433815,0.9609050756845905
QQQ,2026-03-31,611.0,5.27,5.37,5.32,5.5,76.0,963.0,593.719970703125,0.0410958904109589,0.9717184463226268,-0.0286891807596308,0.2027212135198458,0.0399336347803819,0.2411145674473494,0.018796992481203107,0,0,0,0.2411145674473494,0.9580946471880613
QQQ,2026-03-31,612.0,4.89,4.99,4.9399999999999995,5.15,142.0,431.0,593.719970703125,0.0410958904109589,0.9701306710835376,-0.0303245041003615,0.2027212135198458,0.039868383743159,0.2385331209449321,0.020242914979757196,0,0,0,0.2385331209449321,0.9551735078700938
QQQ,2026-03-31,613.0,4.53,4.62,4.575,4.79,72.0,217.0,593.719970703125,0.0410958904109589,0.968548076187806,-0.0319571575242468,0.2027212135198458,0.0398033455967591,0.235937235222131,0.01967213114754095,0,0,0,0.235937235222131,0.9541491199942338
QQQ,2026-03-31,614.0,4.18,4.27,4.225,4.53,121.0,400.0,593.719970703125,0.0410958904109589,0.9669706363243078,-0.0335871497351779,0.2027212135198458,0.0397385193009989,0.2333233340014517,0.021301775147928963,0,0,0,0.2333233340014517,0.9510751192126616
QQQ,2026-03-31,615.0,3.84,3.93,3.885,4.04,433.0,1854.0,593.719970703125,0.0410958904109589,0.9653983263465448,-0.0352144893945533,0.2027212135198458,0.0396739038224607,0.2305551164068877,0.023166023166023245,0,0,0,0.2305551164068877,0.9477985777143273
QQQ,2026-03-31,616.0,3.53,3.61,3.57,3.75,371.0,387.0,593.719970703125,0.0410958904109589,0.9638311212713068,-0.0368391851215553,0.2027212135198458,0.0396094981344372,0.2280280740258544,0.022408963585434195,0,0,0,0.2280280740258544,0.9469606174423878
QQQ,2026-03-31,617.0,3.23,3.3,3.2649999999999997,3.43,124.0,589.0,593.719970703125,0.0410958904109589,0.96226899627735,-0.0384612454934233,0.2027212135198458,0.0395453012168773,0.2253406803026646,0.021439509954058147,0,0,0,0.2253406803026646,0.9463231438937277
QQQ,2026-03-31,618.0,2.94,3.01,2.9749999999999996,3.23,48.0,560.0,593.719970703125,0.0410958904109589,0.9607119267040858,-0.0400806790457262,0.2027212135198458,0.0394813120563322,0.2226233352554589,0.02352941176470583,0,0,0,0.2226233352554589,0.9428627457330374
QQQ,2026-03-31,619.0,2.67,2.74,2.705,2.93,38.0,443.0,593.719970703125,0.0410958904109589,0.9591598880502828,-0.0416974942726315,0.2027212135198458,0.039417529645902,0.2200273154222518,0.025878003696857776,0,0,0,0.2200273154222518,0.9391844886289107
QQQ,2026-03-31,620.0,2.41,2.48,2.4450000000000003,2.45,2224.0,2633.0,593.719970703125,0.0410958904109589,0.9576128559727822,-0.0433116996271727,0.2027212135198458,0.0393539529851828,0.2172514535345435,0.028629856850715677,0,0,0,0.2172514535345435,0.9351611639945275
QQQ,2026-03-31,621.0,2.17,2.24,2.205,2.31,253.0,328.0,593.719970703125,0.0410958904109589,0.9560708062852254,-0.0449233035215142,0.2027212135198458,0.0392905810802147,0.2146104620118439,0.031746031746031876,0,0,0,0.2146104620118439,0.9308353563107807
QQQ,2026-03-31,622.0,1.95,2.02,1.9849999999999999,2.33,122.0,553.0,593.719970703125,0.0410958904109589,0.9545337149567926,-0.0465323143272149,0.2027212135198458,0.0392274129434298,0.2121312076388299,0.035264483627204066,0,0,0,0.2121312076388299,0.9261803836740327
QQQ,2026-03-31,623.0,1.75,1.81,1.78,1.95,150.0,239.0,593.719970703125,0.0410958904109589,0.9530015581109552,-0.0481387403754885,0.2027212135198458,0.0391644475936008,0.2096630844295174,0.03370786516853935,0,0,0,0.2096630844295174,0.9260861963296035
QQQ,2026-03-31,624.0,1.56,1.61,1.585,1.57,133.0,1199.0,593.719970703125,0.0410958904109589,0.9514743120242388,-0.0497425899574631,0.2027212135198458,0.0391016840557906,0.2070224952380359,0.03154574132492116,0,0,0,0.2070224952380359,0.9265400533614437
QQQ,2026-03-31,625.0,1.38,1.43,1.4049999999999998,1.41,2583.0,3793.0,593.719970703125,0.0410958904109589,0.949951953125,-0.0513438713244369,0.2027212135198458,0.0390391213613013,0.20440001095137,0.03558718861209968,0,0,0,0.20440001095137,0.9214474910382974
QQQ,2026-03-31,626.0,1.22,1.27,1.245,1.36,89.0,839.0,593.719970703125,0.0410958904109589,0.9484344579922124,-0.0529425926881339,0.2027212135198458,0.0389767585476251,0.202039488991171,0.04016064257028116,0,0,0,0.202039488991171,0.9159305148743009
QQQ,2026-03-31,627.0,1.07,1.13,1.1,1.29,105.0,505.0,593.719970703125,0.0410958904109589,0.9469218033542663,-0.0545387622209561,0.2027212135198458,0.0389145946583945,0.1997777616967558,0.05454545454545439,0,0,0,0.1997777616967558,0.9019956298189121
QQQ,2026-03-31,628.0,0.94,0.99,0.965,0.97,96.0,282.0,593.719970703125,0.0410958904109589,0.9454139660877786,-0.0561323880562342,0.2027212135198458,0.0388526287433333,0.1974031134404539,0.05181347150259072,0,0,0,0.1974031134404539,0.9028984461908871
QQQ,2026-03-31,629.0,0.82,0.87,0.845,0.86,145.0,594.0,593.719970703125,0.0410958904109589,0.9439109232164148,-0.057723478288476,0.2027212135198458,0.0387908598582088,0.19519351039052,0.05917159763313615,0,0,0,0.19519351039052,0.8952004801780667
QQQ,2026-03-31,630.0,0.72,0.77,0.745,0.75,1605.0,5988.0,593.719970703125,0.0410958904109589,0.9424126519097222,-0.0593120409736138,0.2027212135198458,0.0387292870647831,0.1935224947312473,0.0671140939597316,0,0,0,0.1935224947312473,0.8871271543875752
QQQ,2026-03-31,631.0,0.63,0.67,0.65,0.66,112.0,476.0,593.719970703125,0.0410958904109589,0.9409191294819732,-0.0608980841292486,0.2027212135198458,0.038667909430766,0.1915857616541385,0.06153846153846159,0,0,0,0.1915857616541385,0.8903734164394497
QQQ,2026-03-31,632.0,0.54,0.59,0.565,0.59,49.0,795.0,593.719970703125,0.0410958904109589,0.9394303333910206,-0.0624816157348929,0.2027212135198458,0.0386067260297679,0.1897017786700725,0.08849557522123883,0,0,0,0.1897017786700725,0.8669489641774455
QQQ,2026-03-31,633.0,0.47,0.52,0.495,0.52,93.0,395.0,593.719970703125,0.0410958904109589,0.9379462412371644,-0.0640626437322116,0.2027212135198458,0.0385457359412533,0.1883150770716071,0.1010101010101011,0,0,0,0.1883150770716071,0.8557408515325332
QQQ,2026-03-31,634.0,0.41,0.45,0.43,0.42,101.0,403.0,593.719970703125,0.0410958904109589,0.9364668307620267,-0.0656411760252613,0.2027212135198458,0.0384849382504942,0.1867654760332703,0.09302325581395357,0,0,0,0.1867654760332703,0.8606342354775278
QQQ,2026-03-31,635.0,0.36,0.39,0.375,0.37,508.0,3856.0,593.719970703125,0.0410958904109589,0.9349920798474408,-0.0672172204807271,0.2027212135198458,0.0384243320485249,0.1855127060269713,0.08000000000000007,0,0,0,0.1855127060269713,0.8696405809802632
QQQ,2026-03-31,636.0,0.31,0.35,0.32999999999999996,0.42,87.0,407.0,593.719970703125,0.0410958904109589,0.9335219665143476,-0.0687907849281576,0.2027212135198458,0.0383639164320964,0.1846940961084962,0.12121212121212116,0,0,0,0.1846940961084962,0.8363583139723242
QQQ,2026-03-31,637.0,0.27,0.31,0.29000000000000004,0.4,117.0,445.0,593.719970703125,0.0410958904109589,0.9320564689217034,-0.0703618771601987,0.2027212135198458,0.0383036905036316,0.1839268057720661,0.13793103448275854,0,0,0,0.1839268057720661,0.8227765473884059
QQQ,2026-03-31,638.0,0.23,0.27,0.25,0.26,432.0,333.0,593.719970703125,0.0410958904109589,0.9305955653653996,-0.0719305049328253,0.2027212135198458,0.0382436533711808,0.1826574060754179,0.16000000000000003,0,0,0,0.1826574060754179,0.8058581645717553
QQQ,2026-03-31,639.0,0.2,0.24,0.22,0.28,266.0,536.0,593.719970703125,0.0410958904109589,0.9291392342771908,-0.0734966759655702,0.2027212135198458,0.0381838041483777,0.1821247195426225,0.18181818181818174,0,0,0,0.1821247195426225,0.7897429414709176
QQQ,2026-03-31,640.0,0.18,0.21,0.195,0.22,327.0,4536.0,593.719970703125,0.0410958904109589,0.9276874542236327,-0.0750603979417529,0.2027212135198458,0.0381241419543958,0.1818686580740214,0.15384615384615383,0,0,0,0.1818686580740214,0.8076243370491084
QQQ,2026-03-31,641.0,0.15,0.2,0.175,0.26,16.0,412.0,593.719970703125,0.0410958904109589,0.9262402039050311,-0.0766216785087054,0.2027212135198458,0.0380646659139053,0.1820099210350513,0.2857142857142858,0,0,0,0.1820099210350513,0.7236603524100975
QQQ,2026-03-31,642.0,0.14,0.17,0.15500000000000003,0.26,12.0,1793.0,593.719970703125,0.0410958904109589,0.9247974621544004,-0.0781805252779966,0.2027212135198458,0.0380053751570301,0.1818218088388443,0.19354838709677416,0,0,0,0.1818218088388443,0.7783272216689485
QQQ,2026-03-31,643.0,0.12,0.16,0.14,0.17,19.0,1805.0,593.719970703125,0.0410958904109589,0.9233592079364308,-0.0797369458256548,0.2027212135198458,0.0379462688193053,0.1821951722092628,0.28571428571428575,0,0,0,0.1821951722092628,0.7214094648442806
QQQ,2026-03-31,644.0,0.11,0.14,0.125,0.15,24.0,924.0,593.719970703125,0.0410958904109589,0.9219254203464674,-0.081290947692389,0.2027212135198458,0.0378873460416356,0.182284936774373,0.2400000000000001,0,0,0,0.182284936774373,0.746843706717422
QQQ,2026-03-31,645.0,0.09,0.13,0.11,0.11,71.0,2197.0,593.719970703125,0.0410958904109589,0.920496078609496,-0.0828425383838079,0.2027212135198458,0.0378286059702532,0.1820388888827562,0.3636363636363637,1,0,0,0.1820388888827562,0.6780769627699132
QQQ,2026-03-31,646.0,0.08,0.12,0.1,0.3,3.0,670.0,593.719970703125,0.0410958904109589,0.9190711620791407,-0.0843917253706373,0.2027212135198458,0.037770047756677,0.1826314780635833,0.3999999999999999,1,0,0,0.1826314780635833,0.6594421831449189
QQQ,2026-03-31,647.0,0.07,0.11,0.09,0.12,1.0,263.0,593.719970703125,0.0410958904109589,0.9176506502366693,-0.085938516088936,0.2027212135198458,0.0377116705576713,0.1829869600465298,0.4444444444444444,1,0,0,0.1829869600465298,0.638163784796859
QQQ,2026-03-31,648.0,0.07,0.11,0.09,0.14,2.0,568.0,593.719970703125,0.0410958904109589,0.9162345226900076,-0.0874829179403101,0.2027212135198458,0.0376534735352057,0.1858723007290363,0.4444444444444444,1,0,0,0.1858723007290363,0.6371789641413084
QQQ,2026-03-31,653.0,0.06,0.08,0.07,0.08,66.0,1214.0,593.719970703125,0.0410958904109589,0.9092189444151992,-0.0951693508644665,0.2027212135198458,0.0373651620992547,0.1939317996904849,0.28571428571428575,0,0,0,0.1939317996904849,0.7103618466996514
QQQ,2026-04-02,515.0,78.04,81.85,79.945,85.86,10.0,13.0,593.719970703125,0.0465753424657534,1.1528543120449029,0.1422408777482283,0.2158132119814572,0.0536945843966118,0.337208026135981,0.04765776471324021,0,0,1,0.337208026135981,0.8316905301468279
QQQ,2026-04-02,520.0,73.31,77.1,75.205,88.1,2.0,10.0,593.719970703125,0.0465753424657534,1.1417691744290863,0.1325789668364914,0.2158132119814572,0.0531782903158752,0.348018218932271,0.050395585399906816,0,0,0,0.348018218932271,0.8375763758127799
QQQ,2026-04-02,530.0,64.35,67.74,66.04499999999999,74.53,17.0,32.0,593.719970703125,0.0465753424657534,1.120226359817217,0.113530771865797,0.2158132119814572,0.0521749263476511,0.3667696253118813,0.0513286395639337,0,0,0,0.3667696253118813,0.8529259696048359
QQQ,2026-04-02,535.0,59.63,63.15,61.39,67.0,1.0,3.0,593.719970703125,0.0465753424657534,1.1097569545852803,0.1041410315159579,0.2158132119814572,0.0516873102135609,0.3616289946344494,0.05733832871803219,0,0,0,0.3616289946344494,0.8560788543559832
QQQ,2026-04-02,540.0,55.09,58.62,56.855000000000004,58.68,1.0,13.0,593.719970703125,0.0465753424657534,1.0994814272280091,0.0948386388536445,0.2158132119814572,0.0512087240078798,0.3587459785323142,0.06208776712690166,0,0,0,0.3587459785323142,0.8602156048075846
QQQ,2026-04-02,545.0,50.49,54.16,52.325,54.18,1.0,5.0,593.719970703125,0.0465753424657534,1.0893944416571102,0.0856219837487205,0.2158132119814572,0.0507389192004681,0.3522937480838001,0.07013855709507873,0,0,0,0.3522937480838001,0.8616491300930503
QQQ,2026-04-02,550.0,45.94,49.77,47.855000000000004,48.97,2.0,8.0,593.719970703125,0.0465753424657534,1.0794908558238636,0.0764895001854479,0.2158132119814572,0.0502776562986456,0.3448857127714305,0.08003343433288068,0,0,0,0.3448857127714305,0.8615876259580709
QQQ,2026-04-02,555.0,41.67,45.5,43.585,44.08,3.0,126.0,593.719970703125,0.0465753424657534,1.0697657129786036,0.0674396646655299,0.2158132119814572,0.0498247044400993,0.3408001286583245,0.08787426867041409,0,0,0,0.3408001286583245,0.8631539099017829
QQQ,2026-04-02,560.0,37.5,41.32,39.41,39.67,5.0,27.0,593.719970703125,0.0465753424657534,1.0602142333984377,0.0584709946827695,0.2158132119814572,0.0493798410075984,0.3356428682905436,0.09692971327074348,0,0,0,0.3356428682905436,0.8637403134076289
QQQ,2026-04-02,565.0,33.97,37.26,35.614999999999995,35.8,3.0,16.0,593.719970703125,0.0465753424657534,1.0508318065542035,0.0495820472655235,0.2158132119814572,0.0489428512641683,0.3366351958883107,0.09237680752491927,0,0,0,0.3366351958883107,0.8750843972371759
QQQ,2026-04-02,570.0,29.81,33.33,31.57,33.44,1.0,43.0,593.719970703125,0.0465753424657534,1.041613983689693,0.0407714175833686,0.2158132119814572,0.0485135280074651,0.3268890350535511,0.11149825783972124,0,0,0,0.3268890350535511,0.8676409334958046
QQQ,2026-04-02,575.0,26.48,29.4,27.939999999999998,29.57,11.0,47.0,593.719970703125,0.0465753424657534,1.0325564707880437,0.032037737614614,0.2158132119814572,0.0480916712421828,0.3230621499136983,0.10450966356478161,0,0,0,0.3230621499136983,0.8807898237063811
QQQ,2026-04-02,580.0,22.77,25.34,24.055,26.39,2.0,19.0,593.719970703125,0.0465753424657534,1.0236551219019396,0.0233796748714994,0.2158132119814572,0.0476770878694053,0.3095201728498191,0.10683849511536064,0,0,0,0.3095201728498191,0.8865795344361813
QQQ,2026-04-02,585.0,20.33,21.7,21.015,23.61,1.0,50.0,593.719970703125,0.0465753424657534,1.0149059328258547,0.014795931180108,0.2158132119814572,0.0472695913918891,0.3095359531742632,0.06519152985962412,0,0,0,0.3095359531742632,0.9291848609311201
QQQ,2026-04-02,588.0,17.63,19.52,18.575,19.76,3.0,5.0,593.719970703125,0.0465753424657534,1.0097278413318451,0.0096808305133377,0.2158132119814572,0.0470284200072366,0.2948528306653797,0.10174966352624498,0,0,0,0.2948528306653797,0.9029596903700301
QQQ,2026-04-02,590.0,17.15,17.33,17.24,17.47,89.0,1125.0,593.719970703125,0.0465753424657534,1.0063050350900424,0.0062852415121994,0.2158132119814572,0.0468690016343307,0.2900722417246997,0.01044083526682133,0,0,0,0.2900722417246997,0.9879047783299749
QQQ,2026-04-02,591.0,16.58,16.72,16.65,17.21,4.0,18.0,593.719970703125,0.0465753424657534,1.0046023192946278,0.0045917610058664,0.2158132119814572,0.0467896970630374,0.2889262683050781,0.008408408408408443,0,0,0,0.2889262683050781,0.9915736701625133
QQQ,2026-04-02,592.0,15.96,16.1,16.03,16.13,4.0,125.0,593.719970703125,0.0465753424657534,1.0029053559174408,0.0029011435279587,0.2158132119814572,0.0467106604125931,0.2869861824678181,0.008733624454148506,0,0,0,0.2869861824678181,0.992931235199677
QQQ,2026-04-02,593.0,15.35,15.49,15.42,15.95,49.0,136.0,593.719970703125,0.0465753424657534,1.001214115856872,0.0012133794142391,0.2158132119814572,0.0466318903275803,0.2850404192900359,0.009079118028534408,0,0,0,0.2850404192900359,0.9942679448617567
QQQ,2026-04-02,594.0,14.75,14.88,14.815000000000001,15.2,92.0,116.0,593.719970703125,0.0465753424657534,0.9995285702072813,-0.0004715409506804,0.2158132119814572,0.0465533854617089,0.2829870101596713,0.00877489031387113,0,0,0,0.2829870101596713,0.9953058799338608
QQQ,2026-04-02,595.0,14.16,14.29,14.225,14.28,519.0,338.0,593.719970703125,0.0465753424657534,0.9978486902573528,-0.0021536271336652,0.2158132119814572,0.0464751444777397,0.2810180011781751,0.0091388400702987,0,0,0,0.2810180011781751,0.9932747393911137
QQQ,2026-04-02,596.0,13.57,13.7,13.635,14.1,35.0,82.0,593.719970703125,0.0465753424657534,0.9961744474884648,-0.0038328886533852,0.2158132119814572,0.0463971660474079,0.2788356895958707,0.009534286762009462,0,0,0,0.2788356895958707,0.9912197462193129
QQQ,2026-04-02,597.0,13.0,13.12,13.059999999999999,13.15,53.0,49.0,593.719970703125,0.0465753424657534,0.9945058135730735,-0.0055093349806376,0.2158132119814572,0.0463194488513486,0.2767294186137914,0.009188361408882025,0,0,0,0.2767294186137914,0.9898986086600955
QQQ,2026-04-02,598.0,12.44,12.56,12.5,12.75,91.0,128.0,593.719970703125,0.0465753424657534,0.9928427603731188,-0.0071829755386672,0.2158132119814572,0.0462419915790219,0.2746950531610846,0.009600000000000079,0,0,0,0.2746950531610846,0.9878403288899219
QQQ,2026-04-02,599.0,11.89,12.01,11.95,11.95,156.0,121.0,593.719970703125,0.0465753424657534,0.9911852599384392,-0.0088538197034848,0.2158132119814572,0.0461647929286396,0.2726306916808934,0.010041841004184036,0,0,0,0.2726306916808934,0.9857597721849815
QQQ,2026-04-02,600.0,11.4,11.46,11.43,11.61,816.0,1016.0,593.719970703125,0.0465753424657534,0.9895332845052084,-0.0105218768041817,0.2158132119814572,0.0460878516070918,0.2709263495857194,0.005249343832021041,0,0,0,0.2709263495857194,0.9888085877990288
QQQ,2026-04-02,601.0,10.81,10.93,10.870000000000001,11.34,353.0,259.0,593.719970703125,0.0465753424657534,0.9878868064943844,-0.0121871561232431,0.2158132119814572,0.0460111663298754,0.2681971804710479,0.011039558417663221,0,0,0,0.2681971804710479,0.9815098400515665
QQQ,2026-04-02,602.0,10.28,10.4,10.34,10.35,134.0,405.0,593.719970703125,0.0465753424657534,0.9862457985101744,-0.0138496668968564,0.2158132119814572,0.0459347358210218,0.2658171230950356,0.011605415860735106,0,0,0,0.2658171230950356,0.979331314025107
QQQ,2026-04-02,603.0,9.77,9.89,9.83,9.88,123.0,170.0,593.719970703125,0.0465753424657534,0.9846102333385156,-0.0155094183152209,0.2158132119814572,0.0458585588130267,0.263586777635634,0.012207527975585044,0,0,0,0.263586777635634,0.9771256260720651
QQQ,2026-04-02,604.0,9.27,9.39,9.33,10.7,14.0,247.0,593.719970703125,0.0465753424657534,0.9829800839455712,-0.0171664195228503,0.2158132119814572,0.04578263404678,0.2613032350485027,0.01286173633440525,0,0,0,0.2613032350485027,0.9748777869530028
QQQ,2026-04-02,605.0,8.79,8.9,8.844999999999999,8.93,843.0,1881.0,593.719970703125,0.0465753424657534,0.9813553234762395,-0.0188206796188769,0.2158132119814572,0.045706960271496,0.2590627419017105,0.012436404748445588,0,0,0,0.2590627419017105,0.9736752947120837
QQQ,2026-04-02,606.0,8.3,8.42,8.36,8.62,51.0,210.0,593.719970703125,0.0465753424657534,0.9797359252526816,-0.0204722076573499,0.2158132119814572,0.0456315362446454,0.2565545643844605,0.01435406698564584,0,0,0,0.2565545643844605,0.9702308493771352
QQQ,2026-04-02,607.0,7.85,7.96,7.904999999999999,8.15,112.0,384.0,593.719970703125,0.0465753424657534,0.9781218627728584,-0.0221210126475337,0.2158132119814572,0.0455563607318865,0.2543889495477079,0.013915243516761586,0,0,0,0.2543889495477079,0.9690516710325209
QQQ,2026-04-02,608.0,7.4,7.5,7.45,7.7,67.0,258.0,593.719970703125,0.0465753424657534,0.9765131097090872,-0.0237671035542024,0.2158132119814572,0.0454814325069985,0.2519434686452821,0.01342281879194626,0,0,0,0.2519434686452821,0.9679279262700792
QQQ,2026-04-02,609.0,6.96,7.06,7.01,7.1,120.0,266.0,593.719970703125,0.0465753424657534,0.9749096399066092,-0.0254104892979325,0.2158132119814572,0.0454067503518146,0.2495231557957232,0.014265335235377982,0,0,0,0.2495231557957232,0.9655358483872284
QQQ,2026-04-02,610.0,6.54,6.63,6.585,6.68,377.0,2181.0,593.719970703125,0.0465753424657534,0.973311427382172,-0.0270511787553924,0.2158132119814572,0.0453323130561559,0.2471252617357075,0.013667425968109317,0,0,0,0.2471252617357075,0.9645215880697003
QQQ,2026-04-02,611.0,6.12,6.22,6.17,6.56,80.0,220.0,593.719970703125,0.0465753424657534,0.9717184463226268,-0.0286891807596308,0.2158132119814572,0.0452581194177661,0.2446372901863008,0.016207455429497513,0,0,0,0.2446372901863008,0.9605360990536997
QQQ,2026-04-02,612.0,5.72,5.81,5.765,5.9,177.0,364.0,593.719970703125,0.0465753424657534,0.9701306710835376,-0.0303245041003615,0.2158132119814572,0.0451841682422469,0.2420511051162034,0.015611448395490002,0,0,0,0.2420511051162034,0.9595293608794969
QQQ,2026-04-02,613.0,5.33,5.43,5.38,5.75,182.0,102.0,593.719970703125,0.0465753424657534,0.968548076187806,-0.0319571575242468,0.2158132119814572,0.0451104583429936,0.2395862005566359,0.018587360594795474,0,0,0,0.2395862005566359,0.9551652654014313
QQQ,2026-04-02,614.0,5.0,5.05,5.025,5.02,34.0,337.0,593.719970703125,0.0465753424657534,0.9669706363243078,-0.0335871497351779,0.2158132119814572,0.0450369885411321,0.2374812930303514,0.009950248756218869,0,0,0,0.2374812930303514,0.9617649074765263
QQQ,2026-04-02,615.0,4.61,4.69,4.65,4.64,969.0,1317.0,593.719970703125,0.0465753424657534,0.9653983263465448,-0.0352144893945533,0.2158132119814572,0.0449637576654554,0.2345626482636779,0.01720430107526883,0,0,0,0.2345626482636779,0.9533535205241169
QQQ,2026-04-02,616.0,4.26,4.35,4.305,4.39,60.0,127.0,593.719970703125,0.0465753424657534,0.9638311212713068,-0.0368391851215553,0.2158132119814572,0.0448907645523622,0.2319948363192081,0.020905923344947702,0,0,0,0.2319948363192081,0.9483547908736752
QQQ,2026-04-02,617.0,3.93,4.02,3.9749999999999996,4.02,56.0,111.0,593.719970703125,0.0465753424657534,0.96226899627735,-0.0384612454934233,0.2158132119814572,0.0448180080457943,0.2294254597533345,0.02264150943396212,0,0,0,0.2294254597533345,0.9452108480243658
QQQ,2026-04-02,618.0,3.62,3.7,3.66,3.79,95.0,162.0,593.719970703125,0.0465753424657534,0.9607119267040858,-0.0400806790457262,0.2158132119814572,0.0447454869971765,0.2268533115724027,0.021857923497267777,0,0,0,0.2268533115724027,0.9444050188622641
QQQ,2026-04-02,619.0,3.33,3.4,3.365,3.65,60.0,167.0,593.719970703125,0.0465753424657534,0.9591598880502828,-0.0416974942726315,0.2158132119814572,0.0446732002653556,0.2244128598102033,0.020802377414561615,0,0,0,0.2244128598102033,0.9438542950281507
QQQ,2026-04-02,620.0,3.04,3.12,3.08,3.08,551.0,1650.0,593.719970703125,0.0465753424657534,0.9576128559727822,-0.0433116996271727,0.2158132119814572,0.0446011467165405,0.221839236414805,0.025974025974025997,0,0,0,0.221839236414805,0.9375819171823677
QQQ,2026-04-02,621.0,2.78,2.85,2.815,2.87,95.0,123.0,593.719970703125,0.0465753424657534,0.9560708062852254,-0.0449233035215142,0.2158132119814572,0.0445293252242433,0.2194096028920262,0.024866785079929052,0,0,0,0.2194096028920262,0.9370834327581915
QQQ,2026-04-02,622.0,2.53,2.6,2.565,2.84,52.0,173.0,593.719970703125,0.0465753424657534,0.9545337149567926,-0.0465323143272149,0.2158132119814572,0.0444577346692204,0.2169932462994456,0.027290448343080035,0,0,0,0.2169932462994456,0.9333695822797358
QQQ,2026-04-02,623.0,2.3,2.36,2.33,2.62,195.0,321.0,593.719970703125,0.0465753424657534,0.9530015581109552,-0.0481387403754885,0.2158132119814572,0.0443863739394143,0.2145965145296156,0.02575107296137341,0,0,0,0.2145965145296156,0.933269884092021
QQQ,2026-04-02,624.0,2.08,2.14,2.1100000000000003,2.17,31.0,198.0,593.719970703125,0.0465753424657534,0.9514743120242388,-0.0497425899574631,0.2158132119814572,0.044315241929896,0.2122279012415856,0.02843601895734599,0,0,0,0.2122279012415856,0.9293416688973459
QQQ,2026-04-02,625.0,1.87,1.93,1.9,1.92,988.0,1501.0,593.719970703125,0.0465753424657534,0.949951953125,-0.0513438713244369,0.2158132119814572,0.0442443375428081,0.2097250881405771,0.03157894736842096,0,0,0,0.2097250881405771,0.9250278121052268
QQQ,2026-04-02,626.0,1.68,1.74,1.71,2.05,68.0,438.0,593.719970703125,0.0465753424657534,0.9484344579922124,-0.0529425926881339,0.2158132119814572,0.0441736596873085,0.2074427078436315,0.03508771929824565,0,0,0,0.2074427078436315,0.9204194534809953
QQQ,2026-04-02,627.0,1.51,1.57,1.54,1.56,63.0,586.0,593.719970703125,0.0465753424657534,0.9469218033542663,-0.0545387622209561,0.2158132119814572,0.0441032072795137,0.2054298894628286,0.038961038961038995,0,0,0,0.2054298894628286,0.9155255642661957
QQQ,2026-04-02,628.0,1.35,1.4,1.375,1.55,279.0,643.0,593.719970703125,0.0465753424657534,0.9454139660877786,-0.0561323880562342,0.2158132119814572,0.0440329792424444,0.2031315053240954,0.03636363636363624,0,0,0,0.2031315053240954,0.916358617554882
QQQ,2026-04-02,629.0,1.2,1.26,1.23,1.23,203.0,380.0,593.719970703125,0.0465753424657534,0.9439109232164148,-0.057723478288476,0.2158132119814572,0.0439629745059699,0.2011650891437828,0.04878048780487809,0,0,0,0.2011650891437828,0.90406994963903
QQQ,2026-04-02,630.0,1.07,1.12,1.0950000000000002,1.11,804.0,2944.0,593.719970703125,0.0465753424657534,0.9424126519097222,-0.0593120409736138,0.2158132119814572,0.0438931920067541,0.1991489627062976,0.04566210045662104,0,0,0,0.1991489627062976,0.9053267677655917
QQQ,2026-04-02,635.0,0.59,0.62,0.605,0.6,847.0,5179.0,593.719970703125,0.0465753424657534,0.9349920798474408,-0.0672172204807271,0.2158132119814572,0.0435475763216616,0.1912238423717022,0.049586776859504175,0,0,0,0.1912238423717022,0.8948396151378015
QQQ,2026-04-02,640.0,0.3,0.34,0.32,0.32,782.0,2277.0,593.719970703125,0.0465753424657534,0.9276874542236327,-0.0750603979417529,0.2158132119814572,0.0432073608816486,0.1851248587327003,0.1250000000000001,0,0,0,0.1851248587327003,0.8283326533837009
QQQ,2026-04-02,645.0,0.16,0.2,0.18,0.17,393.0,4384.0,593.719970703125,0.0465753424657534,0.920496078609496,-0.0828425383838079,0.2158132119814572,0.0428724200996203,0.1832161994339227,0.22222222222222227,0,0,0,0.1832161994339227,0.7565321485449445
QQQ,2026-04-02,650.0,0.09,0.13,0.11,0.13,452.0,1221.0,593.719970703125,0.0465753424657534,0.9134153395432691,-0.0905645844777182,0.2158132119814572,0.0425426322527001,0.184480413528204,0.3636363636363637,1,0,0,0.184480413528204,0.6728609861332217
QQQ,2026-04-02,655.0,0.07,0.1,0.085,0.09,17.0,4329.0,593.719970703125,0.0465753424657534,0.9064427033635496,-0.0982274572232874,0.2158132119814572,0.0422178793347406,0.1915728870551585,0.3529411764705882,1,0,0,0.1915728870551585,0.6730030984013606
AAPL,2026-03-18,220.0,28.9,31.85,30.375,37.53,153.0,23.0,250.1199951171875,0.0054794520547945,1.1369090687144887,0.128313236824856,0.0740233210197603,0.0062296387326821,0.9438235461101532,0.0971193415637861,0,1,0,0.9438235461101532,0.8053339703362739
AAPL,2026-03-18,222.5,26.25,29.55,27.9,34.22,152.0,23.0,250.1199951171875,0.0054794520547945,1.1241348095154495,0.1170136815709226,0.0740233210197603,0.0061596427918654,0.8917085999503137,0.11827956989247315,0,1,0,0.8917085999503137,0.7990736945853623
AAPL,2026-03-18,225.0,23.95,27.05,25.5,30.9,1.0,57.0,250.1199951171875,0.0054794520547945,1.1116444227430555,0.1058403809727973,0.0740233210197603,0.0060912023164002,0.8797538195419312,0.12156862745098045,0,1,0,0.8797538195419312,0.8056823965966617
AAPL,2026-03-18,227.5,21.45,24.45,22.95,28.22,2.0,34.0,250.1199951171875,0.0054794520547945,1.0994285499656593,0.0947905447862123,0.0740233210197603,0.006024266027209,0.7787297023682594,0.13071895424836602,0,1,0,0.7787297023682594,0.8080420059277348
AAPL,2026-03-18,230.0,19.1,22.15,20.625,21.63,187.0,33.0,250.1199951171875,0.0054794520547945,1.0874782396399456,0.083861474254022,0.0740233210197603,0.0059587848747394,0.7845940822036266,0.14787878787878775,0,1,0,0.7845940822036266,0.8047092897825436
AAPL,2026-03-18,232.5,17.0,19.2,18.1,19.59,186.0,32.0,250.1199951171875,0.0054794520547945,1.075784925235215,0.0730505581498063,0.0740233210197603,0.005894711919097,0.6960354378645421,0.1215469613259668,0,1,0,0.6960354378645421,0.8325545595214957
AAPL,2026-03-18,235.0,14.3,16.65,15.475,20.62,63.0,60.0,250.1199951171875,0.0054794520547945,1.0643404047539893,0.0623552690330584,0.0740233210197603,0.00583200221783,0.5686520097904204,0.15185783521809357,0,1,0,0.5686520097904204,0.8193627023509725
AAPL,2026-03-18,237.5,12.15,14.1,13.125,14.6,26.0,44.0,250.1199951171875,0.0054794520547945,1.0531368215460526,0.0517731597025215,0.0740233210197603,0.0057706127208002,0.544771059193611,0.14857142857142852,0,1,0,0.544771059193611,0.83044870965824
AAPL,2026-03-18,240.0,10.05,11.8,10.925,11.03,1.0,41.0,250.1199951171875,0.0054794520547945,1.0421666463216146,0.0413018598352261,0.0740233210197603,0.0057105021716252,0.5398847912529707,0.16018306636155605,0,1,0,0.5398847912529707,0.8307912785257913
AAPL,2026-03-18,245.0,6.6,6.9,6.75,6.7,200.0,66.0,250.1199951171875,0.0054794520547945,1.0208979392538264,0.0206825726324904,0.0740233210197603,0.0055939613109798,0.4910723585453629,0.04444444444444455,0,1,0,0.4910723585453629,0.9420803592745614
AAPL,2026-03-18,250.0,3.35,3.5,3.425,3.4,1139.0,302.0,250.1199951171875,0.0054794520547945,1.00047998046875,0.0004798653149711,0.0740233210197603,0.0054820820847602,0.4523171334075927,0.04379562043795618,0,1,0,0.4523171334075927,0.9619040377668205
AAPL,2026-03-18,252.5,2.18,2.28,2.23,2.19,1790.0,87.0,250.1199951171875,0.0054794520547945,0.9905742380878712,-0.009470465538197,0.0740233210197603,0.005427804044317,0.4398176859368085,0.0448430493273541,0,1,0,0.4398176859368085,0.9523390486734928
AAPL,2026-03-18,255.0,1.28,1.36,1.32,1.32,2383.0,210.0,250.1199951171875,0.0054794520547945,0.9808627259497548,-0.0193227619812086,0.0740233210197603,0.0053745902791767,0.4245628954704403,0.060606060606060656,0,1,0,0.4245628954704403,0.9289872372791437
AAPL,2026-03-18,257.5,0.7,0.75,0.725,0.68,1977.0,378.0,250.1199951171875,0.0054794520547945,0.971339786862864,-0.0290789369265733,0.0740233210197603,0.0053224097910293,0.4146131550393105,0.06896551724137938,0,1,0,0.4146131550393105,0.912773668493672
AAPL,2026-03-18,260.0,0.35,0.4,0.375,0.36,3233.0,863.0,250.1199951171875,0.0054794520547945,0.961999981219952,-0.0387408478383102,0.0740233210197603,0.0052712327738079,0.4098846009361744,0.13333333333333344,0,1,0,0.4098846009361744,0.8526543698803327
AAPL,2026-03-18,262.5,0.17,0.21,0.19,0.2,2604.0,1229.0,250.1199951171875,0.0054794520547945,0.9528380766369048,-0.0483102988544609,0.0740233210197603,0.0052210305569145,0.4113551662418842,0.2105263157894736,0,1,0,0.4113551662418842,0.7906795194760563
AAPL,2026-03-18,265.0,0.1,0.12,0.11,0.11,1251.0,1598.0,250.1199951171875,0.0054794520547945,0.943849038178066,-0.0577890428090046,0.0740233210197603,0.0051717755516606,0.4271043770718573,0.18181818181818174,0,1,0,0.4271043770718573,0.8022458725414958
AAPL,2026-03-18,267.5,0.05,0.07,0.060000000000000005,0.06,528.0,503.0,250.1199951171875,0.0054794520547945,0.9350280191296728,-0.0671787831588437,0.0740233210197603,0.0051234412007105,0.4384855225701332,0.33333333333333337,1,1,0,0.4384855225701332,0.704435946704873
AAPL,2026-03-20,195.0,54.3,56.9,55.599999999999994,56.01,23.0,1530.0,250.1199951171875,0.010958904109589,1.2826666416266026,0.2489412246134707,0.1046847845180425,0.0140566207301544,1.300867432489466,0.04676258992805758,0,1,1,1.304811565886974,0.7481585228775204
AAPL,2026-03-20,200.0,49.1,51.8,50.45,51.63,63.0,6383.0,250.1199951171875,0.010958904109589,1.2505999755859376,0.2236234166291809,0.1046847845180425,0.0137052052119006,1.0990482944784163,0.05351833498513371,0,1,1,1.0990482944784163,0.7624214509122987
AAPL,2026-03-20,205.0,44.0,46.9,45.45,46.57,40.0,121.0,250.1199951171875,0.010958904109589,1.2200975371570122,0.1989308040388093,0.1046847845180425,0.0133709319140493,0.9935495389037132,0.06380638063806376,0,1,1,0.9935495389037132,0.7739242938797883
AAPL,2026-03-20,210.0,39.85,41.4,40.625,40.82,28.0,4409.0,250.1199951171875,0.010958904109589,1.1910475957961308,0.1748332524597487,0.1046847845180425,0.0130525763922863,0.9804589327630996,0.03815384615384609,0,1,1,0.9804589327630996,0.8123904077635096
AAPL,2026-03-20,215.0,34.15,36.95,35.55,36.33,142.0,1412.0,250.1199951171875,0.010958904109589,1.1633488144985464,0.1513027550495546,0.1046847845180425,0.0127490281040936,0.8376181181025505,0.078762306610408,0,1,1,0.8376181181025505,0.800423638780391
AAPL,2026-03-20,220.0,30.0,30.9,30.45,30.54,152.0,5964.0,250.1199951171875,0.010958904109589,1.1369090687144887,0.128313236824856,0.1046847845180425,0.0124592774653642,0.6850698558111192,0.029556650246305372,0,1,0,0.6850698558111192,0.8581824759841117
AAPL,2026-03-20,225.0,25.05,25.95,25.5,25.6,41.0,1979.0,250.1199951171875,0.010958904109589,1.1116444227430555,0.1058403809727973,0.1046847845180425,0.0121824046328005,0.6054669255735874,0.03529411764705877,0,1,0,0.6054669255735874,0.8728225963130503
AAPL,2026-03-20,230.0,20.65,21.1,20.875,20.9,214.0,6322.0,250.1199951171875,0.010958904109589,1.0874782396399456,0.083861474254022,0.1046847845180425,0.0119175697494788,0.6089623791966439,0.021556886227545046,0,1,0,0.6089623791966439,0.9042166291507298
AAPL,2026-03-20,235.0,15.6,16.4,16.0,16.54,3628.0,1084.0,250.1199951171875,0.010958904109589,1.0643404047539893,0.0623552690330584,0.1046847845180425,0.0116640044356601,0.5146906315602062,0.04999999999999993,0,1,0,0.5146906315602062,0.8988469986556555
AAPL,2026-03-20,237.5,13.4,14.5,13.95,14.0,17.0,130.0,250.1199951171875,0.010958904109589,1.0531368215460526,0.0517731597025215,0.1046847845180425,0.0115412254416005,0.5263281961548327,0.07885304659498206,0,1,0,0.5263281961548327,0.8841145360972841
AAPL,2026-03-20,240.0,11.25,11.85,11.55,11.6,288.0,9596.0,250.1199951171875,0.010958904109589,1.0421666463216146,0.0413018598352261,0.1046847845180425,0.0114210043432505,0.4705708113669157,0.05194805194805192,0,1,0,0.4705708113669157,0.9162714558399967
AAPL,2026-03-20,242.5,9.1,9.85,9.475,9.6,38.0,232.0,250.1199951171875,0.010958904109589,1.0314226602770618,0.0309390727996794,0.1046847845180425,0.0113032620304335,0.450271145053029,0.079155672823219,0,1,0,0.450271145053029,0.9024743230025687
AAPL,2026-03-20,245.0,7.5,8.7,8.1,7.6,626.0,2642.0,250.1199951171875,0.010958904109589,1.0208979392538264,0.0206825726324904,0.1046847845180425,0.0111879226219597,0.4905961771969794,0.14814814814814806,0,1,0,0.4905961771969794,0.8569892300497624
AAPL,2026-03-20,247.5,5.55,6.6,6.074999999999999,6.05,442.0,79.0,250.1199951171875,0.010958904109589,1.0105858388573232,0.0105302011684724,0.1046847845180425,0.0110749133025459,0.4417299215130805,0.1728395061728395,0,1,0,0.4417299215130805,0.8475080387828317
AAPL,2026-03-20,250.0,4.3,4.45,4.375,4.3,4360.0,13329.0,250.1199951171875,0.010958904109589,1.00047998046875,0.0004798653149711,0.1046847845180425,0.0109641641695205,0.4084887798300982,0.034285714285714364,0,1,0,0.4084887798300982,0.9707484189665961
AAPL,2026-03-20,252.5,2.95,3.15,3.05,2.98,4659.0,441.0,250.1199951171875,0.010958904109589,0.9905742380878712,-0.009470465538197,0.1046847845180425,0.0108556080886341,0.3897428272736668,0.0655737704918032,0,1,0,0.3897428272736668,0.9338113072643225
AAPL,2026-03-20,255.0,1.93,2.02,1.975,1.96,8374.0,7407.0,250.1199951171875,0.010958904109589,0.9808627259497548,-0.0193227619812086,0.1046847845180425,0.0107491805583534,0.3706769766953588,0.0455696202531646,0,1,0,0.3706769766953588,0.9423470948260445
AAPL,2026-03-20,257.5,1.19,1.29,1.24,1.2,5884.0,2232.0,250.1199951171875,0.010958904109589,0.971339786862864,-0.0290789369265733,0.1046847845180425,0.0106448195820587,0.3612361405516863,0.08064516129032265,0,1,0,0.3612361405516863,0.902908384377168
AAPL,2026-03-20,260.0,0.7,0.76,0.73,0.75,15044.0,30741.0,250.1199951171875,0.010958904109589,0.961999981219952,-0.0387408478383102,0.1046847845180425,0.0105424655476158,0.3529731514008045,0.08219178082191789,0,1,0,0.3529731514008045,0.8929485848282642
AAPL,2026-03-20,262.5,0.4,0.44,0.42000000000000004,0.42,3225.0,3110.0,250.1199951171875,0.010958904109589,0.9528380766369048,-0.0483102988544609,0.1046847845180425,0.010442061113829,0.3499340307860373,0.09523809523809518,0,1,0,0.3499340307860373,0.8739089425787991
AAPL,2026-03-20,265.0,0.23,0.25,0.24,0.24,11776.0,11904.0,250.1199951171875,0.010958904109589,0.943849038178066,-0.0577890428090046,0.1046847845180425,0.0103435511033212,0.3509164342137575,0.0833333333333333,0,1,0,0.3509164342137575,0.8751773154998135
AAPL,2026-03-20,267.5,0.15,0.16,0.155,0.15,2075.0,4452.0,250.1199951171875,0.010958904109589,0.9350280191296728,-0.0671787831588437,0.1046847845180425,0.010246882401421,0.3625590055968761,0.06451612903225812,0,1,0,0.3625590055968761,0.8823238120343866
AAPL,2026-03-20,270.0,0.1,0.11,0.10500000000000001,0.1,5765.0,31712.0,250.1199951171875,0.010958904109589,0.9263703522858796,-0.0764811758211573,0.1046847845180425,0.0101520038606671,0.3767761391482354,0.09523809523809518,0,1,0,0.3767761391482354,0.8496336941738325
AAPL,2026-03-20,272.5,0.06,0.08,0.07,0.06,520.0,3194.0,250.1199951171875,0.010958904109589,0.9178715417144496,-0.0856978309260813,0.1046847845180425,0.0100588662105692,0.3892101407408713,0.28571428571428575,0,1,0,0.3892101407408713,0.7171220171008492
AAPL,2026-03-20,275.0,0.04,0.05,0.045,0.05,4116.0,25832.0,250.1199951171875,0.010958904109589,0.9095272549715908,-0.0948303144893537,0.1046847845180425,0.0099674219722913,0.399079236114502,0.22222222222222227,0,1,0,0.399079236114502,0.7475171533628572
AAPL,2026-03-20,280.0,0.02,0.03,0.025,0.03,2799.0,60788.0,250.1199951171875,0.010958904109589,0.8932856968470982,-0.1128488199920321,0.1046847845180425,0.0097894322942147,0.4320210433712005,0.3999999999999999,1,1,0,0.4320210433712005,0.6409408698760325
AAPL,2026-03-27,195.0,54.25,57.3,55.775,64.01,1.0,8.0,250.1199951171875,0.0301369863013698,1.2826666416266026,0.2489412246134707,0.1736000757527766,0.0386557070079249,0.8023374253644944,0.054683998207081974,0,0,1,0.8023374253644944,0.742539333502106
AAPL,2026-03-27,200.0,49.35,52.35,50.85,57.77,58.0,18.0,250.1199951171875,0.0301369863013698,1.2505999755859376,0.2236234166291809,0.1736000757527766,0.0376893143327268,0.7540784215991496,0.058997050147492625,0,0,1,0.7540784215991496,0.7584770679108173
AAPL,2026-03-27,205.0,44.65,47.25,45.95,48.3,8.0,28.0,250.1199951171875,0.0301369863013698,1.2200975371570122,0.1989308040388093,0.1736000757527766,0.0367700627636359,0.7086264380391838,0.05658324265505987,0,0,1,0.7086264380391838,0.779215085686258
AAPL,2026-03-27,210.0,39.65,41.95,40.8,41.74,4.0,29.0,250.1199951171875,0.0301369863013698,1.1910475957961308,0.1748332524597487,0.1736000757527766,0.0358945850787874,0.601180399368763,0.05637254901960795,0,0,1,0.601180399368763,0.7983795368224059
AAPL,2026-03-27,215.0,35.2,37.15,36.175,37.71,1.0,27.0,250.1199951171875,0.0301369863013698,1.1633488144985464,0.1513027550495546,0.1736000757527766,0.0350598272862574,0.6095327954570056,0.05390463026952304,0,0,1,0.6095327954570056,0.819302644695099
AAPL,2026-03-27,220.0,29.75,32.15,30.95,31.37,455.0,480.0,250.1199951171875,0.0301369863013698,1.1369090687144887,0.128313236824856,0.1736000757527766,0.0342630130297516,0.4967534541591405,0.07754442649434568,0,0,0,0.4967534541591405,0.8199638488677373
AAPL,2026-03-27,225.0,25.3,27.2,26.25,26.65,9.0,16.0,250.1199951171875,0.0301369863013698,1.1116444227430555,0.1058403809727973,0.1736000757527766,0.0335016127402016,0.4736049251931905,0.07238095238095232,0,0,0,0.4736049251931905,0.8426372155399211
AAPL,2026-03-27,230.0,21.15,22.55,21.85,22.0,9.0,15.0,250.1199951171875,0.0301369863013698,1.0874782396399456,0.083861474254022,0.1736000757527766,0.0327733168110667,0.4674490787420273,0.06407322654462252,0,0,0,0.4674490787420273,0.8680875536639114
AAPL,2026-03-27,235.0,16.25,18.2,17.225,17.72,25.0,62.0,250.1199951171875,0.0301369863013698,1.0643404047539893,0.0623552690330584,0.1736000757527766,0.0320760121980653,0.4180120491700173,0.11320754716981127,0,0,0,0.4180120491700173,0.8478107707658852
AAPL,2026-03-27,240.0,12.2,14.2,13.2,13.8,69.0,337.0,250.1199951171875,0.0301369863013698,1.0421666463216146,0.0413018598352261,0.1736000757527766,0.031407761943939,0.4000557386843563,0.15151515151515152,0,0,0,0.4000557386843563,0.8370449765756359
AAPL,2026-03-27,245.0,9.25,9.5,9.375,9.45,172.0,65.0,250.1199951171875,0.0301369863013698,1.0208979392538264,0.0206825726324904,0.1736000757527766,0.0307667872103892,0.3689202197831571,0.02666666666666667,0,0,0,0.3689202197831571,0.9583934390888397
AAPL,2026-03-27,250.0,6.05,6.2,6.125,6.1,832.0,439.0,250.1199951171875,0.0301369863013698,1.00047998046875,0.0004798653149711,0.1736000757527766,0.0301514514661814,0.3424995757236779,0.024489795918367405,0,0,0,0.3424995757236779,0.9800304755622925
AAPL,2026-03-27,255.0,3.35,3.85,3.6,3.65,1791.0,532.0,250.1199951171875,0.0301369863013698,0.9808627259497548,-0.0193227619812086,0.1736000757527766,0.029560246535472,0.3205804815533756,0.1388888888888889,0,0,0,0.3205804815533756,0.8651322387078499
AAPL,2026-03-27,260.0,1.76,1.91,1.835,1.87,2483.0,4365.0,250.1199951171875,0.0301369863013698,0.961999981219952,-0.0387408478383102,0.1736000757527766,0.0289917802559436,0.3008604404143988,0.08174386920980922,0,0,0,0.3008604404143988,0.8933183230366746
AAPL,2026-03-27,265.0,0.84,0.89,0.865,0.87,2950.0,2913.0,250.1199951171875,0.0301369863013698,0.943849038178066,-0.0577890428090046,0.1736000757527766,0.0284447655341334,0.2922726358600854,0.05780346820809254,0,0,0,0.2922726358600854,0.8962995366844628
AAPL,2026-03-27,270.0,0.36,0.4,0.38,0.38,1252.0,3499.0,250.1199951171875,0.0301369863013698,0.9263703522858796,-0.0764811758211573,0.1736000757527766,0.0279180106168346,0.289108524346888,0.10526315789473693,0,0,0,0.289108524346888,0.8419272661087636
AAPL,2026-03-27,275.0,0.16,0.19,0.175,0.18,1873.0,3868.0,250.1199951171875,0.0301369863013698,0.9095272549715908,-0.0948303144893537,0.1736000757527766,0.0274104104238013,0.2943068224989175,0.17142857142857143,0,0,0,0.2943068224989175,0.7799298212593495
AAPL,2026-03-27,280.0,0.08,0.11,0.095,0.09,459.0,5492.0,250.1199951171875,0.0301369863013698,0.8932856968470982,-0.1128488199920321,0.1736000757527766,0.0269209388090905,0.308512869590044,0.3157894736842105,1,0,0,0.308512869590044,0.6819610855480984
AAPL,2026-03-27,285.0,0.05,0.06,0.055,0.06,191.0,6801.0,250.1199951171875,0.0301369863013698,0.8776140179550439,-0.130548397091433,0.1736000757527766,0.0264486416370012,0.324256358376026,0.18181818181818174,0,0,0,0.324256358376026,0.7459479165736714
AAPL,2026-03-27,290.0,0.02,0.03,0.025,0.02,55.0,3140.0,250.1199951171875,0.0301369863013698,0.8624827417834052,-0.1479401398033021,0.1736000757527766,0.0259926305742943,0.3295163473148345,0.3999999999999999,1,0,0,0.3295163473148345,0.6188394605699625
AAPL,2026-04-02,195.0,54.15,57.55,55.849999999999994,67.32,2.0,3.0,250.1199951171875,0.0465753424657534,1.2826666416266026,0.2489412246134707,0.2158132119814572,0.0597406381031568,0.6357415450749397,0.06087735004476274,0,0,1,0.6357415450749397,0.7382044239619019
AAPL,2026-04-02,205.0,44.8,47.75,46.275,70.42,1.0,3.0,250.1199951171875,0.0465753424657534,1.2200975371570122,0.1989308040388093,0.2158132119814572,0.0568264606347101,0.6077435838265418,0.06374932468935716,0,0,1,0.6077435838265418,0.7739658045851674
AAPL,2026-04-02,210.0,40.1,42.55,41.325,47.0,16.0,21.0,250.1199951171875,0.0465753424657534,1.1910475957961308,0.1748332524597487,0.2158132119814572,0.055473449667217,0.5551447673217058,0.05928614640048386,0,0,1,0.5551447673217058,0.7961835706660135
AAPL,2026-04-02,215.0,35.95,37.8,36.875,42.92,2.0,3.0,250.1199951171875,0.0465753424657534,1.1633488144985464,0.1513027550495546,0.2158132119814572,0.054183369442398,0.5629083293204902,0.050169491525423576,0,0,1,0.5629083293204902,0.8222166591242351
AAPL,2026-04-02,220.0,30.4,32.65,31.525,32.6,5.0,3.0,250.1199951171875,0.0465753424657534,1.1369090687144887,0.128313236824856,0.2158132119814572,0.052951929227798,0.4598818543776869,0.07137192704203014,0,0,0,0.4598818543776869,0.8246879099340267
AAPL,2026-04-02,225.0,25.8,28.1,26.950000000000003,27.0,2.0,8.0,250.1199951171875,0.0465753424657534,1.1116444227430555,0.1058403809727973,0.2158132119814572,0.0517752196894025,0.4405266829500793,0.08534322820037107,0,0,0,0.4405266829500793,0.8325735824699969
AAPL,2026-04-02,230.0,21.35,23.55,22.450000000000003,23.45,1.0,12.0,250.1199951171875,0.0465753424657534,1.0874782396399456,0.083861474254022,0.2158132119814572,0.0506496714352851,0.4149489674960376,0.09799554565701554,0,0,0,0.4149489674960376,0.8412681889320962
AAPL,2026-04-02,235.0,18.05,19.25,18.65,18.2,9.0,50.0,250.1199951171875,0.0465753424657534,1.0643404047539893,0.0623552690330584,0.2158132119814572,0.0495720188515556,0.4221499810449481,0.06434316353887397,0,0,0,0.4221499810449481,0.8867340731070213
AAPL,2026-04-02,240.0,14.05,14.9,14.475000000000001,14.78,26.0,60.0,250.1199951171875,0.0465753424657534,1.0421666463216146,0.0413018598352261,0.2158132119814572,0.0485392684588149,0.3871015675301552,0.058721934369602734,0,0,0,0.3871015675301552,0.9104089957297515
AAPL,2026-04-02,245.0,10.4,11.55,10.975000000000001,10.5,47.0,51.0,250.1199951171875,0.0465753424657534,1.0208979392538264,0.0206825726324904,0.2158132119814572,0.0475486711433288,0.3712467671071589,0.10478359908883829,0,0,0,0.3712467671071589,0.8906274480142966
AAPL,2026-04-02,250.0,7.25,8.3,7.775,7.45,94.0,272.0,250.1199951171875,0.0465753424657534,1.00047998046875,0.0004798653149711,0.2158132119814572,0.0465976977204623,0.348851670402348,0.1350482315112541,0,0,0,0.348851670402348,0.8845714164637581
AAPL,2026-04-02,255.0,4.6,4.9,4.75,4.75,424.0,516.0,250.1199951171875,0.0465753424657534,0.9808627259497548,-0.0193227619812086,0.2158132119814572,0.0456840173730022,0.3104635501493811,0.06315789473684226,0,0,0,0.3104635501493811,0.9267574449304385
AAPL,2026-04-02,260.0,2.76,3.05,2.905,2.8,704.0,2247.0,250.1199951171875,0.0465753424657534,0.961999981219952,-0.0387408478383102,0.2158132119814572,0.0448054785773676,0.2998192966288328,0.0998278829604131,0,0,0,0.2998192966288328,0.8786298603346946
AAPL,2026-04-02,265.0,1.49,1.76,1.625,1.54,466.0,1029.0,250.1199951171875,0.0465753424657534,0.943849038178066,-0.0577890428090046,0.2158132119814572,0.0439600921891153,0.2898924443736672,0.16615384615384615,0,0,0,0.2898924443736672,0.8130220224245189
AAPL,2026-04-02,270.0,0.77,0.82,0.7949999999999999,0.79,891.0,1598.0,250.1199951171875,0.0465753424657534,0.9263703522858796,-0.0764811758211573,0.2158132119814572,0.0431460164078354,0.2781899703425169,0.0628930817610062,0,0,0,0.2781899703425169,0.8754889883329685
AAPL,2026-04-02,275.0,0.4,0.43,0.41500000000000004,0.4,2056.0,3291.0,250.1199951171875,0.0465753424657534,0.9095272549715908,-0.0948303144893537,0.2158132119814572,0.0423615433822384,0.2790232429987193,0.07228915662650595,0,0,0,0.2790232429987193,0.8520389026470518
AAPL,2026-04-02,280.0,0.22,0.24,0.22999999999999998,0.23,457.0,3121.0,250.1199951171875,0.0465753424657534,0.8932856968470982,-0.1128488199920321,0.2158132119814572,0.0416050872504127,0.2855041730741261,0.0869565217391304,0,0,0,0.2855041730741261,0.8255318404003299
AAPL,2026-04-02,285.0,0.14,0.15,0.14500000000000002,0.13,304.0,4227.0,250.1199951171875,0.0465753424657534,0.8776140179550439,-0.130548397091433,0.2158132119814572,0.040875173439002,0.2982854312114714,0.06896551724137917,0,0,0,0.2982854312114714,0.8246990162705985
AAPL,2026-04-02,290.0,0.07,0.1,0.085,0.09,167.0,1859.0,250.1199951171875,0.0465753424657534,0.8624827417834052,-0.1479401398033021,0.2158132119814572,0.040170429069364,0.3068870938410758,0.3529411764705882,1,0,0,0.3068870938410758,0.6403643113723959
AAPL,2026-04-10,195.0,54.85,57.9,56.375,67.52,2.0,3.0,250.1199951171875,0.0684931506849315,1.2826666416266026,0.2489412246134707,0.2617119612951068,0.0878538795634659,0.5958134797328711,0.05410199556541015,0,0,1,0.5958134797328711,0.742949312664902
AAPL,2026-04-10,200.0,49.95,52.6,51.275000000000006,61.67,10.0,6.0,250.1199951171875,0.0684931506849315,1.2505999755859376,0.2236234166291809,0.2617119612951068,0.0856575325743792,0.5288405310946702,0.05168210628961479,0,0,1,0.5288405310946702,0.7637526327759738
AAPL,2026-04-10,205.0,45.45,47.05,46.25,47.61,40.0,2.0,250.1199951171875,0.0684931506849315,1.2200975371570122,0.1989308040388093,0.2617119612951068,0.083568324462809,0.4754570793075561,0.03459459459459447,0,0,1,0.4754570793075561,0.7957760520513244
AAPL,2026-04-10,210.0,40.3,42.9,41.599999999999994,48.6,17.0,16.0,250.1199951171875,0.0684931506849315,1.1910475957961308,0.1748332524597487,0.2617119612951068,0.0815786024517897,0.4726235946487188,0.06250000000000004,0,0,1,0.4726235946487188,0.7937752719041682
AAPL,2026-04-10,215.0,35.65,38.15,36.9,37.29,1.0,3.0,250.1199951171875,0.0684931506849315,1.1633488144985464,0.1513027550495546,0.2617119612951068,0.0796814256505853,0.4524190573161839,0.06775067750677508,0,0,1,0.4524190573161839,0.8086783450725104
AAPL,2026-04-10,220.0,31.65,32.65,32.15,32.64,1.0,23.0,250.1199951171875,0.0684931506849315,1.1369090687144887,0.128313236824856,0.2617119612951068,0.0778704841585266,0.4211902869793177,0.03110419906687403,0,0,0,0.4211902869793177,0.8568944594289042
AAPL,2026-04-10,225.0,26.6,28.8,27.700000000000003,31.08,11.0,23.0,250.1199951171875,0.0684931506849315,1.1116444227430555,0.1058403809727973,0.2617119612951068,0.0761400289550038,0.40641990329957,0.07942238267148011,0,0,0,0.40641990329957,0.837140413445875
AAPL,2026-04-10,230.0,22.25,24.2,23.225,26.57,13.0,28.0,250.1199951171875,0.0684931506849315,1.0874782396399456,0.083861474254022,0.2617119612951068,0.0744848109342428,0.3802583605445623,0.08396124865446714,0,0,0,0.3802583605445623,0.8521602827564139
AAPL,2026-04-10,235.0,18.95,20.3,19.625,19.54,12.0,12.0,250.1199951171875,0.0684931506849315,1.0643404047539893,0.0623552690330584,0.2617119612951068,0.0729000277228759,0.3896638809479772,0.06878980891719752,0,0,0,0.3896638809479772,0.8830448613133778
AAPL,2026-04-10,240.0,15.1,16.3,15.7,16.01,42.0,63.0,250.1199951171875,0.0684931506849315,1.0421666463216146,0.0413018598352261,0.2617119612951068,0.071381277145316,0.3675789369088709,0.07643312101910835,0,0,0,0.3675789369088709,0.8954295015689877
AAPL,2026-04-10,245.0,11.55,12.15,11.850000000000001,11.66,20.0,25.0,250.1199951171875,0.0684931506849315,1.0208979392538264,0.0206825726324904,0.2617119612951068,0.0699245163872483,0.3367430206547677,0.05063291139240503,0,0,0,0.3367430206547677,0.9365312915626363
AAPL,2026-04-10,250.0,8.45,8.9,8.675,8.65,104.0,109.0,250.1199951171875,0.0684931506849315,1.00047998046875,0.0004798653149711,0.2617119612951068,0.0685260260595034,0.3184670803680419,0.05187319884726237,0,0,0,0.3184670803680419,0.9545173534252055
AAPL,2026-04-10,255.0,5.8,6.15,5.975,6.01,419.0,244.0,250.1199951171875,0.0684931506849315,0.9808627259497548,-0.0193227619812086,0.2617119612951068,0.0671823784897092,0.3008097466809153,0.058577405857740676,0,0,0,0.3008097466809153,0.9307675457947103
AAPL,2026-04-10,260.0,3.75,3.9,3.825,3.88,198.0,816.0,250.1199951171875,0.0684931506849315,0.961999981219952,-0.0387408478383102,0.2617119612951068,0.0658904096725994,0.2844933382403254,0.039215686274509776,0,0,0,0.2844933382403254,0.9298758977185518
AAPL,2026-04-10,265.0,2.26,2.37,2.315,2.38,913.0,587.0,250.1199951171875,0.0684931506849315,0.943849038178066,-0.0577890428090046,0.2617119612951068,0.0646471943957579,0.2732890396641493,0.04751619870410381,0,0,0,0.2732890396641493,0.9051017632291025
AAPL,2026-04-10,270.0,1.29,1.37,1.33,1.3,1070.0,1668.0,250.1199951171875,0.0684931506849315,0.9263703522858796,-0.0764811758211573,0.2617119612951068,0.0634500241291698,0.2658546740087271,0.060150375939849676,0,0,0,0.2658546740087271,0.8777539582836046
AAPL,2026-04-10,275.0,0.71,0.77,0.74,0.76,917.0,3880.0,250.1199951171875,0.0684931506849315,0.9095272549715908,-0.0948303144893537,0.2617119612951068,0.0622963873268212,0.2620929665262103,0.08108108108108115,0,0,0,0.2620929665262103,0.8451096706074522
AAPL,2026-04-10,280.0,0.4,0.45,0.42500000000000004,0.44,1016.0,2604.0,250.1199951171875,0.0684931506849315,0.8932856968470982,-0.1128488199920321,0.2617119612951068,0.0611839518388423,0.2637872279891968,0.11764705882352937,0,0,0,0.2637872279891968,0.8028627738447144
AAPL,2026-04-10,285.0,0.23,0.28,0.255,0.26,330.0,3299.0,250.1199951171875,0.0684931506849315,0.8776140179550439,-0.130548397091433,0.2617119612951068,0.060110549175003,0.2689803405388593,0.19607843137254907,0,0,0,0.2689803405388593,0.737054349759082
AAPL,2026-04-10,290.0,0.16,0.19,0.175,0.19,145.0,1031.0,250.1199951171875,0.0684931506849315,0.8624827417834052,-0.1479401398033021,0.2617119612951068,0.0590741603961236,0.2802484756683111,0.17142857142857143,0,0,0,0.2802484756683111,0.7395886236080039
AAPL,2026-04-10,295.0,0.09,0.12,0.105,0.1,106.0,667.0,250.1199951171875,0.0684931506849315,0.8478643902277543,-0.1650345731626022,0.2617119612951068,0.0580729034402571,0.2851004113450049,0.2857142857142857,0,0,1,0.2851004113450049,0.6624262700338357
AAPL,2026-04-17,195.0,55.45,58.25,56.85,57.62,1.0,218.0,250.1199951171875,0.0876712328767123,1.2826666416266026,0.2489412246134707,0.296093284079042,0.1124529658412363,0.5714053858333825,0.04925241864555844,0,0,1,0.5714053858333825,0.7463831764095006
AAPL,2026-04-17,200.0,51.0,52.15,51.575,52.66,4.0,570.0,250.1199951171875,0.0876712328767123,1.2505999755859376,0.2236234166291809,0.296093284079042,0.1096416416952054,0.4906793256487249,0.022297624818225857,0,0,1,0.4906793256487249,0.785705608642978
AAPL,2026-04-17,205.0,46.2,47.35,46.775000000000006,50.65,4.0,659.0,250.1199951171875,0.0876712328767123,1.2200975371570122,0.1989308040388093,0.296093284079042,0.1069674553123955,0.4682018851546048,0.02458578300374128,0,0,1,0.4682018851546048,0.8035497033215427
AAPL,2026-04-17,210.0,41.5,42.6,42.05,42.54,6.0,967.0,250.1199951171875,0.0876712328767123,1.1910475957961308,0.1748332524597487,0.296093284079042,0.1044206111382908,0.4486037056712507,0.026159334126040462,0,0,1,0.4486037056712507,0.8218862298967188
AAPL,2026-04-17,215.0,37.0,37.75,37.375,38.45,102.0,3674.0,250.1199951171875,0.0876712328767123,1.1633488144985464,0.1513027550495546,0.296093284079042,0.1019922248327492,0.4276978603220581,0.020066889632107024,0,0,1,0.4276978603220581,0.846480617705026
AAPL,2026-04-17,220.0,32.55,33.2,32.875,33.04,55.0,3984.0,250.1199951171875,0.0876712328767123,1.1369090687144887,0.128313236824856,0.296093284079042,0.099674219722914,0.4130149166270495,0.019771863117870894,0,0,0,0.4130149166270495,0.8664168008841768
AAPL,2026-04-17,225.0,28.05,28.7,28.375,28.5,17.0,1167.0,250.1199951171875,0.0876712328767123,1.1116444227430555,0.1058403809727973,0.296093284079042,0.0974592370624048,0.3908788318197727,0.022907488986784092,0,0,0,0.3908788318197727,0.8833918115189486
AAPL,2026-04-17,230.0,23.8,24.4,24.1,24.24,24.0,1360.0,250.1199951171875,0.0876712328767123,1.0874782396399456,0.083861474254022,0.296093284079042,0.0953405579958308,0.3735089414362609,0.024896265560165887,0,0,0,0.3735089414362609,0.9012704555475429
AAPL,2026-04-17,235.0,19.7,20.25,19.975,20.05,46.0,1534.0,250.1199951171875,0.0876712328767123,1.0643404047539893,0.0623552690330584,0.296093284079042,0.0933120354852812,0.3543987450170219,0.027534418022528193,0,0,0,0.3543987450170219,0.9184990128162754
AAPL,2026-04-17,240.0,16.05,16.9,16.475,16.05,75.0,3570.0,250.1199951171875,0.0876712328767123,1.0421666463216146,0.0413018598352261,0.296093284079042,0.0913680347460045,0.3503786514855325,0.051593323216995314,0,0,0,0.3503786514855325,0.9165805371204284
AAPL,2026-04-17,245.0,12.35,12.75,12.55,12.6,170.0,3928.0,250.1199951171875,0.0876712328767123,1.0208979392538264,0.0206825726324904,0.296093284079042,0.0895033809756779,0.3189576562333404,0.03187250996015939,0,0,0,0.3189576562333404,0.9535583010177608
AAPL,2026-04-17,250.0,9.45,9.95,9.7,9.5,945.0,4508.0,250.1199951171875,0.0876712328767123,1.00047998046875,0.0004798653149711,0.296093284079042,0.0877133133561643,0.3133887216224819,0.051546391752577324,0,0,0,0.3133887216224819,0.9548140051426626
AAPL,2026-04-17,255.0,6.8,7.0,6.9,6.8,1410.0,4163.0,250.1199951171875,0.0876712328767123,0.9808627259497548,-0.0193227619812086,0.296093284079042,0.0859934444668278,0.2951446549089252,0.028985507246376836,0,0,0,0.2951446549089252,0.9575348604477728
AAPL,2026-04-17,260.0,4.65,4.8,4.725,4.7,2264.0,12995.0,250.1199951171875,0.0876712328767123,0.961999981219952,-0.0387408478383102,0.296093284079042,0.0843397243809272,0.282620888751179,0.03174603174603163,0,0,0,0.282620888751179,0.9366080309147041
AAPL,2026-04-17,265.0,3.0,3.1,3.05,3.09,3272.0,6416.0,250.1199951171875,0.0876712328767123,0.943849038178066,-0.0577890428090046,0.296093284079042,0.0827484088265701,0.271318242543906,0.03278688524590167,0,0,0,0.271318242543906,0.9180100677134286
AAPL,2026-04-17,270.0,1.87,1.95,1.9100000000000001,1.9,4241.0,18230.0,250.1199951171875,0.0876712328767123,0.9263703522858796,-0.0764811758211573,0.296093284079042,0.0812160308853373,0.2646140633459092,0.04188481675392662,0,0,0,0.2646140633459092,0.8931420958376756
AAPL,2026-04-17,275.0,1.07,1.17,1.12,1.17,3433.0,17489.0,250.1199951171875,0.0876712328767123,0.9095272549715908,-0.0948303144893537,0.296093284079042,0.0797393757783312,0.2578951320032477,0.08928571428571416,0,0,0,0.2578951320032477,0.8387442012231695
AAPL,2026-04-17,280.0,0.67,0.72,0.6950000000000001,0.68,3174.0,20517.0,250.1199951171875,0.0876712328767123,0.8932856968470982,-0.1128488199920321,0.296093284079042,0.0783154583537181,0.2590615349080562,0.07194244604316537,0,0,0,0.2590615349080562,0.8370945857575565
AAPL,2026-04-17,285.0,0.4,0.45,0.42500000000000004,0.44,1061.0,13970.0,250.1199951171875,0.0876712328767123,0.8776140179550439,-0.130548397091433,0.296093284079042,0.0769415029440038,0.2608158778329492,0.11764705882352937,0,0,0,0.2608158778329492,0.7887774620228774
AAPL,2026-04-17,290.0,0.27,0.3,0.28500000000000003,0.29,845.0,16905.0,250.1199951171875,0.0876712328767123,0.8624827417834052,-0.1479401398033021,0.296093284079042,0.0756149253070382,0.2678148317034244,0.10526315789473673,0,0,0,0.2678148317034244,0.7838633167219526
AAPL,2026-04-17,295.0,0.19,0.2,0.195,0.19,789.0,9298.0,250.1199951171875,0.0876712328767123,0.8478643902277543,-0.1650345731626022,0.296093284079042,0.0743333164035291,0.2753453992234469,0.05128205128205133,0,0,1,0.2753453992234469,0.8101450201459103
AAPL,2026-04-17,300.0,0.14,0.16,0.15000000000000002,0.15,1198.0,28733.0,250.1199951171875,0.0876712328767123,0.8337333170572917,-0.1818416914789835,0.296093284079042,0.0730944277968036,0.2872526151411532,0.13333333333333325,0,0,1,0.2872526151411532,0.7389671205629551
AAPL,2026-04-17,305.0,0.1,0.11,0.10500000000000001,0.1,198.0,9289.0,250.1199951171875,0.0876712328767123,0.8200655577612705,-0.198370993430194,0.296093284079042,0.0718961584886593,0.294457383781433,0.09523809523809518,0,0,1,0.294457383781433,0.7521347456620814
AAPL,2026-04-17,310.0,0.06,0.09,0.075,0.07,202.0,5143.0,250.1199951171875,0.0876712328767123,0.8068386939264113,-0.2146315143019744,0.296093284079042,0.0707365430291648,0.301968997030735,0.4,1,0,1,0.301968997030735,0.5789143340815778
AAPL,2026-04-17,320.0,0.04,0.05,0.045,0.04,1470.0,10154.0,250.1199951171875,0.0876712328767123,0.7816249847412109,-0.2463802126165548,0.296093284079042,0.0685260260595034,0.3212336886377334,0.22222222222222227,0,0,1,0.3212336886377334,0.6423975536712051
AAPL,2026-04-24,195.0,55.8,58.45,57.125,66.23,,1.0,250.1199951171875,0.1068493150684931,1.2826666416266026,0.2489412246134707,0.3268781348889722,0.1370520521190067,0.5332230803502201,0.04638949671772439,0,0,1,0.5332230803502201,0.7484252809690476
AAPL,2026-04-24,205.0,46.3,48.7,47.5,52.0,2.0,43.0,250.1199951171875,0.1068493150684931,1.2200975371570122,0.1989308040388093,0.3268781348889722,0.130366586161982,0.4765034981024265,0.0505263157894738,0,0,1,0.4765034981024265,0.783707737336794
AAPL,2026-04-24,215.0,37.05,39.55,38.3,41.91,1.0,4.0,250.1199951171875,0.1068493150684931,1.1633488144985464,0.1513027550495546,0.3268781348889722,0.1243030240149131,0.4386067583771943,0.06527415143603134,0,0,1,0.4386067583771943,0.8105583428193047
AAPL,2026-04-24,220.0,32.3,35.45,33.875,38.16,1.0,30.0,250.1199951171875,0.1068493150684931,1.1369090687144887,0.128313236824856,0.3268781348889722,0.1214779552873014,0.4221140394561291,0.09298892988929906,0,0,0,0.4221140394561291,0.8083773322057074
AAPL,2026-04-24,230.0,24.05,26.45,25.25,25.9,1.0,4.0,250.1199951171875,0.1068493150684931,1.0874782396399456,0.083861474254022,0.3268781348889722,0.1161963050574187,0.3819242353049368,0.095049504950495,0,0,0,0.3819242353049368,0.8435314750378754
AAPL,2026-04-24,235.0,19.9,22.85,21.375,21.81,25.0,28.0,250.1199951171875,0.1068493150684931,1.0643404047539893,0.0623552690330584,0.3268781348889722,0.1137240432476864,0.3694667643912434,0.1380116959064329,0,0,0,0.3694667643912434,0.8293318530761712
AAPL,2026-04-24,240.0,16.6,17.9,17.25,17.5,17.0,17.0,250.1199951171875,0.1068493150684931,1.0421666463216146,0.0413018598352261,0.3268781348889722,0.111354792346693,0.3402953370899856,0.07536231884057955,0,0,0,0.3402953370899856,0.8963211339464665
AAPL,2026-04-24,245.0,13.4,13.85,13.625,13.65,26.0,58.0,250.1199951171875,0.1068493150684931,1.0208979392538264,0.0206825726324904,0.3268781348889722,0.1090822455641074,0.3202106944604516,0.03302752293577976,0,0,0,0.3202106944604516,0.9524921414177183
AAPL,2026-04-24,250.0,10.25,10.75,10.5,10.66,59.0,29.0,250.1199951171875,0.1068493150684931,1.00047998046875,0.0004798653149711,0.3268781348889722,0.1069006006528253,0.3058671394996642,0.047619047619047616,0,0,0,0.3058671394996642,0.9583934390888393
AAPL,2026-04-24,255.0,7.6,8.1,7.85,7.8,162.0,151.0,250.1199951171875,0.1068493150684931,0.9808627259497548,-0.0193227619812086,0.3268781348889722,0.1048045104439463,0.2944672185445427,0.06369426751592357,0,0,0,0.2944672185445427,0.9262901231807102
AAPL,2026-04-24,260.0,5.35,5.85,5.6,5.7,88.0,408.0,250.1199951171875,0.1068493150684931,0.961999981219952,-0.0387408478383102,0.3268781348889722,0.102789039089255,0.2826759634245931,0.08928571428571429,0,0,0,0.2826759634245931,0.8871332897552754
AAPL,2026-04-24,265.0,3.6,3.95,3.7750000000000004,3.9,636.0,274.0,250.1199951171875,0.1068493150684931,0.943849038178066,-0.0577890428090046,0.3268781348889722,0.1008496232573823,0.270753190699786,0.09271523178807949,0,0,0,0.270753190699786,0.8676631668313807
AAPL,2026-04-24,270.0,2.31,2.74,2.5250000000000004,2.57,163.0,330.0,250.1199951171875,0.1068493150684931,0.9263703522858796,-0.0764811758211573,0.3268781348889722,0.0989820376415049,0.2651778634929062,0.17029702970297034,0,0,0,0.2651778634929062,0.7951410327797166
AAPL,2026-04-24,275.0,1.42,1.82,1.62,1.72,327.0,347.0,250.1199951171875,0.1068493150684931,0.9095272549715908,-0.0948303144893537,0.3268781348889722,0.0971823642298411,0.2601750089059472,0.24691358024691365,0,0,0,0.2601750089059472,0.7327148334942858
AAPL,2026-04-24,280.0,1.02,1.1,1.06,1.1,243.0,629.0,250.1199951171875,0.1068493150684931,0.8932856968470982,-0.1128488199920321,0.3268781348889722,0.095446964868594,0.260010142513454,0.07547169811320761,0,0,0,0.260010142513454,0.8343475885052914
AAPL,2026-04-24,285.0,0.61,0.82,0.715,0.74,276.0,237.0,250.1199951171875,0.1068493150684931,0.8776140179550439,-0.130548397091433,0.3268781348889722,0.0937724567130046,0.263253468573153,0.29370629370629364,0,0,0,0.263253468573153,0.6814335021672997
AAPL,2026-05-15,195.0,56.7,59.05,57.875,64.0,4.0,182.0,250.1199951171875,0.1643835616438356,1.2826666416266026,0.2489412246134707,0.4054424270396916,0.2108493109523182,0.4592068320006132,0.04060475161987031,0,0,1,0.4592068320006132,0.752585793852019
AAPL,2026-05-15,200.0,52.8,53.75,53.275,53.06,9.0,600.0,250.1199951171875,0.1643835616438356,1.2505999755859376,0.2236234166291809,0.4054424270396916,0.2055780781785103,0.4473542437216342,0.017832003754106106,0,0,1,0.4473542437216342,0.7891528017978521
AAPL,2026-05-15,205.0,47.8,49.6,48.7,58.4,1.0,70.0,250.1199951171875,0.1643835616438356,1.2200975371570122,0.1989308040388093,0.4054424270396916,0.2005639787107417,0.4328609321407675,0.03696098562628345,0,0,1,0.4328609321407675,0.7939600557516471
AAPL,2026-05-15,210.0,43.65,45.0,44.325,44.9,2.0,894.0,250.1199951171875,0.1643835616438356,1.1910475957961308,0.1748332524597487,0.4054424270396916,0.1957886458842954,0.4243981184848844,0.0304568527918782,0,0,1,0.4243981184848844,0.8184585546819764
AAPL,2026-05-15,215.0,38.95,40.65,39.8,40.61,3.0,306.0,250.1199951171875,0.1643835616438356,1.1633488144985464,0.1513027550495546,0.4054424270396916,0.1912354215614048,0.4046141513856947,0.04271356783919587,0,0,1,0.4046141513856947,0.8280959195971561
AAPL,2026-05-15,220.0,35.2,35.9,35.55,36.02,5.0,1869.0,250.1199951171875,0.1643835616438356,1.1369090687144887,0.128313236824856,0.4054424270396916,0.1868891619804638,0.3924491752675771,0.019690576652601852,0,0,0,0.3924491752675771,0.866485868855193
AAPL,2026-05-15,225.0,30.7,32.25,31.475,33.46,35.0,276.0,250.1199951171875,0.1643835616438356,1.1116444227430555,0.1058403809727973,0.4054424270396916,0.1827360694920091,0.3816806461040974,0.04924543288324069,0,0,0,0.3816806461040974,0.8612170912474102
AAPL,2026-05-15,230.0,27.15,27.8,27.475,27.82,23.0,1567.0,250.1199951171875,0.1643835616438356,1.0874782396399456,0.083861474254022,0.4054424270396916,0.1787635462421828,0.3681703190960437,0.02365787079162883,0,0,0,0.3681703190960437,0.9023607891922439
AAPL,2026-05-15,235.0,23.45,24.0,23.725,24.6,86.0,1778.0,250.1199951171875,0.1643835616438356,1.0643404047539893,0.0623552690330584,0.4054424270396916,0.1749600665349023,0.3569072354585528,0.023182297154899924,0,0,0,0.3569072354585528,0.9224058618027063
AAPL,2026-05-15,240.0,19.9,20.4,20.15,20.2,53.0,41167.0,250.1199951171875,0.1643835616438356,1.0421666463216146,0.0413018598352261,0.4054424270396916,0.1713150651487585,0.3447280436373949,0.02481389578163772,0,0,0,0.3447280436373949,0.940531717021006
AAPL,2026-05-15,245.0,16.75,17.1,16.925,17.1,64.0,1899.0,250.1199951171875,0.1643835616438356,1.0208979392538264,0.0206825726324904,0.4054424270396916,0.1678188393293961,0.3355727285481841,0.020679468242245282,0,0,0,0.3355727285481841,0.9640152742163457
AAPL,2026-05-15,250.0,13.75,13.95,13.85,13.9,496.0,6103.0,250.1199951171875,0.1643835616438356,1.00047998046875,0.0004798653149711,0.4054424270396916,0.1644624625428082,0.3235098551525324,0.014440433212996338,0,0,0,0.3235098551525324,0.9897389625160798
AAPL,2026-05-15,255.0,11.0,11.25,11.125,11.3,567.0,4521.0,250.1199951171875,0.1643835616438356,0.9808627259497548,-0.0193227619812086,0.4054424270396916,0.1612377083753021,0.3130504057715088,0.02247191011235955,0,0,0,0.3130504057715088,0.9636347799282492
AAPL,2026-05-15,260.0,8.65,8.95,8.8,8.75,869.0,7586.0,250.1199951171875,0.1643835616438356,0.961999981219952,-0.0387408478383102,0.4054424270396916,0.1581369832142386,0.3049347145499287,0.03409090909090897,0,0,0,0.3049347145499287,0.9344842031802038
AAPL,2026-05-15,265.0,6.6,6.85,6.725,6.7,616.0,5003.0,250.1199951171875,0.1643835616438356,0.943849038178066,-0.0577890428090046,0.4054424270396916,0.155153266549819,0.2951588706119655,0.03717472118959108,0,0,0,0.2951588706119655,0.9141263656818542
AAPL,2026-05-15,270.0,4.95,5.15,5.050000000000001,5.03,6233.0,8641.0,250.1199951171875,0.1643835616438356,0.9263703522858796,-0.0764811758211573,0.4054424270396916,0.1522800579100076,0.2876315664451568,0.03960396039603963,0,0,0,0.2876315664451568,0.895101619757738
AAPL,2026-05-15,275.0,3.6,3.75,3.675,3.7,1447.0,11297.0,250.1199951171875,0.1643835616438356,0.9095272549715908,-0.0948303144893537,0.4054424270396916,0.1495113295843711,0.2801039046505987,0.04081632653061222,0,0,0,0.2801039046505987,0.8778033674566013
AAPL,2026-05-15,280.0,2.59,2.76,2.675,2.68,675.0,9764.0,250.1199951171875,0.1643835616438356,0.8932856968470982,-0.1128488199920321,0.4054424270396916,0.1468414844132216,0.2760881026521027,0.06355140186915885,0,0,0,0.2760881026521027,0.8436989657946369
AAPL,2026-05-15,285.0,1.85,1.99,1.92,1.85,2111.0,28638.0,250.1199951171875,0.1643835616438356,0.8776140179550439,-0.130548397091433,0.4054424270396916,0.1442653180200072,0.2730792015821636,0.07291666666666662,0,0,0,0.2730792015821636,0.8216619592973892
AAPL,2026-05-15,290.0,1.29,1.4,1.345,1.35,1893.0,16669.0,250.1199951171875,0.1643835616438356,0.8624827417834052,-0.1479401398033021,0.4054424270396916,0.1417779849506967,0.2700305144250989,0.08178438661710027,0,0,0,0.2700305144250989,0.8008760853974155
AAPL,2026-05-15,295.0,0.9,0.99,0.9450000000000001,0.94,382.0,13751.0,250.1199951171875,0.1643835616438356,0.8478643902277543,-0.1650345731626022,0.4054424270396916,0.1393749682566171,0.2687351867166162,0.0952380952380952,0,0,1,0.2687351867166162,0.7776308387353722
AAPL,2026-05-15,300.0,0.63,0.7,0.665,0.65,2011.0,22380.0,250.1199951171875,0.1643835616438356,0.8337333170572917,-0.1818416914789835,0.4054424270396916,0.1370520521190068,0.2685341999214291,0.10526315789473677,0,0,1,0.2685341999214291,0.7577345394978874
AAPL,2026-05-15,305.0,0.45,0.49,0.47,0.48,252.0,6739.0,250.1199951171875,0.1643835616438356,0.8200655577612705,-0.198370993430194,0.4054424270396916,0.1348052971662362,0.269216911295116,0.08510638297872336,0,0,1,0.269216911295116,0.7591574790482819
AAPL,2026-05-15,310.0,0.34,0.36,0.35,0.36,101.0,16056.0,250.1199951171875,0.1643835616438356,0.8068386939264113,-0.2146315143019744,0.4054424270396916,0.132631018179684,0.2727139742430449,0.05714285714285704,0,0,1,0.2727139742430449,0.7666703343242518
AAPL,2026-05-15,315.0,0.25,0.27,0.26,0.26,32.0,1986.0,250.1199951171875,0.1643835616438356,0.7940317305307539,-0.2306318556484156,0.4054424270396916,0.1305257639228636,0.2760252495751382,0.07692307692307698,0,0,1,0.2760252495751382,0.7406427829678596
AAPL,2026-05-15,320.0,0.18,0.22,0.2,0.21,103.0,9160.0,250.1199951171875,0.1643835616438356,0.7816249847412109,-0.2463802126165548,0.4054424270396916,0.1284862988615689,0.2806761984566449,0.20000000000000004,0,0,1,0.2806761984566449,0.6542938046651166
AAPL,2026-05-15,325.0,0.13,0.18,0.155,0.15,8.0,1997.0,250.1199951171875,0.1643835616438356,0.7695999849759615,-0.26188439915252,0.4054424270396916,0.1265095865713909,0.2853736389455794,0.32258064516129026,1,0,1,0.2853736389455794,0.5845188330756883
AAPL,2026-05-15,330.0,0.1,0.14,0.12000000000000001,0.11,4.0,4348.0,250.1199951171875,0.1643835616438356,0.7579393791429925,-0.2771518712833083,0.4054424270396916,0.1245927746536425,0.2897817585852145,0.33333333333333337,1,0,1,0.2897817585852145,0.571020047707738
AAPL,2026-05-15,340.0,0.07,0.09,0.08,0.11,7.0,2950.0,250.1199951171875,0.1643835616438356,0.7356470444623162,-0.3070048344329895,0.4054424270396916,0.1209282812814766,0.3016328269462585,0.24999999999999986,0,0,1,0.3016328269462585,0.5911736964503642
NVDA,2026-03-18,150.0,29.15,31.45,30.299999999999997,31.47,42.0,107.0,180.25,0.0054794520547945,1.2016666666666669,0.1837094820688027,0.0740233210197603,0.0065844748858447,0.974785526145935,0.07590759075907594,0,1,1,0.974785526145935,0.7769563760172239
NVDA,2026-03-18,155.0,23.4,27.35,25.375,26.56,2.0,66.0,180.25,0.0054794520547945,1.1629032258064516,0.1509196592458118,0.0740233210197603,0.0063720724701723,1.000892351855278,0.155665024630542,0,1,1,1.000892351855278,0.7474464367474741
NVDA,2026-03-18,160.0,20.1,20.85,20.475,20.75,50.0,195.0,180.25,0.0054794520547945,1.1265625,0.1191709609312314,0.0740233210197603,0.0061729452054794,0.9271294827661516,0.036630036630036625,0,1,0,0.9271294827661516,0.8601546504678339
NVDA,2026-03-18,165.0,15.6,16.0,15.8,15.85,119.0,1363.0,180.25,0.0054794520547945,1.0924242424242423,0.0883993022644779,0.0740233210197603,0.0059858862598588,0.9126663013231756,0.025316455696202552,0,1,0,0.9126663013231756,0.8968222286901496
NVDA,2026-03-18,170.0,10.7,11.35,11.024999999999999,11.45,283.0,435.0,180.25,0.0054794520547945,1.0602941176470588,0.0585463391147967,0.0740233210197603,0.0058098307816276,0.7559817164816854,0.058956916099773285,0,1,0,0.7559817164816854,0.8946454917992888
NVDA,2026-03-18,175.0,7.2,7.3,7.25,7.25,1231.0,1500.0,180.25,0.0054794520547945,1.03,0.0295588022415444,0.0740233210197603,0.0056438356164383,0.7769379873435496,0.013793103448275813,0,1,0,0.7769379873435496,0.9619866911397709
NVDA,2026-03-18,180.0,4.0,4.05,4.025,4.03,11157.0,2681.0,180.25,0.0054794520547945,1.0013888888888889,0.001387925274848,0.0740233210197603,0.0054870624048706,0.729691785364628,0.012422360248447159,0,1,0,0.729691785364628,0.9908116953566182
NVDA,2026-03-18,185.0,1.83,1.85,1.84,1.84,22159.0,4329.0,180.25,0.0054794520547945,0.9743243243243244,-0.0260110489132663,0.0740233210197603,0.0053387634209551,0.6923447194902899,0.010869565217391313,0,1,0,0.6923447194902899,0.9681976957570289
NVDA,2026-03-18,190.0,0.72,0.73,0.725,0.72,10326.0,6916.0,180.25,0.0054794520547945,0.9486842105263158,-0.0526792959954276,0.0740233210197603,0.0051982696467195,0.6831794355275631,0.013793103448275874,0,1,0,0.6831794355275631,0.9400002321593791
NVDA,2026-03-18,195.0,0.27,0.29,0.28,0.27,4126.0,7023.0,180.25,0.0054794520547945,0.9243589743589744,-0.0786547823986883,0.0740233210197603,0.005064980681419,0.7025192289619446,0.07142857142857129,0,1,0,0.7025192289619446,0.8666286844184156
NVDA,2026-03-18,200.0,0.12,0.13,0.125,0.13,4836.0,5795.0,180.25,0.0054794520547945,0.90125,-0.1039725903829782,0.0740233210197603,0.0049383561643835,0.748850619157791,0.08000000000000007,0,1,0,0.748850619157791,0.8382569120118599
NVDA,2026-03-18,205.0,0.06,0.07,0.065,0.07,2298.0,1261.0,180.25,0.0054794520547945,0.8792682926829268,-0.1286652029733497,0.0740233210197603,0.0048179084530571,0.8078935300798415,0.15384615384615397,0,1,0,0.8078935300798415,0.7654716777005862
NVDA,2026-03-18,210.0,0.04,0.05,0.045,0.04,229.0,1066.0,180.25,0.0054794520547945,0.8583333333333333,-0.1527627545524102,0.0740233210197603,0.0047031963470319,0.8905513165531158,0.22222222222222227,0,1,0,0.8905513165531158,0.7054421804982925
NVDA,2026-03-18,220.0,0.02,0.03,0.025,0.02,806.0,170.0,180.25,0.0054794520547945,0.8193181818181818,-0.199282770187303,0.0740233210197603,0.0044894146948941,1.047341043952942,0.3999999999999999,1,1,1,1.047341043952942,0.5878684837485771
NVDA,2026-03-20,140.0,40.15,40.6,40.375,40.2,100.0,23942.0,180.25,0.010958904109589,1.2875,0.2527023535557542,0.1046847845180425,0.0141095890410958,1.0632712144241334,0.011145510835913383,0,1,1,1.0632712144241334,0.771604452680828
NVDA,2026-03-20,142.0,37.05,40.2,38.625,43.14,2.0,9.0,180.25,0.010958904109589,1.2693661971830985,0.2385177185637976,0.1046847845180425,0.0139108624348832,1.2801481257743834,0.08155339805825257,0,1,1,1.2801481257743834,0.7316792279745337
NVDA,2026-03-20,144.0,35.1,38.05,36.575,35.25,1.0,1.0,180.25,0.010958904109589,1.2517361111111112,0.2245314765890578,0.1046847845180425,0.0137176560121765,1.1793071140084268,0.08065618591934369,0,1,1,1.1793071140084268,0.7426006000762073
NVDA,2026-03-20,148.0,31.15,34.1,32.625,36.27,202.0,113.0,180.25,0.010958904109589,1.2179054054054057,0.1971325024009434,0.1046847845180425,0.0133469085523879,1.0908013985762597,0.09042145593869741,0,1,1,1.0908013985762597,0.7563933021661748
NVDA,2026-03-20,149.0,30.3,32.9,31.6,37.05,89.0,43.0,180.25,0.010958904109589,1.2097315436241611,0.1903984702195993,0.1046847845180425,0.0132573319849222,1.0432311858563423,0.08227848101265815,0,1,1,1.0432311858563423,0.7672335621521472
NVDA,2026-03-20,150.0,30.45,30.65,30.549999999999997,30.72,1412.0,41756.0,180.25,0.010958904109589,1.2016666666666669,0.1837094820688027,0.1046847845180425,0.0131689497716894,0.9777895992412567,0.006546644844517163,0,1,1,0.9777895992412567,0.830496298335704
NVDA,2026-03-20,155.0,25.5,25.75,25.625,25.6,377.0,14832.0,180.25,0.010958904109589,1.1629032258064516,0.1509196592458118,0.1046847845180425,0.0127441449403446,0.8748042514896393,0.00975609756097561,0,1,1,0.8748042514896393,0.8554518331904589
NVDA,2026-03-20,160.0,20.75,21.0,20.875,20.71,604.0,62315.0,180.25,0.010958904109589,1.1265625,0.1191709609312314,0.1046847845180425,0.0123458904109588,0.8271439165768625,0.011976047904191617,0,1,0,0.8271439165768625,0.8811099320666775
NVDA,2026-03-20,165.0,16.2,16.4,16.299999999999997,16.16,1410.0,20482.0,180.25,0.010958904109589,1.0924242424242423,0.0883993022644779,0.1046847845180425,0.0119717725197176,0.7787747634646891,0.012269938650306707,0,1,0,0.7787747634646891,0.9083808120748788
NVDA,2026-03-20,167.5,14.0,14.1,14.05,13.85,85.0,488.0,180.25,0.010958904109589,1.0761194029850747,0.0733614248999374,0.1046847845180425,0.0117930893477815,0.7415585893466474,0.007117437722419903,0,1,0,0.7415585893466474,0.9268619279051
NVDA,2026-03-20,170.0,11.9,12.0,11.95,11.95,2540.0,25511.0,180.25,0.010958904109589,1.0602941176470588,0.0585463391147967,0.1046847845180425,0.0116196615632553,0.7194346638828515,0.008368200836820055,0,1,0,0.7194346638828515,0.9395288647659886
NVDA,2026-03-20,172.5,9.9,10.0,9.95,9.85,471.0,1551.0,180.25,0.010958904109589,1.0449275362318842,0.0439475396936441,0.1046847845180425,0.0114512606710343,0.6953772239916921,0.010050251256281372,0,1,0,0.6953772239916921,0.9517578465494735
NVDA,2026-03-20,175.0,8.0,8.1,8.05,8.11,4925.0,40499.0,180.25,0.010958904109589,1.03,0.0295588022415444,0.1046847845180425,0.0112876712328766,0.666484299300313,0.012422360248447159,0,1,0,0.666484299300313,0.9632891482633789
NVDA,2026-03-20,177.5,6.3,6.4,6.35,6.41,2743.0,8003.0,180.25,0.010958904109589,1.0154929577464789,0.0153741672495879,0.1046847845180425,0.0111286899479065,0.6440022096454502,0.01574803149606308,0,1,0,0.6440022096454502,0.973851450810765
NVDA,2026-03-20,180.0,4.85,4.9,4.875,4.85,14564.0,60965.0,180.25,0.010958904109589,1.0013888888888889,0.001387925274848,0.1046847845180425,0.0109741248097412,0.6267168088177442,0.010256410256410402,0,1,0,0.6267168088177442,0.9929359566450203
NVDA,2026-03-20,182.5,3.55,3.65,3.5999999999999996,3.57,16872.0,8020.0,180.25,0.010958904109589,0.9876712328767124,-0.0124053968574877,0.1046847845180425,0.0108237943328954,0.6084735020631551,0.027777777777777804,0,1,0,0.6084735020631551,0.965314438771451
NVDA,2026-03-20,185.0,2.55,2.57,2.5599999999999996,2.57,82668.0,67983.0,180.25,0.010958904109589,0.9743243243243244,-0.0260110489132663,0.1046847845180425,0.0106775268419103,0.5927021183127166,0.007812500000000009,0,1,0,0.5927021183127166,0.9711345947330361
NVDA,2026-03-20,187.5,1.76,1.78,1.77,1.75,16706.0,42164.0,180.25,0.010958904109589,0.9613333333333334,-0.039434069245407,0.1046847845180425,0.0105351598173515,0.5825909089527128,0.011299435028248598,0,1,0,0.5825909089527128,0.9548823317702028
NVDA,2026-03-20,190.0,1.19,1.21,1.2,1.19,98218.0,129896.0,180.25,0.010958904109589,0.9486842105263158,-0.0526792959954276,0.1046847845180425,0.010396539293439,0.578008624599099,0.016666666666666684,0,1,0,0.578008624599099,0.9373433632160232
NVDA,2026-03-20,192.5,0.79,0.81,0.8,0.79,25726.0,17225.0,180.25,0.010958904109589,0.9363636363636364,-0.0657513775627804,0.1046847845180425,0.0102615193026151,0.5771063297872543,0.025000000000000022,0,1,0,0.5771063297872543,0.9176483648758279
NVDA,2026-03-20,195.0,0.53,0.54,0.535,0.54,50948.0,149038.0,180.25,0.010958904109589,0.9243589743589744,-0.0786547823986883,0.1046847845180425,0.010129961362838,0.5813756898601055,0.018691588785046745,0,1,0,0.5813756898601055,0.9114934721438772
NVDA,2026-03-20,197.5,0.36,0.37,0.365,0.37,20946.0,21697.0,180.25,0.010958904109589,0.9126582278481012,-0.0913938081761181,0.1046847845180425,0.0100017340038147,0.5908885879952905,0.02739726027397263,0,1,0,0.5908885879952905,0.8923297882601187
NVDA,2026-03-20,200.0,0.25,0.26,0.255,0.25,25274.0,239823.0,180.25,0.010958904109589,0.90125,-0.1039725903829782,0.1046847845180425,0.009876712328767,0.6041215299801826,0.03921568627450984,0,1,0,0.6041215299801826,0.8711545417662877
NVDA,2026-03-20,202.5,0.18,0.19,0.185,0.19,4829.0,15342.0,180.25,0.010958904109589,0.8901234567901235,-0.1163951103815353,0.1046847845180425,0.0097547776086588,0.6214378656082153,0.054054054054054106,0,1,0,0.6214378656082153,0.8482873366000361
NVDA,2026-03-20,205.0,0.13,0.15,0.14,0.14,6967.0,49397.0,180.25,0.010958904109589,0.8792682926829268,-0.1286652029733497,0.1046847845180425,0.0096358169061142,0.6423276177086831,0.14285714285714277,0,1,0,0.6423276177086831,0.7728319822938613
NVDA,2026-03-20,207.5,0.1,0.12,0.11,0.11,4545.0,9777.0,180.25,0.010958904109589,0.8686746987951808,-0.1407865635056944,0.1046847845180425,0.0095197227265224,0.665727916610241,0.18181818181818174,0,1,0,0.665727916610241,0.73834973973686
NVDA,2026-03-20,210.0,0.08,0.09,0.08499999999999999,0.09,10444.0,110653.0,180.25,0.010958904109589,0.8583333333333333,-0.1527627545524102,0.1046847845180425,0.0094063926940638,0.6859567726297378,0.11764705882352937,0,1,0,0.6859567726297378,0.7714484663928698
NVDA,2026-03-20,212.5,0.07,0.08,0.07500000000000001,0.07,412.0,9229.0,180.25,0.010958904109589,0.8482352941176471,-0.164597212199413,0.1046847845180425,0.0092957292506043,0.7179401375179293,0.13333333333333325,0,1,1,0.7179401375179293,0.7518207321573499
NVDA,2026-03-20,215.0,0.05,0.07,0.060000000000000005,0.07,4360.0,14042.0,180.25,0.010958904109589,0.8383720930232558,-0.1762932519626044,0.1046847845180425,0.0091876393755972,0.7387397674255372,0.33333333333333337,1,1,1,0.7387397674255372,0.6316168360275409
NVDA,2026-03-20,217.5,0.05,0.06,0.055,0.06,1132.0,1973.0,180.25,0.010958904109589,0.828735632183908,-0.1878540743636803,0.1046847845180425,0.009082034325303,0.771515635406494,0.18181818181818174,0,1,1,0.771515635406494,0.7044026252661997
NVDA,2026-03-20,220.0,0.04,0.05,0.045,0.04,2816.0,75928.0,180.25,0.010958904109589,0.8193181818181818,-0.199282770187303,0.1046847845180425,0.0089788293897882,0.7919318883666993,0.22222222222222227,0,1,1,0.7919318883666993,0.6733766268392792
NVDA,2026-03-20,225.0,0.03,0.04,0.035,0.02,4533.0,10503.0,180.25,0.010958904109589,0.8011111111111111,-0.2217556260393617,0.1046847845180425,0.0087792998477929,0.8439052139377594,0.28571428571428575,0,1,1,0.8439052139377594,0.6258984943021887
NVDA,2026-03-20,230.0,0.02,0.03,0.025,0.03,5353.0,59185.0,180.25,0.010958904109589,0.783695652173913,-0.2437345327581369,0.1046847845180425,0.0085884455032757,0.883736362159729,0.3999999999999999,1,1,1,0.883736362159729,0.5623089844551609
NVDA,2026-03-20,232.5,0.02,0.03,0.025,0.02,60.0,568.0,180.25,0.010958904109589,0.7752688172043011,-0.2545454488623525,0.1046847845180425,0.0084960966268964,0.9182574535579682,0.3999999999999999,1,1,1,0.9182574535579682,0.5562626512889763
NVDA,2026-03-27,140.0,40.45,41.0,40.725,40.58,804.0,119.0,180.25,0.0301369863013698,1.2875,0.2527023535557542,0.1736000757527766,0.0388013698630136,0.814114107153654,0.013505217925107357,0,0,1,0.814114107153654,0.769807954286106
NVDA,2026-03-27,145.0,35.55,37.05,36.3,36.44,34.0,42.0,180.25,0.0301369863013698,1.243103448275862,0.217611033744484,0.1736000757527766,0.0374633915918752,0.8924292198654413,0.04132231404958678,0,0,1,0.8924292198654413,0.7760025975194151
NVDA,2026-03-27,150.0,30.8,31.3,31.05,31.17,81.0,11055.0,180.25,0.0301369863013698,1.2016666666666669,0.1837094820688027,0.1736000757527766,0.036214611872146,0.7215807880072597,0.01610305958132045,0,0,1,0.7215807880072597,0.8226855088794197
NVDA,2026-03-27,155.0,26.0,26.6,26.3,26.52,23.0,405.0,180.25,0.0301369863013698,1.1629032258064516,0.1509196592458118,0.1736000757527766,0.0350463985859477,0.67225891457057,0.02281368821292781,0,0,1,0.67225891457057,0.8445308414311684
NVDA,2026-03-27,160.0,21.55,22.0,21.775,22.31,656.0,1921.0,180.25,0.0301369863013698,1.1265625,0.1191709609312314,0.1736000757527766,0.0339511986301369,0.6420003883179426,0.020665901262916158,0,0,0,0.6420003883179426,0.8736082450865392
NVDA,2026-03-27,165.0,17.05,17.65,17.35,17.1,71.0,435.0,180.25,0.0301369863013698,1.0924242424242423,0.0883993022644779,0.1736000757527766,0.0329223744292236,0.5976200363091827,0.03458213256484137,0,0,0,0.5976200363091827,0.8887903240997862
NVDA,2026-03-27,170.0,13.2,13.35,13.274999999999999,13.15,209.0,1142.0,180.25,0.0301369863013698,1.0602941176470588,0.0585463391147967,0.1736000757527766,0.0319540692989523,0.5635409728092551,0.011299435028248615,0,0,0,0.5635409728092551,0.9368056563503137
NVDA,2026-03-27,175.0,9.55,9.65,9.600000000000001,9.65,444.0,2323.0,180.25,0.0301369863013698,1.03,0.0295588022415444,0.1736000757527766,0.0310410958904108,0.5307157521988749,0.010416666666666628,0,0,0,0.5307157521988749,0.9652012929516138
NVDA,2026-03-27,180.0,6.45,6.55,6.5,6.46,2816.0,6808.0,180.25,0.0301369863013698,1.0013888888888889,0.001387925274848,0.1736000757527766,0.0301788432267883,0.5034384108656048,0.01538461538461533,0,0,0,0.5034384108656048,0.9879211285811568
NVDA,2026-03-27,185.0,4.0,4.05,4.025,4.0,4358.0,10438.0,180.25,0.0301369863013698,0.9743243243243244,-0.0260110489132663,0.1736000757527766,0.0293631988152535,0.4770645266343653,0.012422360248447159,0,0,0,0.4770645266343653,0.9667127299659904
NVDA,2026-03-27,190.0,2.27,2.3,2.285,2.28,7171.0,16128.0,180.25,0.0301369863013698,0.9486842105263158,-0.0526792959954276,0.1736000757527766,0.0285904830569574,0.4577078352888226,0.013129102844638864,0,0,0,0.4577078352888226,0.9406163044050783
NVDA,2026-03-27,195.0,1.19,1.21,1.2,1.2,3214.0,18402.0,180.25,0.0301369863013698,0.9243589743589744,-0.0786547823986883,0.1736000757527766,0.0278573937478046,0.4455057552917003,0.016666666666666684,0,0,0,0.4455057552917003,0.9133089180053559
NVDA,2026-03-27,200.0,0.6,0.62,0.61,0.61,5538.0,47592.0,180.25,0.0301369863013698,0.90125,-0.1039725903829782,0.1736000757527766,0.0271609589041095,0.4425531805922985,0.03278688524590167,0,0,0,0.4425531805922985,0.8765772279895451
NVDA,2026-03-27,205.0,0.31,0.33,0.32,0.31,1445.0,13953.0,180.25,0.0301369863013698,0.8792682926829268,-0.1286652029733497,0.1736000757527766,0.0264984964918141,0.4493431010432243,0.06250000000000006,0,0,0,0.4493431010432243,0.8312814599463381
NVDA,2026-03-27,210.0,0.18,0.19,0.185,0.19,792.0,12230.0,180.25,0.0301369863013698,0.8583333333333333,-0.1527627545524102,0.1736000757527766,0.0258675799086757,0.4658154351825714,0.054054054054054106,0,0,0,0.4658154351825714,0.8179913602928919
NVDA,2026-03-27,215.0,0.12,0.13,0.125,0.12,404.0,7928.0,180.25,0.0301369863013698,0.8383720930232558,-0.1762932519626044,0.1736000757527766,0.0252660082828925,0.4925287975549697,0.08000000000000007,0,0,1,0.4925287975549697,0.7797738716389394
NVDA,2026-03-27,220.0,0.08,0.09,0.08499999999999999,0.08,296.0,5219.0,180.25,0.0301369863013698,0.8193181818181818,-0.199282770187303,0.1736000757527766,0.0246917808219177,0.5168446234951019,0.11764705882352937,0,0,1,0.5168446234951019,0.7363826270113756
NVDA,2026-03-27,225.0,0.06,0.07,0.065,0.07,260.0,3314.0,180.25,0.0301369863013698,0.8011111111111111,-0.2217556260393617,0.1736000757527766,0.0241430745814306,0.5467995237884521,0.15384615384615397,0,0,1,0.5467995237884521,0.6974297507938675
NVDA,2026-03-27,230.0,0.05,0.06,0.055,0.05,328.0,2315.0,180.25,0.0301369863013698,0.783695652173913,-0.2437345327581369,0.1736000757527766,0.0236182251340082,0.5812333540158273,0.18181818181818174,0,0,1,0.5812333540158273,0.6661198738930366
NVDA,2026-03-27,235.0,0.04,0.05,0.045,0.03,189.0,1648.0,180.25,0.0301369863013698,0.7670212765957447,-0.2652407379791004,0.1736000757527766,0.0231157097056251,0.6110094404344559,0.22222222222222227,0,0,1,0.6110094404344559,0.6303951400197508
NVDA,2026-03-27,240.0,0.03,0.04,0.035,0.03,36.0,3216.0,180.25,0.0301369863013698,0.7510416666666667,-0.2862941471769328,0.1736000757527766,0.0226341324200912,0.6352222695827483,0.28571428571428575,0,0,1,0.6352222695827483,0.5867798384083021
NVDA,2026-03-27,245.0,0.02,0.03,0.025,0.03,10.0,1076.0,180.25,0.0301369863013698,0.7357142857142858,-0.3069134343796684,0.1736000757527766,0.0221722113502935,0.6519821364326477,0.3999999999999999,1,0,1,0.6519821364326477,0.5278819037742326
NVDA,2026-03-27,250.0,0.02,0.03,0.025,0.03,40.0,3423.0,180.25,0.0301369863013698,0.721,-0.327116141697188,0.1736000757527766,0.0217287671232876,0.6898849558296203,0.3999999999999999,1,0,1,0.6898849558296203,0.5173242656987479
NVDA,2026-04-02,140.0,39.75,42.25,41.0,41.57,3.0,86.0,180.25,0.0465753424657534,1.2875,0.2527023535557542,0.2158132119814572,0.0599657534246575,0.7176597573623658,0.06097560975609756,0,0,1,0.7176597573623658,0.7353650463732888
NVDA,2026-04-02,145.0,35.45,36.95,36.2,41.85,2.0,122.0,180.25,0.0465753424657534,1.243103448275862,0.217611033744484,0.2158132119814572,0.0578979688238072,0.6810086350884438,0.04143646408839779,0,0,1,0.6810086350884438,0.7759175412248849
NVDA,2026-04-02,150.0,30.8,32.0,31.4,32.54,10.0,236.0,180.25,0.0465753424657534,1.2016666666666669,0.1837094820688027,0.2158132119814572,0.0559680365296803,0.6323211932792665,0.03821656050955412,0,0,1,0.6323211932792665,0.8051627131003575
NVDA,2026-04-02,155.0,26.35,27.35,26.85,27.97,4.0,98.0,180.25,0.0465753424657534,1.1629032258064516,0.1509196592458118,0.2158132119814572,0.0541626159964648,0.6102451899338961,0.037243947858472994,0,0,1,0.6102451899338961,0.8327816291598568
NVDA,2026-04-02,160.0,22.0,22.5,22.25,22.5,102.0,525.0,180.25,0.0465753424657534,1.1265625,0.1191709609312314,0.2158132119814572,0.0524700342465753,0.562839843606472,0.02247191011235955,0,0,0,0.562839843606472,0.8720651765621437
NVDA,2026-04-02,165.0,18.05,18.25,18.15,18.31,66.0,516.0,180.25,0.0465753424657534,1.0924242424242423,0.0883993022644779,0.2158132119814572,0.0508800332088003,0.5485940998351573,0.011019283746556436,0,0,0,0.5485940998351573,0.909504500747645
NVDA,2026-04-02,170.0,14.15,14.3,14.225000000000001,14.5,47.0,1415.0,180.25,0.0465753424657534,1.0602941176470588,0.0585463391147967,0.2158132119814572,0.0493835616438355,0.5221564684575797,0.010544815465729374,0,0,0,0.5221564684575797,0.9375052115444442
NVDA,2026-04-02,175.0,10.6,10.7,10.649999999999999,10.5,111.0,1251.0,180.25,0.0465753424657534,1.03,0.0295588022415444,0.2158132119814572,0.047972602739726,0.4948410397689937,0.009389671361502315,0,0,0,0.4948410397689937,0.9661833291508378
NVDA,2026-04-02,180.0,7.55,7.6,7.574999999999999,7.6,1554.0,4466.0,180.25,0.0465753424657534,1.0013888888888889,0.001387925274848,0.2158132119814572,0.0466400304414002,0.4710511054344176,0.006600660066006578,0,0,0,0.4710511054344176,0.9965420796653706
NVDA,2026-04-02,185.0,5.05,5.1,5.074999999999999,5.15,6197.0,9029.0,180.25,0.0465753424657534,0.9743243243243244,-0.0260110489132663,0.2158132119814572,0.0453794890781191,0.4505096827619075,0.00985221674876844,0,0,0,0.4505096827619075,0.9691730804982476
NVDA,2026-04-02,190.0,3.15,3.25,3.2,3.2,11726.0,8366.0,180.25,0.0465753424657534,0.9486842105263158,-0.0526792959954276,0.2158132119814572,0.044185291997116,0.4345973936781883,0.03125000000000003,0,0,0,0.4345973936781883,0.9240880025240793
NVDA,2026-04-02,195.0,1.88,1.91,1.895,1.9,1743.0,8292.0,180.25,0.0465753424657534,0.9243589743589744,-0.0786547823986883,0.2158132119814572,0.0430523357920618,0.4223479280042648,0.015831134564643815,0,0,0,0.4223479280042648,0.9140601244747107
NVDA,2026-04-02,200.0,1.06,1.09,1.0750000000000002,1.08,67864.0,75809.0,180.25,0.0465753424657534,0.90125,-0.1039725903829782,0.2158132119814572,0.0419760273972602,0.4154446395567656,0.027906976744186067,0,0,0,0.4154446395567656,0.8807387102676648
NVDA,2026-04-02,205.0,0.59,0.62,0.605,0.58,2009.0,15988.0,180.25,0.0465753424657534,0.8792682926829268,-0.1286652029733497,0.2158132119814572,0.0409522218509856,0.4148502622371913,0.049586776859504175,0,0,0,0.4148502622371913,0.8415088401130008
NVDA,2026-04-02,210.0,0.34,0.36,0.35,0.34,1647.0,6564.0,180.25,0.0465753424657534,0.8583333333333333,-0.1527627545524102,0.2158132119814572,0.0399771689497716,0.4202579514365196,0.05714285714285704,0,0,0,0.4202579514365196,0.8156013197953235
NVDA,2026-04-02,215.0,0.21,0.23,0.22,0.22,429.0,3061.0,180.25,0.0465753424657534,0.8383720930232558,-0.1762932519626044,0.2158132119814572,0.0390474673462886,0.4329415771982669,0.090909090909091,0,0,1,0.4329415771982669,0.7719761329225501
NVDA,2026-04-02,220.0,0.14,0.15,0.14500000000000002,0.15,1110.0,10854.0,180.25,0.0465753424657534,0.8193181818181818,-0.199282770187303,0.2158132119814572,0.0381600249066002,0.4480041427493095,0.06896551724137917,0,0,1,0.4480041427493095,0.7699180787158785
NVDA,2026-04-02,225.0,0.1,0.11,0.10500000000000001,0.11,40.0,1891.0,180.25,0.0465753424657534,0.8011111111111111,-0.2217556260393617,0.2158132119814572,0.0373120243531202,0.4678074217469691,0.09523809523809518,0,0,1,0.4678074217469691,0.7347504063547434
NVDA,2026-04-02,230.0,0.07,0.08,0.07500000000000001,0.08,52.0,2764.0,180.25,0.0465753424657534,0.783695652173913,-0.2437345327581369,0.2158132119814572,0.0365008933889219,0.4849528113107682,0.13333333333333325,0,0,1,0.4849528113107682,0.6946169807975514
NVDA,2026-04-02,235.0,0.05,0.07,0.060000000000000005,0.07,28.0,1282.0,180.25,0.0465753424657534,0.7670212765957447,-0.2652407379791004,0.2158132119814572,0.0357242786359661,0.5074776374816894,0.33333333333333337,1,0,1,0.5074776374816894,0.5778622116847715
NVDA,2026-04-02,240.0,0.04,0.06,0.05,0.04,77.0,2326.0,180.25,0.0465753424657534,0.7510416666666667,-0.2862941471769328,0.2158132119814572,0.0349800228310502,0.5308335905423164,0.3999999999999999,1,0,1,0.5308335905423164,0.5388794434361958
NVDA,2026-04-02,250.0,0.03,0.04,0.035,0.04,10.0,1009.0,180.25,0.0465753424657534,0.721,-0.327116141697188,0.2158132119814572,0.0335808219178082,0.573630188062668,0.28571428571428575,0,0,1,0.573630188062668,0.5633086448719699
NVDA,2026-04-02,255.0,0.02,0.03,0.025,0.03,500.0,1054.0,180.25,0.0465753424657534,0.7068627450980393,-0.3469187689933676,0.2158132119814572,0.0329223744292237,0.5837353177509308,0.3999999999999999,1,0,1,0.5837353177509308,0.5071806526458313
NVDA,2026-04-10,140.0,40.85,42.15,41.5,43.47,5.0,140.0,180.25,0.0684931506849315,1.2875,0.2527023535557542,0.2617119612951068,0.0881849315068493,0.6709496393798591,0.03132530120481921,0,0,1,0.6709496393798591,0.7565065819269317
NVDA,2026-04-10,145.0,35.85,37.4,36.625,37.0,1.0,118.0,180.25,0.0684931506849315,1.243103448275862,0.217611033744484,0.2617119612951068,0.0851440717997165,0.6144864762284158,0.04232081911262791,0,0,1,0.6144864762284158,0.7752592155315012
NVDA,2026-04-10,150.0,31.4,32.45,31.925,32.07,50.0,156.0,180.25,0.0684931506849315,1.2016666666666669,0.1837094820688027,0.2617119612951068,0.0823059360730593,0.578006121204853,0.03288958496476129,0,0,1,0.578006121204853,0.8093152209237479
NVDA,2026-04-10,155.0,27.1,28.0,27.55,27.62,10.0,239.0,180.25,0.0684931506849315,1.1629032258064516,0.1509196592458118,0.2617119612951068,0.0796509058771542,0.565690315583408,0.03266787658802173,0,0,1,0.565690315583408,0.8364719425453656
NVDA,2026-04-10,160.0,22.95,23.5,23.225,22.98,67.0,1055.0,180.25,0.0684931506849315,1.1265625,0.1191709609312314,0.2617119612951068,0.0771618150684931,0.539921805725038,0.023681377825618976,0,0,0,0.539921805725038,0.8710348416378627
NVDA,2026-04-10,165.0,18.95,19.1,19.025,19.46,10.0,494.0,180.25,0.0684931506849315,1.0924242424242423,0.0883993022644779,0.2617119612951068,0.0748235782482357,0.5085806508679089,0.007884362680683423,0,0,0,0.5085806508679089,0.9123334213306735
NVDA,2026-04-10,170.0,15.15,15.25,15.2,15.27,146.0,304.0,180.25,0.0684931506849315,1.0602941176470588,0.0585463391147967,0.2617119612951068,0.0726228847703465,0.4857813453992902,0.00657894736842103,0,0,0,0.4857813453992902,0.9411989327565208
NVDA,2026-04-10,175.0,11.7,11.8,11.75,11.55,148.0,1275.0,180.25,0.0684931506849315,1.03,0.0295588022415444,0.2617119612951068,0.0705479452054794,0.4653195843079685,0.008510638297872462,0,0,0,0.4653195843079685,0.9670254690942349
NVDA,2026-04-10,180.0,8.65,8.75,8.7,8.7,1719.0,2719.0,180.25,0.0684931506849315,1.0013888888888889,0.001387925274848,0.2617119612951068,0.0685882800608828,0.4447289878199099,0.011494252873563178,0,0,0,0.4447289878199099,0.991720825229546
NVDA,2026-04-10,185.0,6.15,6.2,6.175000000000001,6.15,2652.0,6169.0,180.25,0.0684931506849315,0.9743243243243244,-0.0260110489132663,0.2617119612951068,0.06673454276194,0.4278186490944325,0.008097165991902805,0,0,0,0.4278186490944325,0.970860366214192
NVDA,2026-04-10,190.0,4.15,4.2,4.175000000000001,4.18,2576.0,4838.0,180.25,0.0684931506849315,0.9486842105263158,-0.0526792959954276,0.2617119612951068,0.0649783705839942,0.4132081250186861,0.011976047904191572,0,0,0,0.4132081250186861,0.9416880513887208
NVDA,2026-04-10,195.0,2.67,2.7,2.685,2.68,528.0,6303.0,180.25,0.0684931506849315,0.9243589743589744,-0.0786547823986883,0.2617119612951068,0.0633122585177379,0.4010562917203605,0.011173184357541992,0,0,0,0.4010562917203605,0.9182707252026224
NVDA,2026-04-10,200.0,1.65,1.68,1.665,1.66,5264.0,17612.0,180.25,0.0684931506849315,0.90125,-0.1039725903829782,0.2617119612951068,0.0617294520547945,0.3930386352055967,0.018018018018018035,0,0,0,0.3930386352055967,0.8892941470086883
NVDA,2026-04-10,205.0,0.99,1.02,1.005,0.99,825.0,10184.0,180.25,0.0684931506849315,0.8792682926829268,-0.1286652029733497,0.2617119612951068,0.0602238556632141,0.3885125878155827,0.029850746268656747,0,0,0,0.3885125878155827,0.857635491738115
NVDA,2026-04-10,210.0,0.59,0.62,0.605,0.61,803.0,5537.0,180.25,0.0684931506849315,0.8583333333333333,-0.1527627545524102,0.2617119612951068,0.0587899543378995,0.3880825404468775,0.049586776859504175,0,0,0,0.3880825404468775,0.8214729153484055
NVDA,2026-04-10,215.0,0.37,0.38,0.375,0.36,3092.0,4510.0,180.25,0.0684931506849315,0.8383720930232558,-0.1762932519626044,0.2617119612951068,0.0574227460974832,0.3922853817583324,0.02666666666666669,0,0,1,0.3922853817583324,0.8202816052305729
NVDA,2026-04-10,220.0,0.24,0.26,0.25,0.25,120.0,3768.0,180.25,0.0684931506849315,0.8193181818181818,-0.199282770187303,0.2617119612951068,0.0561176836861768,0.4022142009661198,0.08000000000000007,0,0,1,0.4022142009661198,0.7620517381926
NVDA,2026-04-10,225.0,0.17,0.18,0.175,0.18,931.0,831.0,180.25,0.0684931506849315,0.8011111111111111,-0.2217556260393617,0.2617119612951068,0.0548706240487062,0.4146245991272927,0.05714285714285704,0,0,1,0.4146245991272927,0.7612278984756352
NVDA,2026-04-10,230.0,0.12,0.13,0.125,0.12,12.0,1675.0,180.25,0.0684931506849315,0.783695652173913,-0.2437345327581369,0.2617119612951068,0.0536777843954734,0.4272116653966903,0.08000000000000007,0,0,1,0.4272116653966903,0.7289190539233564
NVDA,2026-04-10,235.0,0.09,0.11,0.1,0.09,15.0,897.0,180.25,0.0684931506849315,0.7670212765957447,-0.2652407379791004,0.2617119612951068,0.0525357038764208,0.4453534058704376,0.20000000000000004,0,0,1,0.4453534058704376,0.6420691240941907
NVDA,2026-04-10,240.0,0.07,0.09,0.08,0.08,600.0,695.0,180.25,0.0684931506849315,0.7510416666666667,-0.2862941471769328,0.2617119612951068,0.0514412100456621,0.4621104116983413,0.24999999999999986,0,0,1,0.4621104116983413,0.6035449766485393
NVDA,2026-04-10,245.0,0.06,0.08,0.07,0.06,16.0,194.0,180.25,0.0684931506849315,0.7357142857142858,-0.3069134343796684,0.2617119612951068,0.0503913894324853,0.4828013227701186,0.28571428571428575,0,0,1,0.4828013227701186,0.5748047396652755
NVDA,2026-04-10,250.0,0.05,0.06,0.055,0.06,3.0,271.0,180.25,0.0684931506849315,0.721,-0.327116141697188,0.2617119612951068,0.0493835616438356,0.4961107970933913,0.18181818181818174,0,0,1,0.4961107970933913,0.6128302839815938
NVDA,2026-04-10,255.0,0.04,0.06,0.05,0.05,46.0,410.0,180.25,0.0684931506849315,0.7068627450980393,-0.3469187689933676,0.2617119612951068,0.0484152565135643,0.5167130164833069,0.3999999999999999,1,0,1,0.5167130164833069,0.5071806526458313
NVDA,2026-04-17,140.0,41.45,42.0,41.725,42.35,4.0,6409.0,180.25,0.0876712328767123,1.2875,0.2527023535557542,0.296093284079042,0.1128767123287671,0.6135049668700694,0.01318154583582977,0,0,1,0.6135049668700694,0.7700538779805618
NVDA,2026-04-17,145.0,36.55,37.65,37.099999999999994,37.15,14.0,762.0,180.25,0.0876712328767123,1.243103448275862,0.217611033744484,0.296093284079042,0.1089844119036371,0.5912462157447338,0.029649595687331578,0,0,1,0.5912462157447338,0.7847998231068016
NVDA,2026-04-17,150.0,32.4,32.6,32.5,32.53,268.0,10899.0,180.25,0.0876712328767123,1.2016666666666669,0.1837094820688027,0.296093284079042,0.1053515981735159,0.5610599302974937,0.0061538461538462414,0,0,1,0.5610599302974937,0.8308205209780368
NVDA,2026-04-17,155.0,27.95,28.15,28.049999999999997,28.0,56.0,1895.0,180.25,0.0876712328767123,1.1629032258064516,0.1509196592458118,0.296093284079042,0.1019531595227573,0.5347072355104088,0.007130124777183576,0,0,1,0.5347072355104088,0.8576823227533644
NVDA,2026-04-17,160.0,23.75,23.9,23.825,23.76,469.0,10142.0,180.25,0.0876712328767123,1.1265625,0.1191709609312314,0.296093284079042,0.0987671232876711,0.5136318746079801,0.006295907660020927,0,0,0,0.5136318746079801,0.8860834472589517
NVDA,2026-04-17,165.0,19.75,19.9,19.825,19.71,279.0,4030.0,180.25,0.0876712328767123,1.0924242424242423,0.0883993022644779,0.296093284079042,0.0957741801577417,0.4933532189243733,0.007566204287515692,0,0,0,0.4933532189243733,0.9126215081423675
NVDA,2026-04-17,170.0,16.05,16.15,16.1,15.95,489.0,13331.0,180.25,0.0876712328767123,1.0602941176470588,0.0585463391147967,0.296093284079042,0.0929572925060434,0.4737984912125765,0.006211180124223469,0,0,0,0.4737984912125765,0.9415429382143997
NVDA,2026-04-17,175.0,12.65,12.75,12.7,12.57,1034.0,9954.0,180.25,0.0876712328767123,1.03,0.0295588022415444,0.296093284079042,0.0903013698630136,0.454782082670629,0.007874015748031468,0,0,0,0.454782082670629,0.9676362897030379
NVDA,2026-04-17,180.0,9.7,9.75,9.725,9.69,5219.0,24174.0,180.25,0.0876712328767123,1.0013888888888889,0.001387925274848,0.296093284079042,0.0877929984779299,0.4385904863145946,0.005141388174807271,0,0,0,0.4385904863145946,0.9979888670152514
NVDA,2026-04-17,185.0,7.15,7.2,7.175000000000001,7.11,7767.0,33831.0,180.25,0.0876712328767123,0.9743243243243244,-0.0260110489132663,0.296093284079042,0.0854202147352832,0.4231390005860329,0.006968641114982553,0,0,0,0.4231390005860329,0.9719484240052226
NVDA,2026-04-17,190.0,5.05,5.15,5.1,5.11,6762.0,40438.0,180.25,0.0876712328767123,0.9486842105263158,-0.0526792959954276,0.296093284079042,0.0831723143475125,0.4098377517009974,0.01960784313725501,0,0,0,0.4098377517009974,0.9346394881298228
NVDA,2026-04-17,195.0,3.45,3.55,3.5,3.49,4207.0,25774.0,180.25,0.0876712328767123,0.9243589743589744,-0.0786547823986883,0.296093284079042,0.0810396909027045,0.3992540266770423,0.02857142857142847,0,0,0,0.3992540266770423,0.9027382129358493
NVDA,2026-04-17,200.0,2.31,2.33,2.3200000000000003,2.31,10150.0,59016.0,180.25,0.0876712328767123,0.90125,-0.1039725903829782,0.296093284079042,0.0790136986301369,0.3908568377131819,0.00862068965517242,0,0,0,0.3908568377131819,0.8975797088619301
NVDA,2026-04-17,210.0,0.94,0.96,0.95,0.96,5725.0,56639.0,180.25,0.0876712328767123,0.8583333333333333,-0.1527627545524102,0.296093284079042,0.0752511415525113,0.3817965174949169,0.02105263157894739,0,0,0,0.3817965174949169,0.8444296433226984
NVDA,2026-04-17,220.0,0.39,0.41,0.4,0.4,2816.0,49525.0,180.25,0.0876712328767123,0.8193181818181818,-0.199282770187303,0.296093284079042,0.0718306351183063,0.3861617218046188,0.049999999999999906,0,0,1,0.3861617218046188,0.7838246449981031
NVDA,2026-04-17,230.0,0.18,0.2,0.19,0.18,1072.0,37137.0,180.25,0.0876712328767123,0.783695652173913,-0.2437345327581369,0.296093284079042,0.068707564026206,0.4007636628143787,0.10526315789473693,0,0,1,0.4007636628143787,0.7122580469765368
NVDA,2026-04-17,240.0,0.1,0.12,0.11,0.11,537.0,24659.0,180.25,0.0876712328767123,0.7510416666666667,-0.2862941471769328,0.296093284079042,0.0658447488584474,0.4247511864805221,0.18181818181818174,0,0,1,0.4247511864805221,0.6383648791474935
NVDA,2026-04-17,250.0,0.06,0.08,0.07,0.07,3213.0,24054.0,180.25,0.0876712328767123,0.721,-0.327116141697188,0.296093284079042,0.0632109589041095,0.4501999771308899,0.28571428571428575,0,0,1,0.4501999771308899,0.5633086448719699
NVDA,2026-04-24,140.0,40.5,43.8,42.15,42.76,4.0,8.0,180.25,0.1068493150684931,1.2875,0.2527023535557542,0.3268781348889722,0.1375684931506848,0.5971924923347236,0.07829181494661915,0,0,1,0.5971924923347236,0.7235558757420829
NVDA,2026-04-24,145.0,36.1,38.85,37.475,37.62,1.0,14.0,180.25,0.1068493150684931,1.243103448275862,0.217611033744484,0.3268781348889722,0.1328247520075578,0.564820743710637,0.0733822548365577,0,0,1,0.564820743710637,0.7528248365541045
NVDA,2026-04-24,155.0,28.4,29.8,29.1,29.7,3.0,76.0,180.25,0.1068493150684931,1.1629032258064516,0.1509196592458118,0.3268781348889722,0.1242554131683605,0.5518888348838389,0.048109965635738904,0,0,1,0.5518888348838389,0.824147974024689
NVDA,2026-04-24,160.0,24.4,24.7,24.549999999999997,24.3,34.0,189.0,180.25,0.1068493150684931,1.1265625,0.1191709609312314,0.3268781348889722,0.1203724315068492,0.504559931487858,0.012219959266802475,0,0,0,0.504559931487858,0.8808976138623459
NVDA,2026-04-24,165.0,20.5,20.65,20.575,20.7,133.0,89.0,180.25,0.1068493150684931,1.0924242424242423,0.0883993022644779,0.3268781348889722,0.1167247820672477,0.4828533576076625,0.007290400972053394,0,0,0,0.4828533576076625,0.9128713904379449
NVDA,2026-04-24,170.0,16.85,17.0,16.925,16.76,426.0,242.0,180.25,0.1068493150684931,1.0602941176470588,0.0585463391147967,0.3268781348889722,0.1132917002417404,0.46531377285704,0.00886262924667643,0,0,0,0.46531377285704,0.9390684157919124
NVDA,2026-04-24,175.0,13.55,13.65,13.600000000000001,13.55,530.0,360.0,180.25,0.1068493150684931,1.03,0.0295588022415444,0.3268781348889722,0.1100547945205479,0.4490338424468934,0.007352941176470561,0,0,0,0.4490338424468934,0.9681368199983036
NVDA,2026-04-24,180.0,10.6,10.7,10.649999999999999,10.68,674.0,1310.0,180.25,0.1068493150684931,1.0013888888888889,0.001387925274848,0.3268781348889722,0.1069977168949771,0.4342693149215431,0.009389671361502315,0,0,0,0.4342693149215431,0.9937885671265763
NVDA,2026-04-24,185.0,8.05,8.15,8.100000000000001,8.1,1245.0,2009.0,180.25,0.1068493150684931,0.9743243243243244,-0.0260110489132663,0.3268781348889722,0.1041058867086263,0.4206505372984707,0.012345679012345633,0,0,0,0.4206505372984707,0.9667859546842125
NVDA,2026-04-24,190.0,5.9,6.0,5.95,5.95,645.0,2516.0,180.25,0.1068493150684931,0.9486842105263158,-0.0526792959954276,0.3268781348889722,0.1013662581110309,0.4074308275403082,0.01680672268907557,0,0,0,0.4074308275403082,0.9372142525599328
NVDA,2026-04-24,195.0,4.2,4.3,4.25,4.26,528.0,595.0,180.25,0.1068493150684931,0.9243589743589744,-0.0786547823986883,0.3268781348889722,0.0987671232876711,0.3969978426127434,0.0235294117647058,0,0,0,0.3969978426127434,0.9071851992064693
NVDA,2026-04-24,200.0,2.95,3.0,2.975,3.0,1310.0,2068.0,180.25,0.1068493150684931,0.90125,-0.1039725903829782,0.3268781348889722,0.0962979452054794,0.3899511454377175,0.01680672268907557,0,0,0,0.3899511454377175,0.890353539931936
NVDA,2026-04-24,205.0,2.0,2.05,2.025,2.01,281.0,1663.0,180.25,0.1068493150684931,0.8792682926829268,-0.1286652029733497,0.3268781348889722,0.093949214834614,0.3839757221861481,0.02469135802469127,0,0,0,0.3839757221861481,0.8619537427305027
NVDA,2026-04-24,210.0,1.33,1.38,1.355,1.37,588.0,1088.0,180.25,0.1068493150684931,0.8583333333333333,-0.1527627545524102,0.3268781348889722,0.0917123287671232,0.3800341279456615,0.036900369003689905,0,0,0,0.3800341279456615,0.8315235824695177
NVDA,2026-04-24,215.0,0.87,0.92,0.895,0.87,248.0,1030.0,180.25,0.1068493150684931,0.8383720930232558,-0.1762932519626044,0.3268781348889722,0.0895794839120738,0.3777360120277405,0.05586592178770954,0,0,1,0.3777360120277405,0.7975972744192582
NVDA,2026-04-24,220.0,0.58,0.62,0.6,0.59,139.0,1820.0,180.25,0.1068493150684931,0.8193181818181818,-0.199282770187303,0.3268781348889722,0.0875435865504358,0.3786722814757824,0.06666666666666674,0,0,1,0.3786722814757824,0.7715773849200075
NVDA,2026-04-24,225.0,0.39,0.43,0.41000000000000003,0.4,156.0,1487.0,180.25,0.1068493150684931,0.8011111111111111,-0.2217556260393617,0.3268781348889722,0.0855981735159816,0.3819549465879202,0.09756097560975605,0,0,1,0.3819549465879202,0.733195379039707
NVDA,2026-04-24,230.0,0.27,0.31,0.29000000000000004,0.28,24.0,1283.0,180.25,0.1068493150684931,0.783695652173913,-0.2437345327581369,0.3268781348889722,0.0837373436569386,0.3878039484300614,0.13793103448275854,0,0,1,0.3878039484300614,0.691810447541804
NVDA,2026-04-24,235.0,0.2,0.23,0.21500000000000002,0.22,4.0,36.0,180.25,0.1068493150684931,0.7670212765957447,-0.2652407379791004,0.3268781348889722,0.0819556980472165,0.396296892223835,0.1395348837209302,0,0,1,0.396296892223835,0.6761380980257191
NVDA,2026-04-24,240.0,0.15,0.18,0.16499999999999998,0.16,12.0,168.0,180.25,0.1068493150684931,0.7510416666666667,-0.2862941471769328,0.3268781348889722,0.0802482876712328,0.4061867300069332,0.18181818181818182,0,0,1,0.4061867300069332,0.6383648791474934
NVDA,2026-04-24,245.0,0.11,0.14,0.125,0.14,1.0,136.0,180.25,0.1068493150684931,0.7357142857142858,-0.3069134343796684,0.3268781348889722,0.078610567514677,0.4146024262068272,0.2400000000000001,0,0,1,0.4146024262068272,0.5959956978096173
NVDA,2026-04-24,250.0,0.09,0.12,0.105,0.14,15.0,117.0,180.25,0.1068493150684931,0.721,-0.327116141697188,0.3268781348889722,0.0770383561643835,0.4280077447669505,0.2857142857142857,0,0,1,0.4280077447669505,0.56330864487197
NVDA,2026-04-24,255.0,0.08,0.1,0.09,0.09,1.0,8.0,180.25,0.1068493150684931,0.7068627450980393,-0.3469187689933676,0.3268781348889722,0.0755278001611603,0.4416412298312187,0.22222222222222227,0,0,1,0.4416412298312187,0.5809523839397704
NVDA,2026-05-15,140.0,43.1,43.6,43.35,43.13,110.0,19311.0,180.25,0.1643835616438356,1.2875,0.2527023535557542,0.4054424270396916,0.2116438356164383,0.5600519564856886,0.011534025374855825,0,0,1,0.5600519564856886,0.7713080913715104
NVDA,2026-05-15,145.0,38.7,39.3,39.0,39.15,116.0,2191.0,180.25,0.1643835616438356,1.243103448275862,0.217611033744484,0.4054424270396916,0.2043457723193197,0.5452055769091844,0.015384615384615238,0,0,1,0.5452055769091844,0.7958253535792651
NVDA,2026-05-15,150.0,34.35,34.9,34.625,34.5,37.0,7516.0,180.25,0.1643835616438356,1.2016666666666669,0.1837094820688027,0.4054424270396916,0.1975342465753424,0.521520695726007,0.015884476534295946,0,0,1,0.521520695726007,0.8228625222204319
NVDA,2026-05-15,155.0,30.25,30.8,30.525,30.54,160.0,1232.0,180.25,0.1643835616438356,1.1629032258064516,0.1509196592458118,0.4054424270396916,0.1911621741051701,0.5060194103333352,0.018018018018018042,0,0,1,0.5060194103333352,0.8485092497827402
NVDA,2026-05-15,160.0,26.25,26.8,26.525,26.68,111.0,7101.0,180.25,0.1643835616438356,1.1265625,0.1191709609312314,0.4054424270396916,0.1851883561643835,0.4873193235357702,0.020735155513666382,0,0,0,0.4873193235357702,0.8735489730176427
NVDA,2026-05-15,165.0,22.7,23.1,22.9,23.0,142.0,2118.0,180.25,0.1643835616438356,1.0924242424242423,0.0883993022644779,0.4054424270396916,0.1795765877957658,0.4764950938503146,0.017467248908297036,0,0,0,0.4764950938503146,0.9037407247228546
NVDA,2026-05-15,170.0,19.4,19.55,19.475,19.55,322.0,8549.0,180.25,0.1643835616438356,1.0602941176470588,0.0585463391147967,0.4054424270396916,0.1742949234488315,0.4641426313845515,0.007702182284980853,0,0,0,0.4641426313845515,0.9401498256658685
NVDA,2026-05-15,175.0,16.25,16.35,16.3,16.3,431.0,6165.0,180.25,0.1643835616438356,1.03,0.0295588022415444,0.4054424270396916,0.1693150684931506,0.4515551180804669,0.006134969325153461,0,0,0,0.4515551180804669,0.9693087933725839
NVDA,2026-05-15,180.0,13.35,13.45,13.399999999999999,13.4,1953.0,23864.0,180.25,0.1643835616438356,1.0013888888888889,0.001387925274848,0.4054424270396916,0.1646118721461187,0.4389162851943372,0.007462686567164154,0,0,0,0.4389162851943372,0.99568939728453
NVDA,2026-05-15,185.0,10.85,10.9,10.875,10.85,1962.0,24741.0,180.25,0.1643835616438356,0.9743243243243244,-0.0260110489132663,0.4054424270396916,0.160162902628656,0.4290607349717169,0.004597701149425352,0,0,0,0.4290607349717169,0.9742423087715303
NVDA,2026-05-15,190.0,8.6,8.7,8.649999999999999,8.68,3240.0,44715.0,180.25,0.1643835616438356,0.9486842105263158,-0.0526792959954276,0.4054424270396916,0.1559480894015861,0.4190700014598072,0.011560693641618458,0,0,0,0.4190700014598072,0.9420747154303517
NVDA,2026-05-15,195.0,6.7,6.8,6.75,6.75,1522.0,64440.0,180.25,0.1643835616438356,0.9243589743589744,-0.0786547823986883,0.4054424270396916,0.1519494204425711,0.4098253241367042,0.014814814814814762,0,0,0,0.4098253241367042,0.9149755401185041
NVDA,2026-05-15,200.0,5.15,5.25,5.2,5.2,2152.0,78657.0,180.25,0.1643835616438356,0.90125,-0.1039725903829782,0.4054424270396916,0.1481506849315068,0.402726502717197,0.019230769230769162,0,0,0,0.402726502717197,0.8882360033695484
NVDA,2026-05-15,210.0,2.94,2.98,2.96,2.97,7058.0,39033.0,180.25,0.1643835616438356,0.8583333333333333,-0.1527627545524102,0.4054424270396916,0.1410958904109588,0.3921457281221747,0.013513513513513526,0,0,0,0.3921457281221747,0.8507110147046076
NVDA,2026-05-15,220.0,1.62,1.64,1.63,1.62,2164.0,22573.0,180.25,0.1643835616438356,0.8193181818181818,-0.199282770187303,0.4054424270396916,0.1346824408468244,0.3869009383627176,0.012269938650306624,0,0,1,0.3869009383627176,0.8130399272207595
NVDA,2026-05-15,230.0,0.88,0.91,0.895,0.91,1039.0,34912.0,180.25,0.1643835616438356,0.783695652173913,-0.2437345327581369,0.4054424270396916,0.1288266825491363,0.3866443404524922,0.033519553072625725,0,0,1,0.3866443404524922,0.7617007108349366
NVDA,2026-05-15,240.0,0.5,0.52,0.51,0.51,449.0,18771.0,180.25,0.1643835616438356,0.7510416666666667,-0.2862941471769328,0.4054424270396916,0.123458904109589,0.3915045015674234,0.03921568627450984,0,0,1,0.3915045015674234,0.725962118138573
NVDA,2026-05-15,250.0,0.31,0.33,0.32,0.31,844.0,17787.0,180.25,0.1643835616438356,0.721,-0.327116141697188,0.4054424270396916,0.1185205479452054,0.4028346851114035,0.06250000000000006,0,0,1,0.4028346851114035,0.6816507971559972
TSLA,2026-03-18,337.5,53.05,55.3,54.175,72.0,,1.0,391.2000122070313,0.0054794520547945,1.1591111472800928,0.147653459052145,0.0740233210197603,0.0063512939576991,1.1013700138278009,0.041532071988924786,0,1,1,1.1013700138278009,0.8320662193861104
TSLA,2026-03-18,342.5,48.4,50.15,49.275,58.3,2.0,2.0,391.2000122070313,0.0054794520547945,1.1421898166628652,0.1329473116624496,0.0740233210197603,0.0062585743378786,1.051512414022446,0.035514967021816335,0,1,0,1.051512414022446,0.8492996725865335
TSLA,2026-03-18,360.0,31.85,33.2,32.525000000000006,34.82,2.0,23.0,391.2000122070313,0.0054794520547945,1.086666700575087,0.0831149379145738,0.0740233210197603,0.0059543380853429,0.8982753606855871,0.041506533435818636,0,1,0,0.8982753606855871,0.8875590637858621
TSLA,2026-03-18,365.0,27.4,28.55,27.975,27.3,6.0,22.0,391.2000122070313,0.0054794520547945,1.0717808553617296,0.069321615782238,0.0740233210197603,0.0058727718102012,0.8643618788336516,0.041108132260947346,0,1,0,0.8643618788336516,0.9002306327668931
TSLA,2026-03-18,370.0,23.15,24.15,23.65,24.01,36.0,21.0,391.2000122070313,0.0054794520547945,1.057297330289274,0.0557159637264594,0.0740233210197603,0.0057934100289823,0.839829151663482,0.042283298097251586,0,1,0,0.839829151663482,0.9115336524717677
TSLA,2026-03-18,372.5,20.75,22.05,21.4,20.7,20.0,109.0,391.2000122070313,0.0054794520547945,1.050201375052433,0.0489819315451153,0.0740233210197603,0.005754528082479,0.8066167990143298,0.060747663551401904,0,1,0,0.8066167990143298,0.9017184472440714
TSLA,2026-03-18,377.5,17.25,17.45,17.35,16.65,37.0,169.0,391.2000122070313,0.0054794520547945,1.0362914230649836,0.0356484006756501,0.0740233210197603,0.0056783091674793,0.7756480240513084,0.01152737752161379,0,1,0,0.7756480240513084,0.9582880568306829
TSLA,2026-03-18,380.0,15.35,15.5,15.425,15.0,759.0,197.0,391.2000122070313,0.0054794520547945,1.0294737163342929,0.029047716644298,0.0740233210197603,0.0056409518703248,0.7592178899863959,0.009724473257698565,0,1,0,0.7592178899863959,0.9663567293348485
TSLA,2026-03-18,382.5,13.45,13.65,13.55,13.3,222.0,77.0,391.2000122070313,0.0054794520547945,1.022745129953023,0.022490316098139,0.0740233210197603,0.0056040829038521,0.7395991469074488,0.014760147601476092,0,1,0,0.7395991469074488,0.9678873143556158
TSLA,2026-03-18,385.0,11.7,11.85,11.774999999999999,12.3,1303.0,239.0,391.2000122070313,0.0054794520547945,1.0161039278104709,0.0159756350769452,0.0740233210197603,0.0055676927551258,0.7209173885320426,0.012738853503184745,0,1,0,0.7209173885320426,0.9761577775236712
TSLA,2026-03-18,387.5,10.1,10.2,10.149999999999999,10.3,729.0,158.0,391.2000122070313,0.0054794520547945,1.0095484185987904,0.0095031205713277,0.0740233210197603,0.0055317721567056,0.706584383589864,0.00985221674876844,0,1,0,0.706584383589864,0.9853049054260955
TSLA,2026-03-18,390.0,8.55,8.65,8.600000000000001,8.7,2256.0,495.0,391.2000122070313,0.0054794520547945,1.0030769543770033,0.0030722302410373,0.0740233210197603,0.005496312078778,0.6889449312902094,0.011627906976744143,0,1,0,0.6889449312902094,0.9899210673034924
TSLA,2026-03-18,392.5,7.2,7.25,7.225,7.25,4984.0,194.0,391.2000122070313,0.0054794520547945,0.9966879291898888,-0.0033175678577335,0.0740233210197603,0.0054613037215884,0.676015972892344,0.006920415224913471,0,1,0,0.676015972892344,0.994305114386954
TSLA,2026-03-18,395.0,5.95,6.05,6.0,6.0,6218.0,849.0,391.2000122070313,0.0054794520547945,0.9903797777393196,-0.0096667955363923,0.0740233210197603,0.0054267385081606,0.6650428806561829,0.016666666666666607,0,1,0,0.6650428806561829,0.9785404894767777
TSLA,2026-03-18,397.5,4.85,4.95,4.9,4.89,4084.0,1194.0,391.2000122070313,0.0054794520547945,0.9841509741057392,-0.015975964729657,0.0740233210197603,0.0053926080772917,0.6535714341511728,0.02040816326530623,0,1,0,0.6535714341511728,0.9688207309041549
TSLA,2026-03-18,400.0,3.95,4.0,3.975,3.95,7164.0,1402.0,391.2000122070313,0.0054794520547945,0.9780000305175782,-0.0222455777432524,0.0740233210197603,0.0053589042768086,0.646208594045639,0.012578616352201213,0,1,0,0.646208594045639,0.970209979797342
TSLA,2026-03-18,402.5,3.1,3.2,3.1500000000000004,3.2,1612.0,1580.0,391.2000122070313,0.0054794520547945,0.9719254961665376,-0.0284761274938884,0.0740233210197603,0.0053256191570768,0.6363251935620308,0.03174603174603177,0,1,0,0.6363251935620308,0.9462715622987139
TSLA,2026-03-18,405.0,2.49,2.53,2.51,2.51,3880.0,945.0,391.2000122070313,0.0054794520547945,0.965925956066744,-0.0346680977418096,0.0740233210197603,0.0052927449647492,0.6333447238981724,0.01593625498007952,0,1,0,0.6333447238981724,0.9550651507431103
TSLA,2026-03-18,407.5,1.96,1.98,1.97,2.04,2400.0,1225.0,391.2000122070313,0.0054794520547945,0.960000029955905,-0.0408219633161878,0.0740233210197603,0.0052602741367446,0.6299361738182305,0.0101522842639594,0,1,0,0.6299361738182305,0.9546408565335393
TSLA,2026-03-18,410.0,1.53,1.54,1.5350000000000001,1.55,4275.0,1759.0,391.2000122070313,0.0054794520547945,0.9541463712366616,-0.0469381903336239,0.0740233210197603,0.0052281992944474,0.6280539789729119,0.0065146579804560316,0,1,0,0.6280539789729119,0.9522489883232677
TSLA,2026-03-18,412.5,1.19,1.2,1.1949999999999998,1.21,1380.0,549.0,391.2000122070313,0.0054794520547945,0.9483636659564396,-0.0530172364100061,0.0740233210197603,0.0051965132381174,0.6284981526377202,0.008368200836820092,0,1,0,0.6284981526377202,0.9447380040156532
TSLA,2026-03-18,415.0,0.92,0.93,0.925,0.93,4444.0,1547.0,391.2000122070313,0.0054794520547945,0.942650631824172,-0.0590595508659687,0.0740233210197603,0.0051652089415022,0.6297552141770124,0.01081081081081082,0,1,0,0.6297552141770124,0.9367776179325743
TSLA,2026-03-18,417.5,0.71,0.73,0.72,0.76,1110.0,442.0,391.2000122070313,0.0054794520547945,0.9370060172623504,-0.0650655749261806,0.0740233210197603,0.0051342795466429,0.6333568832416534,0.027777777777777804,0,1,0,0.6333568832416534,0.9157960742104398
TSLA,2026-03-18,420.0,0.55,0.57,0.56,0.57,3047.0,1342.0,391.2000122070313,0.0054794520547945,0.9314286004929316,-0.0710357419126845,0.0740233210197603,0.0051037183588653,0.6377667910200355,0.035714285714285546,0,1,0,0.6377667910200355,0.9033690840591171
TSLA,2026-03-18,422.5,0.43,0.45,0.44,0.47,1303.0,421.0,391.2000122070313,0.0054794520547945,0.9259171886556954,-0.076970477432499,0.0740233210197603,0.0050735188419489,0.6442148193424941,0.0454545454545455,0,1,0,0.6442148193424941,0.8896570243834062
TSLA,2026-03-18,425.0,0.34,0.36,0.35,0.37,1425.0,863.0,391.2000122070313,0.0054794520547945,0.9204706169577208,-0.0828701995596873,0.0740233210197603,0.0050436746134669,0.6525150017793178,0.05714285714285704,0,1,0,0.6525150017793178,0.8746451068235331
TSLA,2026-03-18,427.5,0.27,0.29,0.28,0.31,396.0,454.0,391.2000122070313,0.0054794520547945,0.9150877478527047,-0.0887353190120853,0.0740233210197603,0.0050141794402887,0.6615129159553051,0.07142857142857129,0,1,0,0.6615129159553051,0.8579364868491266
TSLA,2026-03-18,430.0,0.22,0.24,0.22999999999999998,0.25,640.0,1641.0,391.2000122070313,0.0054794520547945,0.90976747024891,-0.0945662393228785,0.0740233210197603,0.0049850272342405,0.6734154827122689,0.0869565217391304,0,1,0,0.6734154827122689,0.8407635056754852
TSLA,2026-03-18,432.5,0.18,0.2,0.19,0.2,250.0,419.0,391.2000122070313,0.0054794520547945,0.9045086987445812,-0.1003633570072044,0.0740233210197603,0.0049562120479154,0.6855619515943527,0.10526315789473693,0,1,0,0.6855619515943527,0.822058406798635
TSLA,2026-03-18,435.0,0.16,0.17,0.165,0.16,256.0,482.0,391.2000122070313,0.0054794520547945,0.8993103728897271,-0.1061270617239545,0.0740233210197603,0.0049277280706286,0.7026508359737398,0.060606060606060656,0,1,0,0.7026508359737398,0.8517479935414533
TSLA,2026-03-18,437.5,0.13,0.15,0.14,0.15,100.0,403.0,391.2000122070313,0.0054794520547945,0.8941714564732144,-0.1118577364329396,0.0740233210197603,0.0048995696245107,0.7166440945539476,0.14285714285714277,0,1,0,0.7166440945539476,0.7859311031314317
TSLA,2026-03-18,440.0,0.12,0.13,0.125,0.12,450.0,519.0,391.2000122070313,0.0054794520547945,0.8890909368341621,-0.1175557575475773,0.0740233210197603,0.0048717311607351,0.7354109683337212,0.08000000000000007,0,1,0,0.7354109683337212,0.8269477095238128
TSLA,2026-03-18,442.5,0.1,0.11,0.10500000000000001,0.11,32.0,150.0,391.2000122070313,0.0054794520547945,0.884067824196681,-0.1232214950832546,0.0740233210197603,0.0048442072558722,0.7473028062582017,0.09523809523809518,0,1,0,0.7473028062582017,0.810835331159915
TSLA,2026-03-18,445.0,0.08,0.1,0.09,0.1,1198.0,2385.0,391.2000122070313,0.0054794520547945,0.8791011510270367,-0.1288553128015106,0.0740233210197603,0.0048169926083673,0.7608254267201421,0.22222222222222227,0,1,0,0.7608254267201421,0.7225107178940638
TSLA,2026-03-18,447.5,0.07,0.09,0.08,0.1,26.0,36.0,391.2000122070313,0.0054794520547945,0.8741899714123604,-0.1344575683501805,0.0740233210197603,0.0047900820351362,0.7774708526902198,0.24999999999999986,0,1,0,0.7774708526902198,0.7025082486091012
TSLA,2026-03-18,450.0,0.07,0.09,0.08,0.09,124.0,847.0,391.2000122070313,0.0054794520547945,0.8693333604600696,-0.1400286133996358,0.0740233210197603,0.0047634704682743,0.8053100272178648,0.24999999999999986,0,1,0,0.8053100272178648,0.6986054250057174
TSLA,2026-03-18,452.5,0.06,0.08,0.07,0.09,4.0,161.0,391.2000122070313,0.0054794520547945,0.8645304137171963,-0.1455687937752512,0.0740233210197603,0.004737152951875,0.8192803976221084,0.28571428571428575,0,1,0,0.8192803976221084,0.6754472341215496
TSLA,2026-03-18,455.0,0.05,0.07,0.060000000000000005,0.06,24.0,101.0,391.2000122070313,0.0054794520547945,0.85978024660886,-0.1510784495862209,0.0740233210197603,0.0047111246389526,0.8308160383081435,0.33333333333333337,1,1,0,0.8308160383081435,0.6477454146687623
TSLA,2026-03-18,457.5,0.05,0.07,0.060000000000000005,0.07,2.0,26.0,391.2000122070313,0.0054794520547945,0.8550819938951504,-0.1565579153508464,0.0740233210197603,0.0046853807884665,0.8571231355571747,0.33333333333333337,1,1,0,0.8571231355571747,0.6442058222388785
TSLA,2026-03-18,460.0,0.05,0.06,0.055,0.07,2.0,54.0,391.2000122070313,0.0054794520547945,0.8504348091457202,-0.1620075201184111,0.0740233210197603,0.0046599167624422,0.8743808202342989,0.18181818181818174,0,1,0,0.8743808202342989,0.7228463323115176
TSLA,2026-03-18,462.5,0.04,0.06,0.05,0.06,3.0,63.0,391.2000122070313,0.0054794520547945,0.845837864231419,-0.1674275875877503,0.0740233210197603,0.0046347280231858,0.8903853772773742,0.3999999999999999,1,1,1,0.8903853772773742,0.6068966047346964
TSLA,2026-03-18,465.0,0.04,0.05,0.045,0.06,3.0,33.0,391.2000122070313,0.0054794520547945,0.8412903488323253,-0.1728184362226268,0.0740233210197603,0.004609810130588,0.9049994776306152,0.22222222222222227,0,1,1,0.9049994776306152,0.6914349880921686
TSLA,2026-03-18,475.0,0.03,0.04,0.035,0.04,13.0,244.0,391.2000122070313,0.0054794520547945,0.8235789730674343,-0.1940958346699116,0.0740233210197603,0.0045127614962598,0.9766280243110655,0.28571428571428575,0,1,1,0.9766280243110655,0.6434523651368448
TSLA,2026-03-20,305.0,85.65,87.5,86.575,86.36,91.0,276.0,391.2000122070313,0.010958904109589,1.2826229908427256,0.2489071927573179,0.1046847845180425,0.0140561423653996,1.127556948153019,0.02136875541438053,0,1,1,1.127556948153019,0.7667857482832088
TSLA,2026-03-20,310.0,81.15,82.4,81.775,81.45,106.0,710.0,391.2000122070313,0.010958904109589,1.261935523248488,0.2326466718855376,0.1046847845180425,0.0138294303917642,1.1637252729651926,0.015285845307245489,0,1,1,1.1637252729651926,0.784025383603663
TSLA,2026-03-20,315.0,75.7,77.45,76.575,79.23,56.0,290.0,391.2000122070313,0.010958904109589,1.2419048006572422,0.2166463305390964,0.1046847845180425,0.0136099156236409,0.9971916199040416,0.022853411687887692,0,1,1,0.9971916199040416,0.7907767956119119
TSLA,2026-03-20,320.0,71.1,72.45,71.775,72.05,53.0,2956.0,391.2000122070313,0.010958904109589,1.2225000381469728,0.2008979735709573,0.1046847845180425,0.0133972606920215,1.0260679149050715,0.018808777429467204,0,1,1,1.0260679149050715,0.8065179947598387
TSLA,2026-03-20,325.0,66.1,67.9,67.0,66.83,57.0,374.0,391.2000122070313,0.010958904109589,1.203692345252404,0.185393787034992,0.1046847845180425,0.0131911489890673,1.032392204026222,0.026865671641791215,0,1,1,1.032392204026222,0.812692939498836
TSLA,2026-03-20,330.0,61.45,62.4,61.925,61.0,19.0,1769.0,391.2000122070313,0.010958904109589,1.1854545824455494,0.1701263149042035,0.1046847845180425,0.0129912830952936,0.9396772099831106,0.015341138473960368,0,1,1,0.9396772099831106,0.8345622155834896
TSLA,2026-03-20,335.0,56.7,57.45,57.075,58.92,90.0,1729.0,391.2000122070313,0.010958904109589,1.16776123046875,0.1550884375396631,0.1046847845180425,0.0127973833476026,0.91022334616673,0.013140604467805518,0,1,1,0.91022334616673,0.8490472252769165
TSLA,2026-03-20,340.0,51.9,52.65,52.275,56.09,92.0,1317.0,391.2000122070313,0.010958904109589,1.150588271197151,0.1402733517545224,0.1046847845180425,0.0126091865336673,0.883381237804532,0.014347202295552367,0,1,1,0.883381237804532,0.8606945294509374
TSLA,2026-03-20,345.0,47.1,47.7,47.400000000000006,47.0,5.0,646.0,391.2000122070313,0.010958904109589,1.1339130788609604,0.1256745523333698,0.1046847845180425,0.012426444699846,0.8336448738062383,0.012658227848101295,0,1,0,0.8336448738062383,0.8748084324590159
TSLA,2026-03-20,350.0,42.45,42.95,42.7,43.25,67.0,4282.0,391.2000122070313,0.010958904109589,1.117714320591518,0.1112858148812702,0.1046847845180425,0.0122489240612768,0.8077780163167714,0.011709601873536299,0,1,0,0.8077780163167714,0.8883189644509666
TSLA,2026-03-20,355.0,37.8,38.3,38.05,39.5,8.0,421.0,391.2000122070313,0.010958904109589,1.1019718653719193,0.0971011798893138,0.1046847845180425,0.0120764040040757,0.7777683989777563,0.01314060446780552,0,1,0,0.7777683989777563,0.8997366118606129
TSLA,2026-03-20,360.0,33.3,33.8,33.55,33.8,418.0,2585.0,391.2000122070313,0.010958904109589,1.086666700575087,0.0831149379145738,0.1046847845180425,0.0119086761706858,0.7542588447987436,0.01490312965722802,0,1,0,0.7542588447987436,0.9108244291801121
TSLA,2026-03-20,365.0,29.0,29.4,29.2,29.44,27.0,512.0,391.2000122070313,0.010958904109589,1.0717808553617296,0.069321615782238,0.1046847845180425,0.0117455436204024,0.7321490456310511,0.013698630136986254,0,1,0,0.7321490456310511,0.9245720619720845
TSLA,2026-03-20,370.0,24.85,25.1,24.975,25.62,626.0,1001.0,391.2000122070313,0.010958904109589,1.057297330289274,0.0557159637264594,0.1046847845180425,0.0115868200579646,0.7061070399512948,0.01001001001001001,0,1,0,0.7061070399512948,0.9406602827782786
TSLA,2026-03-20,375.0,20.85,21.05,20.950000000000003,21.08,1219.0,438.0,391.2000122070313,0.010958904109589,1.0432000325520834,0.0422929433943186,0.1046847845180425,0.0114323291238584,0.680235980335772,0.009546539379474904,0,1,0,0.680235980335772,0.9538095897566526
TSLA,2026-03-20,380.0,17.05,17.25,17.15,17.11,8902.0,1407.0,391.2000122070313,0.010958904109589,1.0294737163342929,0.029047716644298,0.1046847845180425,0.0112819037406497,0.6532445623881815,0.011661807580174887,0,1,0,0.6532445623881815,0.9645061543250295
TSLA,2026-03-20,385.0,13.65,13.75,13.7,14.23,9424.0,2419.0,391.2000122070313,0.010958904109589,1.0161039278104709,0.0159756350769452,0.1046847845180425,0.0111353855102516,0.6302528531903625,0.007299270072992675,0,1,0,0.6302528531903625,0.9814291917196589
TSLA,2026-03-20,387.5,12.05,12.2,12.125,11.7,2057.0,579.0,391.2000122070313,0.010958904109589,1.0095484185987904,0.0095031205713277,0.1046847845180425,0.0110635443134113,0.6202428524834512,0.01237113402061844,0,1,0,0.6202428524834512,0.9828533326175548
TSLA,2026-03-20,390.0,10.55,10.65,10.600000000000001,10.5,28101.0,4038.0,391.2000122070313,0.010958904109589,1.0030769543770033,0.0030722302410373,0.1046847845180425,0.0109926241575561,0.6076243149721027,0.009433962264150908,0,1,0,0.6076243149721027,0.9920726018988055
TSLA,2026-03-20,392.5,9.15,9.25,9.2,9.2,3375.0,558.0,391.2000122070313,0.010958904109589,0.9966879291898888,-0.0033175678577335,0.1046847845180425,0.0109226074431768,0.5967293643991947,0.010869565217391266,0,1,0,0.5967293643991947,0.9904206765028659
TSLA,2026-03-20,395.0,7.9,8.0,7.95,7.95,11929.0,2843.0,391.2000122070313,0.010958904109589,0.9903797777393196,-0.0096667955363923,0.1046847845180425,0.0108534770163212,0.5888031711813508,0.012578616352201213,0,1,0,0.5888031711813508,0.9824911187821186
TSLA,2026-03-20,397.5,6.75,6.85,6.8,6.78,5838.0,2440.0,391.2000122070313,0.010958904109589,0.9841509741057392,-0.015975964729657,0.1046847845180425,0.0107852161545834,0.5806379038130043,0.014705882352941124,0,1,0,0.5806379038130043,0.9742651538225753
TSLA,2026-03-20,400.0,5.7,5.8,5.75,5.7,35779.0,9518.0,391.2000122070313,0.010958904109589,0.9780000305175782,-0.0222455777432524,0.1046847845180425,0.0107178085536172,0.5721423672180472,0.017391304347826025,0,1,0,0.5721423672180472,0.9656204792747294
TSLA,2026-03-20,402.5,4.8,4.9,4.85,4.95,7187.0,2647.0,391.2000122070313,0.010958904109589,0.9719254961665376,-0.0284761274938884,0.1046847845180425,0.0106512383141537,0.5666503672767875,0.02061855670103104,0,1,0,0.5666503672767875,0.9565884560354964
TSLA,2026-03-20,405.0,4.0,4.1,4.05,4.1,17404.0,5778.0,391.2000122070313,0.010958904109589,0.965925956066744,-0.0346680977418096,0.1046847845180425,0.0105854899294985,0.5611852788236736,0.02469135802469127,0,1,0,0.5611852788236736,0.9469049435318457
TSLA,2026-03-20,407.5,3.3,3.4,3.3499999999999996,3.33,6125.0,1684.0,391.2000122070313,0.010958904109589,0.960000029955905,-0.0408219633161878,0.1046847845180425,0.0105205482734893,0.5560329358374475,0.029850746268656747,0,1,0,0.5560329358374475,0.9363809710999541
TSLA,2026-03-20,410.0,2.75,2.79,2.77,2.78,12083.0,18236.0,391.2000122070313,0.010958904109589,0.9541463712366616,-0.0469381903336239,0.1046847845180425,0.0104563985888948,0.5533162166388035,0.014440433212996403,0,1,0,0.5533162166388035,0.9448091119147931
TSLA,2026-03-20,412.5,2.26,2.29,2.275,2.3,4484.0,1076.0,391.2000122070313,0.010958904109589,0.9483636659564396,-0.0530172364100061,0.1046847845180425,0.0103930264762349,0.5510839042267798,0.013186813186813296,0,1,0,0.5510839042267798,0.940244927167032
TSLA,2026-03-20,415.0,1.84,1.88,1.8599999999999999,1.89,11317.0,6778.0,391.2000122070313,0.010958904109589,0.942650631824172,-0.0590595508659687,0.1046847845180425,0.0103304178830045,0.5496605457839965,0.021505376344085923,0,1,0,0.5496605457839965,0.9269701026153857
TSLA,2026-03-20,417.5,1.5,1.54,1.52,1.55,13091.0,1641.0,391.2000122070313,0.010958904109589,0.9370060172623504,-0.0650655749261806,0.1046847845180425,0.0102685590932859,0.5495496811816691,0.026315789473684233,0,1,0,0.5495496811816691,0.9171006270227055
TSLA,2026-03-20,420.0,1.23,1.25,1.24,1.24,11960.0,11640.0,391.2000122070313,0.010958904109589,0.9314286004929316,-0.0710357419126845,0.1046847845180425,0.0102074367177307,0.5502373993438483,0.01612903225806453,0,1,0,0.5502373993438483,0.920780959828964
TSLA,2026-03-20,422.5,1.0,1.02,1.01,1.01,4709.0,1483.0,391.2000122070313,0.010958904109589,0.9259171886556954,-0.076970477432499,0.1046847845180425,0.0101470376838979,0.5515570457392931,0.01980198019801982,0,1,0,0.5515570457392931,0.9120358639199703
TSLA,2026-03-20,425.0,0.82,0.84,0.83,0.84,5466.0,10031.0,391.2000122070313,0.010958904109589,0.9204706169577208,-0.0828701995596873,0.1046847845180425,0.0100873492269338,0.5547513767973182,0.024096385542168697,0,1,0,0.5547513767973182,0.9028689489260738
TSLA,2026-03-20,427.5,0.68,0.69,0.685,0.68,1143.0,1500.0,391.2000122070313,0.010958904109589,0.9150877478527047,-0.0887353190120853,0.1046847845180425,0.0100283588805775,0.5588594467551706,0.014598540145985252,0,1,0,0.5588594467551706,0.9059915110354342
TSLA,2026-03-20,430.0,0.56,0.57,0.565,0.57,12289.0,18122.0,391.2000122070313,0.010958904109589,0.90976747024891,-0.0945662393228785,0.1046847845180425,0.0099700544684811,0.5631212966452837,0.017699115044247607,0,1,0,0.5631212966452837,0.8979799257214541
TSLA,2026-03-20,432.5,0.45,0.47,0.45999999999999996,0.47,1175.0,1826.0,391.2000122070313,0.010958904109589,0.9045086987445812,-0.1003633570072044,0.1046847845180425,0.0099124240958309,0.5661039120756386,0.04347826086956514,0,1,0,0.5661039120756386,0.8707329177275015
TSLA,2026-03-20,435.0,0.38,0.4,0.39,0.41,1665.0,5380.0,391.2000122070313,0.010958904109589,0.8993103728897271,-0.1061270617239545,0.1046847845180425,0.0098554561412572,0.5736523609831334,0.05128205128205133,0,1,0,0.5736523609831334,0.8593022994708674
TSLA,2026-03-20,440.0,0.27,0.29,0.28,0.28,2644.0,17795.0,391.2000122070313,0.010958904109589,0.8890909368341621,-0.1175557575475773,0.1046847845180425,0.0097434623214702,0.5881105356376171,0.07142857142857129,0,1,0,0.5881105356376171,0.8335632912000037
TSLA,2026-03-20,445.0,0.2,0.21,0.20500000000000002,0.21,782.0,5824.0,391.2000122070313,0.010958904109589,0.8791011510270367,-0.1288553128015106,0.1046847845180425,0.0096339852167346,0.6037395835437773,0.04878048780487795,0,1,0,0.6037395835437773,0.8419956944967
TSLA,2026-03-20,450.0,0.15,0.16,0.155,0.16,3463.0,16838.0,391.2000122070313,0.010958904109589,0.8693333604600696,-0.1400286133996358,0.1046847845180425,0.0095269409365486,0.621389228234291,0.06451612903225812,0,1,0,0.621389228234291,0.8203321278476227
TSLA,2026-03-20,455.0,0.12,0.13,0.125,0.13,529.0,10439.0,391.2000122070313,0.010958904109589,0.85978024660886,-0.1510784495862209,0.1046847845180425,0.0094222492779052,0.6435549961447714,0.08000000000000007,0,1,0,0.6435549961447714,0.7996856971219288
TSLA,2026-03-20,460.0,0.1,0.11,0.10500000000000001,0.1,1207.0,10633.0,391.2000122070313,0.010958904109589,0.8504348091457202,-0.1620075201184111,0.1046847845180425,0.0093198335248845,0.6679423476347924,0.09523809523809518,0,1,0,0.6679423476347924,0.7799883348657878
TSLA,2026-03-20,465.0,0.09,0.1,0.095,0.09,1418.0,3534.0,391.2000122070313,0.010958904109589,0.8412903488323253,-0.1728184362226268,0.1046847845180425,0.0092196202611761,0.6974623725848198,0.10526315789473693,0,1,1,0.6974623725848198,0.7646027116998055
TSLA,2026-03-20,470.0,0.07,0.09,0.08,0.08,214.0,5842.0,391.2000122070313,0.010958904109589,0.8323404515043219,-0.1835137253393747,0.1046847845180425,0.0091215391945678,0.7196252794733047,0.24999999999999986,0,1,1,0.7196252794733047,0.668877534579942
TSLA,2026-03-20,475.0,0.06,0.07,0.065,0.06,531.0,3927.0,391.2000122070313,0.010958904109589,0.8235789730674343,-0.1940958346699116,0.1046847845180425,0.0090255229925197,0.7377269656391146,0.15384615384615397,0,1,1,0.7377269656391146,0.7169897782953414
TSLA,2026-03-20,480.0,0.05,0.07,0.060000000000000005,0.07,1375.0,8566.0,391.2000122070313,0.010958904109589,0.8150000254313152,-0.204567134537207,0.1046847845180425,0.0089315071280143,0.7656419572496413,0.33333333333333337,1,1,1,0.7656419572496413,0.614008674321431
TSLA,2026-03-20,485.0,0.05,0.06,0.055,0.06,1075.0,1676.0,391.2000122070313,0.010958904109589,0.8065979633134666,-0.2149299215727537,0.1046847845180425,0.008839429734942,0.7920806615104676,0.18181818181818174,0,1,1,0.7920806615104676,0.6855862120892744
TSLA,2026-03-20,490.0,0.04,0.06,0.05,0.06,148.0,7713.0,391.2000122070313,0.010958904109589,0.7983673718510843,-0.2251864217399427,0.1046847845180425,0.0087492314723406,0.8169543867397306,0.3999999999999999,1,1,1,0.8169543867397306,0.5728360809995859
TSLA,2026-03-20,515.0,0.02,0.03,0.025,0.03,3578.0,2432.0,391.2000122070313,0.010958904109589,0.7596116741884104,-0.2749479312990065,0.1046847845180425,0.0083245114979551,0.9113280582847596,0.3999999999999999,1,1,1,0.9113280582847596,0.5450285042520332
TSLA,2026-03-20,520.0,0.02,0.03,0.025,0.04,1817.0,4629.0,391.2000122070313,0.010958904109589,0.7523077157827525,-0.2846098422107436,0.1046847845180425,0.0082444681181671,0.9399954986801148,0.3999999999999999,1,1,1,0.9399954986801148,0.5397878455573021
TSLA,2026-03-20,525.0,0.02,0.03,0.025,0.03,219.0,1729.0,391.2000122070313,0.010958904109589,0.7451428803943454,-0.2941792932268941,0.1046847845180425,0.0081659493741845,0.9682967282600404,0.3999999999999999,1,1,1,0.9682967282600404,0.5346470089329468
TSLA,2026-03-20,530.0,0.02,0.03,0.025,0.02,1247.0,5474.0,391.2000122070313,0.010958904109589,0.7381132305793043,-0.303658037181438,0.1046847845180425,0.0080889121159375,0.9962317470245362,0.3999999999999999,1,1,1,0.9962317470245362,0.5296031692260321
TSLA,2026-03-20,535.0,0.02,0.03,0.025,0.03,998.0,1913.0,391.2000122070313,0.010958904109589,0.731214976087909,-0.313047777531277,0.1046847845180425,0.0080133148064428,1.0238234431495663,0.3999999999999999,1,1,1,1.0238234431495663,0.524653606896817
TSLA,2026-03-27,305.0,86.2,88.5,87.35,94.47,1.0,5.0,391.2000122070313,0.0301369863013698,1.2826229908427256,0.2489071927573179,0.1736000757527766,0.0386543915048491,0.8273352474228144,0.02633085289066969,0,0,1,0.8273352474228144,0.7630784977258528
TSLA,2026-03-27,310.0,81.8,83.45,82.625,83.25,71.0,8.0,391.2000122070313,0.0301369863013698,1.261935523248488,0.2326466718855376,0.1736000757527766,0.0380309335773516,0.8276478140758277,0.019969742813918376,0,0,1,0.8276478140758277,0.7804249880377141
TSLA,2026-03-27,315.0,76.95,78.35,77.65,79.45,20.0,63.0,391.2000122070313,0.0301369863013698,1.2419048006572422,0.2166463305390964,0.1736000757527766,0.0374272679650127,0.7839778895913361,0.01802962009014799,0,0,1,0.7839778895913361,0.7945237813450211
TSLA,2026-03-27,320.0,72.15,73.5,72.825,75.28,66.0,93.0,391.2000122070313,0.0301369863013698,1.2225000381469728,0.2008979735709573,0.1736000757527766,0.0368424669030593,0.7608189894206521,0.018537590113285193,0,0,1,0.7608189894206521,0.8067327315084618
TSLA,2026-03-27,325.0,67.4,68.7,68.05000000000001,72.18,10.0,16.0,391.2000122070313,0.0301369863013698,1.203692345252404,0.185393787034992,0.1736000757527766,0.0362756597199353,0.7403428338124157,0.0191036002939015,0,0,1,0.7403428338124157,0.8188828701187426
TSLA,2026-03-27,330.0,62.85,63.8,63.325,63.4,79.0,29.0,391.2000122070313,0.0301369863013698,1.1854545824455494,0.1701263149042035,0.1736000757527766,0.0357260285120575,0.7211353626453282,0.015001973943939925,0,0,1,0.7211353626453282,0.834841085880186
TSLA,2026-03-27,335.0,57.9,59.3,58.599999999999994,75.02,2.0,23.0,391.2000122070313,0.0301369863013698,1.16776123046875,0.1550884375396631,0.1736000757527766,0.0351928042059074,0.697584860089004,0.02389078498293513,0,0,1,0.697584860089004,0.840132787261197
TSLA,2026-03-27,340.0,53.3,54.7,54.0,56.35,9.0,39.0,391.2000122070313,0.0301369863013698,1.150588271197151,0.1402733517545224,0.1736000757527766,0.0346752629675853,0.6806120259143116,0.025925925925926033,0,0,1,0.6806120259143116,0.8509806272725782
TSLA,2026-03-27,345.0,48.85,50.0,49.425,50.61,51.0,47.0,391.2000122070313,0.0301369863013698,1.1339130788609604,0.1256745523333698,0.1736000757527766,0.0341727229245768,0.6602281382654308,0.02326757713707635,0,0,0,0.6602281382654308,0.8657383236934617
TSLA,2026-03-27,350.0,44.35,45.5,44.925,44.07,35.0,112.0,391.2000122070313,0.0301369863013698,1.117714320591518,0.1112858148812702,0.1736000757527766,0.0336845411685114,0.6399394690048399,0.025598219254312715,0,0,0,0.6399394690048399,0.8762893782273113
TSLA,2026-03-27,355.0,39.95,41.15,40.55,41.19,8.0,18.0,391.2000122070313,0.0301369863013698,1.1019718653719193,0.0971011798893138,0.1736000757527766,0.0332101110112084,0.6218770324845314,0.029593094944512843,0,0,0,0.6218770324845314,0.885359176628319
TSLA,2026-03-27,360.0,35.65,36.85,36.25,38.25,3.0,51.0,391.2000122070313,0.0301369863013698,1.086666700575087,0.0831149379145738,0.1736000757527766,0.0327488594693861,0.6019228345766068,0.033103448275862146,0,0,0,0.6019228345766068,0.8947783160397683
TSLA,2026-03-27,365.0,32.1,32.35,32.225,33.42,25.0,40.0,391.2000122070313,0.0301369863013698,1.0717808553617296,0.069321615782238,0.1736000757527766,0.0323002449561068,0.5893980849425495,0.007757951900698216,0,0,0,0.5893980849425495,0.93002236391818
TSLA,2026-03-27,370.0,28.15,28.4,28.275,27.96,49.0,114.0,391.2000122070313,0.0301369863013698,1.057297330289274,0.0557159637264594,0.1736000757527766,0.0318637551594027,0.5726557418523728,0.008841732979664015,0,0,0,0.5726557418523728,0.9417496031005881
TSLA,2026-03-27,375.0,24.4,24.65,24.525,24.9,73.0,209.0,391.2000122070313,0.0301369863013698,1.0432000325520834,0.0422929433943186,0.1736000757527766,0.0314389050906106,0.5568767585122585,0.010193679918450561,0,0,0,0.5568767585122585,0.9531985694500862
TSLA,2026-03-27,380.0,20.9,21.1,21.0,21.49,204.0,230.0,391.2000122070313,0.0301369863013698,1.0294737163342929,0.029047716644298,0.1736000757527766,0.0310252352867868,0.5419248787496685,0.00952380952380966,0,0,0,0.5419248787496685,0.9665488127188636
TSLA,2026-03-27,385.0,17.65,17.8,17.725,17.15,210.0,284.0,391.2000122070313,0.0301369863013698,1.0161039278104709,0.0159756350769452,0.1736000757527766,0.0306223101531922,0.5277091757093071,0.00846262341325823,0,0,0,0.5277091757093071,0.9802970239011265
TSLA,2026-03-27,390.0,14.65,14.8,14.725000000000001,14.73,1019.0,606.0,391.2000122070313,0.0301369863013698,1.0030769543770033,0.0030722302410373,0.1736000757527766,0.0302297164332794,0.5142268330726474,0.010186757215619718,0,0,0,0.5142268330726474,0.9913333056836595
TSLA,2026-03-27,395.0,12.0,12.1,12.05,12.03,2197.0,1511.0,391.2000122070313,0.0301369863013698,0.9903797777393196,-0.0096667955363923,0.1736000757527766,0.0298470617948835,0.5025430897948739,0.008298755186721962,0,0,0,0.5025430897948739,0.9866614359257961
TSLA,2026-03-27,400.0,9.65,9.75,9.7,9.85,3441.0,2694.0,391.2000122070313,0.0301369863013698,0.9780000305175782,-0.0222455777432524,0.1736000757527766,0.0294739735224475,0.4921471193393765,0.010309278350515427,0,0,0,0.4921471193393765,0.972389247496797
TSLA,2026-03-27,405.0,7.65,7.75,7.7,7.66,1200.0,1246.0,391.2000122070313,0.0301369863013698,0.965925956066744,-0.0346680977418096,0.1736000757527766,0.0291100973061209,0.4838832361191214,0.012987012987012941,0,0,0,0.4838832361191214,0.9578457572193773
TSLA,2026-03-27,410.0,5.95,6.05,6.0,6.1,1364.0,2491.0,391.2000122070313,0.0301369863013698,0.9541463712366616,-0.0469381903336239,0.1736000757527766,0.0287550961194609,0.4761364826245606,0.016666666666666607,0,0,0,0.4761364826245606,0.9427402276666517
TSLA,2026-03-27,415.0,4.55,4.65,4.6,4.73,1526.0,1412.0,391.2000122070313,0.0301369863013698,0.942650631824172,-0.0590595508659687,0.1736000757527766,0.0284086491782626,0.4695729405390322,0.021739130434782726,0,0,0,0.4695729405390322,0.9267580298396785
TSLA,2026-03-27,420.0,3.45,3.55,3.5,3.5,2389.0,3126.0,391.2000122070313,0.0301369863013698,0.9314286004929316,-0.0710357419126845,0.1736000757527766,0.0280704509737595,0.4655699237325787,0.02857142857142847,0,0,0,0.4655699237325787,0.9096424804761942
TSLA,2026-03-27,425.0,2.6,2.64,2.62,2.67,898.0,1284.0,391.2000122070313,0.0301369863013698,0.9204706169577208,-0.0828701995596873,0.1736000757527766,0.0277402103740682,0.4619362469843625,0.015267175572519097,0,0,0,0.4619362469843625,0.9107206944733973
TSLA,2026-03-27,430.0,1.93,1.98,1.955,1.95,2002.0,2379.0,391.2000122070313,0.0301369863013698,0.90976747024891,-0.0945662393228785,0.1736000757527766,0.0274176497883232,0.4604279519510865,0.0255754475703325,0,0,0,0.4604279519510865,0.8910835159902274
TSLA,2026-03-27,435.0,1.43,1.48,1.455,1.49,914.0,7339.0,391.2000122070313,0.0301369863013698,0.8993103728897271,-0.1061270617239545,0.1736000757527766,0.0271025043884574,0.4604345680644512,0.03436426116838491,0,0,0,0.4604345680644512,0.8733568221302426
TSLA,2026-03-27,440.0,1.06,1.1,1.08,1.08,852.0,3328.0,391.2000122070313,0.0301369863013698,0.8890909368341621,-0.1175557575475773,0.1736000757527766,0.0267945213840431,0.4614711520962119,0.03703703703703707,0,0,0,0.4614711520962119,0.8612069717755138
TSLA,2026-03-27,445.0,0.8,0.83,0.815,0.83,533.0,1176.0,391.2000122070313,0.0301369863013698,0.8791011510270367,-0.1288553128015106,0.1736000757527766,0.0264934593460202,0.4651001796836852,0.036809815950920144,0,0,0,0.4651001796836852,0.8517171053149618
TSLA,2026-03-27,450.0,0.6,0.62,0.61,0.62,2411.0,4786.0,391.2000122070313,0.0301369863013698,0.8693333604600696,-0.1400286133996358,0.1736000757527766,0.0261990875755088,0.468389282095313,0.03278688524590167,0,0,0,0.468389282095313,0.8455343437569197
TSLA,2026-03-27,455.0,0.45,0.48,0.46499999999999997,0.46,133.0,1119.0,391.2000122070313,0.0301369863013698,0.85978024660886,-0.1510784495862209,0.1736000757527766,0.0259111855142395,0.4735888319444656,0.06451612903225801,0,0,0,0.4735888319444656,0.8113174890800662
TSLA,2026-03-27,460.0,0.35,0.37,0.36,0.37,188.0,1652.0,391.2000122070313,0.0301369863013698,0.8504348091457202,-0.1620075201184111,0.1736000757527766,0.0256295421934326,0.4800533111433982,0.05555555555555561,0,0,0,0.4800533111433982,0.8093112045975841
TSLA,2026-03-27,465.0,0.26,0.28,0.27,0.28,100.0,739.0,391.2000122070313,0.0301369863013698,0.8412903488323253,-0.1728184362226268,0.1736000757527766,0.0253539557182344,0.484011535074234,0.07407407407407414,0,0,1,0.484011535074234,0.7868053312772954
TSLA,2026-03-27,470.0,0.21,0.23,0.22,0.22,350.0,1073.0,391.2000122070313,0.0301369863013698,0.8323404515043219,-0.1835137253393747,0.1736000757527766,0.0250842327850617,0.4939128169453143,0.090909090909091,0,0,1,0.4939128169453143,0.7664221750395167
TSLA,2026-03-27,475.0,0.16,0.18,0.16999999999999998,0.17,26.0,1052.0,391.2000122070313,0.0301369863013698,0.8235789730674343,-0.1940958346699116,0.1736000757527766,0.0248201882294294,0.4997185458297729,0.11764705882352937,0,0,1,0.4997185458297729,0.7402121192927613
TSLA,2026-03-27,480.0,0.13,0.15,0.14,0.15,155.0,1326.0,391.2000122070313,0.0301369863013698,0.8150000254313152,-0.204567134537207,0.1736000757527766,0.0245616446020395,0.5095347122964857,0.14285714285714277,0,0,1,0.5095347122964857,0.7163434533750029
TSLA,2026-03-27,485.0,0.12,0.13,0.125,0.16,53.0,582.0,391.2000122070313,0.0301369863013698,0.8065979633134666,-0.2149299215727537,0.1736000757527766,0.0243084317710907,0.5241502431607244,0.08000000000000007,0,0,1,0.5241502431607244,0.7502206024545931
TSLA,2026-03-27,490.0,0.09,0.12,0.105,0.09,307.0,881.0,391.2000122070313,0.0301369863013698,0.7983673718510843,-0.2251864217399427,0.1736000757527766,0.0240603865489367,0.5342432135055064,0.2857142857142857,0,0,1,0.5342432135055064,0.6237548437551047
TSLA,2026-03-27,495.0,0.09,0.1,0.095,0.1,139.0,548.0,391.2000122070313,0.0301369863013698,0.7903030549636996,-0.2353387932039608,0.1736000757527766,0.0238173523413717,0.5486291473546028,0.10526315789473693,0,0,1,0.5486291473546028,0.7182631534149688
TSLA,2026-03-27,500.0,0.07,0.09,0.08,0.08,473.0,1966.0,391.2000122070313,0.0301369863013698,0.7824000244140626,-0.2453891290574621,0.1736000757527766,0.023579178817958,0.5579503570160865,0.24999999999999986,0,0,1,0.5579503570160865,0.6287448825051456
TSLA,2026-03-27,505.0,0.06,0.08,0.07,0.08,42.0,664.0,391.2000122070313,0.0301369863013698,0.7746534895188739,-0.2553394599106302,0.1736000757527766,0.0233457216019386,0.5692757125854493,0.28571428571428575,0,0,1,0.5692757125854493,0.6052274721584183
TSLA,2026-03-27,510.0,0.05,0.07,0.060000000000000005,0.09,6.0,197.0,391.2000122070313,0.0301369863013698,0.7670588474647673,-0.2651917563536419,0.1736000757527766,0.0231168419783901,0.5789116346664427,0.33333333333333337,1,0,1,0.5789116346664427,0.5778905170084057
TSLA,2026-03-27,520.0,0.05,0.06,0.055,0.06,7.0,391.0,391.2000122070313,0.0301369863013698,0.7523077157827525,-0.2846098422107436,0.1736000757527766,0.0226722873249596,0.610676131371975,0.18181818181818174,0,0,1,0.610676131371975,0.6394409862755732
TSLA,2026-03-27,555.0,0.02,0.03,0.025,0.03,5.0,61.0,391.2000122070313,0.0301369863013698,0.7048648868595159,-0.3497491443817049,0.1736000757527766,0.0212425034396018,0.6807468515758517,0.3999999999999999,1,0,1,0.6807468515758517,0.5057471706122469
TSLA,2026-04-02,305.0,87.4,88.95,88.17500000000001,83.64,1.0,3.0,391.2000122070313,0.0465753424657534,1.2826229908427256,0.2489071927573179,0.2158132119814572,0.0597386050529488,0.7502096046056748,0.01757867876382191,0,0,1,0.7502096046056748,0.769641720819976
TSLA,2026-04-02,310.0,82.6,84.15,83.375,83.62,3.0,10.0,391.2000122070313,0.0465753424657534,1.261935523248488,0.2326466718855376,0.2158132119814572,0.058775079164998,0.7306008751037121,0.018590704647676298,0,0,1,0.7306008751037121,0.7814815810730542
TSLA,2026-04-02,315.0,77.85,79.4,78.625,90.7,10.0,21.0,391.2000122070313,0.0465753424657534,1.2419048006572422,0.2166463305390964,0.2158132119814572,0.0578421414004742,0.7132654063910843,0.019713831478537506,0,0,1,0.7132654063910843,0.7932115053323017
TSLA,2026-04-02,320.0,73.15,74.7,73.92500000000001,75.73,1.0,2.0,391.2000122070313,0.0465753424657534,1.2225000381469728,0.2008979735709573,0.2158132119814572,0.0569383579410918,0.6972361730332972,0.02096719648292184,0,0,1,0.6972361730332972,0.8048129411471071
TSLA,2026-04-02,325.0,68.55,69.95,69.25,73.5,2.0,52.0,391.2000122070313,0.0465753424657534,1.203692345252404,0.185393787034992,0.2158132119814572,0.0560623832035365,0.6799272581810654,0.02021660649819503,0,0,1,0.6799272581810654,0.8179895091312557
TSLA,2026-04-02,330.0,63.85,65.4,64.625,65.55,15.0,10.0,391.2000122070313,0.0465753424657534,1.1854545824455494,0.1701263149042035,0.2158132119814572,0.0552129531549981,0.6629663151290417,0.023984526112185753,0,0,1,0.6629663151290417,0.8275177295062517
TSLA,2026-04-02,335.0,59.45,60.7,60.075,60.15,1.0,27.0,391.2000122070313,0.0465753424657534,1.16776123046875,0.1550884375396631,0.2158132119814572,0.0543888792273116,0.6473741028810738,0.020807324178110695,0,0,1,0.6473741028810738,0.8426705007542438
TSLA,2026-04-02,340.0,54.95,56.25,55.6,58.05,1.0,24.0,391.2000122070313,0.0465753424657534,1.150588271197151,0.1402733517545224,0.2158132119814572,0.0535890427680864,0.6323608899594546,0.023381294964028725,0,0,1,0.6323608899594546,0.8530965850908311
TSLA,2026-04-02,345.0,50.5,51.85,51.175,52.63,2.0,18.0,391.2000122070313,0.0465753424657534,1.1339130788609604,0.1256745523333698,0.2158132119814572,0.052812389974346,0.6160670120670797,0.026380068392769938,0,0,0,0.6160670120670797,0.86311297754227
TSLA,2026-04-02,350.0,46.45,47.45,46.95,52.97,5.0,27.0,391.2000122070313,0.0465753424657534,1.117714320591518,0.1112858148812702,0.2158132119814572,0.0520579272604268,0.605221682344407,0.021299254526091587,0,0,0,0.605221682344407,0.8799779514951556
TSLA,2026-04-02,355.0,42.25,43.3,42.775,42.55,1.0,53.0,391.2000122070313,0.0465753424657534,1.1019718653719193,0.0971011798893138,0.2158132119814572,0.0513247170173222,0.5917149763173162,0.024547048509643416,0,0,0,0.5917149763173162,0.8897197021144867
TSLA,2026-04-02,360.0,38.5,38.8,38.65,39.25,34.0,29.0,391.2000122070313,0.0465753424657534,1.086666700575087,0.0831149379145738,0.2158132119814572,0.0506118737254149,0.5756253485733418,0.007761966364812346,0,0,0,0.5756253485733418,0.9172786775012298
TSLA,2026-04-02,365.0,34.6,34.85,34.725,36.42,1.0,36.0,391.2000122070313,0.0465753424657534,1.0717808553617296,0.069321615782238,0.2158132119814572,0.0499185603867106,0.5624380488299726,0.007199424046076313,0,0,0,0.5624380488299726,0.9305380943517649
TSLA,2026-04-02,370.0,30.85,31.1,30.975,31.5,45.0,104.0,391.2000122070313,0.0465753424657534,1.057297330289274,0.0557159637264594,0.2158132119814572,0.0492439852463497,0.5502392768895328,0.008071025020177562,0,0,0,0.5502392768895328,0.942469605855293
TSLA,2026-04-02,375.0,27.3,27.5,27.4,27.8,19.0,56.0,391.2000122070313,0.0465753424657534,1.0432000325520834,0.0422929433943186,0.2158132119814572,0.0485873987763983,0.5383612076334059,0.007299270072992675,0,0,0,0.5383612076334059,0.9559375244022652
TSLA,2026-04-02,380.0,23.9,24.1,24.0,23.7,46.0,244.0,391.2000122070313,0.0465753424657534,1.0294737163342929,0.029047716644298,0.2158132119814572,0.0479480908977615,0.5262710651218592,0.008333333333333451,0,0,0,0.5262710651218592,0.9676899565355328
TSLA,2026-04-02,385.0,20.8,20.95,20.875,20.91,113.0,198.0,391.2000122070313,0.0465753424657534,1.0161039278104709,0.0159756350769452,0.2158132119814572,0.0473253884185698,0.5165565543429255,0.007185628742514902,0,0,0,0.5165565543429255,0.9815399269366178
TSLA,2026-04-02,390.0,17.85,18.0,17.925,18.18,424.0,494.0,391.2000122070313,0.0465753424657534,1.0030769543770033,0.0030722302410373,0.2158132119814572,0.0467186526696138,0.5056542276976854,0.008368200836820005,0,0,0,0.5056542276976854,0.9931211402316666
TSLA,2026-04-02,395.0,15.2,15.35,15.274999999999999,15.45,1002.0,782.0,391.2000122070313,0.0465753424657534,0.9903797777393196,-0.0096667955363923,0.2158132119814572,0.0461272773193655,0.4969689248781799,0.009819967266775802,0,0,0,0.4969689248781799,0.9851751102995402
TSLA,2026-04-02,400.0,12.85,12.95,12.899999999999999,13.0,1030.0,1434.0,391.2000122070313,0.0465753424657534,0.9780000305175782,-0.0222455777432524,0.2158132119814572,0.0455506863528734,0.4895036244224309,0.007751937984496097,0,0,0,0.4895036244224309,0.9748568490764876
TSLA,2026-04-02,405.0,10.7,10.85,10.774999999999999,10.85,606.0,1399.0,391.2000122070313,0.0465753424657534,0.965925956066744,-0.0346680977418096,0.2158132119814572,0.0449883322003688,0.4824461984149217,0.013921113689095162,0,0,0,0.4824461984149217,0.9569633173705316
TSLA,2026-04-02,410.0,8.85,9.0,8.925,9.05,1353.0,1391.0,391.2000122070313,0.0465753424657534,0.9541463712366616,-0.0469381903336239,0.2158132119814572,0.0444396940028034,0.4766682303845138,0.016806722689075668,0,0,0,0.4766682303845138,0.9426103736408022
TSLA,2026-04-02,415.0,7.25,7.4,7.325,7.55,298.0,1469.0,391.2000122070313,0.0465753424657534,0.942650631824172,-0.0590595508659687,0.2158132119814572,0.0439042760027696,0.4717031502285897,0.02047781569965875,0,0,0,0.4717031502285897,0.9279035065378954
TSLA,2026-04-02,420.0,5.9,6.0,5.95,6.07,894.0,1187.0,391.2000122070313,0.0465753424657534,0.9314286004929316,-0.0710357419126845,0.2158132119814572,0.0433816060503556,0.4671678939240276,0.01680672268907557,0,0,0,0.4671678939240276,0.9201672695064973
TSLA,2026-04-02,425.0,4.75,4.85,4.8,4.85,498.0,1148.0,391.2000122070313,0.0465753424657534,0.9204706169577208,-0.0828701995596873,0.2158132119814572,0.0428712342144691,0.4636963119532467,0.02083333333333326,0,0,0,0.4636963119532467,0.9057549327805218
TSLA,2026-04-02,430.0,3.8,3.9,3.8499999999999996,3.95,717.0,2565.0,391.2000122070313,0.0465753424657534,0.90976747024891,-0.0945662393228785,0.2158132119814572,0.0423727314910451,0.4612105308738052,0.025974025974026,0,0,0,0.4612105308738052,0.8907373409055085
TSLA,2026-04-02,435.0,3.0,3.1,3.05,3.1,265.0,814.0,391.2000122070313,0.0465753424657534,0.8993103728897271,-0.1061270617239545,0.2158132119814572,0.0418856886003434,0.4584565289822816,0.03278688524590167,0,0,0,0.4584565289822816,0.8746907004381926
TSLA,2026-04-02,440.0,2.39,2.45,2.42,2.38,562.0,1623.0,391.2000122070313,0.0465753424657534,0.8890909368341621,-0.1175557575475773,0.2158132119814572,0.0414097148662486,0.4574347865021229,0.024793388429752088,0,0,0,0.4574347865021229,0.8714961829078378
TSLA,2026-04-02,445.0,1.89,1.94,1.915,1.93,234.0,1067.0,391.2000122070313,0.0465753424657534,0.8791011510270367,-0.1288553128015106,0.2158132119814572,0.0409444371711222,0.4571590555073023,0.026109660574412556,0,0,0,0.4571590555073023,0.8605987148678799
TSLA,2026-04-02,450.0,1.5,1.54,1.52,1.56,809.0,9132.0,391.2000122070313,0.0465753424657534,0.8693333604600696,-0.1400286133996358,0.2158132119814572,0.0404894989803319,0.458071989744693,0.026315789473684233,0,0,0,0.458071989744693,0.8508655817377325
TSLA,2026-04-02,455.0,1.19,1.23,1.21,1.23,194.0,842.0,391.2000122070313,0.0465753424657534,0.85978024660886,-0.1510784495862209,0.2158132119814572,0.0400445594310975,0.4598625424792171,0.03305785123966945,0,0,0,0.4598625424792171,0.8360234151991494
TSLA,2026-04-02,460.0,0.94,0.99,0.965,1.0,258.0,1092.0,391.2000122070313,0.0465753424657534,0.8504348091457202,-0.1620075201184111,0.2158132119814572,0.0396092924807595,0.4622135873040556,0.05181347150259072,0,0,0,0.4622135873040556,0.8121905274382435
TSLA,2026-04-02,465.0,0.75,0.79,0.77,0.78,122.0,544.0,391.2000122070313,0.0465753424657534,0.8412903488323253,-0.1728184362226268,0.2158132119814572,0.0391833861099986,0.4648677216465472,0.05194805194805199,0,0,1,0.4648677216465472,0.8033545060549614
TSLA,2026-04-02,470.0,0.6,0.64,0.62,0.65,101.0,594.0,391.2000122070313,0.0465753424657534,0.8323404515043219,-0.1835137253393747,0.2158132119814572,0.0387665415769136,0.4684684966418148,0.06451612903225812,0,0,1,0.4684684966418148,0.785424377726447
TSLA,2026-04-02,475.0,0.49,0.52,0.505,0.51,110.0,722.0,391.2000122070313,0.0465753424657534,0.8235789730674343,-0.1940958346699116,0.2158132119814572,0.0383584727182092,0.4730334360495806,0.05940594059405946,0,0,1,0.4730334360495806,0.780905473844315
TSLA,2026-04-02,480.0,0.4,0.43,0.41500000000000004,0.42,67.0,925.0,391.2000122070313,0.0465753424657534,0.8150000254313152,-0.204567134537207,0.2158132119814572,0.0379589052940612,0.4782007994012832,0.07228915662650595,0,0,1,0.4782007994012832,0.7634864414783338
TSLA,2026-04-02,485.0,0.32,0.35,0.33499999999999996,0.37,12.0,565.0,391.2000122070313,0.0465753424657534,0.8065979633134666,-0.2149299215727537,0.2158132119814572,0.0375675763735039,0.4819083262797594,0.08955223880597007,0,0,1,0.4819083262797594,0.7436433259399228
TSLA,2026-04-02,490.0,0.27,0.3,0.28500000000000003,0.3,81.0,433.0,391.2000122070313,0.0465753424657534,0.7983673718510843,-0.2251864217399427,0.2158132119814572,0.0371842337574477,0.4892894054005146,0.10526315789473673,0,0,1,0.4892894054005146,0.7255923692661422
TSLA,2026-04-02,495.0,0.23,0.25,0.24,0.29,16.0,531.0,391.2000122070313,0.0465753424657534,0.7903030549636996,-0.2353387932039608,0.2158132119814572,0.0368086354366654,0.4956601861290931,0.0833333333333333,0,0,1,0.4956601861290931,0.7328028933626404
TSLA,2026-04-02,500.0,0.19,0.21,0.2,0.19,458.0,5711.0,391.2000122070313,0.0465753424657534,0.7824000244140626,-0.2453891290574621,0.2158132119814572,0.0364405490822987,0.501086829599142,0.09999999999999995,0,0,1,0.501086829599142,0.7144828210285745
TSLA,2026-04-02,505.0,0.16,0.19,0.175,0.21,44.0,216.0,391.2000122070313,0.0465753424657534,0.7746534895188739,-0.2553394599106302,0.2158132119814572,0.0360797515666324,0.5095039563100336,0.17142857142857143,0,0,1,0.5095039563100336,0.6642740548080202
TSLA,2026-04-02,510.0,0.15,0.17,0.16,0.16,10.0,377.0,391.2000122070313,0.0465753424657534,0.7670588474647673,-0.2651917563536419,0.2158132119814572,0.0357260285120576,0.5204459349319934,0.1250000000000001,0,0,1,0.5204459349319934,0.6849072794173697
TSLA,2026-04-02,515.0,0.12,0.15,0.135,0.19,10.0,358.0,391.2000122070313,0.0465753424657534,0.7596116741884104,-0.2749479312990065,0.2158132119814572,0.0353791738663095,0.5258582732920646,0.2222222222222222,0,0,1,0.5258582732920646,0.6243053775977834
TSLA,2026-04-02,520.0,0.11,0.13,0.12,0.12,13.0,204.0,391.2000122070313,0.0465753424657534,0.7523077157827525,-0.2846098422107436,0.2158132119814572,0.0350389895022103,0.5343347662093638,0.1666666666666667,0,0,1,0.5343347662093638,0.6477454146687623
TSLA,2026-04-02,525.0,0.09,0.12,0.105,0.13,104.0,135.0,391.2000122070313,0.0465753424657534,0.7451428803943454,-0.2941792932268941,0.2158132119814572,0.0347052848402845,0.5415381043386458,0.2857142857142857,0,0,1,0.5415381043386458,0.5821711875047644
TSLA,2026-04-02,530.0,0.08,0.11,0.095,0.1,4.0,457.0,391.2000122070313,0.0465753424657534,0.7381132305793043,-0.303658037181438,0.2158132119814572,0.0343778764927347,0.5505317269816398,0.3157894736842105,1,0,1,0.5505317269816398,0.5634977720564982
TSLA,2026-04-02,535.0,0.07,0.1,0.085,0.09,60.0,24.0,391.2000122070313,0.0465753424657534,0.731214976087909,-0.313047777531277,0.2158132119814572,0.034056587927382,0.5585611852121353,0.3529411764705882,1,0,1,0.5585611852121353,0.5429024280062714
TSLA,2026-04-02,540.0,0.06,0.09,0.075,0.12,1.0,200.0,391.2000122070313,0.0465753424657534,0.7244444670500579,-0.3223501701935906,0.2158132119814572,0.0337412491502766,0.5654920109963416,0.4,1,0,1,0.5654920109963416,0.5197957031292538
TSLA,2026-04-02,550.0,0.05,0.08,0.065,0.07,11.0,385.0,391.2000122070313,0.0465753424657534,0.7112727494673297,-0.340699308861787,0.2158132119814572,0.0331277718929989,0.5850313607149122,0.4615384615384615,1,0,1,0.5850313607149122,0.4888566670195509
TSLA,2026-04-10,310.0,83.85,85.55,84.69999999999999,84.79,2.0,2.0,391.2000122070313,0.0684931506849315,1.261935523248488,0.2326466718855376,0.2617119612951068,0.0864339399485265,0.6832989726028145,0.02007083825265647,0,0,1,0.6832989726028145,0.7803476430106736
TSLA,2026-04-10,315.0,78.85,80.95,79.9,90.4,,1.0,391.2000122070313,0.0684931506849315,1.2419048006572422,0.2166463305390964,0.2617119612951068,0.0850619726477563,0.659070318426609,0.026282853566958805,0,0,1,0.659070318426609,0.7881343242401614
TSLA,2026-04-10,320.0,74.55,76.25,75.4,84.15,4.0,3.0,391.2000122070313,0.0684931506849315,1.2225000381469728,0.2008979735709573,0.2617119612951068,0.0837328793251351,0.6508969150269628,0.022546419098143273,0,0,1,0.6508969150269628,0.803569986525249
TSLA,2026-04-10,330.0,65.4,67.1,66.25,74.2,21.0,57.0,391.2000122070313,0.0684931506849315,1.1854545824455494,0.1701263149042035,0.2617119612951068,0.0811955193455855,0.6178888572296797,0.025660377358490395,0,0,1,0.6178888572296797,0.826165628314721
TSLA,2026-04-10,335.0,61.15,62.7,61.925,63.73,6.0,21.0,391.2000122070313,0.0684931506849315,1.16776123046875,0.1550884375396631,0.2617119612951068,0.0799836459225171,0.6091204506618977,0.025030278562777623,0,0,1,0.6091204506618977,0.8391988383454229
TSLA,2026-04-10,345.0,52.6,54.15,53.375,59.97,1.0,7.0,391.2000122070313,0.0684931506849315,1.1339130788609604,0.1256745523333698,0.2617119612951068,0.0776652793740383,0.5854657890235484,0.02903981264636997,0,0,0,0.5854657890235484,0.8608821019687372
TSLA,2026-04-10,350.0,48.2,49.95,49.075,50.0,6.0,26.0,391.2000122070313,0.0684931506849315,1.117714320591518,0.1112858148812702,0.2617119612951068,0.0765557753829806,0.568204349255055,0.035659704533876714,0,0,0,0.568204349255055,0.8677761835543174
TSLA,2026-04-10,355.0,44.65,45.35,45.0,48.29,1.0,22.0,391.2000122070313,0.0684931506849315,1.1019718653719193,0.0971011798893138,0.2617119612951068,0.0754775250254739,0.5556981068570315,0.01555555555555562,0,0,0,0.5556981068570315,0.8975970736565088
TSLA,2026-04-10,360.0,40.7,41.45,41.075,44.75,4.0,92.0,391.2000122070313,0.0684931506849315,1.086666700575087,0.0831149379145738,0.2617119612951068,0.0744292260667867,0.5444926906941383,0.01825928180158247,0,0,0,0.5444926906941383,0.9078223790974308
TSLA,2026-04-10,365.0,37.05,37.5,37.275,42.09,2.0,30.0,391.2000122070313,0.0684931506849315,1.0717808553617296,0.069321615782238,0.2617119612951068,0.0734096476275157,0.5333315756687074,0.012072434607645953,0,0,0,0.5333315756687074,0.9260576621152354
TSLA,2026-04-10,370.0,33.5,33.9,33.7,33.49,7.0,83.0,391.2000122070313,0.0684931506849315,1.057297330289274,0.0557159637264594,0.2617119612951068,0.072417625362279,0.5246598627036811,0.011869436201780372,0,0,0,0.5246598627036811,0.938931711576522
TSLA,2026-04-10,375.0,30.05,30.45,30.25,30.07,10.0,16.0,391.2000122070313,0.0684931506849315,1.0432000325520834,0.0422929433943186,0.2617119612951068,0.0714520570241152,0.5152101752732097,0.013223140495867721,0,0,0,0.5152101752732097,0.9503485778014683
TSLA,2026-04-10,380.0,26.8,27.1,26.950000000000003,26.6,29.0,75.0,391.2000122070313,0.0684931506849315,1.0294737163342929,0.029047716644298,0.2617119612951068,0.0705118983790611,0.505439606344551,0.011131725417439729,0,0,0,0.505439606344551,0.9650117932001672
TSLA,2026-04-10,385.0,23.7,24.05,23.875,23.6,78.0,806.0,391.2000122070313,0.0684931506849315,1.0161039278104709,0.0159756350769452,0.2617119612951068,0.0695961594390733,0.496987387410745,0.014659685863874405,0,0,0,0.496987387410745,0.9743098323708982
TSLA,2026-04-10,390.0,20.85,21.15,21.0,20.99,804.0,379.0,391.2000122070313,0.0684931506849315,1.0030769543770033,0.0030722302410373,0.2617119612951068,0.0687039009847262,0.488925697979331,0.01428571428571415,0,0,0,0.488925697979331,0.9873271044674532
TSLA,2026-04-10,395.0,18.25,18.45,18.35,18.36,401.0,234.0,391.2000122070313,0.0684931506849315,0.9903797777393196,-0.0096667955363923,0.2617119612951068,0.0678342313520082,0.4816680004321336,0.010899182561307862,0,0,0,0.4816680004321336,0.9841233574985004
TSLA,2026-04-10,400.0,15.8,16.0,15.9,16.0,849.0,529.0,391.2000122070313,0.0684931506849315,0.9780000305175782,-0.0222455777432524,0.2617119612951068,0.066986303460108,0.4744626506467611,0.012578616352201213,0,0,0,0.4744626506467611,0.970209979797342
TSLA,2026-04-10,405.0,13.65,13.8,13.725000000000001,13.25,141.0,468.0,391.2000122070313,0.0684931506849315,0.965925956066744,-0.0346680977418096,0.2617119612951068,0.066159312059366,0.4691030623797326,0.010928961748633904,0,0,0,0.4691030623797326,0.9597957415619087
TSLA,2026-04-10,410.0,11.65,11.85,11.75,11.85,432.0,1445.0,391.2000122070313,0.0684931506849315,0.9541463712366616,-0.0469381903336239,0.2617119612951068,0.0653524911805932,0.4637808462125211,0.01702127659574462,0,0,0,0.4637808462125211,0.9424115176848988
TSLA,2026-04-10,415.0,9.9,10.05,9.975000000000001,10.18,197.0,353.0,391.2000122070313,0.0684931506849315,0.942650631824172,-0.0590595508659687,0.2617119612951068,0.0645651117687789,0.4585815645841807,0.01503759398496244,0,0,0,0.4585815645841807,0.9328767221461884
TSLA,2026-04-10,420.0,8.35,8.55,8.45,8.46,309.0,647.0,391.2000122070313,0.0684931506849315,0.9314286004929316,-0.0710357419126845,0.2617119612951068,0.0637964794858172,0.4550648768135011,0.023668639053254566,0,0,0,0.4550648768135011,0.9139991496642716
TSLA,2026-04-10,425.0,7.05,7.2,7.125,7.3,241.0,448.0,391.2000122070313,0.0684931506849315,0.9204706169577208,-0.0828701995596873,0.2617119612951068,0.063045932668337,0.4522685854406058,0.02105263157894742,0,0,0,0.4522685854406058,0.9055603977863677
TSLA,2026-04-10,430.0,5.9,6.05,5.975,6.1,403.0,678.0,391.2000122070313,0.0684931506849315,0.90976747024891,-0.0945662393228785,0.2617119612951068,0.0623128404280075,0.4498737759199291,0.025104602510460164,0,0,0,0.4498737759199291,0.8914928032672625
TSLA,2026-04-10,435.0,4.9,5.05,4.975,5.05,121.0,348.0,391.2000122070313,0.0684931506849315,0.8993103728897271,-0.1061270617239545,0.2617119612951068,0.061596600882858,0.447516070278257,0.030150753768844116,0,0,0,0.447516070278257,0.8769290133061673
TSLA,2026-04-10,440.0,4.05,4.2,4.125,4.0,192.0,715.0,391.2000122070313,0.0684931506849315,0.8890909368341621,-0.1175557575475773,0.2617119612951068,0.0608966395091891,0.4456682524003534,0.03636363636363645,0,0,0,0.4456682524003534,0.8617665604511313
TSLA,2026-04-10,445.0,3.4,3.5,3.45,3.52,81.0,528.0,391.2000122070313,0.0684931506849315,0.8791011510270367,-0.1288553128015106,0.2617119612951068,0.0602124076045915,0.4460457284898906,0.028985507246376836,0,0,0,0.4460457284898906,0.8581934818178317
TSLA,2026-04-10,450.0,2.83,2.9,2.865,2.91,495.0,1303.0,391.2000122070313,0.0684931506849315,0.8693333604600696,-0.1400286133996358,0.2617119612951068,0.0595433808534294,0.4460497070986032,0.024432809773123853,0,0,0,0.4460497070986032,0.8524295326411329
TSLA,2026-04-10,455.0,2.35,2.42,2.385,2.3,140.0,634.0,391.2000122070313,0.0684931506849315,0.85978024660886,-0.1510784495862209,0.2617119612951068,0.0588890579869082,0.4469127522649467,0.02935010482180287,0,0,0,0.4469127522649467,0.8390347937460957
TSLA,2026-04-10,460.0,1.96,2.02,1.99,2.05,536.0,1160.0,391.2000122070313,0.0684931506849315,0.8504348091457202,-0.1620075201184111,0.2617119612951068,0.0582489595305287,0.4484286468878984,0.030150753768844248,0,0,0,0.4484286468878984,0.8292698278003972
TSLA,2026-04-10,465.0,1.62,1.68,1.65,1.59,86.0,287.0,391.2000122070313,0.0684931506849315,0.8412903488323253,-0.1728184362226268,0.2617119612951068,0.057622626632351,0.4495419420719145,0.036363636363636265,0,0,1,0.4495419420719145,0.8154350249430062
TSLA,2026-04-10,470.0,1.36,1.4,1.38,1.38,140.0,503.0,391.2000122070313,0.0684931506849315,0.8323404515043219,-0.1835137253393747,0.2617119612951068,0.0570096199660494,0.4518010765651464,0.02898550724637668,0,0,1,0.4518010765651464,0.8125448923594366
TSLA,2026-04-10,475.0,1.13,1.19,1.16,1.2,61.0,341.0,391.2000122070313,0.0684931506849315,0.8235789730674343,-0.1940958346699116,0.2617119612951068,0.0564095187032489,0.4546544095640779,0.05172413793103453,0,0,1,0.4546544095640779,0.7866092145232624
TSLA,2026-04-10,480.0,0.95,1.0,0.975,0.99,200.0,507.0,391.2000122070313,0.0684931506849315,0.8150000254313152,-0.204567134537207,0.2617119612951068,0.05582191955009,0.4575370680384636,0.05128205128205133,0,0,1,0.4575370680384636,0.7787427088954735
TSLA,2026-04-10,485.0,0.8,0.85,0.825,0.83,31.0,329.0,391.2000122070313,0.0684931506849315,0.8065979633134666,-0.2149299215727537,0.2617119612951068,0.0552464358433881,0.4610085606023073,0.06060606060606053,0,0,1,0.4610085606023073,0.7639389220423343
TSLA,2026-04-10,490.0,0.68,0.72,0.7,0.79,36.0,262.0,391.2000122070313,0.0684931506849315,0.7983673718510843,-0.2251864217399427,0.2617119612951068,0.054682696702129,0.4646563636466265,0.05714285714285704,0,0,1,0.4646563636466265,0.7586207559183706
TSLA,2026-04-10,495.0,0.57,0.61,0.59,0.56,26.0,135.0,391.2000122070313,0.0684931506849315,0.7903030549636996,-0.2353387932039608,0.2617119612951068,0.0541303462303903,0.4677056766522526,0.0677966101694916,0,0,1,0.4677056766522526,0.7434653693242661
TSLA,2026-04-10,500.0,0.49,0.53,0.51,0.5,140.0,471.0,391.2000122070313,0.0684931506849315,0.7824000244140626,-0.2453891290574621,0.2617119612951068,0.0535890427680864,0.4726357539921999,0.07843137254901968,0,0,1,0.4726357539921999,0.7287724774491458
TSLA,2026-04-10,505.0,0.42,0.46,0.44,0.44,6.0,143.0,391.2000122070313,0.0684931506849315,0.7746534895188739,-0.2553394599106302,0.2617119612951068,0.0530584581862242,0.4772505824710131,0.090909090909091,0,0,1,0.4772505824710131,0.7133038064724215
TSLA,2026-04-10,510.0,0.36,0.4,0.38,0.37,14.0,215.0,391.2000122070313,0.0684931506849315,0.7670588474647673,-0.2651917563536419,0.2617119612951068,0.0525382772236141,0.481784587078452,0.10526315789473693,0,0,1,0.481784587078452,0.6971377665498226
TSLA,2026-04-10,515.0,0.31,0.35,0.32999999999999996,0.33,6.0,57.0,391.2000122070313,0.0684931506849315,0.7596116741884104,-0.2749479312990065,0.2617119612951068,0.0520281968622198,0.4865524802340268,0.12121212121212116,0,0,1,0.4865524802340268,0.6805491053092956
TSLA,2026-04-10,520.0,0.27,0.31,0.29000000000000004,0.34,20.0,128.0,391.2000122070313,0.0684931506849315,0.7523077157827525,-0.2846098422107436,0.2617119612951068,0.0515279257385446,0.4919637457108496,0.13793103448275854,0,0,1,0.4919637457108496,0.6641026221098929
TSLA,2026-04-10,525.0,0.24,0.28,0.26,0.23,20.0,35.0,391.2000122070313,0.0684931506849315,0.7451428803943454,-0.2941792932268941,0.2617119612951068,0.0510371835886537,0.4985212081246375,0.15384615384615397,0,0,1,0.4985212081246375,0.6487050375053088
TSLA,2026-04-10,530.0,0.21,0.24,0.22499999999999998,0.26,6.0,64.0,391.2000122070313,0.0684931506849315,0.7381132305793043,-0.303658037181438,0.2617119612951068,0.0505557007246098,0.5025212745021581,0.13333333333333333,0,0,1,0.5025212745021581,0.6542156796321573
TSLA,2026-04-10,535.0,0.19,0.22,0.20500000000000002,0.38,1.0,14.0,391.2000122070313,0.0684931506849315,0.731214976087909,-0.313047777531277,0.2617119612951068,0.0500832175402677,0.5097049431052206,0.14634146341463414,0,0,1,0.5097049431052206,0.6407471709761127
TSLA,2026-04-10,540.0,0.17,0.2,0.185,0.24,1.0,21.0,391.2000122070313,0.0684931506849315,0.7244444670500579,-0.3223501701935906,0.2617119612951068,0.0496194840445245,0.5160442525918483,0.16216216216216217,0,0,1,0.5160442525918483,0.6261724981882637
TSLA,2026-04-10,545.0,0.14,0.19,0.165,0.17,6.0,8.0,391.2000122070313,0.0684931506849315,0.7177981875358372,-0.3315668252985145,0.2617119612951068,0.0491642594202628,0.5214351332869528,0.3030303030303029,1,0,1,0.5214351332869528,0.5533545210867773
TSLA,2026-04-10,550.0,0.13,0.18,0.155,0.15,5.0,97.0,391.2000122070313,0.0684931506849315,0.7112727494673297,-0.340699308861787,0.2617119612951068,0.0487173116073513,0.5298880227727889,0.32258064516129026,1,0,1,0.5298880227727889,0.5402187183386782
TSLA,2026-04-10,555.0,0.11,0.15,0.13,0.13,2.0,129.0,391.2000122070313,0.0684931506849315,0.7048648868595159,-0.3497491443817049,0.2617119612951068,0.048278416908186,0.5311139706978797,0.30769230769230765,1,0,1,0.5311139706978797,0.5414469708907584
TSLA,2026-04-17,305.0,89.45,90.85,90.15,90.1,2.0,151.0,391.2000122070313,0.0876712328767123,1.2826229908427256,0.2489071927573179,0.296093284079042,0.1124491389231978,0.652211197006166,0.015529672767609444,0,0,1,0.652211197006166,0.7711946055294867
TSLA,2026-04-17,310.0,84.85,86.3,85.57499999999999,93.82,2.0,208.0,391.2000122070313,0.0876712328767123,1.261935523248488,0.2326466718855376,0.296093284079042,0.110635443134114,0.6418954245734811,0.016944200993280784,0,0,1,0.6418954245734811,0.7827468543081273
TSLA,2026-04-17,315.0,80.25,81.65,80.95,81.0,36.0,179.0,391.2000122070313,0.0876712328767123,1.2419048006572422,0.2166463305390964,0.296093284079042,0.108879324989128,0.6268066627897917,0.017294626312538672,0,0,1,0.6268066627897917,0.7950978235353038
TSLA,2026-04-17,320.0,75.85,77.0,76.425,77.28,33.0,394.0,391.2000122070313,0.0876712328767123,1.2225000381469728,0.2008979735709573,0.296093284079042,0.1071780855361729,0.6145810687681437,0.015047432122996477,0,0,1,0.6145810687681437,0.8095066163534417
TSLA,2026-04-17,325.0,71.4,72.5,71.95,71.9,10.0,192.0,391.2000122070313,0.0876712328767123,1.203692345252404,0.185393787034992,0.296093284079042,0.1055291919125395,0.6023228412143588,0.015288394718554471,0,0,1,0.6023228412143588,0.8219600317487633
TSLA,2026-04-17,330.0,67.05,68.15,67.6,68.0,16.0,423.0,391.2000122070313,0.0876712328767123,1.1854545824455494,0.1701263149042035,0.296093284079042,0.1039302647623495,0.5927332319269181,0.016272189349112554,0,0,1,0.5927332319269181,0.8337976370686673
TSLA,2026-04-17,335.0,62.8,63.85,63.325,63.02,1.0,122.0,391.2000122070313,0.0876712328767123,1.16776123046875,0.1550884375396631,0.296093284079042,0.1023790667808219,0.5832398245040775,0.016581129095933744,0,0,1,0.5832398245040775,0.8461737036214367
TSLA,2026-04-17,340.0,58.55,59.65,59.099999999999994,61.77,1.0,231.0,391.2000122070313,0.0876712328767123,1.150588271197151,0.1402733517545224,0.296093284079042,0.1008734922693392,0.5727656229783892,0.018612521150592243,0,0,1,0.5727656229783892,0.857090473415233
TSLA,2026-04-17,345.0,54.35,55.5,54.925,54.36,102.0,117.0,391.2000122070313,0.0876712328767123,1.1339130788609604,0.1256745523333698,0.296093284079042,0.0994115575987691,0.5612746857610345,0.020937642239417364,0,0,0,0.5612746857610345,0.8677140701535389
TSLA,2026-04-17,350.0,50.45,51.1,50.775000000000006,50.8,418.0,1183.0,391.2000122070313,0.0876712328767123,1.117714320591518,0.1112858148812702,0.296093284079042,0.0979913924902152,0.5479869820270091,0.012801575578532714,0,0,0,0.5479869820270091,0.8873612043386011
TSLA,2026-04-17,355.0,46.3,47.35,46.825,47.7,1.0,198.0,391.2000122070313,0.0876712328767123,1.1019718653719193,0.0971011798893138,0.296093284079042,0.0966112320326065,0.5378447037562727,0.022423918846769978,0,0,0,0.5378447037562727,0.8915672628536103
TSLA,2026-04-17,360.0,42.75,43.45,43.1,43.1,148.0,614.0,391.2000122070313,0.0876712328767123,1.086666700575087,0.0831149379145738,0.296093284079042,0.095269409365487,0.5307832991400512,0.01624129930394438,0,0,0,0.5307832991400512,0.9096250707152951
TSLA,2026-04-17,365.0,39.05,40.0,39.525,40.1,24.0,170.0,391.2000122070313,0.0876712328767123,1.0717808553617296,0.069321615782238,0.296093284079042,0.0939643489632201,0.5242580232237128,0.02403542061986092,0,0,0,0.5242580232237128,0.9152392718180685
TSLA,2026-04-17,370.0,35.6,35.95,35.775000000000006,36.28,109.0,402.0,391.2000122070313,0.0876712328767123,1.057297330289274,0.0557159637264594,0.296093284079042,0.0926945604637171,0.5101849689519107,0.00978336827393435,0,0,0,0.5101849689519107,0.9408714101212756
TSLA,2026-04-17,375.0,32.3,32.55,32.425,32.7,131.0,361.0,391.2000122070313,0.0876712328767123,1.0432000325520834,0.0422929433943186,0.296093284079042,0.0914586329908675,0.5025546232897935,0.007710100231303007,0,0,0,0.5025546232897935,0.9555478012424052
TSLA,2026-04-17,380.0,29.15,29.35,29.25,29.47,199.0,931.0,391.2000122070313,0.0876712328767123,1.0294737163342929,0.029047716644298,0.296093284079042,0.0902552299251982,0.4954540137315392,0.006837606837606935,0,0,0,0.4954540137315392,0.9691275265049193
TSLA,2026-04-17,385.0,26.2,26.35,26.275,26.6,92.0,514.0,391.2000122070313,0.0876712328767123,1.0161039278104709,0.0159756350769452,0.296093284079042,0.0890830840820138,0.4892356718311608,0.005708848715509121,0,0,0,0.4892356718311608,0.9829812173872887
TSLA,2026-04-17,390.0,23.4,23.55,23.475,23.45,1353.0,1533.0,391.2000122070313,0.0876712328767123,1.0030769543770033,0.0030722302410373,0.296093284079042,0.0879409932604495,0.4831786200457811,0.006389776357827567,0,0,0,0.4831786200457811,0.9950734803891251
TSLA,2026-04-17,395.0,20.8,20.95,20.875,21.02,1609.0,1254.0,391.2000122070313,0.0876712328767123,0.9903797777393196,-0.0096667955363923,0.296093284079042,0.0868278161305704,0.4777215335135608,0.007185628742514902,0,0,0,0.4777215335135608,0.9877518793400647
TSLA,2026-04-17,400.0,18.4,18.5,18.45,18.47,2713.0,5350.0,391.2000122070313,0.0876712328767123,0.9780000305175782,-0.0222455777432524,0.296093284079042,0.0857424684289383,0.4722534499280453,0.005420054200542083,0,0,0,0.4722534499280453,0.9771178472220295
TSLA,2026-04-17,405.0,16.2,16.3,16.25,16.55,449.0,2396.0,391.2000122070313,0.0876712328767123,0.965925956066744,-0.0346680977418096,0.296093284079042,0.0846839194359884,0.467838624768108,0.0061538461538462414,0,0,0,0.467838624768108,0.9643508457647726
TSLA,2026-04-17,410.0,14.15,14.3,14.225000000000001,14.21,944.0,5917.0,391.2000122070313,0.0876712328767123,0.9541463712366616,-0.0469381903336239,0.296093284079042,0.0836511887111593,0.4634184351919294,0.010544815465729374,0,0,0,0.4634184351919294,0.9484513206400526
TSLA,2026-04-17,415.0,12.35,12.5,12.425,12.36,385.0,2367.0,391.2000122070313,0.0876712328767123,0.942650631824172,-0.0590595508659687,0.296093284079042,0.0826433430640369,0.4601958068382292,0.012072434607645902,0,0,0,0.4601958068382292,0.9356098547422013
TSLA,2026-04-17,420.0,10.75,10.85,10.8,10.85,2073.0,5979.0,391.2000122070313,0.0876712328767123,0.9314286004929316,-0.0710357419126845,0.296093284079042,0.081659493741846,0.4572021049476414,0.009259259259259226,0,0,0,0.4572021049476414,0.9270484833791461
TSLA,2026-04-17,425.0,9.3,9.4,9.350000000000001,9.35,854.0,3551.0,391.2000122070313,0.0876712328767123,0.9204706169577208,-0.0828701995596873,0.296093284079042,0.0806987938154713,0.4546196302654445,0.010695187165775362,0,0,0,0.4546196302654445,0.9148404375074867
TSLA,2026-04-17,430.0,8.0,8.1,8.05,8.1,1285.0,3952.0,391.2000122070313,0.0876712328767123,0.90976747024891,-0.0945662393228785,0.296093284079042,0.0797604357478496,0.4520501195891647,0.012422360248447159,0,0,0,0.4520501195891647,0.9026602054798154
TSLA,2026-04-17,435.0,6.9,7.0,6.95,6.8,552.0,3784.0,391.2000122070313,0.0876712328767123,0.8993103728897271,-0.1061270617239545,0.296093284079042,0.0788436491300582,0.4511147442104966,0.014388489208633042,0,0,0,0.4511147442104966,0.8905553381859381
TSLA,2026-04-17,440.0,5.9,6.0,5.95,5.95,606.0,6412.0,391.2000122070313,0.0876712328767123,0.8890909368341621,-0.1175557575475773,0.296093284079042,0.0779476985717621,0.4494508811062125,0.01680672268907557,0,0,0,0.4494508811062125,0.8783414845289292
TSLA,2026-04-17,445.0,5.05,5.15,5.1,5.16,481.0,3089.0,391.2000122070313,0.0876712328767123,0.8791011510270367,-0.1288553128015106,0.296093284079042,0.0770718817338771,0.4487971822836994,0.01960784313725501,0,0,0,0.4487971822836994,0.8660865656807049
TSLA,2026-04-17,450.0,4.35,4.4,4.375,4.35,2430.0,10179.0,391.2000122070313,0.0876712328767123,0.8693333604600696,-0.1400286133996358,0.296093284079042,0.0762155274923896,0.4488733569943309,0.011428571428571592,0,0,0,0.4488733569943309,0.8633894729943538
TSLA,2026-04-17,455.0,3.7,3.8,3.75,3.73,466.0,3880.0,391.2000122070313,0.0876712328767123,0.85978024660886,-0.1510784495862209,0.296093284079042,0.0753779942232425,0.4492925861236155,0.02666666666666657,0,0,0,0.4492925861236155,0.8412278112581332
TSLA,2026-04-17,460.0,3.15,3.25,3.2,3.2,723.0,5403.0,391.2000122070313,0.0876712328767123,0.8504348091457202,-0.1620075201184111,0.296093284079042,0.0745586681990768,0.4495016642466335,0.03125000000000003,0,0,0,0.4495016642466335,0.8283858794534196
TSLA,2026-04-17,465.0,2.7,2.74,2.72,2.74,777.0,2797.0,391.2000122070313,0.0876712328767123,0.8412903488323253,-0.1728184362226268,0.296093284079042,0.0737569620894093,0.449597553186953,0.014705882352941188,0,0,1,0.449597553186953,0.8328395669773626
TSLA,2026-04-17,470.0,2.3,2.35,2.325,2.32,314.0,4015.0,391.2000122070313,0.0876712328767123,0.8323404515043219,-0.1835137253393747,0.296093284079042,0.0729723135565432,0.4506841156966983,0.021505376344086134,0,0,1,0.4506841156966983,0.8184948778412445
TSLA,2026-04-17,475.0,1.97,2.01,1.9899999999999998,1.96,404.0,4982.0,391.2000122070313,0.0876712328767123,0.8235789730674343,-0.1940958346699116,0.296093284079042,0.0722041839401586,0.4521184711927771,0.020100502512562724,0,0,1,0.4521184711927771,0.8109945010275084
TSLA,2026-04-17,480.0,1.68,1.73,1.705,1.77,572.0,3440.0,391.2000122070313,0.0876712328767123,0.8150000254313152,-0.204567134537207,0.296093284079042,0.0714520570241152,0.4538018250094056,0.029325513196480964,0,0,1,0.4538018250094056,0.7953540662625186
TSLA,2026-04-17,485.0,1.44,1.49,1.4649999999999999,1.42,176.0,3226.0,391.2000122070313,0.0876712328767123,0.8065979633134666,-0.2149299215727537,0.296093284079042,0.0707154378795367,0.4558658735653162,0.03412969283276454,0,0,1,0.4558658735653162,0.7834977143258463
TSLA,2026-04-17,490.0,1.24,1.28,1.26,1.23,282.0,1789.0,391.2000122070313,0.0876712328767123,0.7983673718510843,-0.2251864217399427,0.296093284079042,0.0699938517787251,0.4580699333851337,0.03174603174603177,0,0,1,0.4580699333851337,0.7772944976025148
TSLA,2026-04-17,495.0,1.06,1.1,1.08,1.04,131.0,1231.0,391.2000122070313,0.0876712328767123,0.7903030549636996,-0.2353387932039608,0.296093284079042,0.0692868431748996,0.4599948647465109,0.03703703703703707,0,0,1,0.4599948647465109,0.765517308244901
TSLA,2026-04-17,500.0,0.93,0.95,0.94,0.95,4328.0,24674.0,391.2000122070313,0.0876712328767123,0.7824000244140626,-0.2453891290574621,0.296093284079042,0.0685939747431506,0.4632691256065369,0.021276595744680753,0,0,1,0.4632691256065369,0.7695575384828603
TSLA,2026-04-17,505.0,0.79,0.83,0.81,0.82,44.0,1416.0,391.2000122070313,0.0876712328767123,0.7746534895188739,-0.2553394599106302,0.296093284079042,0.067914826478367,0.4656401975853443,0.049382716049382616,0,0,1,0.4656401975853443,0.7415308020226672
TSLA,2026-04-17,510.0,0.68,0.72,0.7,0.71,51.0,1871.0,391.2000122070313,0.0876712328767123,0.7670588474647673,-0.2651917563536419,0.296093284079042,0.0672489948462261,0.4682251309583186,0.05714285714285704,0,0,1,0.4682251309583186,0.7288709223529444
TSLA,2026-04-17,515.0,0.59,0.63,0.61,0.6,73.0,932.0,391.2000122070313,0.0876712328767123,0.7596116741884104,-0.2749479312990065,0.296093284079042,0.0665960919836414,0.4714123094613552,0.06557377049180334,0,0,1,0.4714123094613552,0.7160836040480558
TSLA,2026-04-17,520.0,0.52,0.55,0.535,0.56,64.0,1889.0,391.2000122070313,0.0876712328767123,0.7523077157827525,-0.2846098422107436,0.296093284079042,0.0659557449453371,0.4749969912078976,0.056074766355140235,0,0,1,0.4749969912078976,0.7155771616326003
TSLA,2026-04-17,525.0,0.45,0.49,0.47,0.47,37.0,1523.0,391.2000122070313,0.0876712328767123,0.7451428803943454,-0.2941792932268941,0.296093284079042,0.0653275949934768,0.4785941899256706,0.08510638297872336,0,0,1,0.4785941899256706,0.689799474270351
TSLA,2026-04-17,530.0,0.4,0.43,0.41500000000000004,0.4,95.0,1158.0,391.2000122070313,0.0876712328767123,0.7381132305793043,-0.303658037181438,0.296093284079042,0.0647112969275006,0.4824411916264295,0.07228915662650595,0,0,1,0.4824411916264295,0.6914594186973588
TSLA,2026-04-17,535.0,0.35,0.39,0.37,0.37,39.0,857.0,391.2000122070313,0.0876712328767123,0.731214976087909,-0.313047777531277,0.296093284079042,0.0641065184515426,0.4868353637838364,0.10810810810810821,0,0,1,0.4868353637838364,0.6628550448111005
TSLA,2026-04-17,540.0,0.31,0.35,0.32999999999999996,0.32,12.0,919.0,391.2000122070313,0.0876712328767123,0.7244444670500579,-0.3223501701935906,0.296093284079042,0.0635129395769913,0.491107584878683,0.12121212121212116,0,0,1,0.491107584878683,0.649042202285717
TSLA,2026-04-17,545.0,0.28,0.32,0.30000000000000004,0.31,30.0,523.0,391.2000122070313,0.0876712328767123,0.7177981875358372,-0.3315668252985145,0.296093284079042,0.0629302520579364,0.4965152740780114,0.13333333333333325,0,0,1,0.4965152740780114,0.6362097434954925
TSLA,2026-04-17,550.0,0.26,0.28,0.27,0.28,342.0,7345.0,391.2000122070313,0.0876712328767123,0.7112727494673297,-0.340699308861787,0.296093284079042,0.0623581588574097,0.5010846838326454,0.07407407407407414,0,0,1,0.5010846838326454,0.6652081437162588
TSLA,2026-04-17,555.0,0.23,0.26,0.245,0.25,8.0,553.0,391.2000122070313,0.0876712328767123,0.7048648868595159,-0.3497491443817049,0.296093284079042,0.061796373642478,0.5060392586734292,0.12244897959183673,0,0,1,0.5060392586734292,0.6308046528000026
TSLA,2026-04-24,315.0,82.55,84.2,83.375,84.51,8.0,9.0,391.2000122070313,0.1068493150684931,1.2419048006572422,0.2166463305390964,0.3268781348889722,0.1326966773304997,0.6581518409591021,0.019790104947526307,0,0,1,0.6581518409591021,0.7931521784248724
TSLA,2026-04-24,340.0,61.3,63.2,62.25,65.5,1.0,7.0,391.2000122070313,0.1068493150684931,1.150588271197151,0.1402733517545224,0.3268781348889722,0.1229395687032571,0.6044046817508044,0.030522088353413745,0,0,1,0.6044046817508044,0.8471852256700375
TSLA,2026-04-24,345.0,57.35,59.25,58.3,61.55,20.0,5.0,391.2000122070313,0.1068493150684931,1.1339130788609604,0.1256745523333698,0.3268781348889722,0.1211578358234998,0.595361885292262,0.032590051457975965,0,0,0,0.595361885292262,0.8579222273831637
TSLA,2026-04-24,350.0,53.55,55.3,54.425,55.65,2.0,52.0,391.2000122070313,0.1068493150684931,1.117714320591518,0.1112858148812702,0.3268781348889722,0.1194270095974498,0.5859687477496713,0.03215434083601287,0,0,0,0.5859687477496713,0.8707232923454682
TSLA,2026-04-24,355.0,50.15,51.6,50.875,55.51,1.0,10.0,391.2000122070313,0.1068493150684931,1.1019718653719193,0.0971011798893138,0.3268781348889722,0.1177449390397392,0.582101808301881,0.02850122850122856,0,0,0,0.582101808301881,0.8862990821417263
TSLA,2026-04-24,360.0,46.55,47.95,47.25,59.02,6.0,13.0,391.2000122070313,0.1068493150684931,1.086666700575087,0.0831149379145738,0.3268781348889722,0.1161095926641873,0.5737958591175973,0.02962962962962975,0,0,0,0.5737958591175973,0.8977971662253652
TSLA,2026-04-24,365.0,42.5,44.45,43.475,57.22,1.0,6.0,391.2000122070313,0.1068493150684931,1.0717808553617296,0.069321615782238,0.3268781348889722,0.1145190502989244,0.5597759125665873,0.044853364002300236,0,0,0,0.5597759125665873,0.8970037949573636
TSLA,2026-04-24,375.0,36.2,37.5,36.85,41.07,1.0,47.0,391.2000122070313,0.1068493150684931,1.0432000325520834,0.0422929433943186,0.3268781348889722,0.1114652089576198,0.5447352070117295,0.03527815468113968,0,0,0,0.5447352070117295,0.9301028580694416
TSLA,2026-04-24,380.0,33.35,34.4,33.875,36.0,9.0,41.0,391.2000122070313,0.1068493150684931,1.0294737163342929,0.029047716644298,0.3268781348889722,0.1099985614713353,0.5402265716227667,0.030996309963099548,0,0,0,0.5402265716227667,0.9464185565723174
TSLA,2026-04-24,385.0,30.5,31.45,30.975,31.1,32.0,34.0,391.2000122070313,0.1068493150684931,1.0161039278104709,0.0159756350769452,0.3268781348889722,0.1085700087249543,0.53445211281465,0.030669895076674714,0,0,0,0.53445211281465,0.9591751085093984
TSLA,2026-04-24,390.0,27.8,28.35,28.075000000000003,28.44,115.0,75.0,391.2000122070313,0.1068493150684931,1.0030769543770033,0.0030722302410373,0.3268781348889722,0.1071780855361729,0.5259307823182642,0.01959038290293858,0,0,0,0.5259307823182642,0.9821902934560627
TSLA,2026-04-24,395.0,25.3,25.55,25.425,24.99,110.0,103.0,391.2000122070313,0.1068493150684931,0.9903797777393196,-0.0096667955363923,0.3268781348889722,0.1058214009091327,0.5195716244915425,0.00983284169124877,0,0,0,0.5195716244915425,0.985162550238086
TSLA,2026-04-24,400.0,22.9,23.25,23.075,23.2,440.0,419.0,391.2000122070313,0.1068493150684931,0.9780000305175782,-0.0222455777432524,0.3268781348889722,0.1044986333977685,0.5162610420632138,0.015167930660888469,0,0,0,0.5162610420632138,0.9677353364331797
TSLA,2026-04-24,405.0,20.55,20.95,20.75,20.95,452.0,237.0,391.2000122070313,0.1068493150684931,0.965925956066744,-0.0346680977418096,0.3268781348889722,0.1032085268126109,0.5105858696590364,0.019277108433734872,0,0,0,0.5105858696590364,0.9519347628624003
TSLA,2026-04-24,410.0,18.45,18.85,18.65,18.7,167.0,374.0,391.2000122070313,0.1068493150684931,0.9541463712366616,-0.0469381903336239,0.3268781348889722,0.1019498862417254,0.5064813759786784,0.02144772117962478,0,0,0,0.5064813759786784,0.9383275765572757
TSLA,2026-04-24,415.0,16.55,16.9,16.725,16.68,97.0,299.0,391.2000122070313,0.1068493150684931,0.942650631824172,-0.0590595508659687,0.3268781348889722,0.100721574359295,0.5030158736796376,0.020926756352765193,0,0,0,0.5030158736796376,0.9274954717757026
TSLA,2026-04-24,420.0,14.75,15.2,14.975,15.29,115.0,903.0,391.2000122070313,0.1068493150684931,0.9314286004929316,-0.0710357419126845,0.3268781348889722,0.0995225079978748,0.5002777862229644,0.030050083472454043,0,0,0,0.5002777862229644,0.908336672794103
TSLA,2026-04-24,425.0,13.15,13.6,13.375,13.0,76.0,155.0,391.2000122070313,0.1068493150684931,0.9204706169577208,-0.0828701995596873,0.3268781348889722,0.0983516549626057,0.4978686715923099,0.03364485981308406,0,0,0,0.4978686715923099,0.8945285398900458
TSLA,2026-04-24,430.0,11.7,12.05,11.875,11.9,77.0,273.0,391.2000122070313,0.1068493150684931,0.90976747024891,-0.0945662393228785,0.3268781348889722,0.0972080310676917,0.494821280835837,0.029473684210526437,0,0,0,0.494821280835837,0.8877093118072718
TSLA,2026-04-24,435.0,10.35,10.75,10.55,10.4,100.0,79.0,391.2000122070313,0.1068493150684931,0.8993103728897271,-0.1061270617239545,0.3268781348889722,0.0960906973772584,0.4928932202316521,0.03791469194312799,0,0,0,0.4928932202316521,0.8703693001665466
TSLA,2026-04-24,440.0,9.2,9.55,9.375,9.12,513.0,204.0,391.2000122070313,0.1068493150684931,0.8890909368341621,-0.1175557575475773,0.3268781348889722,0.094998757634335,0.491763965909317,0.03733333333333348,0,0,0,0.491763965909317,0.8609609829232499
TSLA,2026-04-24,445.0,8.1,8.5,8.3,8.34,147.0,355.0,391.2000122070313,0.1068493150684931,0.8791011510270367,-0.1288553128015106,0.3268781348889722,0.0939313558631627,0.4904534837249517,0.04819277108433739,0,0,0,0.4904534837249517,0.8424677974933339
TSLA,2026-04-24,450.0,7.2,7.45,7.325,7.42,230.0,758.0,391.2000122070313,0.1068493150684931,0.8693333604600696,-0.1400286133996358,0.3268781348889722,0.0928876741313498,0.4891051824060828,0.034129692832764506,0,0,0,0.4891051824060828,0.8444364254400789
TSLA,2026-04-24,455.0,6.35,6.7,6.525,6.62,125.0,170.0,391.2000122070313,0.1068493150684931,0.85978024660886,-0.1510784495862209,0.3268781348889722,0.0918669304595767,0.48998977464433,0.0536398467432951,0,0,0,0.48998977464433,0.8196923792899249
TSLA,2026-04-24,460.0,5.6,5.9,5.75,5.87,68.0,439.0,391.2000122070313,0.1068493150684931,0.8504348091457202,-0.1620075201184111,0.3268781348889722,0.0908683768676248,0.4892721498616039,0.05217391304347838,0,0,0,0.4892721498616039,0.8119122966233797
TSLA,2026-04-24,465.0,4.95,5.25,5.1,5.2,44.0,260.0,391.2000122070313,0.1068493150684931,0.8412903488323253,-0.1728184362226268,0.3268781348889722,0.0898912975464676,0.489997061309725,0.05882352941176468,0,0,1,0.489997061309725,0.7981379183533058
TSLA,2026-04-24,470.0,4.5,4.65,4.575,4.56,46.0,342.0,391.2000122070313,0.1068493150684931,0.8323404515043219,-0.1835137253393747,0.3268781348889722,0.088935007147037,0.4926659477968811,0.03278688524590172,0,0,1,0.4926659477968811,0.8095541589161996
TSLA,2026-04-24,475.0,3.9,4.15,4.025,4.02,65.0,152.0,391.2000122070313,0.1068493150684931,0.8235789730674343,-0.1940958346699116,0.3268781348889722,0.0879988491770682,0.4925113632021844,0.06211180124223613,0,0,1,0.4925113632021844,0.7789160209551279
TSLA,2026-04-24,480.0,3.45,3.7,3.575,3.57,85.0,269.0,391.2000122070313,0.1068493150684931,0.8150000254313152,-0.204567134537207,0.3268781348889722,0.0870821944981404,0.4939316818090974,0.06993006993006992,0,0,1,0.4939316818090974,0.7651698512240928
TSLA,2026-04-24,495.0,2.43,2.59,2.51,2.7,31.0,82.0,391.2000122070313,0.1068493150684931,0.7903030549636996,-0.2353387932039608,0.3268781348889722,0.0844433401194089,0.4989179067057072,0.06374501992031861,0,0,1,0.4989179067057072,0.746297078976996
TSLA,2026-04-24,500.0,2.18,2.31,2.245,2.26,127.0,678.0,391.2000122070313,0.1068493150684931,0.7824000244140626,-0.2453891290574621,0.3268781348889722,0.0835989067182148,0.5014011843909025,0.057906458797327344,0,0,1,0.5014011843909025,0.7429117164337115
TSLA,2026-04-24,510.0,1.73,1.84,1.7850000000000001,1.79,34.0,250.0,391.2000122070313,0.1068493150684931,0.7670588474647673,-0.2651917563536419,0.3268781348889722,0.0819597124688381,0.5056126981752813,0.06162464985994403,0,0,1,0.5056126981752813,0.725793894712404
TSLA,2026-04-24,515.0,1.55,1.7,1.625,2.12,31.0,84.0,391.2000122070313,0.1068493150684931,0.7596116741884104,-0.2749479312990065,0.3268781348889722,0.0811639871050629,0.5098615840594767,0.09230769230769226,0,0,1,0.5098615840594767,0.6985576603793665
TSLA,2026-04-24,525.0,1.25,1.38,1.315,1.41,2.0,65.0,391.2000122070313,0.1068493150684931,0.7451428803943454,-0.2941792932268941,0.3268781348889722,0.0796180063982998,0.5155646737798452,0.09885931558935354,0,0,1,0.5155646737798452,0.6811661892356783
TSLA,2026-04-24,535.0,1.02,1.16,1.0899999999999999,1.15,1.0,3.0,391.2000122070313,0.1068493150684931,0.731214976087909,-0.313047777531277,0.3268781348889722,0.0781298193628176,0.5232341796805261,0.128440366972477,0,0,1,0.5232341796805261,0.6509117106703599
TSLA,2026-04-24,540.0,0.92,1.06,0.99,1.03,10.0,46.0,391.2000122070313,0.1068493150684931,0.7244444670500579,-0.3223501701935906,0.3268781348889722,0.0774063951094582,0.526663829797685,0.14141414141414144,0,0,1,0.526663829797685,0.6375547296788902
TSLA,2026-04-24,545.0,0.84,0.95,0.895,0.89,33.0,64.0,391.2000122070313,0.1068493150684931,0.7177981875358372,-0.3315668252985145,0.3268781348889722,0.0766962446956099,0.5295704493312834,0.12290502793296088,0,0,1,0.5295704493312834,0.642118159023809
TSLA,2026-05-15,305.0,94.5,95.75,95.125,98.92,2.0,12.0,391.2000122070313,0.1643835616438356,1.2826229908427256,0.2489071927573179,0.4054424270396916,0.2108421354809959,0.6240500680970849,0.013140604467805518,0,0,1,0.6240500680970849,0.7730131454013717
TSLA,2026-05-15,310.0,90.15,91.45,90.80000000000001,93.09,3.0,178.0,391.2000122070313,0.1643835616438356,1.261935523248488,0.2326466718855376,0.4054424270396916,0.2074414558764638,0.6144844645723253,0.014317180616740055,0,0,1,0.6144844645723253,0.7847741214936148
TSLA,2026-05-15,315.0,85.9,87.25,86.575,90.27,1.0,19.0,391.2000122070313,0.1643835616438356,1.2419048006572422,0.2166463305390964,0.4054424270396916,0.2041487343546151,0.6063074401917159,0.015593416113196585,0,0,1,0.6063074401917159,0.7964296838106978
TSLA,2026-05-15,320.0,81.75,83.1,82.425,81.5,4.0,304.0,391.2000122070313,0.1643835616438356,1.2225000381469728,0.2008979735709573,0.4054424270396916,0.2009589103803243,0.5985848712737114,0.01637852593266599,0,0,1,0.5985848712737114,0.8084464510524031
TSLA,2026-05-15,325.0,77.7,78.95,78.325,80.2,1.0,53.0,391.2000122070313,0.1643835616438356,1.203692345252404,0.185393787034992,0.4054424270396916,0.1978672348360116,0.5905632361502349,0.015959144589849983,0,0,1,0.5905632361502349,0.8214173626971174
TSLA,2026-05-15,330.0,73.6,75.0,74.3,75.5,3.0,353.0,391.2000122070313,0.1643835616438356,1.1854545824455494,0.1701263149042035,0.4054424270396916,0.1948692464294053,0.5827779482656716,0.01884253028263803,0,0,1,0.5827779482656716,0.8316941282995152
TSLA,2026-05-15,335.0,69.65,71.05,70.35,75.9,2.0,47.0,391.2000122070313,0.1643835616438356,1.16776123046875,0.1550884375396631,0.4054424270396916,0.1919607502140411,0.5751161313616038,0.019900497512437693,0,0,1,0.5751161313616038,0.8434197464721581
TSLA,2026-05-15,340.0,65.8,67.2,66.5,70.63,14.0,413.0,391.2000122070313,0.1643835616438356,1.150588271197151,0.1402733517545224,0.4054424270396916,0.1891377980050111,0.568005910557583,0.021052631578947455,0,0,1,0.568005910557583,0.8550421995676938
TSLA,2026-05-15,345.0,62.25,63.45,62.85,69.6,6.0,38.0,391.2000122070313,0.1643835616438356,1.1339130788609604,0.1256745523333698,0.4054424270396916,0.1863966704976921,0.5633088723998667,0.019093078758949927,0,0,0,0.5633088723998667,0.8692846368845408
TSLA,2026-05-15,350.0,58.75,59.4,59.075,58.53,35.0,917.0,391.2000122070313,0.1643835616438356,1.117714320591518,0.1112858148812702,0.4054424270396916,0.1837338609191536,0.5544007227889896,0.011002962336013517,0,0,0,0.5544007227889896,0.8889398541274538
TSLA,2026-05-15,355.0,54.8,56.25,55.525,56.14,2.0,67.0,391.2000122070313,0.1643835616438356,1.1019718653719193,0.0971011798893138,0.4054424270396916,0.1811460600611374,0.5481838113996089,0.026114362899594828,0,0,0,0.5481838113996089,0.8883607205598315
TSLA,2026-05-15,360.0,51.8,52.35,52.075,51.83,110.0,1391.0,391.2000122070313,0.1643835616438356,1.086666700575087,0.0831149379145738,0.4054424270396916,0.1786301425602882,0.5420649570687787,0.010561689870379342,0,0,0,0.5420649570687787,0.9147373911054582
TSLA,2026-05-15,365.0,48.55,49.45,49.0,48.37,8.0,41.0,391.2000122070313,0.1643835616438356,1.0717808553617296,0.069321615782238,0.4054424270396916,0.1761831543060377,0.5407903494180293,0.018367346938775626,0,0,0,0.5407903494180293,0.9203333507318138
TSLA,2026-05-15,370.0,45.0,46.15,45.575,45.35,17.0,560.0,391.2000122070313,0.1643835616438356,1.057297330289274,0.0557159637264594,0.4054424270396916,0.1738023008694696,0.5315545233817249,0.02523313219967084,0,0,0,0.5315545233817249,0.9266929362558627
TSLA,2026-05-15,375.0,42.4,42.65,42.525,44.88,11.0,124.0,391.2000122070313,0.1643835616438356,1.0432000325520834,0.0422929433943186,0.4054424270396916,0.1714849368578767,0.5269736024839057,0.005878894767783657,0,0,0,0.5269736024839057,0.9572873788032734
TSLA,2026-05-15,380.0,39.5,39.7,39.6,40.0,39.0,1316.0,391.2000122070313,0.1643835616438356,1.0294737163342929,0.029047716644298,0.4054424270396916,0.1692285561097467,0.5226129579280092,0.005050505050505122,0,0,0,0.5226129579280092,0.9708507528759756
TSLA,2026-05-15,385.0,36.7,36.9,36.8,37.11,284.0,338.0,391.2000122070313,0.1643835616438356,1.0161039278104709,0.0159756350769452,0.4054424270396916,0.167030782653776,0.5184303002326636,0.005434782608695537,0,0,0,0.5184303002326636,0.9832491629964719
TSLA,2026-05-15,390.0,34.05,34.25,34.15,34.12,642.0,1493.0,391.2000122070313,0.1643835616438356,1.0030769543770033,0.0030722302410373,0.4054424270396916,0.164889362363343,0.5147941647936699,0.0058565153733529385,0,0,0,0.5147941647936699,0.9956010246816427
TSLA,2026-05-15,395.0,31.55,31.7,31.625,31.85,392.0,767.0,391.2000122070313,0.1643835616438356,0.9903797777393196,-0.0096667955363923,0.4054424270396916,0.1628021552448196,0.5112784604993015,0.0047430830039525244,0,0,0,0.5112784604993015,0.9901531192037182
TSLA,2026-05-15,400.0,29.15,29.3,29.225,29.2,1163.0,8976.0,391.2000122070313,0.1643835616438356,0.9780000305175782,-0.0222455777432524,0.4054424270396916,0.1607671283042594,0.5078761242015062,0.005132591958939337,0,0,0,0.5078761242015062,0.9773972974049402
TSLA,2026-05-15,405.0,26.9,27.05,26.975,27.05,452.0,12489.0,391.2000122070313,0.1643835616438356,0.965925956066744,-0.0346680977418096,0.4054424270396916,0.1587823489424784,0.5049840332952291,0.005560704355885158,0,0,0,0.5049840332952291,0.9649196794433803
TSLA,2026-05-15,410.0,24.8,24.9,24.85,24.97,1253.0,13751.0,391.2000122070313,0.1643835616438356,0.9541463712366616,-0.0469381903336239,0.4054424270396916,0.1568459788334238,0.5022203754544705,0.004024144869215205,0,0,0,0.5022203754544705,0.9546110715487602
TSLA,2026-05-15,415.0,22.8,22.95,22.875,22.56,159.0,811.0,391.2000122070313,0.1643835616438356,0.942650631824172,-0.0590595508659687,0.4054424270396916,0.1549562682450693,0.500009096024461,0.006557377049180265,0,0,0,0.500009096024461,0.9407361816847327
TSLA,2026-05-15,420.0,20.95,21.05,21.0,21.3,1063.0,5909.0,391.2000122070313,0.1643835616438356,0.9314286004929316,-0.0710357419126845,0.4054424270396916,0.1531115507659613,0.4975878220503253,0.00476190476190483,0,0,0,0.4975878220503253,0.9311979894922178
TSLA,2026-05-15,425.0,19.25,19.3,19.275,19.41,148.0,1444.0,391.2000122070313,0.1643835616438356,0.9204706169577208,-0.0828701995596873,0.4054424270396916,0.1513102384040088,0.4958092274936734,0.002594033722438429,0,0,0,0.4958092274936734,0.9222325249438154
TSLA,2026-05-15,430.0,17.6,17.7,17.65,17.65,583.0,2940.0,391.2000122070313,0.1643835616438356,0.90976747024891,-0.0945662393228785,0.4054424270396916,0.1495508170272181,0.4939155885603725,0.005665722379603279,0,0,0,0.4939155885603725,0.9087247933357204
TSLA,2026-05-15,435.0,16.1,16.25,16.175,16.04,299.0,5670.0,391.2000122070313,0.1643835616438356,0.8993103728897271,-0.1061270617239545,0.4054424270396916,0.1478318421188592,0.4928114128839671,0.009273570324574872,0,0,0,0.4928114128839671,0.8950686024291712
TSLA,2026-05-15,440.0,14.75,14.85,14.8,14.79,2580.0,10163.0,391.2000122070313,0.1643835616438356,0.8890909368341621,-0.1175557575475773,0.4054424270396916,0.146151934822054,0.4917388872633874,0.006756756756756733,0,0,0,0.4917388872633874,0.8871095428878273
TSLA,2026-05-15,445.0,13.45,13.55,13.5,13.5,110.0,2382.0,391.2000122070313,0.1643835616438356,0.8791011510270367,-0.1288553128015106,0.4054424270396916,0.1445097782510197,0.4903199097605347,0.007407407407407513,0,0,0,0.4903199097605347,0.8765755033273569
TSLA,2026-05-15,450.0,12.3,12.4,12.350000000000001,12.15,995.0,6578.0,391.2000122070313,0.1643835616438356,0.8693333604600696,-0.1400286133996358,0.4054424270396916,0.1429041140482306,0.4899963907576948,0.008097165991902805,0,0,0,0.4899963907576948,0.866242670564318
TSLA,2026-05-15,455.0,11.2,11.3,11.25,11.42,113.0,672.0,391.2000122070313,0.1643835616438356,0.85978024660886,-0.1510784495862209,0.4054424270396916,0.1413337391685797,0.4890301699856371,0.008888888888889016,0,0,0,0.4890301699856371,0.8560512088133424
TSLA,2026-05-15,460.0,10.2,10.3,10.25,10.25,184.0,4621.0,391.2000122070313,0.1643835616438356,0.8504348091457202,-0.1620075201184111,0.4054424270396916,0.139797502873269,0.4884375808048099,0.009756097560975749,0,0,0,0.4884375808048099,0.8460190933729441
TSLA,2026-05-15,465.0,9.3,9.4,9.350000000000001,9.33,669.0,1468.0,391.2000122070313,0.1643835616438356,0.8412903488323253,-0.1728184362226268,0.4054424270396916,0.1382943039176425,0.4883518842553496,0.010695187165775362,0,0,1,0.4883518842553496,0.8361444858939394
TSLA,2026-05-15,470.0,8.45,8.55,8.5,8.3,3480.0,19346.0,391.2000122070313,0.1643835616438356,0.8323404515043219,-0.1835137253393747,0.4054424270396916,0.1368230879185186,0.4878434717060477,0.011764705882353108,0,0,1,0.4878434717060477,0.8263748610362653
TSLA,2026-05-15,475.0,7.7,7.8,7.75,7.6,299.0,647.0,391.2000122070313,0.1643835616438356,0.8235789730674343,-0.1940958346699116,0.4054424270396916,0.1353828448877974,0.4880867926860749,0.012903225806451568,0,0,1,0.4880867926860749,0.8167570967842571
TSLA,2026-05-15,480.0,7.0,7.1,7.05,7.15,189.0,3039.0,391.2000122070313,0.1643835616438356,0.8150000254313152,-0.204567134537207,0.4054424270396916,0.1339726069202162,0.4880961357110291,0.014184397163120517,0,0,1,0.4880961357110291,0.8072281872197836
TSLA,2026-05-15,485.0,6.35,6.45,6.4,6.55,91.0,593.0,391.2000122070313,0.1643835616438356,0.8065979633134666,-0.2149299215727537,0.4054424270396916,0.1325914460241314,0.4879355161480606,0.015625000000000083,0,0,1,0.4879355161480606,0.797773046794792
TSLA,2026-05-15,490.0,5.8,5.9,5.85,5.95,51.0,3376.0,391.2000122070313,0.1643835616438356,0.7983673718510843,-0.2251864217399427,0.4054424270396916,0.1312384720851097,0.4889923955546021,0.017094017094017186,0,0,1,0.4889923955546021,0.7884920173759005
TSLA,2026-05-15,495.0,5.25,5.35,5.3,5.4,35.0,243.0,391.2000122070313,0.1643835616438356,0.7903030549636996,-0.2353387932039608,0.4054424270396916,0.1299128309529369,0.4887971308034061,0.01886792452830182,0,0,1,0.4887971308034061,0.7791685085291037
TSLA,2026-05-15,500.0,4.8,4.9,4.85,4.86,280.0,5386.0,391.2000122070313,0.1643835616438356,0.7824000244140626,-0.2453891290574621,0.4054424270396916,0.1286137026434075,0.4901587090524733,0.02061855670103104,0,0,1,0.4901587090524733,0.7700537071085746
TSLA,2026-05-15,505.0,4.35,4.45,4.4,4.4,15.0,247.0,391.2000122070313,0.1643835616438356,0.7746534895188739,-0.2553394599106302,0.4054424270396916,0.1273402996469381,0.4903638532702475,0.022727272727272846,0,0,1,0.4903638532702475,0.760857393570583
TSLA,2026-05-15,510.0,3.95,4.05,4.0,4.0,501.0,17725.0,391.2000122070313,0.1643835616438356,0.7670588474647673,-0.2651917563536419,0.4054424270396916,0.126091865336674,0.4909361023728251,0.02499999999999991,0,0,1,0.4909361023728251,0.7517275017995523
TSLA,2026-05-15,515.0,3.6,3.7,3.6500000000000004,3.65,43.0,627.0,391.2000122070313,0.1643835616438356,0.7596116741884104,-0.2749479312990065,0.4054424270396916,0.1248676724693277,0.4920426026296018,0.027397260273972626,0,0,1,0.4920426026296018,0.7426921751274371
TSLA,2026-05-15,520.0,3.3,3.35,3.325,3.29,29.0,1461.0,391.2000122070313,0.1643835616438356,0.7523077157827525,-0.2846098422107436,0.4054424270396916,0.1236670217725072,0.4929645222641974,0.015037593984962485,0,0,1,0.4929645222641974,0.7445073840205156
TSLA,2026-05-15,525.0,3.0,3.1,3.05,3.05,14.0,182.0,391.2000122070313,0.1643835616438356,0.7451428803943454,-0.2941792932268941,0.4054424270396916,0.1224892406127691,0.4947299069458544,0.03278688524590167,0,0,1,0.4947299069458544,0.7247437232202169
TSLA,2026-05-15,530.0,2.75,2.79,2.77,2.74,22.0,1860.0,391.2000122070313,0.1643835616438356,0.7381132305793043,-0.303658037181438,0.4054424270396916,0.1213336817390637,0.495330810971856,0.014440433212996403,0,0,1,0.495330810971856,0.7308900677076701
TSLA,2026-05-15,535.0,2.51,2.55,2.53,2.55,9.0,291.0,391.2000122070313,0.1643835616438356,0.731214976087909,-0.313047777531277,0.4054424270396916,0.1201997220966425,0.4965970814256965,0.015810276679841914,0,0,1,0.4965970814256965,0.7230829088048738
TSLA,2026-05-15,540.0,2.29,2.33,2.31,2.33,63.0,1136.0,391.2000122070313,0.1643835616438356,0.7244444670500579,-0.3223501701935906,0.4054424270396916,0.1190867617068588,0.4978226717230379,0.01731601731601733,0,0,1,0.4978226717230379,0.7153273633702156
TSLA,2026-05-15,545.0,2.1,2.13,2.115,2.35,7.0,167.0,391.2000122070313,0.1643835616438356,0.7177981875358372,-0.3315668252985145,0.4054424270396916,0.1179942226086307,0.4993330231158732,0.014184397163120473,0,0,1,0.4993330231158732,0.7109532658082498
TSLA,2026-05-15,550.0,1.91,1.94,1.9249999999999998,1.94,133.0,3481.0,391.2000122070313,0.1643835616438356,0.7112727494673297,-0.340699308861787,0.4054424270396916,0.1169215478576432,0.5002202975622414,0.0155844155844156,0,0,1,0.5002202975622414,0.7035188902711026
TSLA,2026-05-15,555.0,1.74,1.78,1.76,1.9,4.0,156.0,391.2000122070313,0.1643835616438356,0.7048648868595159,-0.3497491443817049,0.4054424270396916,0.1158682005796464,0.5015608651810287,0.02272727272727275,0,0,1,0.5015608651810287,0.692311682438098
