ticker,expiry,strike,bid,ask,mid,lastPrice,volume,openInterest,spot,time_to_maturity,moneyness,log_moneyness,sqrt_T,moneyness_T_interaction
SPY,2026-03-17,505.0,155.45,158.24,156.845,165.67,2.0,5.0,662.2899780273438,0.0027397260273972,1.311465303024443,0.2711450640270133,0.05234239225902079,0.0035930556247244223
SPY,2026-03-17,510.0,150.45,153.24,151.845,167.24,,5.0,662.2899780273438,0.0027397260273972,1.2986078000536152,0.2612927675840018,0.05234239225902079,0.0035578295891879087
SPY,2026-03-17,605.0,55.61,58.41,57.01,62.15,3.0,4.0,662.2899780273438,0.0027397260273972,1.094694178557593,0.09047503527153179,0.05234239225902079,0.0029991621330344356
SPY,2026-03-17,640.0,22.77,23.18,22.975,23.27,6.0,4.0,662.2899780273438,0.0027397260273972,1.0348280906677245,0.034235316948655614,0.05234239225902079,0.0028351454538841146
SPY,2026-03-17,650.0,14.24,14.58,14.41,14.33,27.0,13.0,662.2899780273438,0.0027397260273972,1.0189076585036059,0.018731130412690547,0.05234239225902079,0.002791527831516667
SPY,2026-03-17,655.0,10.49,10.77,10.63,10.58,25.0,56.0,662.2899780273438,0.0027397260273972,1.0111297374463264,0.011068257667121377,0.05234239225902079,0.0027702184587569977
SPY,2026-03-17,659.0,7.87,7.98,7.925000000000001,7.91,97.0,42.0,662.2899780273438,0.0027397260273972,1.0049923794041635,0.004979958799866041,0.05234239225902079,0.0027534037791894284
SPY,2026-03-17,660.0,7.26,7.35,7.305,7.29,737.0,672.0,662.2899780273438,0.0027397260273972,1.0034696636777936,0.003463658281902004,0.05234239225902079,0.0027492319552815656
SPY,2026-03-17,661.0,6.66,6.71,6.6850000000000005,6.68,722.0,33.0,662.2899780273438,0.0027397260273972,1.0019515552607319,0.001949653450686981,0.05234239225902079,0.002745072754138931
SPY,2026-03-17,662.0,6.09,6.13,6.109999999999999,6.14,2613.0,452.0,662.2899780273438,0.0027397260273972,1.000438033273933,0.0004379373653649738,0.05234239225902079,0.0027409261185586606
SPY,2026-03-17,663.0,5.53,5.58,5.555,5.56,4096.0,48.0,662.2899780273438,0.0027397260273972,0.9989290769643194,-0.001071496883489222,0.05234239225902079,0.0027367919916830067
SPY,2026-03-17,664.0,5.01,5.05,5.029999999999999,5.03,8506.0,135.0,662.2899780273438,0.0027397260273972,0.9974246657038309,-0.002578656174060636,0.05234239225902079,0.002732670316996737
SPY,2026-03-17,665.0,4.51,4.54,4.525,4.54,13133.0,648.0,662.2899780273438,0.0027397260273972,0.9959247789884869,-0.004083547353480885,0.05234239225902079,0.0027285610383245614
SPY,2026-03-17,666.0,4.03,4.07,4.050000000000001,4.07,5318.0,332.0,662.2899780273438,0.0027397260273972,0.9944293964374531,-0.005586177238015882,0.05234239225902079,0.002724464099828579
SPY,2026-03-17,667.0,3.58,3.6,3.59,3.61,3562.0,508.0,662.2899780273438,0.0027397260273972,0.9929384977921195,-0.007086552613250533,0.05234239225902079,0.002720379446005747
SPY,2026-03-17,668.0,3.16,3.19,3.175,3.21,6586.0,1944.0,662.2899780273438,0.0027397260273972,0.9914520629151853,-0.008584680234272458,0.05234239225902079,0.0027163070216853795
SPY,2026-03-17,669.0,2.77,2.8,2.785,2.85,3859.0,1149.0,662.2899780273438,0.0027397260273972,0.9899700717897515,-0.010080566825855213,0.05234239225902079,0.0027122467720266568
SPY,2026-03-17,670.0,2.4,2.44,2.42,2.44,26098.0,2070.0,662.2899780273438,0.0027397260273972,0.9884925045184235,-0.011574219082638492,0.05234239225902079,0.0027081986425161694
SPY,2026-03-17,671.0,2.07,2.1,2.085,2.1,4699.0,1192.0,662.2899780273438,0.0027397260273972,0.9870193413224199,-0.013065643669308588,0.05234239225902079,0.0027041625789654745
SPY,2026-03-17,672.0,1.77,1.8,1.785,1.79,5391.0,1381.0,662.2899780273438,0.0027397260273972,0.9855505625406901,-0.014554847220776343,0.05234239225902079,0.0027001385275086803
SPY,2026-03-17,673.0,1.5,1.53,1.515,1.55,5142.0,1765.0,662.2899780273438,0.0027397260273972,0.9840861486290398,-0.016041836342354555,0.05234239225902079,0.0026961264346000496
SPY,2026-03-17,674.0,1.25,1.29,1.27,1.27,3851.0,832.0,662.2899780273438,0.0027397260273972,0.9826260801592637,-0.01752661760993385,0.05234239225902079,0.002692126247011622
SPY,2026-03-17,675.0,1.05,1.08,1.065,1.06,12259.0,3121.0,662.2899780273438,0.0027397260273972,0.981170337818287,-0.019009197570156625,0.05234239225902079,0.002688137911830864
SPY,2026-03-17,676.0,0.87,0.9,0.885,0.88,3727.0,1227.0,662.2899780273438,0.0027397260273972,0.9797189024073132,-0.020489582740590907,0.05234239225902079,0.0026841613764583333
SPY,2026-03-17,677.0,0.71,0.74,0.725,0.75,3610.0,1105.0,662.2899780273438,0.0027397260273972,0.9782717548409804,-0.021967779609901796,0.05234239225902079,0.002680196588605367
SPY,2026-03-17,678.0,0.58,0.6,0.59,0.6,3373.0,1139.0,662.2899780273438,0.0027397260273972,0.9768288761465247,-0.023443794638022344,0.05234239225902079,0.00267624349629179
SPY,2026-03-17,679.0,0.47,0.49,0.48,0.51,2742.0,1060.0,662.2899780273438,0.0027397260273972,0.975390247462951,-0.024917634256322922,0.05234239225902079,0.0026723020478436428
SPY,2026-03-17,680.0,0.38,0.4,0.39,0.4,8772.0,2608.0,662.2899780273438,0.0027397260273972,0.9739558500402113,-0.026389304867779198,0.05234239225902079,0.002668372191890931
SPY,2026-03-17,681.0,0.3,0.32,0.31,0.32,2200.0,1108.0,662.2899780273438,0.0027397260273972,0.9725256652383902,-0.027858812847139126,0.05234239225902079,0.002664453877365394
SPY,2026-03-17,682.0,0.25,0.26,0.255,0.26,4019.0,1563.0,662.2899780273438,0.0027397260273972,0.9710996745268969,-0.02932616454108892,0.05234239225902079,0.0026605470534982892
SPY,2026-03-17,683.0,0.19,0.21,0.2,0.21,3046.0,1377.0,662.2899780273438,0.0027397260273972,0.9696778594836658,-0.030791366268416834,0.05234239225902079,0.002656651669818204
SPY,2026-03-17,684.0,0.15,0.16,0.155,0.16,3708.0,1084.0,662.2899780273438,0.0027397260273972,0.9682602017943622,-0.0322544243201772,0.05234239225902079,0.0026527676761488794
SPY,2026-03-17,685.0,0.12,0.13,0.125,0.13,6443.0,4932.0,662.2899780273438,0.0027397260273972,0.9668466832515967,-0.03371534495985204,0.05234239225902079,0.002648895022607056
SPY,2026-03-17,686.0,0.09,0.11,0.1,0.1,1750.0,1220.0,662.2899780273438,0.0027397260273972,0.9654372857541454,-0.035174134423511944,0.05234239225902079,0.0026450336596003403
SPY,2026-03-17,687.0,0.07,0.08,0.075,0.06,1693.0,1309.0,662.2899780273438,0.0027397260273972,0.9640319913061772,-0.036630798919976094,0.05234239225902079,0.002641183537825085
SPY,2026-03-17,688.0,0.05,0.07,0.06,0.05,2719.0,2009.0,662.2899780273438,0.0027397260273972,0.962630782016488,-0.038085344630970436,0.05234239225902079,0.0026373446082642925
SPY,2026-03-17,689.0,0.04,0.05,0.045,0.05,1689.0,1614.0,662.2899780273438,0.0027397260273972,0.9612336400977413,-0.03953777771128537,0.05234239225902079,0.0026335168221855347
SPY,2026-03-17,690.0,0.03,0.04,0.035,0.03,1872.0,2602.0,662.2899780273438,0.0027397260273972,0.9598405478657156,-0.040988104288931806,0.05234239225902079,0.002629700131138889
SPY,2026-03-17,691.0,0.02,0.03,0.025,0.02,1035.0,1858.0,662.2899780273438,0.0027397260273972,0.9584514877385583,-0.04243633046529664,0.05234239225902079,0.0026258944869548963
SPY,2026-03-18,500.0,160.51,163.31,161.91,184.88,,2.0,662.2899780273438,0.0054794520547945,1.3245799560546876,0.28109539488018154,0.07402332101976039,0.007257972361943466
SPY,2026-03-18,575.0,85.66,88.46,87.06,100.58,3.0,1.0,662.2899780273438,0.0054794520547945,1.1518086574388586,0.14133345250502274,0.07402332101976039,0.006311280314733448
SPY,2026-03-18,630.0,32.65,33.1,32.875,33.37,50.0,3.0,662.2899780273438,0.0054794520547945,1.0512539333767361,0.04998367391679487,0.07402332101976039,0.005760295525351957
SPY,2026-03-18,645.0,19.38,19.75,19.565,20.14,3.0,10.0,662.2899780273438,0.0054794520547945,1.026806167484254,0.026453176506600777,0.07402332101976039,0.00562633516429726
SPY,2026-03-18,650.0,15.44,15.74,15.59,15.71,24.0,20.0,662.2899780273438,0.0054794520547945,1.0189076585036059,0.018731130412690547,0.07402332101976039,0.005583055663033435
SPY,2026-03-18,655.0,11.85,12.13,11.99,12.32,574.0,534.0,662.2899780273438,0.0054794520547945,1.0111297374463264,0.011068257667121377,0.07402332101976039,0.005540436917514096
SPY,2026-03-18,657.0,10.61,10.71,10.66,10.65,188.0,15.0,662.2899780273438,0.0054794520547945,1.0080517169365963,0.008019474817762797,0.07402332101976039,0.005523571051707356
SPY,2026-03-18,658.0,9.95,10.05,10.0,9.98,456.0,25.0,662.2899780273438,0.0054794520547945,1.0065197234458112,0.006498561977056065,0.07402332101976039,0.005515176566826342
SPY,2026-03-18,659.0,9.33,9.42,9.375,9.39,434.0,44.0,662.2899780273438,0.0054794520547945,1.0049923794041635,0.004979958799866041,0.07402332101976039,0.0055068075583789575
SPY,2026-03-18,660.0,8.73,8.77,8.75,8.76,739.0,168.0,662.2899780273438,0.0054794520547945,1.0034696636777936,0.003463658281902004,0.07402332101976039,0.005498463910563232
SPY,2026-03-18,661.0,8.13,8.18,8.155000000000001,8.15,384.0,222.0,662.2899780273438,0.0054794520547945,1.0019515552607319,0.001949653450686981,0.07402332101976039,0.005490145508277962
SPY,2026-03-18,662.0,7.56,7.6,7.58,7.58,1062.0,106.0,662.2899780273438,0.0054794520547945,1.000438033273933,0.0004379373653649738,0.07402332101976039,0.005481852237117421
SPY,2026-03-18,663.0,7.0,7.04,7.02,7.02,1259.0,199.0,662.2899780273438,0.0054794520547945,0.9989290769643194,-0.001071496883489222,0.07402332101976039,0.005473583983366113
SPY,2026-03-18,664.0,6.46,6.5,6.48,6.5,2127.0,273.0,662.2899780273438,0.0054794520547945,0.9974246657038309,-0.002578656174060636,0.07402332101976039,0.005465340633993574
SPY,2026-03-18,665.0,5.94,5.98,5.960000000000001,5.98,5369.0,162.0,662.2899780273438,0.0054794520547945,0.9959247789884869,-0.004083547353480885,0.07402332101976039,0.005457122076649223
SPY,2026-03-18,666.0,5.44,5.48,5.460000000000001,5.49,3435.0,482.0,662.2899780273438,0.0054794520547945,0.9944293964374531,-0.005586177238015882,0.07402332101976039,0.0054489281996572565
SPY,2026-03-18,667.0,4.97,5.0,4.984999999999999,5.0,1864.0,634.0,662.2899780273438,0.0054794520547945,0.9929384977921195,-0.007086552613250533,0.07402332101976039,0.0054407588920115935
SPY,2026-03-18,668.0,4.5,4.54,4.52,4.56,1948.0,361.0,662.2899780273438,0.0054794520547945,0.9914520629151853,-0.008584680234272458,0.07402332101976039,0.005432614043370858
SPY,2026-03-18,669.0,4.07,4.11,4.09,4.09,3597.0,761.0,662.2899780273438,0.0054794520547945,0.9899700717897515,-0.010080566825855213,0.07402332101976039,0.005424493544053412
SPY,2026-03-18,670.0,3.65,3.69,3.67,3.67,8806.0,1322.0,662.2899780273438,0.0054794520547945,0.9884925045184235,-0.011574219082638492,0.07402332101976039,0.005416397285032437
SPY,2026-03-18,671.0,3.26,3.3,3.28,3.28,3181.0,1241.0,662.2899780273438,0.0054794520547945,0.9870193413224199,-0.013065643669308588,0.07402332101976039,0.005408325157931047
SPY,2026-03-18,672.0,2.89,2.92,2.905,2.92,3781.0,751.0,662.2899780273438,0.0054794520547945,0.9855505625406901,-0.014554847220776343,0.07402332101976039,0.0054002770550174595
SPY,2026-03-18,673.0,2.54,2.58,2.56,2.59,2056.0,855.0,662.2899780273438,0.0054794520547945,0.9840861486290398,-0.016041836342354555,0.07402332101976039,0.005392252869200197
SPY,2026-03-18,674.0,2.22,2.26,2.24,2.25,2169.0,522.0,662.2899780273438,0.0054794520547945,0.9826260801592637,-0.01752661760993385,0.07402332101976039,0.005384252494023342
SPY,2026-03-18,675.0,1.92,1.96,1.94,1.94,4649.0,1669.0,662.2899780273438,0.0054794520547945,0.981170337818287,-0.019009197570156625,0.07402332101976039,0.005376275823661826
SPY,2026-03-18,676.0,1.65,1.69,1.67,1.67,5430.0,1687.0,662.2899780273438,0.0054794520547945,0.9797189024073132,-0.020489582740590907,0.07402332101976039,0.0053683227529167645
SPY,2026-03-18,677.0,1.41,1.44,1.4249999999999998,1.44,1389.0,772.0,662.2899780273438,0.0054794520547945,0.9782717548409804,-0.021967779609901796,0.07402332101976039,0.005360393177210831
SPY,2026-03-18,678.0,1.19,1.22,1.205,1.22,1668.0,943.0,662.2899780273438,0.0054794520547945,0.9768288761465247,-0.023443794638022344,0.07402332101976039,0.005352486992583677
SPY,2026-03-18,679.0,0.99,1.02,1.005,1.04,2028.0,838.0,662.2899780273438,0.0054794520547945,0.975390247462951,-0.024917634256322922,0.07402332101976039,0.005344604095687383
SPY,2026-03-18,680.0,0.82,0.85,0.835,0.84,4790.0,2093.0,662.2899780273438,0.0054794520547945,0.9739558500402113,-0.026389304867779198,0.07402332101976039,0.005336744383781959
SPY,2026-03-18,681.0,0.67,0.7,0.685,0.72,2054.0,1371.0,662.2899780273438,0.0054794520547945,0.9725256652383902,-0.027858812847139126,0.07402332101976039,0.005328907754730885
SPY,2026-03-18,682.0,0.54,0.57,0.5549999999999999,0.58,1732.0,1086.0,662.2899780273438,0.0054794520547945,0.9710996745268969,-0.02932616454108892,0.07402332101976039,0.005321094106996676
SPY,2026-03-18,683.0,0.44,0.47,0.4549999999999999,0.46,2612.0,908.0,662.2899780273438,0.0054794520547945,0.9696778594836658,-0.030791366268416834,0.07402332101976039,0.005313303339636505
SPY,2026-03-18,684.0,0.35,0.38,0.365,0.38,2166.0,1087.0,662.2899780273438,0.0054794520547945,0.9682602017943622,-0.0322544243201772,0.07402332101976039,0.005305535352297855
SPY,2026-03-18,685.0,0.28,0.3,0.29,0.29,3065.0,1018.0,662.2899780273438,0.0054794520547945,0.9668466832515967,-0.03371534495985204,0.07402332101976039,0.005297790045214208
SPY,2026-03-18,686.0,0.22,0.24,0.2299999999999999,0.23,1995.0,1077.0,662.2899780273438,0.0054794520547945,0.9654372857541454,-0.035174134423511944,0.07402332101976039,0.005290067319200777
SPY,2026-03-18,687.0,0.17,0.19,0.18,0.19,2036.0,1288.0,662.2899780273438,0.0054794520547945,0.9640319913061772,-0.036630798919976094,0.07402332101976039,0.005282367075650266
SPY,2026-03-18,688.0,0.13,0.15,0.14,0.13,1832.0,965.0,662.2899780273438,0.0054794520547945,0.962630782016488,-0.038085344630970436,0.07402332101976039,0.005274689216528681
SPY,2026-03-18,689.0,0.1,0.12,0.11,0.1,1761.0,1236.0,662.2899780273438,0.0054794520547945,0.9612336400977413,-0.03953777771128537,0.07402332101976039,0.005267033644371165
SPY,2026-03-18,690.0,0.08,0.09,0.0849999999999999,0.09,1473.0,1699.0,662.2899780273438,0.0054794520547945,0.9598405478657156,-0.040988104288931806,0.07402332101976039,0.005259400262277874
SPY,2026-03-18,691.0,0.06,0.07,0.065,0.06,1283.0,1352.0,662.2899780273438,0.0054794520547945,0.9584514877385583,-0.04243633046529664,0.07402332101976039,0.005251788973909889
SPY,2026-03-18,692.0,0.04,0.06,0.05,0.05,1544.0,3087.0,662.2899780273438,0.0054794520547945,0.9570664422360459,-0.04388246231529634,0.07402332101976039,0.005244199683485163
SPY,2026-03-18,693.0,0.03,0.04,0.035,0.03,602.0,1188.0,662.2899780273438,0.0054794520547945,0.955685393978851,-0.04532650588753001,0.07402332101976039,0.005236632295774506
SPY,2026-03-18,694.0,0.02,0.03,0.025,0.04,933.0,1655.0,662.2899780273438,0.0054794520547945,0.9543083256878152,-0.04676846720443126,0.07402332101976039,0.005229086716097598
SPY,2026-03-19,530.0,130.66,133.46,132.06,145.69,2.0,2.0,662.2899780273438,0.0082191780821917,1.2496037321270637,0.2228264867562057,0.09065968278232447,0.01027071560652371
SPY,2026-03-19,560.0,100.76,103.56,102.16,115.93,2.0,2.0,662.2899780273438,0.0082191780821917,1.1826606750488282,0.1677667095731784,0.09065968278232447,0.00972049869903137
SPY,2026-03-19,615.0,46.23,49.03,47.629999999999995,57.98,2.0,2.0,662.2899780273438,0.0082191780821917,1.0768942732151932,0.07408122549585543,0.09065968278232447,0.008851185807248077
SPY,2026-03-19,650.0,16.39,16.7,16.545,16.89,2014.0,227.0,662.2899780273438,0.0082191780821917,1.0189076585036059,0.018731130412690547,0.09065968278232447,0.008374583494550104
SPY,2026-03-19,655.0,12.87,13.18,13.025,13.0,665.0,1205.0,662.2899780273438,0.0082191780821917,1.0111297374463264,0.011068257667121377,0.09065968278232447,0.008310655376271094
SPY,2026-03-19,656.0,12.3,12.43,12.365,13.41,89.0,6.0,662.2899780273438,0.0082191780821917,1.0095883811392434,0.009542704358284106,0.09065968278232447,0.00829798669429507
SPY,2026-03-19,660.0,9.81,9.86,9.835,9.87,251.0,277.0,662.2899780273438,0.0082191780821917,1.0034696636777936,0.003463658281902004,0.09065968278232447,0.008247695865844798
SPY,2026-03-19,661.0,9.22,9.27,9.245,9.15,125.0,19.0,662.2899780273438,0.0082191780821917,1.0019515552607319,0.001949653450686981,0.09065968278232447,0.008235218262416893
SPY,2026-03-19,662.0,8.65,8.69,8.67,8.7,317.0,168.0,662.2899780273438,0.0082191780821917,1.000438033273933,0.0004379373653649738,0.09065968278232447,0.008222778355676082
SPY,2026-03-19,663.0,8.09,8.13,8.11,8.13,1058.0,198.0,662.2899780273438,0.0082191780821917,0.9989290769643194,-0.001071496883489222,0.09065968278232447,0.00821037597504912
SPY,2026-03-19,664.0,7.55,7.59,7.57,7.58,1044.0,256.0,662.2899780273438,0.0082191780821917,0.9974246657038309,-0.002578656174060636,0.09065968278232447,0.008198010950990311
SPY,2026-03-19,665.0,7.01,7.06,7.035,7.05,2514.0,836.0,662.2899780273438,0.0082191780821917,0.9959247789884869,-0.004083547353480885,0.09065968278232447,0.008185683114973785
SPY,2026-03-19,666.0,6.5,6.55,6.525,6.43,1023.0,173.0,662.2899780273438,0.0082191780821917,0.9944293964374531,-0.005586177238015882,0.09065968278232447,0.008173392299485835
SPY,2026-03-19,667.0,6.01,6.05,6.029999999999999,6.03,1462.0,367.0,662.2899780273438,0.0082191780821917,0.9929384977921195,-0.007086552613250533,0.09065968278232447,0.00816113833801734
SPY,2026-03-19,668.0,5.53,5.58,5.555,5.79,1342.0,769.0,662.2899780273438,0.0082191780821917,0.9914520629151853,-0.008584680234272458,0.09065968278232447,0.008148921065056238
SPY,2026-03-19,669.0,5.08,5.12,5.1,5.15,1538.0,637.0,662.2899780273438,0.0082191780821917,0.9899700717897515,-0.010080566825855213,0.09065968278232447,0.00813674031608007
SPY,2026-03-19,670.0,4.64,4.67,4.654999999999999,4.68,5539.0,988.0,662.2899780273438,0.0082191780821917,0.9884925045184235,-0.011574219082638492,0.09065968278232447,0.008124595927548607
SPY,2026-03-19,671.0,4.21,4.25,4.23,4.21,1368.0,590.0,662.2899780273438,0.0082191780821917,0.9870193413224199,-0.013065643669308588,0.09065968278232447,0.008112487736896523
SPY,2026-03-19,672.0,3.81,3.85,3.83,3.85,1658.0,695.0,662.2899780273438,0.0082191780821917,0.9855505625406901,-0.014554847220776343,0.09065968278232447,0.00810041558252614
SPY,2026-03-19,673.0,3.42,3.46,3.44,3.47,1558.0,1107.0,662.2899780273438,0.0082191780821917,0.9840861486290398,-0.016041836342354555,0.09065968278232447,0.008088379303800247
SPY,2026-03-19,674.0,3.06,3.1,3.08,3.03,2380.0,943.0,662.2899780273438,0.0082191780821917,0.9826260801592637,-0.01752661760993385,0.09065968278232447,0.008076378741034965
SPY,2026-03-19,675.0,2.71,2.76,2.735,2.75,5615.0,2472.0,662.2899780273438,0.0082191780821917,0.981170337818287,-0.019009197570156625,0.09065968278232447,0.00806441373549269
SPY,2026-03-19,676.0,2.39,2.44,2.415,2.44,1586.0,893.0,662.2899780273438,0.0082191780821917,0.9797189024073132,-0.020489582740590907,0.09065968278232447,0.008052484129375098
SPY,2026-03-19,677.0,2.1,2.14,2.12,2.15,1603.0,643.0,662.2899780273438,0.0082191780821917,0.9782717548409804,-0.021967779609901796,0.09065968278232447,0.008040589765816198
SPY,2026-03-19,678.0,1.82,1.86,1.84,1.86,1551.0,825.0,662.2899780273438,0.0082191780821917,0.9768288761465247,-0.023443794638022344,0.09065968278232447,0.008028730488875467
SPY,2026-03-19,679.0,1.56,1.6,1.58,1.61,1223.0,1141.0,662.2899780273438,0.0082191780821917,0.975390247462951,-0.024917634256322922,0.09065968278232447,0.008016906143531026
SPY,2026-03-19,680.0,1.34,1.38,1.36,1.36,5816.0,3117.0,662.2899780273438,0.0082191780821917,0.9739558500402113,-0.026389304867779198,0.09065968278232447,0.008005116575672891
SPY,2026-03-19,681.0,1.13,1.17,1.15,1.15,1599.0,1139.0,662.2899780273438,0.0082191780821917,0.9725256652383902,-0.027858812847139126,0.09065968278232447,0.007993361632096279
SPY,2026-03-19,682.0,0.95,0.98,0.965,0.98,1765.0,1178.0,662.2899780273438,0.0082191780821917,0.9710996745268969,-0.02932616454108892,0.09065968278232447,0.007981641160494966
SPY,2026-03-19,683.0,0.79,0.82,0.8049999999999999,0.84,1487.0,716.0,662.2899780273438,0.0082191780821917,0.9696778594836658,-0.030791366268416834,0.09065968278232447,0.007969955009454709
SPY,2026-03-19,684.0,0.65,0.68,0.665,0.66,1455.0,1472.0,662.2899780273438,0.0082191780821917,0.9682602017943622,-0.0322544243201772,0.09065968278232447,0.007958303028446734
SPY,2026-03-19,685.0,0.53,0.56,0.545,0.53,2772.0,2261.0,662.2899780273438,0.0082191780821917,0.9668466832515967,-0.03371534495985204,0.09065968278232447,0.007946685067821264
SPY,2026-03-19,686.0,0.43,0.45,0.44,0.49,1542.0,1081.0,662.2899780273438,0.0082191780821917,0.9654372857541454,-0.035174134423511944,0.09065968278232447,0.007935100978801117
SPY,2026-03-19,687.0,0.34,0.37,0.355,0.34,3161.0,1014.0,662.2899780273438,0.0082191780821917,0.9640319913061772,-0.036630798919976094,0.09065968278232447,0.007923550613475352
SPY,2026-03-19,688.0,0.27,0.29,0.28,0.29,3932.0,1090.0,662.2899780273438,0.0082191780821917,0.962630782016488,-0.038085344630970436,0.09065968278232447,0.007912033824792974
SPY,2026-03-19,689.0,0.21,0.23,0.22,0.24,1675.0,1210.0,662.2899780273438,0.0082191780821917,0.9612336400977413,-0.03953777771128537,0.09065968278232447,0.0079005504665567
SPY,2026-03-19,690.0,0.17,0.19,0.18,0.18,2248.0,3027.0,662.2899780273438,0.0082191780821917,0.9598405478657156,-0.040988104288931806,0.09065968278232447,0.007889100393416764
SPY,2026-03-19,691.0,0.13,0.15,0.14,0.14,607.0,875.0,662.2899780273438,0.0082191780821917,0.9584514877385583,-0.04243633046529664,0.09065968278232447,0.007877683460864785
SPY,2026-03-19,692.0,0.1,0.12,0.11,0.11,980.0,1479.0,662.2899780273438,0.0082191780821917,0.9570664422360459,-0.04388246231529634,0.09065968278232447,0.007866299525227697
SPY,2026-03-19,693.0,0.08,0.1,0.09,0.08,1494.0,2535.0,662.2899780273438,0.0082191780821917,0.955685393978851,-0.04532650588753001,0.09065968278232447,0.007854948443661712
SPY,2026-03-19,694.0,0.07,0.08,0.075,0.07,1052.0,5301.0,662.2899780273438,0.0082191780821917,0.9543083256878152,-0.04676846720443126,0.09065968278232447,0.00784363007414635
SPY,2026-03-19,695.0,0.05,0.07,0.06,0.06,1930.0,3483.0,662.2899780273438,0.0082191780821917,0.9529352201832284,-0.04820835226241891,0.09065968278232447,0.007832344275478513
SPY,2026-03-19,696.0,0.04,0.06,0.05,0.06,302.0,1369.0,662.2899780273438,0.0082191780821917,0.9515660603841146,-0.04964616703204637,0.09065968278232447,0.007821090907266619
SPY,2026-03-19,698.0,0.03,0.04,0.035,0.05,211.0,1366.0,662.2899780273438,0.0082191780821917,0.9488395100678277,-0.05251560945999922,0.09065968278232447,0.007798680904667001
SPY,2026-03-19,700.0,0.02,0.03,0.025,0.04,311.0,4653.0,662.2899780273438,0.0082191780821917,0.9461285400390625,-0.055376841741031385,0.09065968278232447,0.0077763989592250955
SPY,2026-03-20,245.0,415.44,418.24,416.84,418.81,10.0,75.0,662.2899780273438,0.010958904109589,2.703224400111607,0.9944452827576462,0.10468478451804254,0.029624376987524348
SPY,2026-03-20,250.0,410.45,413.24,411.845,421.05,1.0,35.0,662.2899780273438,0.010958904109589,2.649159912109375,0.9742425754401268,0.10468478451804254,0.029031889447773865
SPY,2026-03-20,255.0,410.07,413.38,411.725,355.14,,22.0,662.2899780273438,0.010958904109589,2.5972156001072304,0.9544399481439471,0.10468478451804254,0.028462636713503787
SPY,2026-03-20,260.0,400.44,403.24,401.84,433.5,1.0,29.0,662.2899780273438,0.010958904109589,2.5472691462590142,0.9350218622868455,0.10468478451804254,0.027915278315167172
SPY,2026-03-20,265.0,395.45,398.25,396.85,422.05,1.0,11.0,662.2899780273438,0.010958904109589,2.4992074642541273,0.915973667316151,0.10468478451804254,0.02738857495073006
SPY,2026-03-20,270.0,390.45,393.25,391.85,412.97,1.0,26.0,662.2899780273438,0.010958904109589,2.4529258445457174,0.8972815343039984,0.10468478451804254,0.02688137911830913
SPY,2026-03-20,275.0,416.21,419.02,417.615,403.22,2.0,10.0,662.2899780273438,0.010958904109589,2.4083271928267047,0.878932395635802,0.10468478451804254,0.026392626770703514
SPY,2026-03-20,285.0,347.77,351.1,349.435,321.9,2.0,2.0,662.2899780273438,0.010958904109589,2.3238244843064693,0.8432143130337227,0.10468478451804254,0.025466569691029704
SPY,2026-03-20,290.0,402.08,404.89,403.485,404.0,2.0,13.0,662.2899780273438,0.010958904109589,2.283758544921875,0.8258225703218535,0.10468478451804254,0.02502749090325333
SPY,2026-03-20,295.0,365.46,368.26,366.86,383.12,1.0,17.0,662.2899780273438,0.010958904109589,2.2450507729740465,0.8087281369625534,0.10468478451804254,0.02460329614218124
SPY,2026-03-20,300.0,360.47,363.26,361.865,368.45,3.0,78.0,662.2899780273438,0.010958904109589,2.207633260091146,0.7919210186461723,0.10468478451804254,0.02419324120647822
SPY,2026-03-20,305.0,371.24,374.04,372.64,388.95,7.0,8.0,662.2899780273438,0.010958904109589,2.171442550909324,0.7753917166949617,0.10468478451804254,0.023796630694896608
SPY,2026-03-20,310.0,354.53,358.03,356.28,368.15,1.0,1.0,662.2899780273438,0.010958904109589,2.1364192839591736,0.7591311958231814,0.10468478451804254,0.023412814070785375
SPY,2026-03-20,315.0,345.47,348.27,346.87,381.06,8.0,34.0,662.2899780273438,0.010958904109589,2.1025078667534722,0.7431308544767402,0.10468478451804254,0.023041182101407827
SPY,2026-03-20,320.0,340.48,343.27,341.875,349.99,3.0,31.0,662.2899780273438,0.010958904109589,2.069656181335449,0.727382497508601,0.10468478451804254,0.02268116363107333
SPY,2026-03-20,325.0,335.47,338.27,336.87,363.72,10.0,13.0,662.2899780273438,0.010958904109589,2.0378153170072117,0.7118783109726359,0.10468478451804254,0.02233222265213374
SPY,2026-03-20,330.0,362.25,365.06,363.655,366.54,1.0,19.0,662.2899780273438,0.010958904109589,2.006939327355587,0.6966108388418473,0.10468478451804254,0.021993855642252928
SPY,2026-03-20,335.0,356.48,359.29,357.885,359.1,5.0,2.0,662.2899780273438,0.010958904109589,1.976985009036847,0.6815729614773068,0.10468478451804254,0.021665589140129747
SPY,2026-03-20,340.0,320.48,323.28,321.88,337.59,6.0,27.0,662.2899780273438,0.010958904109589,1.9479117000804227,0.6667578756921662,0.10468478451804254,0.021346977535127837
SPY,2026-03-20,345.0,315.48,318.28,316.88,332.68,2.0,40.0,662.2899780273438,0.010958904109589,1.9196810957314312,0.6521590762710135,0.10468478451804254,0.021037601049111496
SPY,2026-03-20,350.0,311.63,312.13,311.88,319.68,1.0,460.0,662.2899780273438,0.010958904109589,1.892257080078125,0.6377703388189139,0.10468478451804254,0.020737063891267046
SPY,2026-03-20,355.0,306.64,307.13,306.885,326.75,1198.0,613.0,662.2899780273438,0.010958904109589,1.8656055719080105,0.6235857038269574,0.10468478451804254,0.02044499256885483
SPY,2026-03-20,360.0,301.64,302.13,301.885,321.78,1008.0,635.0,662.2899780273438,0.010958904109589,1.8396943834092883,0.6095994618522176,0.10468478451804254,0.02016103433873185
SPY,2026-03-20,365.0,295.49,298.29,296.89,316.83,4.0,63.0,662.2899780273438,0.010958904109589,1.8144930904858734,0.5958061397198818,0.10468478451804254,0.01988485578614648
SPY,2026-03-20,370.0,291.64,292.14,291.89,305.1,3.0,874.0,662.2899780273438,0.010958904109589,1.7899729135874156,0.5822004876641032,0.10468478451804254,0.019616141518766124
SPY,2026-03-20,375.0,285.5,288.29,286.895,298.58,2.0,61.0,662.2899780273438,0.010958904109589,1.7661066080729166,0.5687774673319624,0.10468478451804254,0.019354592965182573
SPY,2026-03-20,380.0,281.65,282.14,281.895,296.05,2.0,108.0,662.2899780273438,0.010958904109589,1.742868363229852,0.5555322405819418,0.10468478451804254,0.01909992726827228
SPY,2026-03-20,385.0,276.65,277.15,276.9,289.46,2.0,176.0,662.2899780273438,0.010958904109589,1.7202337091619317,0.542460159014589,0.10468478451804254,0.018851876264788223
SPY,2026-03-20,390.0,271.66,272.15,271.905,278.6,2.0,1553.0,662.2899780273438,0.010958904109589,1.698179430839343,0.5295567541786811,0.10468478451804254,0.018610185543444784
SPY,2026-03-20,395.0,266.66,267.15,266.905,284.52,20.0,1155.0,662.2899780273438,0.010958904109589,1.6766834886768196,0.5168177284012514,0.10468478451804254,0.01837461357454042
SPY,2026-03-20,400.0,261.66,262.16,261.91,263.07,12.0,413.0,662.2899780273438,0.010958904109589,1.6557249450683593,0.5042389461943912,0.10468478451804254,0.018144930904858664
SPY,2026-03-20,405.0,256.67,257.16,256.915,263.72,2.0,422.0,662.2899780273438,0.010958904109589,1.6352838963638117,0.49181642619583404,0.10468478451804254,0.017920919412206086
SPY,2026-03-20,410.0,250.52,253.32,251.92,261.5,5.0,29.0,662.2899780273438,0.010958904109589,1.6153414098227896,0.4795463336040197,0.10468478451804254,0.017702371614496257
SPY,2026-03-20,415.0,245.52,248.33,246.925,260.86,2.0,10.0,662.2899780273438,0.010958904109589,1.5958794651261294,0.4674249730716749,0.10468478451804254,0.017489090028779436
SPY,2026-03-20,420.0,241.67,242.17,241.92,256.13,4.0,106.0,662.2899780273438,0.010958904109589,1.576880900065104,0.4554487820249592,0.10468478451804254,0.01728088657605587
SPY,2026-03-20,425.0,236.7,237.17,236.935,253.32,3.0,124.0,662.2899780273438,0.010958904109589,1.5583293600643382,0.4436143243779564,0.10468478451804254,0.01707758202810227
SPY,2026-03-20,430.0,231.68,232.18,231.93,244.64,22.0,702.0,662.2899780273438,0.010958904109589,1.5402092512263807,0.4319182846147651,0.10468478451804254,0.01687900549289178
SPY,2026-03-20,435.0,226.68,227.18,226.93,241.83,25.0,1107.0,662.2899780273438,0.010958904109589,1.5225056966145833,0.42035746221368914,0.10468478451804254,0.01668499393550222
SPY,2026-03-20,440.0,221.71,222.19,221.95,224.11,12.0,42.0,662.2899780273438,0.010958904109589,1.5052044955166903,0.40892876639006637,0.10468478451804254,0.016495391731689693
SPY,2026-03-20,445.0,216.7,217.19,216.945,217.35,6.0,547.0,662.2899780273438,0.010958904109589,1.488292085454705,0.39762921113613303,0.10468478451804254,0.01631005025155835
SPY,2026-03-20,450.0,211.72,212.2,211.96,225.82,1.0,291.0,662.2899780273438,0.010958904109589,1.4717555067274306,0.3864559105380078,0.10468478451804254,0.016128827470985478
SPY,2026-03-20,455.0,206.7,207.2,206.95,216.4,75.0,109.0,662.2899780273438,0.010958904109589,1.4555823692908654,0.3754060743514228,0.10468478451804254,0.015951587608666957
SPY,2026-03-20,460.0,201.71,202.21,201.96,221.61,1.0,716.0,662.2899780273438,0.010958904109589,1.4397608217985733,0.36447700381923254,0.10468478451804254,0.01577820078683362
SPY,2026-03-20,465.0,196.71,197.21,196.96,210.94,2002.0,1116.0,662.2899780273438,0.010958904109589,1.424279522639449,0.3536660877150169,0.10468478451804254,0.015608542713856916
SPY,2026-03-20,470.0,191.72,192.22,191.97,195.42,1.0,1741.0,662.2899780273438,0.010958904109589,1.4091276128241357,0.342970798598269,0.10468478451804254,0.015442494387113757
SPY,2026-03-20,475.0,186.73,187.23,186.98,188.69,8.0,987.0,662.2899780273438,0.010958904109589,1.3942946905838816,0.332388689267732,0.10468478451804254,0.015279941814617823
SPY,2026-03-20,480.0,181.73,182.23,181.98,192.04,1.0,241.0,662.2899780273438,0.010958904109589,1.3797707875569662,0.3219173894004367,0.10468478451804254,0.015120775754048887
SPY,2026-03-20,485.0,175.59,178.39,176.99,179.38,2.0,68.0,662.2899780273438,0.010958904109589,1.3655463464481314,0.31155460236489,0.10468478451804254,0.014964891467924672
SPY,2026-03-20,490.0,171.75,172.25,172.0,180.03,10.0,349.0,662.2899780273438,0.010958904109589,1.3516122000558035,0.3012981021977009,0.10468478451804254,0.014812188493762174
SPY,2026-03-20,495.0,166.77,167.26,167.015,187.22,1.0,598.0,662.2899780273438,0.010958904109589,1.3379595515703915,0.291145730733683,0.10468478451804254,0.014662570428168618
SPY,2026-03-20,500.0,161.77,162.27,162.02,166.9,45.0,1324.0,662.2899780273438,0.010958904109589,1.3245799560546876,0.28109539488018154,0.10468478451804254,0.014515944723886932
SPY,2026-03-20,505.0,156.77,157.28,157.025,157.71,1.0,335.0,662.2899780273438,0.010958904109589,1.311465303024443,0.2711450640270133,0.10468478451804254,0.014372222498897951
SPY,2026-03-20,510.0,151.78,152.29,152.035,157.41,8.0,262.0,662.2899780273438,0.010958904109589,1.2986078000536152,0.2612927675840018,0.10468478451804254,0.014231318356751893
SPY,2026-03-20,515.0,146.81,147.3,147.055,147.6,3.0,322.0,662.2899780273438,0.010958904109589,1.2859999573346481,0.25153659263863715,0.10468478451804254,0.014093150217365954
SPY,2026-03-20,520.0,141.8,142.3,142.05,142.02,12.0,315.0,662.2899780273438,0.010958904109589,1.2736345731295071,0.24187468172690013,0.10468478451804254,0.013957639157583586
SPY,2026-03-20,525.0,136.81,137.32,137.065,137.72,17.0,590.0,662.2899780273438,0.010958904109589,1.2615047200520833,0.23230523071074943,0.10468478451804254,0.013824709260844696
SPY,2026-03-20,530.0,131.82,132.33,132.075,132.13,8.0,2153.0,662.2899780273438,0.010958904109589,1.2496037321270637,0.2228264867562057,0.10468478451804254,0.01369428747536503
SPY,2026-03-20,535.0,126.84,127.33,127.085,127.45,524.0,1752.0,662.2899780273438,0.010958904109589,1.2379251925744743,0.2134367464063667,0.10468478451804254,0.01356630348026816
SPY,2026-03-20,540.0,121.86,122.34,122.1,122.51,525.0,513.0,662.2899780273438,0.010958904109589,1.2264629222728587,0.2041343537440531,0.10468478451804254,0.013440689559154565
SPY,2026-03-20,545.0,116.87,117.36,117.115,117.15,1015.0,318.0,662.2899780273438,0.010958904109589,1.2152109688575115,0.19491769863912914,0.10468478451804254,0.013317380480630211
SPY,2026-03-20,550.0,111.88,112.37,112.125,112.03,5160.0,1083.0,662.2899780273438,0.010958904109589,1.2041635964133524,0.1857852150758567,0.10468478451804254,0.013196313385351757
SPY,2026-03-20,555.0,106.9,107.39,107.145,107.55,290.0,202.0,662.2899780273438,0.010958904109589,1.1933152757249437,0.1767353795559387,0.10468478451804254,0.013077427679177415
SPY,2026-03-20,560.0,101.92,102.41,102.165,102.11,1048.0,1716.0,662.2899780273438,0.010958904109589,1.1826606750488282,0.1677667095731784,0.10468478451804254,0.012960664932041904
SPY,2026-03-20,565.0,96.94,97.42,97.18,97.34,1222.0,719.0,662.2899780273438,0.010958904109589,1.1721946513758297,0.15887776215593233,0.10468478451804254,0.012845968782200824
SPY,2026-03-20,570.0,91.97,92.44,92.205,92.13,1854.0,2061.0,662.2899780273438,0.010958904109589,1.1619122421532346,0.1500671324737774,0.10468478451804254,0.012733284845514852
SPY,2026-03-20,575.0,86.99,87.46,87.225,88.25,1197.0,1171.0,662.2899780273438,0.010958904109589,1.1518086574388586,0.14133345250502274,0.10468478451804254,0.012622560629466897
SPY,2026-03-20,580.0,81.99,82.49,82.24,84.38,86.0,2625.0,662.2899780273438,0.010958904109589,1.1418792724609375,0.13267538976190818,0.10468478451804254,0.012513745451626665
SPY,2026-03-20,585.0,77.04,77.52,77.28,77.57,23.0,1705.0,662.2899780273438,0.010958904109589,1.132119620559562,0.12409164607051683,0.10468478451804254,0.012406790362296524
SPY,2026-03-20,590.0,72.06,72.56,72.31,72.55,22.0,3257.0,662.2899780273438,0.010958904109589,1.1225253864870233,0.11558095640260807,0.10468478451804254,0.01230164807109062
SPY,2026-03-20,595.0,67.08,67.62,67.35,67.52,8.0,4352.0,662.2899780273438,0.010958904109589,1.1130924000459559,0.10714208775674348,0.10468478451804254,0.012198272877215909
SPY,2026-03-20,600.0,62.16,62.67,62.415,63.0,33.0,5087.0,662.2899780273438,0.010958904109589,1.103816630045573,0.0987738380862269,0.10468478451804254,0.01209662060323911
SPY,2026-03-20,605.0,57.23,57.75,57.489999999999995,59.65,2.0,1494.0,662.2899780273438,0.010958904109589,1.094694178557593,0.09047503527153179,0.10468478451804254,0.011996648532137959
SPY,2026-03-20,610.0,52.33,52.85,52.59,53.05,33.0,3194.0,662.2899780273438,0.010958904109589,1.085721275454662,0.08224453613501632,0.10468478451804254,0.011898315347448304
SPY,2026-03-20,611.0,50.18,52.98,51.58,51.82,2.0,3.0,662.2899780273438,0.010958904109589,1.0839443175570274,0.08060653413077787,0.10468478451804254,0.01187884183624135
SPY,2026-03-20,612.0,49.21,52.01,50.61,66.81,,8.0,662.2899780273438,0.010958904109589,1.082173166711346,0.07897121079004706,0.10468478451804254,0.01185943196395991
SPY,2026-03-20,613.0,48.24,51.04,49.64,71.57,1.0,3.0,662.2899780273438,0.010958904109589,1.0804077944981139,0.07733855736616191,0.10468478451804254,0.011840085419157367
SPY,2026-03-20,615.0,47.46,47.99,47.725,48.43,13.0,1933.0,662.2899780273438,0.010958904109589,1.0768942732151932,0.07408122549585543,0.10468478451804254,0.01180158107633084
SPY,2026-03-20,616.0,45.33,48.13,46.73,53.76,32.0,37.0,662.2899780273438,0.010958904109589,1.0751460682262073,0.07245652976885336,0.10468478451804254,0.011782422665492637
SPY,2026-03-20,617.0,44.37,47.17,45.77,70.64,,3.0,662.2899780273438,0.010958904109589,1.0734035300281097,0.07083446939698536,0.10468478451804254,0.01176332635647239
SPY,2026-03-20,618.0,43.41,46.2,44.805,47.5,1.0,10.0,662.2899780273438,0.010958904109589,1.0716666311122067,0.06921503584468247,0.10468478451804254,0.01174429184780496
SPY,2026-03-20,620.0,42.62,43.18,42.9,43.39,289.0,8391.0,662.2899780273438,0.010958904109589,1.0682096419795868,0.06598401526323609,0.10468478451804254,0.011706407035392687
SPY,2026-03-20,623.0,38.65,41.44,40.045,50.39,1.0,2.0,662.2899780273438,0.010958904109589,1.0630657753247894,0.06115697451492017,0.10468478451804254,0.011650035893970252
SPY,2026-03-20,624.0,37.71,40.51,39.11,64.93,2.0,2.0,662.2899780273438,0.010958904109589,1.0613621442745893,0.05955312493294553,0.10468478451804254,0.011631365964652989
SPY,2026-03-20,625.0,37.89,38.46,38.175,38.55,198.0,3802.0,662.2899780273438,0.010958904109589,1.05966396484375,0.057951843565971765,0.10468478451804254,0.011612755779109545
SPY,2026-03-20,626.0,36.95,37.52,37.235,39.67,4.0,4.0,662.2899780273438,0.010958904109589,1.0579712109063,0.056353122202274765,0.10468478451804254,0.0115942050510279
SPY,2026-03-20,627.0,36.03,36.6,36.315,51.8,2.0,4.0,662.2899780273438,0.010958904109589,1.0562838565029407,0.0547569526694526,0.10468478451804254,0.011575713495922594
SPY,2026-03-20,628.0,35.1,35.68,35.39,35.54,27.0,9.0,662.2899780273438,0.010958904109589,1.0546018758397193,0.05316332683417453,0.10468478451804254,0.011557280831120167
SPY,2026-03-20,629.0,34.18,34.76,34.47,40.39,1.0,1.0,662.2899780273438,0.010958904109589,1.052925243286715,0.051572236601932796,0.10468478451804254,0.011538906775744779
SPY,2026-03-20,630.0,33.27,33.85,33.56,33.66,328.0,9212.0,662.2899780273438,0.010958904109589,1.0512539333767361,0.04998367391679487,0.10468478451804254,0.011520591050703913
SPY,2026-03-20,631.0,32.38,32.94,32.66,39.13,11.0,6.0,662.2899780273438,0.010958904109589,1.0495879208040313,0.048397630761160076,0.10468478451804254,0.011502333378674272
SPY,2026-03-20,632.0,31.46,32.04,31.75,36.8,4.0,3.0,662.2899780273438,0.010958904109589,1.0479271804230124,0.04681409915551591,0.10468478451804254,0.011484133484087763
SPY,2026-03-20,633.0,30.61,31.15,30.88,39.85,1.0,2.0,662.2899780273438,0.010958904109589,1.0462716872469886,0.0452330711581971,0.10468478451804254,0.01146599109311764
SPY,2026-03-20,634.0,29.68,30.27,29.975,36.31,1.0,2.0,662.2899780273438,0.010958904109589,1.0446214164469145,0.04365453886514741,0.10468478451804254,0.011447905933664774
SPY,2026-03-20,635.0,28.82,29.39,29.105,29.42,141.0,1186.0,662.2899780273438,0.010958904109589,1.0429763433501476,0.042078494409681505,0.10468478451804254,0.011429877735344039
SPY,2026-03-20,636.0,27.93,28.52,28.225,30.05,12.0,2.0,662.2899780273438,0.010958904109589,1.0413364434392198,0.040504929962251184,0.10468478451804254,0.011411906229470858
SPY,2026-03-20,638.0,26.23,26.78,26.505000000000003,33.9,2.0,4.0,662.2899780273438,0.010958904109589,1.0380720658735796,0.0373652099575834,0.10468478451804254,0.011376132228751513
SPY,2026-03-20,639.0,25.43,25.96,25.695,25.99,3.0,21.0,662.2899780273438,0.010958904109589,1.0364475399488948,0.035799038924838496,0.10468478451804254,0.011358329204919353
SPY,2026-03-20,640.0,24.61,25.12,24.865,25.0,248.0,3047.0,662.2899780273438,0.010958904109589,1.0348280906677245,0.034235316948655614,0.10468478451804254,0.011340581815536665
SPY,2026-03-20,641.0,23.75,24.29,24.02,24.64,16.0,29.0,662.2899780273438,0.010958904109589,1.033213694270427,0.032674036381703214,0.10468478451804254,0.011322889800223815
SPY,2026-03-20,642.0,22.96,23.48,23.22,24.34,26.0,27.0,662.2899780273438,0.010958904109589,1.0316043271453952,0.031115189612412,0.10468478451804254,0.011305252900223465
SPY,2026-03-20,643.0,22.15,22.64,22.395,22.36,19.0,12.0,662.2899780273438,0.010958904109589,1.0299999658279062,0.02955876906475376,0.10468478451804254,0.01128767085838797
SPY,2026-03-20,644.0,21.35,21.87,21.61,21.54,21.0,53.0,662.2899780273438,0.010958904109589,1.028400586998981,0.028004767198019604,0.10468478451804254,0.011270143419166871
SPY,2026-03-20,645.0,20.56,21.0,20.78,20.95,811.0,4162.0,662.2899780273438,0.010958904109589,1.026806167484254,0.026453176506600777,0.10468478451804254,0.01125267032859452
SPY,2026-03-20,646.0,19.78,20.3,20.04,20.0,18.0,64.0,662.2899780273438,0.010958904109589,1.025216684252854,0.02490398951977135,0.10468478451804254,0.01123525133427781
SPY,2026-03-20,647.0,19.16,19.38,19.27,20.0,6.0,100.0,662.2899780273438,0.010958904109589,1.0236321144162963,0.02335719880147262,0.10468478451804254,0.011217886185384027
SPY,2026-03-20,648.0,18.26,18.78,18.520000000000003,20.33,70.0,12.0,662.2899780273438,0.010958904109589,1.0220524352273823,0.02181279695009853,0.10468478451804254,0.011200574632628805
SPY,2026-03-20,649.0,17.44,18.01,17.725,19.48,4.0,84.0,662.2899780273438,0.010958904109589,1.020477624079112,0.02027077659828317,0.10468478451804254,0.011183316428264199
SPY,2026-03-20,650.0,16.78,17.21,16.995,17.22,1148.0,24865.0,662.2899780273438,0.010958904109589,1.0189076585036059,0.018731130412690547,0.10468478451804254,0.01116611132606687
SPY,2026-03-20,651.0,16.05,16.5,16.275,16.55,60.0,24.0,662.2899780273438,0.010958904109589,1.017342516171035,0.017193851093804044,0.10468478451804254,0.01114895908132637
SPY,2026-03-20,652.0,15.35,15.86,15.605,15.54,34.0,33.0,662.2899780273438,0.010958904109589,1.015782174888564,0.01565893137572029,0.10468478451804254,0.011131859450833536
SPY,2026-03-20,653.0,14.66,15.13,14.895,14.85,18.0,52.0,662.2899780273438,0.010958904109589,1.0142266125993014,0.014126364025942233,0.10468478451804254,0.011114812192869014
SPY,2026-03-20,654.0,13.96,14.45,14.205,15.0,114.0,26.0,662.2899780273438,0.010958904109589,1.0126758073812596,0.012596141845174599,0.10468478451804254,0.011097817067191844
SPY,2026-03-20,655.0,13.31,13.8,13.555,13.95,412.0,3356.0,662.2899780273438,0.010958904109589,1.0111297374463264,0.011068257667121377,0.10468478451804254,0.011080873835028192
SPY,2026-03-20,656.0,12.64,13.14,12.89,12.81,39.0,34.0,662.2899780273438,0.010958904109589,1.0095883811392434,0.009542704358284106,0.10468478451804254,0.01106398225906016
SPY,2026-03-20,657.0,11.94,12.43,12.185,12.19,94.0,51.0,662.2899780273438,0.010958904109589,1.0080517169365963,0.008019474817762797,0.10468478451804254,0.011047142103414712
SPY,2026-03-20,658.0,11.52,11.59,11.555,11.55,99.0,92.0,662.2899780273438,0.010958904109589,1.0065197234458112,0.006498561977056065,0.10468478451804254,0.011030353133652684
SPY,2026-03-20,659.0,10.9,10.97,10.935,10.91,360.0,49.0,662.2899780273438,0.010958904109589,1.0049923794041635,0.004979958799866041,0.10468478451804254,0.011013615116757915
SPY,2026-03-20,660.0,10.29,10.36,10.325,10.35,2406.0,11473.0,662.2899780273438,0.010958904109589,1.0034696636777936,0.003463658281902004,0.10468478451804254,0.010996927821126464
SPY,2026-03-20,661.0,9.7,9.77,9.735,9.78,1448.0,131.0,662.2899780273438,0.010958904109589,1.0019515552607319,0.001949653450686981,0.10468478451804254,0.010980291016555925
SPY,2026-03-20,662.0,9.13,9.2,9.165,9.13,2773.0,242.0,662.2899780273438,0.010958904109589,1.000438033273933,0.0004379373653649738,0.10468478451804254,0.010963704474234842
SPY,2026-03-20,663.0,8.57,8.63,8.600000000000001,8.61,5097.0,387.0,662.2899780273438,0.010958904109589,0.9989290769643194,-0.001071496883489222,0.10468478451804254,0.010947167966732226
SPY,2026-03-20,664.0,8.02,8.09,8.055,8.07,4663.0,740.0,662.2899780273438,0.010958904109589,0.9974246657038309,-0.002578656174060636,0.10468478451804254,0.010930681267987147
SPY,2026-03-20,665.0,7.52,7.56,7.539999999999999,7.54,12838.0,10047.0,662.2899780273438,0.010958904109589,0.9959247789884869,-0.004083547353480885,0.10468478451804254,0.010914244153298445
SPY,2026-03-20,666.0,6.98,7.04,7.01,7.02,2845.0,1112.0,662.2899780273438,0.010958904109589,0.9944293964374531,-0.005586177238015882,0.10468478451804254,0.010897856399314513
SPY,2026-03-20,667.0,6.48,6.54,6.51,6.53,6424.0,2564.0,662.2899780273438,0.010958904109589,0.9929384977921195,-0.007086552613250533,0.10468478451804254,0.010881517784023187
SPY,2026-03-20,668.0,6.0,6.06,6.029999999999999,6.08,5274.0,2563.0,662.2899780273438,0.010958904109589,0.9914520629151853,-0.008584680234272458,0.10468478451804254,0.010865228086741716
SPY,2026-03-20,669.0,5.54,5.59,5.5649999999999995,5.58,5300.0,2800.0,662.2899780273438,0.010958904109589,0.9899700717897515,-0.010080566825855213,0.10468478451804254,0.010848987088106825
SPY,2026-03-20,670.0,5.1,5.15,5.125,5.12,48497.0,21951.0,662.2899780273438,0.010958904109589,0.9884925045184235,-0.011574219082638492,0.10468478451804254,0.010832794570064874
SPY,2026-03-20,671.0,4.66,4.72,4.6899999999999995,4.69,4245.0,2974.0,662.2899780273438,0.010958904109589,0.9870193413224199,-0.013065643669308588,0.10468478451804254,0.010816650315862094
SPY,2026-03-20,672.0,4.25,4.3,4.275,4.28,6644.0,3879.0,662.2899780273438,0.010958904109589,0.9855505625406901,-0.014554847220776343,0.10468478451804254,0.010800554110034919
SPY,2026-03-20,673.0,3.86,3.91,3.885,3.93,2766.0,2716.0,662.2899780273438,0.010958904109589,0.9840861486290398,-0.016041836342354555,0.10468478451804254,0.010784505738400394
SPY,2026-03-20,674.0,3.49,3.53,3.51,3.51,2562.0,4000.0,662.2899780273438,0.010958904109589,0.9826260801592637,-0.01752661760993385,0.10468478451804254,0.010768504988046684
SPY,2026-03-20,675.0,3.15,3.18,3.165,3.18,13950.0,10935.0,662.2899780273438,0.010958904109589,0.981170337818287,-0.019009197570156625,0.10468478451804254,0.010752551647323652
SPY,2026-03-20,676.0,2.8,2.85,2.825,2.84,2233.0,4398.0,662.2899780273438,0.010958904109589,0.9797189024073132,-0.020489582740590907,0.10468478451804254,0.010736645505833529
SPY,2026-03-20,677.0,2.48,2.53,2.505,2.49,4363.0,3569.0,662.2899780273438,0.010958904109589,0.9782717548409804,-0.021967779609901796,0.10468478451804254,0.010720786354421662
SPY,2026-03-20,678.0,2.18,2.23,2.205,2.2,2761.0,3620.0,662.2899780273438,0.010958904109589,0.9768288761465247,-0.023443794638022344,0.10468478451804254,0.010704973985167354
SPY,2026-03-20,679.0,1.92,1.96,1.94,1.94,2552.0,3690.0,662.2899780273438,0.010958904109589,0.975390247462951,-0.024917634256322922,0.10468478451804254,0.010689208191374765
SPY,2026-03-20,680.0,1.66,1.7,1.68,1.7,23297.0,23657.0,662.2899780273438,0.010958904109589,0.9739558500402113,-0.026389304867779198,0.10468478451804254,0.010673488767563919
SPY,2026-03-20,681.0,1.43,1.48,1.455,1.45,2878.0,3412.0,662.2899780273438,0.010958904109589,0.9725256652383902,-0.027858812847139126,0.10468478451804254,0.01065781550946177
SPY,2026-03-20,682.0,1.22,1.27,1.245,1.25,3097.0,4808.0,662.2899780273438,0.010958904109589,0.9710996745268969,-0.02932616454108892,0.10468478451804254,0.010642188213993351
SPY,2026-03-20,683.0,1.03,1.08,1.0550000000000002,1.06,3733.0,5578.0,662.2899780273438,0.010958904109589,0.9696778594836658,-0.030791366268416834,0.10468478451804254,0.01062660667927301
SPY,2026-03-20,684.0,0.87,0.91,0.89,0.9,2974.0,5378.0,662.2899780273438,0.010958904109589,0.9682602017943622,-0.0322544243201772,0.10468478451804254,0.01061107070459571
SPY,2026-03-20,685.0,0.73,0.76,0.745,0.75,18242.0,41999.0,662.2899780273438,0.010958904109589,0.9668466832515967,-0.03371534495985204,0.10468478451804254,0.010595580090428417
SPY,2026-03-20,686.0,0.6,0.62,0.61,0.63,2323.0,5451.0,662.2899780273438,0.010958904109589,0.9654372857541454,-0.035174134423511944,0.10468478451804254,0.010580134638401554
SPY,2026-03-20,687.0,0.49,0.51,0.5,0.5,2245.0,5681.0,662.2899780273438,0.010958904109589,0.9640319913061772,-0.036630798919976094,0.10468478451804254,0.010564734151300532
SPY,2026-03-20,688.0,0.4,0.42,0.41,0.42,2286.0,6708.0,662.2899780273438,0.010958904109589,0.962630782016488,-0.038085344630970436,0.10468478451804254,0.010549378433057362
SPY,2026-03-20,689.0,0.32,0.34,0.33,0.34,2050.0,4559.0,662.2899780273438,0.010958904109589,0.9612336400977413,-0.03953777771128537,0.10468478451804254,0.01053406728874233
SPY,2026-03-20,690.0,0.26,0.27,0.265,0.27,17365.0,51958.0,662.2899780273438,0.010958904109589,0.9598405478657156,-0.040988104288931806,0.10468478451804254,0.010518800524555748
SPY,2026-03-20,691.0,0.21,0.22,0.215,0.22,1960.0,7587.0,662.2899780273438,0.010958904109589,0.9584514877385583,-0.04243633046529664,0.10468478451804254,0.010503577947819778
SPY,2026-03-20,692.0,0.17,0.18,0.175,0.18,2089.0,7347.0,662.2899780273438,0.010958904109589,0.9570664422360459,-0.04388246231529634,0.10468478451804254,0.010488399366970326
SPY,2026-03-20,693.0,0.13,0.14,0.135,0.14,3966.0,6813.0,662.2899780273438,0.010958904109589,0.955685393978851,-0.04532650588753001,0.10468478451804254,0.010473264591549012
SPY,2026-03-20,694.0,0.11,0.12,0.1149999999999999,0.11,28124.0,8630.0,662.2899780273438,0.010958904109589,0.9543083256878152,-0.04676846720443126,0.10468478451804254,0.010458173432195196
SPY,2026-03-20,695.0,0.09,0.1,0.095,0.1,44813.0,22418.0,662.2899780273438,0.010958904109589,0.9529352201832284,-0.04820835226241891,0.10468478451804254,0.01044312570063808
SPY,2026-03-20,696.0,0.07,0.08,0.075,0.07,1671.0,7120.0,662.2899780273438,0.010958904109589,0.9515660603841146,-0.04964616703204637,0.10468478451804254,0.010428121209688888
SPY,2026-03-20,697.0,0.05,0.06,0.055,0.06,4730.0,9957.0,662.2899780273438,0.010958904109589,0.9502008293075234,-0.05108191745815059,0.10468478451804254,0.010413159773233094
SPY,2026-03-20,698.0,0.04,0.05,0.045,0.05,1697.0,9256.0,662.2899780273438,0.010958904109589,0.9488395100678277,-0.05251560945999922,0.10468478451804254,0.01039824120622273
SPY,2026-03-20,699.0,0.04,0.05,0.045,0.05,1534.0,7670.0,662.2899780273438,0.010958904109589,0.9474820858760282,-0.05394724893143705,0.10468478451804254,0.010383365324668763
SPY,2026-03-20,700.0,0.03,0.04,0.035,0.04,21629.0,70414.0,662.2899780273438,0.010958904109589,0.9461285400390625,-0.055376841741031385,0.10468478451804254,0.010368531945633523
SPY,2026-03-20,701.0,0.03,0.04,0.035,0.04,620.0,7508.0,662.2899780273438,0.010958904109589,0.9447788559591209,-0.05680439373221683,0.10468478451804254,0.010353740887223203
SPY,2026-03-20,702.0,0.02,0.03,0.025,0.03,705.0,5256.0,662.2899780273438,0.010958904109589,0.9434330171329683,-0.05822991072343784,0.10468478451804254,0.010338991968580435
SPY,2026-03-20,703.0,0.02,0.03,0.025,0.03,936.0,6051.0,662.2899780273438,0.010958904109589,0.9420910071512714,-0.059653398508291634,0.10468478451804254,0.010324285009876907
SPY,2026-03-20,705.0,0.02,0.03,0.025,0.02,3899.0,32763.0,662.2899780273438,0.010958904109589,0.9394184085494237,-0.062494309509895464,0.10468478451804254,0.010294996258075837
SPY,2026-03-27,500.0,160.66,163.46,162.06,165.0,1.0,10.0,662.2899780273438,0.0301369863013698,1.3245799560546876,0.28109539488018154,0.17360007575277667,0.039918847990689135
SPY,2026-03-27,505.0,155.68,158.48,157.07999999999998,172.45,1.0,2.0,662.2899780273438,0.0301369863013698,1.311465303024443,0.2711450640270133,0.17360007575277667,0.039523611871969434
SPY,2026-03-27,510.0,150.69,153.49,152.09,161.2,1.0,3.0,662.2899780273438,0.0301369863013698,1.2986078000536152,0.2612927675840018,0.17360007575277667,0.03913612548106778
SPY,2026-03-27,515.0,145.71,148.51,147.11,166.96,2.0,3.0,662.2899780273438,0.0301369863013698,1.2859999573346481,0.25153659263863715,0.17360007575277667,0.03875616309775644
SPY,2026-03-27,520.0,140.72,143.52,142.12,161.9,2.0,8.0,662.2899780273438,0.0301369863013698,1.2736345731295071,0.24187468172690013,0.17360007575277667,0.03838350768335493
SPY,2026-03-27,535.0,125.8,128.59,127.195,133.93,1.0,0.0,662.2899780273438,0.0301369863013698,1.2379251925744743,0.2134367464063667,0.17360007575277667,0.0373073345707375
SPY,2026-03-27,545.0,115.83,118.63,117.23,120.27,1.0,1.0,662.2899780273438,0.0301369863013698,1.2152109688575115,0.19491769863912914,0.17360007575277667,0.036622796321733146
SPY,2026-03-27,550.0,110.86,113.66,112.26,113.26,5.0,2.0,662.2899780273438,0.0301369863013698,1.2041635964133524,0.1857852150758567,0.17360007575277667,0.0362898618097174
SPY,2026-03-27,560.0,100.93,103.73,102.33,130.67,5.0,2.0,662.2899780273438,0.0301369863013698,1.1826606750488282,0.1677667095731784,0.17360007575277667,0.0356418285631153
SPY,2026-03-27,570.0,91.01,93.82,92.415,100.64,1.0,0.0,662.2899780273438,0.0301369863013698,1.1619122421532346,0.1500671324737774,0.17360007575277667,0.035016533325165904
SPY,2026-03-27,575.0,86.09,88.88,87.485,95.16,4.0,4.0,662.2899780273438,0.0301369863013698,1.1518086574388586,0.14133345250502274,0.17360007575277667,0.034712041731034024
SPY,2026-03-27,580.0,81.15,83.96,82.555,90.65,1.0,4.0,662.2899780273438,0.0301369863013698,1.1418792724609375,0.13267538976190818,0.17360007575277667,0.034412799991973386
SPY,2026-03-27,585.0,76.24,79.05,77.645,90.55,2.0,1.0,662.2899780273438,0.0301369863013698,1.132119620559562,0.12409164607051683,0.17360007575277667,0.0341186734963155
SPY,2026-03-27,590.0,71.35,74.16,72.755,74.22,3.0,4.0,662.2899780273438,0.0301369863013698,1.1225253864870233,0.11558095640260807,0.17360007575277667,0.033829532195499265
SPY,2026-03-27,595.0,66.49,69.3,67.895,72.42,1.0,6.0,662.2899780273438,0.0301369863013698,1.1130924000459559,0.10714208775674348,0.17360007575277667,0.03354525041234381
SPY,2026-03-27,600.0,61.66,64.47,63.065,63.4,4.0,25.0,662.2899780273438,0.0301369863013698,1.103816630045573,0.0987738380862269,0.17360007575277667,0.03326570665890761
SPY,2026-03-27,605.0,56.89,59.7,58.295,59.0,1.0,29.0,662.2899780273438,0.0301369863013698,1.094694178557593,0.09047503527153179,0.17360007575277667,0.03299078346337945
SPY,2026-03-27,610.0,52.17,54.98,53.575,56.84,1.0,236.0,662.2899780273438,0.0301369863013698,1.085721275454662,0.08224453613501632,0.17360007575277667,0.032720367205482895
SPY,2026-03-27,611.0,51.23,54.04,52.635,81.08,10.0,2.0,662.2899780273438,0.0301369863013698,1.0839443175570274,0.08060653413077787,0.17360007575277667,0.032666815049663775
SPY,2026-03-27,613.0,49.37,52.18,50.775,74.17,,5.0,662.2899780273438,0.0301369863013698,1.0804077944981139,0.07733855736616191,0.17360007575277667,0.03256023490268282
SPY,2026-03-27,614.0,48.44,51.26,49.849999999999994,54.63,7.0,17.0,662.2899780273438,0.0301369863013698,1.0786481726829702,0.0757085651552307,0.17360007575277667,0.03250720520414424
SPY,2026-03-27,615.0,47.52,50.34,48.93000000000001,49.35,2.0,191.0,662.2899780273438,0.0301369863013698,1.0768942732151932,0.07408122549585543,0.17360007575277667,0.03245434795990986
SPY,2026-03-27,616.0,46.6,49.42,48.010000000000005,54.0,1.0,8.0,662.2899780273438,0.0301369863013698,1.0751460682262073,0.07245652976885336,0.17360007575277667,0.03240166233010481
SPY,2026-03-27,617.0,45.7,48.5,47.1,58.27,3.0,8.0,662.2899780273438,0.0301369863013698,1.0734035300281097,0.07083446939698536,0.17360007575277667,0.03234914748029913
SPY,2026-03-27,618.0,44.78,47.59,46.185,62.73,2.0,4.0,662.2899780273438,0.0301369863013698,1.0716666311122067,0.06921503584468247,0.17360007575277667,0.032296802581463696
SPY,2026-03-27,619.0,43.87,46.69,45.28,65.83,,22.0,662.2899780273438,0.0301369863013698,1.0699353441475667,0.06759822061777723,0.17360007575277667,0.0322446268099266
SPY,2026-03-27,620.0,42.97,45.79,44.379999999999995,47.57,2.0,362.0,662.2899780273438,0.0301369863013698,1.0682096419795868,0.06598401526323609,0.17360007575277667,0.03219261934732995
SPY,2026-03-27,622.0,41.18,44.0,42.59,54.75,1.0,4.0,662.2899780273438,0.0301369863013698,1.064774884288334,0.0627634005631938,0.17360007575277667,0.03208910610184014
SPY,2026-03-27,623.0,40.29,43.11,41.7,52.68,4.0,26.0,662.2899780273438,0.0301369863013698,1.0630657753247894,0.06115697451492017,0.17360007575277667,0.03203759870841825
SPY,2026-03-27,624.0,40.0,41.62,40.81,48.5,2.0,52.0,662.2899780273438,0.0301369863013698,1.0613621442745893,0.05955312493294553,0.17360007575277667,0.031986256402795774
SPY,2026-03-27,625.0,39.14,40.73,39.935,45.71,2.0,594.0,662.2899780273438,0.0301369863013698,1.05966396484375,0.057951843565971765,0.17360007575277667,0.0319350783925513
SPY,2026-03-27,626.0,38.28,39.84,39.06,65.94,502.0,204.0,662.2899780273438,0.0301369863013698,1.0579712109063,0.056353122202274765,0.17360007575277667,0.03188406389032678
SPY,2026-03-27,627.0,37.42,38.95,38.185,67.72,2.0,265.0,662.2899780273438,0.0301369863013698,1.0562838565029407,0.0547569526694526,0.17360007575277667,0.03183321211378719
SPY,2026-03-27,628.0,36.58,38.08,37.33,60.57,1.0,145.0,662.2899780273438,0.0301369863013698,1.0546018758397193,0.05316332683417453,0.17360007575277667,0.03178252228558052
SPY,2026-03-27,629.0,35.73,37.21,36.47,60.91,3.0,345.0,662.2899780273438,0.0301369863013698,1.052925243286715,0.051572236601932796,0.17360007575277667,0.0317319936332982
SPY,2026-03-27,630.0,34.9,36.34,35.620000000000005,37.52,14.0,633.0,662.2899780273438,0.0301369863013698,1.0512539333767361,0.04998367391679487,0.17360007575277667,0.03168162538943582
SPY,2026-03-27,631.0,34.07,35.48,34.775,37.09,30.0,252.0,662.2899780273438,0.0301369863013698,1.0495879208040313,0.048397630761160076,0.17360007575277667,0.031631416791354304
SPY,2026-03-27,632.0,33.25,34.63,33.94,58.0,1.0,5.0,662.2899780273438,0.0301369863013698,1.0479271804230124,0.04681409915551591,0.17360007575277667,0.0315813670812414
SPY,2026-03-27,633.0,32.43,33.78,33.105000000000004,62.93,,0.0,662.2899780273438,0.0301369863013698,1.0462716872469886,0.0452330711581971,0.17360007575277667,0.03153147550607357
SPY,2026-03-27,634.0,31.62,32.93,32.275,32.35,79.0,1.0,662.2899780273438,0.0301369863013698,1.0446214164469145,0.04365453886514741,0.17360007575277667,0.03148174131757818
SPY,2026-03-27,635.0,30.82,32.1,31.46,31.38,18.0,497.0,662.2899780273438,0.0301369863013698,1.0429763433501476,0.042078494409681505,0.17360007575277667,0.03143216377219616
SPY,2026-03-27,636.0,30.03,31.27,30.65,32.83,30.0,1.0,662.2899780273438,0.0301369863013698,1.0413364434392198,0.040504929962251184,0.17360007575277667,0.031382742131044916
SPY,2026-03-27,637.0,29.24,30.44,29.84,42.97,1.0,28.0,662.2899780273438,0.0301369863013698,1.0397016923506182,0.03893383773020991,0.17360007575277667,0.03133347565988158
SPY,2026-03-27,638.0,28.47,29.63,29.049999999999997,31.41,69.0,3.0,662.2899780273438,0.0301369863013698,1.0380720658735796,0.0373652099575834,0.17360007575277667,0.03128436362906672
SPY,2026-03-27,639.0,27.68,28.81,28.244999999999997,41.1,4.0,2.0,662.2899780273438,0.0301369863013698,1.0364475399488948,0.035799038924838496,0.17360007575277667,0.031235405313528274
SPY,2026-03-27,640.0,26.92,28.01,27.465000000000003,28.11,9.0,780.0,662.2899780273438,0.0301369863013698,1.0348280906677245,0.034235316948655614,0.17360007575277667,0.03118659999272588
SPY,2026-03-27,641.0,26.16,27.21,26.685,31.7,1.0,25.0,662.2899780273438,0.0301369863013698,1.033213694270427,0.032674036381703214,0.17360007575277667,0.031137946950615548
SPY,2026-03-27,642.0,25.41,26.42,25.915,37.82,2.0,2.0,662.2899780273438,0.0301369863013698,1.0316043271453952,0.031115189612412,0.17360007575277667,0.031089445475614586
SPY,2026-03-27,643.0,24.66,25.64,25.15,25.27,23.0,2.0,662.2899780273438,0.0301369863013698,1.0299999658279062,0.02955876906475376,0.17360007575277667,0.031041094860566974
SPY,2026-03-27,644.0,23.93,24.87,24.4,26.11,46.0,26.0,662.2899780273438,0.0301369863013698,1.028400586998981,0.028004767198019604,0.17360007575277667,0.030992894402708953
SPY,2026-03-27,645.0,23.2,24.1,23.65,25.19,34.0,279.0,662.2899780273438,0.0301369863013698,1.026806167484254,0.026453176506600777,0.17360007575277667,0.030944843403634986
SPY,2026-03-27,646.0,22.48,23.34,22.91,43.75,4.0,25.0,662.2899780273438,0.0301369863013698,1.025216684252854,0.02490398951977135,0.17360007575277667,0.03089694116926403
SPY,2026-03-27,647.0,21.77,22.59,22.18,34.73,1.0,3.0,662.2899780273438,0.0301369863013698,1.0236321144162963,0.02335719880147262,0.17360007575277667,0.03084918700980613
SPY,2026-03-27,649.0,20.37,21.11,20.74,21.64,9.0,10.0,662.2899780273438,0.0301369863013698,1.020477624079112,0.02027077659828317,0.17360007575277667,0.0307541201777266
SPY,2026-03-27,650.0,19.67,20.38,20.025,20.18,80.0,224.0,662.2899780273438,0.0301369863013698,1.0189076585036059,0.018731130412690547,0.17360007575277667,0.03070680614668395
SPY,2026-03-27,651.0,18.98,19.68,19.33,21.11,10.0,6.0,662.2899780273438,0.0301369863013698,1.017342516171035,0.017193851093804044,0.17360007575277667,0.03065963747364757
SPY,2026-03-27,652.0,18.3,18.98,18.64,18.56,2.0,5.0,662.2899780273438,0.0301369863013698,1.015782174888564,0.01565893137572029,0.17360007575277667,0.03061261348979228
SPY,2026-03-27,653.0,17.62,18.3,17.96,21.35,3.0,12.0,662.2899780273438,0.0301369863013698,1.0142266125993014,0.014126364025942233,0.17360007575277667,0.03056573353038984
SPY,2026-03-27,654.0,16.96,17.62,17.29,18.38,10.0,58.0,662.2899780273438,0.0301369863013698,1.0126758073812596,0.012596141845174599,0.17360007575277667,0.030518996934777626
SPY,2026-03-27,655.0,16.3,16.95,16.625,16.77,40.0,109.0,662.2899780273438,0.0301369863013698,1.0111297374463264,0.011068257667121377,0.17360007575277667,0.030472403046327583
SPY,2026-03-27,656.0,15.65,16.29,15.97,16.27,16.0,3.0,662.2899780273438,0.0301369863013698,1.0095883811392434,0.009542704358284106,0.17360007575277667,0.030425951212415495
SPY,2026-03-27,657.0,15.02,15.64,15.33,15.82,256.0,15.0,662.2899780273438,0.0301369863013698,1.0080517169365963,0.008019474817762797,0.17360007575277667,0.030379640784390514
SPY,2026-03-27,658.0,14.67,14.73,14.7,14.7,80.0,20.0,662.2899780273438,0.0301369863013698,1.0065197234458112,0.006498561977056065,0.17360007575277667,0.030333471117544933
SPY,2026-03-27,659.0,14.05,14.11,14.08,14.27,31.0,14.0,662.2899780273438,0.0301369863013698,1.0049923794041635,0.004979958799866041,0.17360007575277667,0.030287441571084317
SPY,2026-03-27,660.0,13.44,13.49,13.465,13.35,325.0,206.0,662.2899780273438,0.0301369863013698,1.0034696636777936,0.003463658281902004,0.17360007575277667,0.030241551508097826
SPY,2026-03-27,661.0,12.84,12.89,12.865,12.85,299.0,21.0,662.2899780273438,0.0301369863013698,1.0019515552607319,0.001949653450686981,0.17360007575277667,0.030195800295528843
SPY,2026-03-27,662.0,12.25,12.3,12.275,12.27,598.0,218.0,662.2899780273438,0.0301369863013698,1.000438033273933,0.0004379373653649738,0.17360007575277667,0.030150187304145867
SPY,2026-03-27,663.0,11.67,11.72,11.695,11.69,710.0,177.0,662.2899780273438,0.0301369863013698,0.9989290769643194,-0.001071496883489222,0.17360007575277667,0.030104711908513673
SPY,2026-03-27,664.0,11.1,11.16,11.13,11.09,632.0,120.0,662.2899780273438,0.0301369863013698,0.9974246657038309,-0.002578656174060636,0.17360007575277667,0.030059373486964705
SPY,2026-03-27,665.0,10.55,10.6,10.575,10.55,1735.0,428.0,662.2899780273438,0.0301369863013698,0.9959247789884869,-0.004083547353480885,0.17360007575277667,0.030014171421570774
SPY,2026-03-27,666.0,10.01,10.06,10.035,10.01,655.0,317.0,662.2899780273438,0.0301369863013698,0.9944293964374531,-0.005586177238015882,0.17360007575277667,0.029969105098114963
SPY,2026-03-27,667.0,9.48,9.53,9.505,9.5,863.0,501.0,662.2899780273438,0.0301369863013698,0.9929384977921195,-0.007086552613250533,0.17360007575277667,0.029924173906063816
SPY,2026-03-27,668.0,8.96,9.01,8.985,9.21,962.0,1166.0,662.2899780273438,0.0301369863013698,0.9914520629151853,-0.008584680234272458,0.17360007575277667,0.02987937723853977
SPY,2026-03-27,669.0,8.45,8.5,8.475,8.48,1197.0,637.0,662.2899780273438,0.0301369863013698,0.9899700717897515,-0.010080566825855213,0.17360007575277667,0.02983471449229382
SPY,2026-03-27,670.0,7.95,8.01,7.98,7.99,3645.0,1269.0,662.2899780273438,0.0301369863013698,0.9884925045184235,-0.011574219082638492,0.17360007575277667,0.029790185067678457
SPY,2026-03-27,671.0,7.48,7.52,7.5,7.48,1210.0,649.0,662.2899780273438,0.0301369863013698,0.9870193413224199,-0.013065643669308588,0.17360007575277667,0.029745788368620813
SPY,2026-03-27,672.0,7.01,7.06,7.035,7.04,342.0,630.0,662.2899780273438,0.0301369863013698,0.9855505625406901,-0.014554847220776343,0.17360007575277667,0.029701523802596077
SPY,2026-03-27,673.0,6.55,6.6,6.574999999999999,6.8,524.0,453.0,662.2899780273438,0.0301369863013698,0.9840861486290398,-0.016041836342354555,0.17360007575277667,0.029657390780601138
SPY,2026-03-27,674.0,6.11,6.16,6.135,6.14,672.0,517.0,662.2899780273438,0.0301369863013698,0.9826260801592637,-0.01752661760993385,0.17360007575277667,0.029613388717128434
SPY,2026-03-27,675.0,5.68,5.72,5.699999999999999,5.72,2282.0,1705.0,662.2899780273438,0.0301369863013698,0.981170337818287,-0.019009197570156625,0.17360007575277667,0.029569517030140095
SPY,2026-03-27,676.0,5.27,5.31,5.289999999999999,5.3,300.0,959.0,662.2899780273438,0.0301369863013698,0.9797189024073132,-0.020489582740590907,0.17360007575277667,0.029525775141042255
SPY,2026-03-27,677.0,4.88,4.92,4.9,4.88,339.0,1847.0,662.2899780273438,0.0301369863013698,0.9782717548409804,-0.021967779609901796,0.17360007575277667,0.029482162474659623
SPY,2026-03-27,678.0,4.49,4.54,4.515000000000001,4.47,302.0,1349.0,662.2899780273438,0.0301369863013698,0.9768288761465247,-0.023443794638022344,0.17360007575277667,0.029438678459210273
SPY,2026-03-27,679.0,4.13,4.17,4.15,4.36,268.0,602.0,662.2899780273438,0.0301369863013698,0.975390247462951,-0.024917634256322922,0.17360007575277667,0.029395322526280656
SPY,2026-03-27,680.0,3.77,3.83,3.8,3.82,4863.0,5641.0,662.2899780273438,0.0301369863013698,0.9739558500402113,-0.026389304867779198,0.17360007575277667,0.02935209411080083
SPY,2026-03-27,681.0,3.44,3.49,3.465,3.63,480.0,1015.0,662.2899780273438,0.0301369863013698,0.9725256652383902,-0.027858812847139126,0.17360007575277667,0.02930899265101992
SPY,2026-03-27,682.0,3.12,3.17,3.145,3.14,485.0,2429.0,662.2899780273438,0.0301369863013698,0.9710996745268969,-0.02932616454108892,0.17360007575277667,0.029266017588481765
SPY,2026-03-27,683.0,2.82,2.87,2.845,2.83,732.0,1108.0,662.2899780273438,0.0301369863013698,0.9696778594836658,-0.030791366268416834,0.17360007575277667,0.02922316836800083
SPY,2026-03-27,684.0,2.53,2.58,2.5549999999999997,2.64,170.0,987.0,662.2899780273438,0.0301369863013698,0.9682602017943622,-0.0322544243201772,0.17360007575277667,0.029180444437638255
SPY,2026-03-27,685.0,2.27,2.31,2.29,2.29,1838.0,5682.0,662.2899780273438,0.0301369863013698,0.9668466832515967,-0.03371534495985204,0.17360007575277667,0.0291378452486782
SPY,2026-03-27,686.0,2.02,2.05,2.035,2.02,586.0,1742.0,662.2899780273438,0.0301369863013698,0.9654372857541454,-0.035174134423511944,0.17360007575277667,0.029095370255604325
SPY,2026-03-27,687.0,1.78,1.83,1.805,1.8,2209.0,1367.0,662.2899780273438,0.0301369863013698,0.9640319913061772,-0.036630798919976094,0.17360007575277667,0.029053018916076513
SPY,2026-03-27,688.0,1.57,1.61,1.59,1.6,709.0,1408.0,662.2899780273438,0.0301369863013698,0.962630782016488,-0.038085344630970436,0.17360007575277667,0.029010790690907798
SPY,2026-03-27,689.0,1.37,1.41,1.39,1.46,285.0,740.0,662.2899780273438,0.0301369863013698,0.9612336400977413,-0.03953777771128537,0.17360007575277667,0.02896868504404146
SPY,2026-03-27,690.0,1.19,1.23,1.21,1.21,4841.0,6458.0,662.2899780273438,0.0301369863013698,0.9598405478657156,-0.040988104288931806,0.17360007575277667,0.028926701442528357
SPY,2026-03-27,691.0,1.03,1.07,1.05,1.11,507.0,1321.0,662.2899780273438,0.0301369863013698,0.9584514877385583,-0.04243633046529664,0.17360007575277667,0.028884839356504436
SPY,2026-03-27,692.0,0.89,0.92,0.905,0.9,532.0,5461.0,662.2899780273438,0.0301369863013698,0.9570664422360459,-0.04388246231529634,0.17360007575277667,0.028843098259168448
SPY,2026-03-27,693.0,0.75,0.78,0.765,0.78,225.0,1144.0,662.2899780273438,0.0301369863013698,0.955685393978851,-0.04532650588753001,0.17360007575277667,0.028801477626759834
SPY,2026-03-27,694.0,0.63,0.67,0.65,0.7,370.0,1546.0,662.2899780273438,0.0301369863013698,0.9543083256878152,-0.04676846720443126,0.17360007575277667,0.028759976938536838
SPY,2026-03-27,695.0,0.53,0.56,0.545,0.56,1929.0,5254.0,662.2899780273438,0.0301369863013698,0.9529352201832284,-0.04820835226241891,0.17360007575277667,0.02871859567675477
SPY,2026-03-27,696.0,0.44,0.48,0.4599999999999999,0.46,1723.0,958.0,662.2899780273438,0.0301369863013698,0.9515660603841146,-0.04964616703204637,0.17360007575277667,0.028677333326644492
SPY,2026-03-27,697.0,0.37,0.4,0.385,0.42,168.0,1243.0,662.2899780273438,0.0301369863013698,0.9502008293075234,-0.05108191745815059,0.17360007575277667,0.028636189376391057
SPY,2026-03-27,698.0,0.3,0.33,0.315,0.34,267.0,1422.0,662.2899780273438,0.0301369863013698,0.9488395100678277,-0.05251560945999922,0.17360007575277667,0.02859516331711256
SPY,2026-03-27,699.0,0.25,0.28,0.265,0.28,236.0,900.0,662.2899780273438,0.0301369863013698,0.9474820858760282,-0.05394724893143705,0.17360007575277667,0.028554254642839148
SPY,2026-03-27,700.0,0.2,0.23,0.215,0.22,5184.0,4995.0,662.2899780273438,0.0301369863013698,0.9461285400390625,-0.055376841741031385,0.17360007575277667,0.02851346285049224
SPY,2026-03-27,701.0,0.17,0.19,0.18,0.18,225.0,2248.0,662.2899780273438,0.0301369863013698,0.9447788559591209,-0.05680439373221683,0.17360007575277667,0.02847278743986386
SPY,2026-03-27,702.0,0.14,0.16,0.15,0.14,357.0,1089.0,662.2899780273438,0.0301369863013698,0.9434330171329683,-0.05822991072343784,0.17360007575277667,0.028432227913596248
SPY,2026-03-27,703.0,0.11,0.13,0.12,0.12,101.0,1157.0,662.2899780273438,0.0301369863013698,0.9420910071512714,-0.059653398508291634,0.17360007575277667,0.028391783777161544
SPY,2026-03-27,704.0,0.09,0.11,0.1,0.1,545.0,4046.0,662.2899780273438,0.0301369863013698,0.9407528096979315,-0.061074862855669106,0.17360007575277667,0.028351454538841712
SPY,2026-03-27,705.0,0.08,0.1,0.09,0.09,10497.0,3012.0,662.2899780273438,0.0301369863013698,0.9394184085494237,-0.062494309509895464,0.17360007575277667,0.028311239709708603
SPY,2026-03-27,706.0,0.06,0.08,0.07,0.09,144.0,4320.0,662.2899780273438,0.0301369863013698,0.9380877875741412,-0.0639117441908689,0.17360007575277667,0.0282711388036042
SPY,2026-03-27,707.0,0.05,0.07,0.06,0.06,457.0,10516.0,662.2899780273438,0.0301369863013698,0.936760930731745,-0.06532717259419953,0.17360007575277667,0.028231151337121025
SPY,2026-03-27,708.0,0.04,0.06,0.05,0.06,390.0,10589.0,662.2899780273438,0.0301369863013698,0.9354378220725195,-0.06674060039134648,0.17360007575277667,0.02819127682958272
SPY,2026-03-27,713.0,0.02,0.03,0.025,0.06,95.0,772.0,662.2899780273438,0.0301369863013698,0.9288779495474667,-0.07377792711192267,0.17360007575277667,0.027993582041156474
SPY,2026-03-31,345.0,315.29,318.76,317.025,325.6,8.0,24.0,662.2899780273438,0.0410958904109589,1.9196810957314312,0.6521590762710135,0.2027212135198458,0.0788910039341684
SPY,2026-03-31,350.0,310.27,313.77,312.02,335.18,2.0,48.0,662.2899780273438,0.0410958904109589,1.892257080078125,0.6377703388189139,0.2027212135198458,0.07776398959225171
SPY,2026-03-31,355.0,319.62,322.98,321.3,323.0,1.0,3.0,662.2899780273438,0.0410958904109589,1.8656055719080105,0.6235857038269574,0.2027212135198458,0.0766687221332059
SPY,2026-03-31,360.0,300.34,303.65,301.995,310.79,2.0,12.0,662.2899780273438,0.0410958904109589,1.8396943834092883,0.6095994618522176,0.2027212135198458,0.07560387877024471
SPY,2026-03-31,365.0,295.34,298.66,297.0,305.79,2.0,2.0,662.2899780273438,0.0410958904109589,1.8144930904858734,0.5958061397198818,0.2027212135198458,0.07456820919804959
SPY,2026-03-31,370.0,298.15,301.49,299.82,270.75,2.0,1.0,662.2899780273438,0.0410958904109589,1.7899729135874156,0.5822004876641032,0.2027212135198458,0.07356053069537324
SPY,2026-03-31,375.0,285.36,288.66,287.01,299.46,2.0,13.0,662.2899780273438,0.0410958904109589,1.7661066080729166,0.5687774673319624,0.2027212135198458,0.07257972361943493
SPY,2026-03-31,380.0,280.35,283.67,282.01,290.81,2.0,15.0,662.2899780273438,0.0410958904109589,1.742868363229852,0.5555322405819418,0.2027212135198458,0.07162472725602131
SPY,2026-03-31,385.0,308.78,312.12,310.45,295.73,2.0,1.0,662.2899780273438,0.0410958904109589,1.7202337091619317,0.542460159014589,0.2027212135198458,0.0706945359929561
SPY,2026-03-31,390.0,270.36,273.68,272.02,286.36,2.0,4.0,662.2899780273438,0.0410958904109589,1.698179430839343,0.5295567541786811,0.2027212135198458,0.0697881957879182
SPY,2026-03-31,395.0,296.94,299.75,298.345,295.48,1.0,3.0,662.2899780273438,0.0410958904109589,1.6766834886768196,0.5168177284012514,0.2027212135198458,0.06890480090452683
SPY,2026-03-31,400.0,260.37,263.69,262.03,275.0,2.0,46.0,662.2899780273438,0.0410958904109589,1.6557249450683593,0.5042389461943912,0.2027212135198458,0.06804349089322025
SPY,2026-03-31,405.0,255.38,258.69,257.03499999999997,288.73,84.0,91.0,662.2899780273438,0.0410958904109589,1.6352838963638117,0.49181642619583404,0.2027212135198458,0.06720344779577307
SPY,2026-03-31,410.0,250.38,253.7,252.04,264.86,6.0,3.0,662.2899780273438,0.0410958904109589,1.6153414098227896,0.4795463336040197,0.2027212135198458,0.06638389355436121
SPY,2026-03-31,415.0,245.39,248.7,247.045,261.13,4.0,3.0,662.2899780273438,0.0410958904109589,1.5958794651261294,0.4674249730716749,0.2027212135198458,0.06558408760792313
SPY,2026-03-31,420.0,249.75,253.07,251.41,233.3,1.0,5.0,662.2899780273438,0.0410958904109589,1.576880900065104,0.4554487820249592,0.2027212135198458,0.06480332466020976
SPY,2026-03-31,425.0,235.37,238.72,237.045,261.77,1.0,3.0,662.2899780273438,0.0410958904109589,1.5583293600643382,0.4436143243779564,0.2027212135198458,0.06404093260538375
SPY,2026-03-31,430.0,230.41,233.72,232.065,255.0,3.0,10.0,662.2899780273438,0.0410958904109589,1.5402092512263807,0.4319182846147651,0.2027212135198458,0.06329627059834442
SPY,2026-03-31,435.0,257.32,260.13,258.725,251.08,2.0,4.0,662.2899780273438,0.0410958904109589,1.5225056966145833,0.42035746221368914,0.2027212135198458,0.06256872725813356
SPY,2026-03-31,440.0,236.5,239.3,237.9,259.05,2.0,9.0,662.2899780273438,0.0410958904109589,1.5052044955166903,0.40892876639006637,0.2027212135198458,0.06185771899383659
SPY,2026-03-31,445.0,215.44,218.75,217.095,229.82,2.0,20.0,662.2899780273438,0.0410958904109589,1.488292085454705,0.39762921113613303,0.2027212135198458,0.06116268844334404
SPY,2026-03-31,450.0,210.45,213.76,212.105,236.38,5.0,18.0,662.2899780273438,0.0410958904109589,1.4717555067274306,0.3864559105380078,0.2027212135198458,0.06048310301619578
SPY,2026-03-31,455.0,205.45,208.77,207.11,209.76,2.0,33.0,662.2899780273438,0.0410958904109589,1.4555823692908654,0.3754060743514228,0.2027212135198458,0.059818453532501314
SPY,2026-03-31,460.0,200.48,203.78,202.13,215.28,3106.0,1581.0,662.2899780273438,0.0410958904109589,1.4397608217985733,0.36447700381923254,0.2027212135198458,0.0591682529506263
SPY,2026-03-31,465.0,195.48,198.79,197.135,204.59,17.0,1068.0,662.2899780273438,0.0410958904109589,1.424279522639449,0.3536660877150169,0.2027212135198458,0.05853203517696365
SPY,2026-03-31,470.0,190.46,193.81,192.135,205.2,4106.0,2056.0,662.2899780273438,0.0410958904109589,1.4091276128241357,0.342970798598269,0.2027212135198458,0.057909353951676804
SPY,2026-03-31,475.0,185.5,188.83,187.165,193.14,2.0,299.0,662.2899780273438,0.0410958904109589,1.3942946905838816,0.332388689267732,0.2027212135198458,0.05729978180481705
SPY,2026-03-31,480.0,180.51,183.85,182.18,189.36,1.0,46.0,662.2899780273438,0.0410958904109589,1.3797707875569662,0.3219173894004367,0.2027212135198458,0.05670290907768354
SPY,2026-03-31,485.0,175.54,178.86,177.2,187.3,2.0,32.0,662.2899780273438,0.0410958904109589,1.3655463464481314,0.31155460236489,0.2027212135198458,0.05611834300471773
SPY,2026-03-31,490.0,170.54,173.88,172.20999999999998,206.0,1.0,66.0,662.2899780273438,0.0410958904109589,1.3516122000558035,0.3012981021977009,0.2027212135198458,0.05554570685160836
SPY,2026-03-31,495.0,165.56,168.9,167.23000000000002,195.09,1.0,15.0,662.2899780273438,0.0410958904109589,1.3379595515703915,0.291145730733683,0.2027212135198458,0.054984639105632525
SPY,2026-03-31,500.0,160.6,163.93,162.265,172.2,10.0,401.0,662.2899780273438,0.0410958904109589,1.3245799560546876,0.28109539488018154,0.2027212135198458,0.0544347927145762
SPY,2026-03-31,504.0,156.59,159.95,158.26999999999998,163.67,1.0,24.0,662.2899780273438,0.0410958904109589,1.31406741672092,0.2731272252310046,0.2027212135198458,0.05400277055017479
SPY,2026-03-31,505.0,155.61,158.95,157.28,165.37,1.0,144.0,662.2899780273438,0.0410958904109589,1.311465303024443,0.2711450640270133,0.2027212135198458,0.053895834370867514
SPY,2026-03-31,506.0,154.61,157.96,156.28500000000005,184.01,1.0,3.0,662.2899780273438,0.0410958904109589,1.3088734743623394,0.26916682401490766,0.2027212135198458,0.05378932086420572
SPY,2026-03-31,507.0,153.6,156.96,155.28,182.81,1.0,2.0,662.2899780273438,0.0410958904109589,1.3062918698764177,0.2671924897111901,0.2027212135198458,0.05368322752916785
SPY,2026-03-31,508.0,152.62,155.97,154.29500000000002,180.89,1.0,17.0,662.2899780273438,0.0410958904109589,1.3037204291876845,0.2652220457238913,0.2027212135198458,0.05357755188442539
SPY,2026-03-31,509.0,151.61,154.97,153.29000000000002,178.91,1.0,6.0,662.2899780273438,0.0410958904109589,1.301159092391638,0.2632554767518505,0.2027212135198458,0.0534722914681495
SPY,2026-03-31,510.0,150.62,153.97,152.29500000000002,158.65,10.0,139.0,662.2899780273438,0.0410958904109589,1.2986078000536152,0.2612927675840018,0.2027212135198458,0.0533674438378198
SPY,2026-03-31,511.0,173.81,177.15,175.48000000000002,189.12,50.0,297.0,662.2899780273438,0.0410958904109589,1.2960664932041952,0.2593339030986688,0.2027212135198458,0.053263006570035416
SPY,2026-03-31,512.0,148.64,151.98,150.31,173.59,2.0,148.0,662.2899780273438,0.0410958904109589,1.2935351133346558,0.25737886826286543,0.2027212135198458,0.05315897726032832
SPY,2026-03-31,513.0,147.65,150.99,149.32,180.26,100.0,102.0,662.2899780273438,0.0410958904109589,1.291013602392483,0.25542764813160374,0.2027212135198458,0.05305535352297875
SPY,2026-03-31,514.0,160.19,163.46,161.825,117.35,1.0,21.0,662.2899780273438,0.0410958904109589,1.2885019027769333,0.2534802278472081,0.2027212135198458,0.05295213299083287
SPY,2026-03-31,515.0,145.66,149.0,147.32999999999998,152.51,3.0,23.0,662.2899780273438,0.0410958904109589,1.2859999573346481,0.25153659263863715,0.2027212135198458,0.05284931331512252
SPY,2026-03-31,516.0,144.64,148.0,146.32,168.54,1.0,9.0,662.2899780273438,0.0410958904109589,1.2835077093553173,0.2495967278208105,0.2027212135198458,0.05274689216528701
SPY,2026-03-31,517.0,175.94,179.27,177.60500000000002,177.0,1.0,2.0,662.2899780273438,0.0410958904109589,1.281025102567396,0.24766061879394408,0.2027212135198458,0.05264486722879709
SPY,2026-03-31,518.0,160.35,163.31,161.82999999999998,144.94,1.0,9.0,662.2899780273438,0.0410958904109589,1.2785520811338682,0.24572825104289014,0.2027212135198458,0.05254323621098088
SPY,2026-03-31,519.0,141.67,145.02,143.345,160.91,1.0,0.0,662.2899780273438,0.0410958904109589,1.2760885896480612,0.24379961013648457,0.2027212135198458,0.052441996834851824
SPY,2026-03-31,520.0,140.68,144.02,142.35000000000002,148.7,10.0,189.0,662.2899780273438,0.0410958904109589,1.2736345731295071,0.24187468172690013,0.2027212135198458,0.05234114684093864
SPY,2026-03-31,521.0,139.66,143.03,141.345,155.85,1.0,3.0,662.2899780273438,0.0410958904109589,1.2711899770198536,0.23995345154900627,0.2027212135198458,0.052240683987117266
SPY,2026-03-31,522.0,173.57,176.94,175.255,167.22,1.0,6.0,662.2899780273438,0.0410958904109589,1.2687547471788194,0.2380359054197345,0.2027212135198458,0.05214060604844463
SPY,2026-03-31,523.0,137.7,141.04,139.37,164.1,3.0,4.0,662.2899780273438,0.0410958904109589,1.2663288298801985,0.2361220292374504,0.2027212135198458,0.052040910816994454
SPY,2026-03-31,524.0,136.7,140.04,138.37,155.99,2.0,9.0,662.2899780273438,0.0410958904109589,1.2639121718079078,0.234211808981331,0.2027212135198458,0.05194159610169484
SPY,2026-03-31,525.0,135.71,139.05,137.38,140.7,1.0,29.0,662.2899780273438,0.0410958904109589,1.2615047200520833,0.23230523071074943,0.2027212135198458,0.0518426597281678
SPY,2026-03-31,526.0,134.7,138.05,136.375,155.39,10.0,54.0,662.2899780273438,0.0410958904109589,1.2591064221052162,0.2304022805646633,0.2027212135198458,0.05174409953857052
SPY,2026-03-31,527.0,148.09,151.0,149.54500000000002,107.69,2.0,3.0,662.2899780273438,0.0410958904109589,1.2567172258583372,0.22850294476101088,0.2027212135198458,0.051645913391438515
SPY,2026-03-31,528.0,94.98,98.31,96.645,95.16,1.0,4.0,662.2899780273438,0.0410958904109589,1.254337079597242,0.22660720959611175,0.2027212135198458,0.05154809916153049
SPY,2026-03-31,530.0,130.73,134.07,132.39999999999998,142.85,5.0,30.0,662.2899780273438,0.0410958904109589,1.2496037321270637,0.2228264867562057,0.2027212135198458,0.05135357803261905
SPY,2026-03-31,531.0,162.38,165.68,164.03,165.78,2.0,2.0,662.2899780273438,0.0410958904109589,1.247250429430026,0.22094147206043446,0.2027212135198458,0.051256866962877776
SPY,2026-03-31,532.0,128.72,132.09,130.405,158.63,1.0,3.0,662.2899780273438,0.0410958904109589,1.2449059737356085,0.21906000396072883,0.2027212135198458,0.05116051946858665
SPY,2026-03-31,533.0,109.89,110.66,110.275,87.07,8.0,9.0,662.2899780273438,0.0410958904109589,1.2425703152482996,0.21718206913652863,0.2027212135198458,0.05106453350335478
SPY,2026-03-31,534.0,86.95,88.15,87.55000000000001,60.98,1.0,13.0,662.2899780273438,0.0410958904109589,1.2402434045455875,0.21530765434217833,0.2027212135198458,0.05096890703612003
SPY,2026-03-31,535.0,125.74,129.1,127.42,141.94,1.0,39.0,662.2899780273438,0.0410958904109589,1.2379251925744743,0.2134367464063667,0.2027212135198458,0.05087363805100579
SPY,2026-03-31,536.0,84.31,86.91,85.61,61.22,1.0,4.0,662.2899780273438,0.0410958904109589,1.2356156306480295,0.21156933223157134,0.2027212135198458,0.05077872454717929
SPY,2026-03-31,537.0,158.86,162.22,160.54000000000002,152.32,1.0,3.0,662.2899780273438,0.0410958904109589,1.2333146704419808,0.2097053987935085,0.2027212135198458,0.05068416453871154
SPY,2026-03-31,538.0,155.21,158.58,156.895,155.02,2.0,4.0,662.2899780273438,0.0410958904109589,1.2310222639913453,0.20784493314058886,0.2027212135198458,0.05058995605443885
SPY,2026-03-31,539.0,154.26,157.56,155.91,154.01,2.0,2.0,662.2899780273438,0.0410958904109589,1.228738363687094,0.20598792239337604,0.2027212135198458,0.05049609713782578
SPY,2026-03-31,540.0,120.79,124.14,122.465,123.24,2.0,81.0,662.2899780273438,0.0410958904109589,1.2264629222728587,0.2041343537440531,0.2027212135198458,0.05040258584682981
SPY,2026-03-31,541.0,108.45,109.33,108.89,86.13,1.0,11.0,662.2899780273438,0.0410958904109589,1.2241958928416705,0.20228421445589173,0.2027212135198458,0.05030942025376728
SPY,2026-03-31,542.0,135.01,137.81,136.41,155.62,1.0,11.0,662.2899780273438,0.0410958904109589,1.2219372288327375,0.20043749186272697,0.2027212135198458,0.05021659844518099
SPY,2026-03-31,543.0,117.79,121.16,119.475,138.15,1.0,4.0,662.2899780273438,0.0410958904109589,1.2196868840282573,0.19859417336843777,0.2027212135198458,0.0501241185217092
SPY,2026-03-31,544.0,105.74,108.99,107.365,84.78,1.0,6.0,662.2899780273438,0.0410958904109589,1.2174448125502642,0.19675424644643053,0.2027212135198458,0.05003197859795606
SPY,2026-03-31,545.0,115.81,119.18,117.495,129.89,1.0,29.0,662.2899780273438,0.0410958904109589,1.2152109688575115,0.19491769863912914,0.2027212135198458,0.049940176802363484
SPY,2026-03-31,546.0,114.83,118.18,116.505,141.89,1.0,6.0,662.2899780273438,0.0410958904109589,1.2129853077423878,0.19308451755746817,0.2027212135198458,0.04984871127708443
SPY,2026-03-31,547.0,146.36,149.75,148.055,147.1,2.0,15.0,662.2899780273438,0.0410958904109589,1.210767784327868,0.19125469088039204,0.2027212135198458,0.049757580177857585
SPY,2026-03-31,548.0,112.85,116.2,114.525,129.16,7.0,17.0,662.2899780273438,0.0410958904109589,1.208558354064496,0.18942820635435775,0.2027212135198458,0.049666781673883394
SPY,2026-03-31,549.0,111.87,115.21,113.54,115.36,3652.0,11.0,662.2899780273438,0.0410958904109589,1.2063569727274022,0.18760505179284268,0.2027212135198458,0.049576313947701456
SPY,2026-03-31,550.0,110.89,114.22,112.555,112.66,44.0,127.0,662.2899780273438,0.0410958904109589,1.2041635964133524,0.1857852150758567,0.2027212135198458,0.049486175195069274
SPY,2026-03-31,551.0,127.23,130.54,128.885,127.7,2.0,12.0,662.2899780273438,0.0410958904109589,1.201978181537829,0.18396868414945877,0.2027212135198458,0.04939636362484228
SPY,2026-03-31,552.0,108.89,112.23,110.56,135.0,6.0,4.0,662.2899780273438,0.0410958904109589,1.1998006848321445,0.18215544702527797,0.2027212135198458,0.04930687745885525
SPY,2026-03-31,553.0,131.49,134.52,133.005,103.76,2.0,6.0,662.2899780273438,0.0410958904109589,1.1976310633405853,0.18034549178003834,0.2027212135198458,0.04921771493180487
SPY,2026-03-31,554.0,106.89,110.25,108.57,108.47,2.0,6.0,662.2899780273438,0.0410958904109589,1.195469274417588,0.17853880655508952,0.2027212135198458,0.04912887429113375
SPY,2026-03-31,555.0,105.94,109.26,107.6,107.57,2.0,16.0,662.2899780273438,0.0410958904109589,1.1933152757249437,0.1767353795559387,0.2027212135198458,0.049040353796915494
SPY,2026-03-31,556.0,104.9,108.27,106.585,106.63,4.0,0.0,662.2899780273438,0.0410958904109589,1.1911690252290354,0.1749351990517908,0.2027212135198458,0.04895215172174118
SPY,2026-03-31,557.0,139.18,142.7,140.94,134.54,10.0,7.0,662.2899780273438,0.0410958904109589,1.1890304811981036,0.17313825337508917,0.2027212135198458,0.048864266350607
SPY,2026-03-31,558.0,102.92,106.29,104.605,113.01,4.0,37.0,662.2899780273438,0.0410958904109589,1.1868996021995408,0.17134453092106236,0.2027212135198458,0.048776695980803045
SPY,2026-03-31,559.0,134.8,138.03,136.41500000000002,128.55,3.0,12.0,662.2899780273438,0.0410958904109589,1.184776347097216,0.169554020147274,0.2027212135198458,0.04868943892180339
SPY,2026-03-31,560.0,100.95,104.32,102.635,122.74,3.0,65.0,662.2899780273438,0.0410958904109589,1.1826606750488282,0.1677667095731784,0.2027212135198458,0.04860249349515732
SPY,2026-03-31,561.0,116.2,119.0,117.6,122.32,2.0,86.0,662.2899780273438,0.0410958904109589,1.1805525455032866,0.16598258777967695,0.2027212135198458,0.04851585803438164
SPY,2026-03-31,562.0,134.48,137.99,136.235,128.27,4.0,29.0,662.2899780273438,0.0410958904109589,1.1784519181981206,0.16420164340868218,0.2027212135198458,0.048429530884854265
SPY,2026-03-31,563.0,97.98,101.36,99.67,130.48,1.0,7.0,662.2899780273438,0.0410958904109589,1.1763587531569162,0.16242386516268295,0.2027212135198458,0.04834351040370888
SPY,2026-03-31,564.0,97.03,100.37,98.7,130.71,10.0,28.0,662.2899780273438,0.0410958904109589,1.1742730106867798,0.16064924180431442,0.2027212135198458,0.04825779495973068
SPY,2026-03-31,565.0,96.01,99.39,97.7,101.99,6.0,73.0,662.2899780273438,0.0410958904109589,1.1721946513758297,0.15887776215593233,0.2027212135198458,0.04817238293325327
SPY,2026-03-31,566.0,128.02,130.83,129.425,118.0,1.0,34.0,662.2899780273438,0.0410958904109589,1.1701236360907132,0.1571094150991902,0.2027212135198458,0.04808727271605671
SPY,2026-03-31,567.0,94.04,97.42,95.73,118.1,1.0,15.0,662.2899780273438,0.0410958904109589,1.1680599259741513,0.15534418957462123,0.2027212135198458,0.04800246271126649
SPY,2026-03-31,568.0,93.05,96.43,94.74,115.11,3.0,54.0,662.2899780273438,0.0410958904109589,1.1660034824425065,0.1535820745812218,0.2027212135198458,0.04791795133325369
SPY,2026-03-31,569.0,124.84,128.23,126.535,117.25,3.0,15.0,662.2899780273438,0.0410958904109589,1.163954267183381,0.1518230591760423,0.2027212135198458,0.0478337370075362
SPY,2026-03-31,570.0,91.08,94.46,92.77,110.9,1.0,1132.0,662.2899780273438,0.0410958904109589,1.1619122421532346,0.1500671324737774,0.2027212135198458,0.04774981817068087
SPY,2026-03-31,571.0,108.24,110.99,109.615,82.16,10.0,5.0,662.2899780273438,0.0410958904109589,1.1598773695750328,0.14831428364636304,0.2027212135198458,0.047666193270206825
SPY,2026-03-31,572.0,89.15,92.5,90.825,124.12,2.0,39.0,662.2899780273438,0.0410958904109589,1.1578496119359156,0.1465645019225753,0.2027212135198458,0.04758286076448968
SPY,2026-03-31,573.0,88.13,91.51,89.82,107.78,1.0,39.0,662.2899780273438,0.0410958904109589,1.1558289319848931,0.14481777658763367,0.2027212135198458,0.04749981912266684
SPY,2026-03-31,574.0,87.22,90.53,88.875,104.2,4.0,227.0,662.2899780273438,0.0410958904109589,1.153815292730564,0.14307409698280685,0.2027212135198458,0.047417066824543726
SPY,2026-03-31,575.0,86.21,89.55,87.88,95.5,1.0,234.0,662.2899780273438,0.0410958904109589,1.1518086574388586,0.14133345250502274,0.2027212135198458,0.047334602360501035
SPY,2026-03-31,576.0,85.19,88.57,86.88,94.7,1.0,206.0,662.2899780273438,0.0410958904109589,1.149808989630805,0.13959583260648192,0.2027212135198458,0.04725242423140295
SPY,2026-03-31,577.0,84.24,87.59,85.91499999999999,92.1,1.0,21.0,662.2899780273438,0.0410958904109589,1.1478162530803184,0.13786122679427365,0.2027212135198458,0.047170530948506234
SPY,2026-03-31,578.0,83.23,86.62,84.92500000000001,100.51,2.0,239.0,662.2899780273438,0.0410958904109589,1.1458304118120135,0.13612962462999587,0.2027212135198458,0.047088921033370416
SPY,2026-03-31,579.0,82.25,85.64,83.945,102.86,1.0,97.0,662.2899780273438,0.0410958904109589,1.1438514300990392,0.13440101572937793,0.2027212135198458,0.04700759301776873
SPY,2026-03-31,580.0,81.29,84.66,82.975,86.52,4.0,118.0,662.2899780273438,0.0410958904109589,1.1418792724609375,0.13267538976190818,0.2027212135198458,0.046926545443600164
SPY,2026-03-31,581.0,113.42,116.23,114.825,114.38,10.0,78.0,662.2899780273438,0.0410958904109589,1.1399139036615211,0.13095273645046204,0.2027212135198458,0.04684577686280224
SPY,2026-03-31,582.0,79.33,82.71,81.02,88.65,1.0,336.0,662.2899780273438,0.0410958904109589,1.1379552887067763,0.1292330455709355,0.2027212135198458,0.046765285837264775
SPY,2026-03-31,583.0,78.36,81.74,80.05,101.87,3.0,71.0,662.2899780273438,0.0410958904109589,1.136003392842785,0.12751630695188076,0.2027212135198458,0.04668507093874459
SPY,2026-03-31,584.0,77.38,80.77,79.07499999999999,97.71,2.0,160.0,662.2899780273438,0.0410958904109589,1.1340581815536708,0.12580251047414615,0.2027212135198458,0.04660513074878099
SPY,2026-03-31,585.0,76.41,79.8,78.10499999999999,80.8,1.0,128.0,662.2899780273438,0.0410958904109589,1.132119620559562,0.12409164607051683,0.2027212135198458,0.046525463858612136
SPY,2026-03-31,586.0,75.44,78.83,77.13499999999999,95.6,2.0,20.0,662.2899780273438,0.0410958904109589,1.1301876758145797,0.12238370372536055,0.2027212135198458,0.04644606886909231
SPY,2026-03-31,590.0,71.57,74.96,73.26499999999999,81.52,1.0,135.0,662.2899780273438,0.0410958904109589,1.1225253864870233,0.11558095640260807,0.2027212135198458,0.046131180266589994
SPY,2026-03-31,595.0,66.76,70.15,68.45500000000001,80.7,9.0,53.0,662.2899780273438,0.0410958904109589,1.1130924000459559,0.10714208775674348,0.2027212135198458,0.04574352328955983
SPY,2026-03-31,600.0,61.99,65.4,63.69500000000001,71.85,1.0,460.0,662.2899780273438,0.0410958904109589,1.103816630045573,0.0987738380862269,0.2027212135198458,0.04536232726214683
SPY,2026-03-31,605.0,57.3,60.7,59.0,66.77,3.0,81.0,662.2899780273438,0.0410958904109589,1.094694178557593,0.09047503527153179,0.2027212135198458,0.04498743199551752
SPY,2026-03-31,610.0,52.65,56.07,54.36,54.21,13.0,278.0,662.2899780273438,0.0410958904109589,1.085721275454662,0.08224453613501632,0.2027212135198458,0.04461868255293131
SPY,2026-03-31,615.0,48.09,51.52,49.80500000000001,53.04,21.0,205.0,662.2899780273438,0.0410958904109589,1.0768942732151932,0.07408122549585543,0.2027212135198458,0.044255929036240815
SPY,2026-03-31,620.0,44.43,46.02,45.225,45.3,14.0,434.0,662.2899780273438,0.0410958904109589,1.0682096419795868,0.06598401526323609,0.2027212135198458,0.04389902638272274
SPY,2026-03-31,621.0,43.56,45.13,44.345,52.57,2.0,7.0,662.2899780273438,0.0410958904109589,1.0664894976285728,0.06437241136889442,0.2027212135198458,0.04382833551898244
SPY,2026-03-31,622.0,42.7,44.23,43.465,51.8,3.0,10.0,662.2899780273438,0.0410958904109589,1.064774884288334,0.0627634005631938,0.2027212135198458,0.04375787195705482
SPY,2026-03-31,623.0,41.85,43.35,42.6,59.69,1.0,3.0,662.2899780273438,0.0410958904109589,1.0630657753247894,0.06115697451492017,0.2027212135198458,0.0436876346023886
SPY,2026-03-31,624.0,41.0,42.48,41.739999999999995,42.0,1.0,2.0,662.2899780273438,0.0410958904109589,1.0613621442745893,0.05955312493294553,0.2027212135198458,0.04361762236744887
SPY,2026-03-31,625.0,40.15,41.61,40.879999999999995,41.25,136.0,959.0,662.2899780273438,0.0410958904109589,1.05966396484375,0.057951843565971765,0.2027212135198458,0.04354783417166096
SPY,2026-03-31,626.0,39.32,40.74,40.03,64.95,1.0,3.0,662.2899780273438,0.0410958904109589,1.0579712109063,0.056353122202274765,0.2027212135198458,0.04347826894135479
SPY,2026-03-31,627.0,38.48,39.88,39.18,61.98,,51.0,662.2899780273438,0.0410958904109589,1.0562838565029407,0.0547569526694526,0.2027212135198458,0.04340892560970989
SPY,2026-03-31,628.0,37.66,39.02,38.34,50.6,10.0,86.0,662.2899780273438,0.0410958904109589,1.0546018758397193,0.05316332683417453,0.2027212135198458,0.04333980311670079
SPY,2026-03-31,629.0,51.32,53.14,52.23,73.25,5.0,6.0,662.2899780273438,0.0410958904109589,1.052925243286715,0.051572236601932796,0.2027212135198458,0.043270900409043085
SPY,2026-03-31,630.0,36.02,37.33,36.675,36.58,35.0,2735.0,662.2899780273438,0.0410958904109589,1.0512539333767361,0.04998367391679487,0.2027212135198458,0.043202216440139836
SPY,2026-03-31,631.0,35.21,36.48,35.845,61.04,4.0,4.0,662.2899780273438,0.0410958904109589,1.0495879208040313,0.048397630761160076,0.2027212135198458,0.043133750170028684
SPY,2026-03-31,632.0,34.4,35.65,35.025,36.08,6.0,2.0,662.2899780273438,0.0410958904109589,1.0479271804230124,0.04681409915551591,0.2027212135198458,0.043065500565329276
SPY,2026-03-31,633.0,33.61,34.82,34.215,50.43,1.0,1.0,662.2899780273438,0.0410958904109589,1.0462716872469886,0.0452330711581971,0.2027212135198458,0.04299746659919131
SPY,2026-03-31,634.0,32.82,34.0,33.41,61.4,1.0,3.0,662.2899780273438,0.0410958904109589,1.0446214164469145,0.04365453886514741,0.2027212135198458,0.04292964725124306
SPY,2026-03-31,635.0,32.03,33.18,32.605000000000004,35.22,446.0,1450.0,662.2899780273438,0.0410958904109589,1.0429763433501476,0.042078494409681505,0.2027212135198458,0.042862041507540305
SPY,2026-03-31,636.0,31.25,32.36,31.805,43.92,2.0,57.0,662.2899780273438,0.0410958904109589,1.0413364434392198,0.040504929962251184,0.2027212135198458,0.04279464836051588
SPY,2026-03-31,637.0,30.48,31.56,31.02,61.38,7.0,7.0,662.2899780273438,0.0410958904109589,1.0397016923506182,0.03893383773020991,0.2027212135198458,0.04272746680892951
SPY,2026-03-31,638.0,29.71,30.75,30.23,51.36,1.0,12.0,662.2899780273438,0.0410958904109589,1.0380720658735796,0.0373652099575834,0.2027212135198458,0.04266049585781834
SPY,2026-03-31,639.0,28.95,29.96,29.455,34.81,31.0,32.0,662.2899780273438,0.0410958904109589,1.0364475399488948,0.035799038924838496,0.2027212135198458,0.04259373451844773
SPY,2026-03-31,640.0,28.2,29.17,28.685,28.65,438.0,3663.0,662.2899780273438,0.0410958904109589,1.0348280906677245,0.034235316948655614,0.2027212135198458,0.04252718180826265
SPY,2026-03-31,641.0,27.45,28.39,27.92,43.41,2.0,49.0,662.2899780273438,0.0410958904109589,1.033213694270427,0.032674036381703214,0.2027212135198458,0.04246083675083947
SPY,2026-03-31,642.0,26.71,27.61,27.16,32.72,1.0,9.0,662.2899780273438,0.0410958904109589,1.0316043271453952,0.031115189612412,0.2027212135198458,0.042394698375838154
SPY,2026-03-31,643.0,25.98,26.84,26.41,39.85,6.0,6.0,662.2899780273438,0.0410958904109589,1.0299999658279062,0.02955876906475376,0.2027212135198458,0.042328765718955046
SPY,2026-03-31,644.0,25.25,26.08,25.665,25.5,1.0,38.0,662.2899780273438,0.0410958904109589,1.028400586998981,0.028004767198019604,0.2027212135198458,0.042263037821875925
SPY,2026-03-31,645.0,24.53,25.33,24.93,25.42,44.0,625.0,662.2899780273438,0.0410958904109589,1.026806167484254,0.026453176506600777,0.2027212135198458,0.04219751373222961
SPY,2026-03-31,646.0,23.82,24.58,24.2,30.45,1.0,60.0,662.2899780273438,0.0410958904109589,1.025216684252854,0.02490398951977135,0.2027212135198458,0.04213219250354194
SPY,2026-03-31,648.0,22.41,23.1,22.755000000000003,22.67,6.0,2.0,662.2899780273438,0.0410958904109589,1.0220524352273823,0.02181279695009853,0.2027212135198458,0.04200215487235817
SPY,2026-03-31,649.0,21.7,22.39,22.045,21.95,3.0,52.0,662.2899780273438,0.0410958904109589,1.020477624079112,0.02027077659828317,0.2027212135198458,0.041937436605990905
SPY,2026-03-31,650.0,21.0,21.79,21.395,21.6,353.0,1892.0,662.2899780273438,0.0410958904109589,1.0189076585036059,0.018731130412690547,0.2027212135198458,0.041872917472750924
SPY,2026-03-31,651.0,20.32,20.98,20.65,32.45,1.0,55.0,662.2899780273438,0.0410958904109589,1.017342516171035,0.017193851093804044,0.2027212135198458,0.041808596554974035
SPY,2026-03-31,652.0,19.63,20.29,19.96,21.3,2.0,34.0,662.2899780273438,0.0410958904109589,1.015782174888564,0.01565893137572029,0.2027212135198458,0.041744472940625915
SPY,2026-03-31,653.0,18.96,19.61,19.285,22.13,5.0,50.0,662.2899780273438,0.0410958904109589,1.0142266125993014,0.014126364025942233,0.2027212135198458,0.04168054572325896
SPY,2026-03-31,654.0,18.3,18.94,18.62,21.0,5.0,12.0,662.2899780273438,0.0410958904109589,1.0126758073812596,0.012596141845174599,0.2027212135198458,0.04161681400196957
SPY,2026-03-31,655.0,17.64,18.27,17.955,18.42,5.0,838.0,662.2899780273438,0.0410958904109589,1.0111297374463264,0.011068257667121377,0.2027212135198458,0.04155327688135588
SPY,2026-03-31,656.0,16.99,17.6,17.295,22.45,1.0,19.0,662.2899780273438,0.0410958904109589,1.0095883811392434,0.009542704358284106,0.2027212135198458,0.041489933471475754
SPY,2026-03-31,657.0,16.35,16.96,16.655,19.24,3.0,22.0,662.2899780273438,0.0410958904109589,1.0080517169365963,0.008019474817762797,0.2027212135198458,0.041426782887805325
SPY,2026-03-31,658.0,16.01,16.07,16.04,16.5,2.0,4.0,662.2899780273438,0.0410958904109589,1.0065197234458112,0.006498561977056065,0.2027212135198458,0.041363824251197716
SPY,2026-03-31,659.0,15.38,15.44,15.41,16.39,3.0,21.0,662.2899780273438,0.0410958904109589,1.0049923794041635,0.004979958799866041,0.2027212135198458,0.041301056687842334
SPY,2026-03-31,660.0,14.76,14.82,14.79,14.82,349.0,1660.0,662.2899780273438,0.0410958904109589,1.0034696636777936,0.003463658281902004,0.2027212135198458,0.04123847932922439
SPY,2026-03-31,661.0,14.16,14.22,14.19,14.2,741.0,160.0,662.2899780273438,0.0410958904109589,1.0019515552607319,0.001949653450686981,0.2027212135198458,0.04117609131208487
SPY,2026-03-31,662.0,13.56,13.62,13.59,13.61,428.0,101.0,662.2899780273438,0.0410958904109589,1.000438033273933,0.0004379373653649738,0.2027212135198458,0.04111389177838081
SPY,2026-03-31,663.0,12.97,13.03,13.0,12.92,443.0,278.0,662.2899780273438,0.0410958904109589,0.9989290769643194,-0.001071496883489222,0.2027212135198458,0.041051879875246
SPY,2026-03-31,664.0,12.4,12.45,12.425,12.43,566.0,264.0,662.2899780273438,0.0410958904109589,0.9974246657038309,-0.002578656174060636,0.2027212135198458,0.04099005475495195
SPY,2026-03-31,665.0,11.83,11.88,11.855,11.85,1206.0,1035.0,662.2899780273438,0.0410958904109589,0.9959247789884869,-0.004083547353480885,0.2027212135198458,0.04092841557486932
SPY,2026-03-31,666.0,11.27,11.32,11.295,11.29,358.0,300.0,662.2899780273438,0.0410958904109589,0.9944293964374531,-0.005586177238015882,0.2027212135198458,0.04086696149742958
SPY,2026-03-31,667.0,10.72,10.78,10.75,11.01,835.0,238.0,662.2899780273438,0.0410958904109589,0.9929384977921195,-0.007086552613250533,0.2027212135198458,0.040805691690087104
SPY,2026-03-31,668.0,10.19,10.24,10.215,10.21,763.0,825.0,662.2899780273438,0.0410958904109589,0.9914520629151853,-0.008584680234272458,0.2027212135198458,0.04074460532528158
SPY,2026-03-31,669.0,9.66,9.72,9.69,9.92,588.0,513.0,662.2899780273438,0.0410958904109589,0.9899700717897515,-0.010080566825855213,0.2027212135198458,0.040683701580400744
SPY,2026-03-31,670.0,9.16,9.21,9.185,9.19,2437.0,2671.0,662.2899780273438,0.0410958904109589,0.9884925045184235,-0.011574219082638492,0.2027212135198458,0.04062297963774343
SPY,2026-03-31,671.0,8.65,8.71,8.68,8.7,396.0,966.0,662.2899780273438,0.0410958904109589,0.9870193413224199,-0.013065643669308588,0.2027212135198458,0.040562438684483004
SPY,2026-03-31,672.0,8.17,8.22,8.195,8.17,256.0,509.0,662.2899780273438,0.0410958904109589,0.9855505625406901,-0.014554847220776343,0.2027212135198458,0.04050207791263109
SPY,2026-03-31,673.0,7.69,7.74,7.715,7.7,232.0,330.0,662.2899780273438,0.0410958904109589,0.9840861486290398,-0.016041836342354555,0.2027212135198458,0.04044189651900163
SPY,2026-03-31,674.0,7.23,7.28,7.255000000000001,7.26,335.0,765.0,662.2899780273438,0.0410958904109589,0.9826260801592637,-0.01752661760993385,0.2027212135198458,0.04038189370517522
SPY,2026-03-31,675.0,6.78,6.83,6.805,6.82,1262.0,1668.0,662.2899780273438,0.0410958904109589,0.981170337818287,-0.019009197570156625,0.2027212135198458,0.040322068677463845
SPY,2026-03-31,676.0,6.34,6.39,6.365,6.35,605.0,764.0,662.2899780273438,0.0410958904109589,0.9797189024073132,-0.020489582740590907,0.2027212135198458,0.04026242064687588
SPY,2026-03-31,677.0,5.92,5.97,5.945,6.04,173.0,1497.0,662.2899780273438,0.0410958904109589,0.9782717548409804,-0.021967779609901796,0.2027212135198458,0.04020294882908138
SPY,2026-03-31,678.0,5.51,5.56,5.535,5.63,314.0,966.0,662.2899780273438,0.0410958904109589,0.9768288761465247,-0.023443794638022344,0.2027212135198458,0.040143652444377724
SPY,2026-03-31,679.0,5.11,5.16,5.135,5.14,467.0,1275.0,662.2899780273438,0.0410958904109589,0.975390247462951,-0.024917634256322922,0.2027212135198458,0.04008453071765552
SPY,2026-03-31,680.0,4.73,4.78,4.755000000000001,4.74,1918.0,8427.0,662.2899780273438,0.0410958904109589,0.9739558500402113,-0.026389304867779198,0.2027212135198458,0.04002558287836485
SPY,2026-03-31,681.0,4.36,4.41,4.385,4.38,438.0,1089.0,662.2899780273438,0.0410958904109589,0.9725256652383902,-0.027858812847139126,0.2027212135198458,0.03996680816048179
SPY,2026-03-31,682.0,4.01,4.06,4.035,4.0,355.0,2073.0,662.2899780273438,0.0410958904109589,0.9710996745268969,-0.02932616454108892,0.2027212135198458,0.03990820580247521
SPY,2026-03-31,683.0,3.68,3.72,3.7,3.71,365.0,1784.0,662.2899780273438,0.0410958904109589,0.9696778594836658,-0.030791366268416834,0.2027212135198458,0.03984977504727393
SPY,2026-03-31,684.0,3.36,3.4,3.38,3.53,215.0,1944.0,662.2899780273438,0.0410958904109589,0.9682602017943622,-0.0322544243201772,0.2027212135198458,0.039791515142234064
SPY,2026-03-31,685.0,3.05,3.09,3.07,3.07,1866.0,4148.0,662.2899780273438,0.0410958904109589,0.9668466832515967,-0.03371534495985204,0.2027212135198458,0.03973342533910671
SPY,2026-03-31,686.0,2.76,2.8,2.78,2.91,152.0,1066.0,662.2899780273438,0.0410958904109589,0.9654372857541454,-0.035174134423511944,0.2027212135198458,0.039675504894005974
SPY,2026-03-31,687.0,2.49,2.53,2.51,2.47,175.0,1281.0,662.2899780273438,0.0410958904109589,0.9640319913061772,-0.036630798919976094,0.2027212135198458,0.039617753067377144
SPY,2026-03-31,688.0,2.23,2.27,2.25,2.23,588.0,1439.0,662.2899780273438,0.0410958904109589,0.962630782016488,-0.038085344630970436,0.2027212135198458,0.03956016912396526
SPY,2026-03-31,689.0,2.0,2.04,2.02,2.01,465.0,2104.0,662.2899780273438,0.0410958904109589,0.9612336400977413,-0.03953777771128537,0.2027212135198458,0.039502752332783886
SPY,2026-03-31,690.0,1.77,1.81,1.79,1.81,5855.0,6242.0,662.2899780273438,0.0410958904109589,0.9598405478657156,-0.040988104288931806,0.2027212135198458,0.0394455019670842
SPY,2026-03-31,691.0,1.57,1.61,1.59,1.65,935.0,1539.0,662.2899780273438,0.0410958904109589,0.9584514877385583,-0.04243633046529664,0.2027212135198458,0.03938841730432431
SPY,2026-03-31,692.0,1.38,1.42,1.4,1.42,564.0,2476.0,662.2899780273438,0.0410958904109589,0.9570664422360459,-0.04388246231529634,0.2027212135198458,0.03933149762613887
SPY,2026-03-31,693.0,1.21,1.24,1.225,1.27,488.0,1164.0,662.2899780273438,0.0410958904109589,0.955685393978851,-0.04532650588753001,0.2027212135198458,0.03927474221830894
SPY,2026-03-31,694.0,1.05,1.08,1.065,1.06,306.0,1789.0,662.2899780273438,0.0410958904109589,0.9543083256878152,-0.04676846720443126,0.2027212135198458,0.03921815037073213
SPY,2026-03-31,695.0,0.91,0.94,0.925,0.94,813.0,8167.0,662.2899780273438,0.0410958904109589,0.9529352201832284,-0.04820835226241891,0.2027212135198458,0.03916172137739295
SPY,2026-03-31,696.0,0.78,0.81,0.795,0.81,65.0,1229.0,662.2899780273438,0.0410958904109589,0.9515660603841146,-0.04964616703204637,0.2027212135198458,0.039105454536333475
SPY,2026-03-31,697.0,0.67,0.7,0.685,0.7,212.0,1647.0,662.2899780273438,0.0410958904109589,0.9502008293075234,-0.05108191745815059,0.2027212135198458,0.03904934914962425
SPY,2026-03-31,698.0,0.57,0.6,0.585,0.59,304.0,898.0,662.2899780273438,0.0410958904109589,0.9488395100678277,-0.05251560945999922,0.2027212135198458,0.038993404523335384
SPY,2026-03-31,699.0,0.48,0.51,0.495,0.51,134.0,1563.0,662.2899780273438,0.0410958904109589,0.9474820858760282,-0.05394724893143705,0.2027212135198458,0.038937619967508004
SPY,2026-03-31,700.0,0.43,0.44,0.435,0.42,2329.0,8851.0,662.2899780273438,0.0410958904109589,0.9461285400390625,-0.055376841741031385,0.2027212135198458,0.038881994796125856
SPY,2026-03-31,701.0,0.35,0.37,0.36,0.36,196.0,2874.0,662.2899780273438,0.0410958904109589,0.9447788559591209,-0.05680439373221683,0.2027212135198458,0.03882652832708716
SPY,2026-03-31,702.0,0.29,0.31,0.3,0.3,150.0,1588.0,662.2899780273438,0.0410958904109589,0.9434330171329683,-0.05822991072343784,0.2027212135198458,0.03877121988217678
SPY,2026-03-31,703.0,0.24,0.26,0.25,0.28,278.0,1700.0,662.2899780273438,0.0410958904109589,0.9420910071512714,-0.059653398508291634,0.2027212135198458,0.038716068787038545
SPY,2026-03-31,704.0,0.2,0.22,0.21,0.25,67.0,2298.0,662.2899780273438,0.0410958904109589,0.9407528096979315,-0.061074862855669106,0.2027212135198458,0.038661074371147866
SPY,2026-03-31,705.0,0.18,0.19,0.185,0.19,5219.0,9218.0,662.2899780273438,0.0410958904109589,0.9394184085494237,-0.062494309509895464,0.2027212135198458,0.038606235967784536
SPY,2026-03-31,706.0,0.14,0.16,0.15,0.16,117.0,1728.0,662.2899780273438,0.0410958904109589,0.9380877875741412,-0.0639117441908689,0.2027212135198458,0.038551552914005804
SPY,2026-03-31,707.0,0.12,0.14,0.13,0.13,116.0,1501.0,662.2899780273438,0.0410958904109589,0.936760930731745,-0.06532717259419953,0.2027212135198458,0.03849702455061966
SPY,2026-03-31,708.0,0.1,0.12,0.11,0.09,423.0,1702.0,662.2899780273438,0.0410958904109589,0.9354378220725195,-0.06674060039134648,0.2027212135198458,0.038442650222158335
SPY,2026-03-31,709.0,0.08,0.1,0.09,0.15,74.0,1259.0,662.2899780273438,0.0410958904109589,0.9341184457367331,-0.06815203322975426,0.2027212135198458,0.03838842927685204
SPY,2026-03-31,710.0,0.07,0.09,0.08,0.09,1107.0,12863.0,662.2899780273438,0.0410958904109589,0.9328027859540052,-0.06956147673298792,0.2027212135198458,0.03833436106660295
SPY,2026-03-31,711.0,0.06,0.08,0.07,0.13,45.0,2356.0,662.2899780273438,0.0410958904109589,0.9314908270426776,-0.0709689365008676,0.2027212135198458,0.038280444946959355
SPY,2026-03-31,712.0,0.05,0.07,0.06,0.07,89.0,4071.0,662.2899780273438,0.0410958904109589,0.9301825534091906,-0.07237441810960255,0.2027212135198458,0.038226680277090024
SPY,2026-03-31,713.0,0.04,0.06,0.05,0.06,165.0,23401.0,662.2899780273438,0.0410958904109589,0.9288779495474667,-0.07377792711192267,0.2027212135198458,0.03817306641975891
SPY,2026-03-31,714.0,0.04,0.05,0.045,0.05,80.0,2351.0,662.2899780273438,0.0410958904109589,0.9275770000382966,-0.07517946903721115,0.2027212135198458,0.03811960274129986
SPY,2026-03-31,719.0,0.02,0.03,0.025,0.05,5.0,520.0,662.2899780273438,0.0410958904109589,0.9211265341131346,-0.0821578644186734,0.2027212135198458,0.037854515100539776
SPY,2026-03-31,720.0,0.02,0.03,0.025,0.03,200.0,5324.0,662.2899780273438,0.0410958904109589,0.9198471917046441,-0.08354771870772772,0.2027212135198458,0.03780193938512236
SPY,2026-04-02,500.0,160.64,163.97,162.305,171.5,2.0,4.0,662.2899780273438,0.0465753424657534,1.3245799560546876,0.28109539488018154,0.21581321198145725,0.06169276507651966
SPY,2026-04-02,520.0,140.74,144.08,142.41000000000005,162.99,2.0,9.0,662.2899780273438,0.0465753424657534,1.2736345731295071,0.24187468172690013,0.21581321198145725,0.05931996641973044
SPY,2026-04-02,530.0,130.84,134.15,132.495,156.18,,1.0,662.2899780273438,0.0465753424657534,1.2496037321270637,0.2228264867562057,0.21581321198145725,0.05820072177030156
SPY,2026-04-02,535.0,125.84,129.2,127.52,132.37,22.0,22.0,662.2899780273438,0.0465753424657534,1.2379251925744743,0.2134367464063667,0.21581321198145725,0.05765678979113987
SPY,2026-04-02,540.0,120.89,124.24,122.565,122.88,4.0,2.0,662.2899780273438,0.0465753424657534,1.2264629222728587,0.2041343537440531,0.21581321198145725,0.05712293062640709
SPY,2026-04-02,550.0,111.02,114.34,112.68,113.09,1008.0,273.0,662.2899780273438,0.0465753424657534,1.2041635964133524,0.1857852150758567,0.21581321198145725,0.05608433188774515
SPY,2026-04-02,560.0,101.16,104.49,102.825,102.95,1232.0,2.0,662.2899780273438,0.0465753424657534,1.1826606750488282,0.1677667095731784,0.21581321198145725,0.05508282596117827
SPY,2026-04-02,570.0,91.35,94.69,93.02,92.75,2048.0,2.0,662.2899780273438,0.0465753424657534,1.1619122421532346,0.1500671324737774,0.21581321198145725,0.0541164605934383
SPY,2026-04-02,575.0,86.43,89.82,88.125,88.08,2716.0,2.0,662.2899780273438,0.0465753424657534,1.1518086574388586,0.14133345250502274,0.21581321198145725,0.053645882675234485
SPY,2026-04-02,580.0,81.61,84.98,83.295,83.24,1055.0,13.0,662.2899780273438,0.0465753424657534,1.1418792724609375,0.13267538976190818,0.21581321198145725,0.0531834181694135
SPY,2026-04-02,585.0,76.85,80.13,78.49,78.23,22.0,18.0,662.2899780273438,0.0465753424657534,1.132119620559562,0.12409164607051683,0.21581321198145725,0.0527288590397604
SPY,2026-04-02,590.0,71.84,75.34,73.59,74.61,4.0,5.0,662.2899780273438,0.0465753424657534,1.1225253864870233,0.11558095640260807,0.21581321198145725,0.0522820043021353
SPY,2026-04-02,600.0,62.42,65.91,64.16499999999999,66.64,3.0,39.0,662.2899780273438,0.0465753424657534,1.103816630045573,0.0987738380862269,0.21581321198145725,0.05141063756376638
SPY,2026-04-02,605.0,57.79,61.28,59.535,71.55,1.0,10.0,662.2899780273438,0.0465753424657534,1.094694178557593,0.09047503527153179,0.21581321198145725,0.050985756261586496
SPY,2026-04-02,610.0,53.2,56.71,54.955,55.22,2.0,10.0,662.2899780273438,0.0465753424657534,1.085721275454662,0.08224453613501632,0.21581321198145725,0.05056784022665546
SPY,2026-04-02,615.0,49.64,51.24,50.44,56.1,8.0,11.0,662.2899780273438,0.0465753424657534,1.0768942732151932,0.07408122549585543,0.21581321198145725,0.050156719574406226
SPY,2026-04-02,620.0,45.31,46.79,46.05,58.55,7.0,11.0,662.2899780273438,0.0465753424657534,1.0682096419795868,0.06598401526323609,0.21581321198145725,0.04975222990041908
SPY,2026-04-02,625.0,41.1,42.46,41.78,47.46,3.0,41.0,662.2899780273438,0.0465753424657534,1.05966396484375,0.057951843565971765,0.21581321198145725,0.04935421206121573
SPY,2026-04-02,630.0,37.01,38.23,37.62,37.88,3.0,6.0,662.2899780273438,0.0465753424657534,1.0512539333767361,0.04998367391679487,0.21581321198145725,0.04896251196549179
SPY,2026-04-02,635.0,33.06,34.13,33.595,38.7,5.0,1250.0,662.2899780273438,0.0465753424657534,1.0429763433501476,0.042078494409681505,0.21581321198145725,0.048576980375212325
SPY,2026-04-02,640.0,29.25,30.16,29.705,35.07,9.0,1353.0,662.2899780273438,0.0465753424657534,1.0348280906677245,0.034235316948655614,0.21581321198145725,0.04819747271603098
SPY,2026-04-02,645.0,25.6,26.34,25.97,26.9,4.0,2394.0,662.2899780273438,0.0465753424657534,1.026806167484254,0.026453176506600777,0.21581321198145725,0.04782384889652687
SPY,2026-04-02,650.0,22.07,22.73,22.4,24.15,15.0,184.0,662.2899780273438,0.0465753424657534,1.0189076585036059,0.018731130412690547,0.21581321198145725,0.047455973135784354
SPY,2026-04-02,655.0,18.69,19.32,19.005000000000003,19.3,8.0,137.0,662.2899780273438,0.0465753424657534,1.0111297374463264,0.011068257667121377,0.21581321198145725,0.04709371379886997
SPY,2026-04-02,656.0,18.04,18.66,18.35,19.1,11.0,24.0,662.2899780273438,0.0465753424657534,1.0095883811392434,0.009542704358284106,0.21581321198145725,0.047021924601005835
SPY,2026-04-02,657.0,17.4,18.0,17.7,19.87,2.0,182.0,662.2899780273438,0.0465753424657534,1.0080517169365963,0.008019474817762797,0.21581321198145725,0.04695035393951268
SPY,2026-04-02,658.0,16.76,17.36,17.060000000000002,17.02,2.0,20.0,662.2899780273438,0.0465753424657534,1.0065197234458112,0.006498561977056065,0.21581321198145725,0.046879000818024055
SPY,2026-04-02,659.0,16.43,16.49,16.46,16.45,39.0,1.0,662.2899780273438,0.0465753424657534,1.0049923794041635,0.004979958799866041,0.21581321198145725,0.04680786424622129
SPY,2026-04-02,660.0,15.81,15.87,15.84,15.84,216.0,306.0,662.2899780273438,0.0465753424657534,1.0034696636777936,0.003463658281902004,0.21581321198145725,0.04673694323978762
SPY,2026-04-02,661.0,15.19,15.25,15.22,15.2,64.0,160.0,662.2899780273438,0.0465753424657534,1.0019515552607319,0.001949653450686981,0.21581321198145725,0.046666236820362826
SPY,2026-04-02,662.0,14.59,14.65,14.62,14.6,176.0,152.0,662.2899780273438,0.0465753424657534,1.000438033273933,0.0004379373653649738,0.21581321198145725,0.04659574401549823
SPY,2026-04-02,663.0,13.99,14.05,14.02,13.99,1033.0,274.0,662.2899780273438,0.0465753424657534,0.9989290769643194,-0.001071496883489222,0.21581321198145725,0.046525463858612115
SPY,2026-04-02,664.0,13.41,13.47,13.44,13.45,1695.0,186.0,662.2899780273438,0.0465753424657534,0.9974246657038309,-0.002578656174060636,0.21581321198145725,0.046455395388945525
SPY,2026-04-02,665.0,12.83,12.89,12.86,12.86,1054.0,293.0,662.2899780273438,0.0465753424657534,0.9959247789884869,-0.004083547353480885,0.21581321198145725,0.04638553765151854
SPY,2026-04-02,666.0,12.26,12.32,12.29,12.31,1019.0,450.0,662.2899780273438,0.0465753424657534,0.9944293964374531,-0.005586177238015882,0.21581321198145725,0.04631588969708683
SPY,2026-04-02,667.0,11.71,11.77,11.74,11.71,388.0,805.0,662.2899780273438,0.0465753424657534,0.9929384977921195,-0.007086552613250533,0.21581321198145725,0.04624645058209869
SPY,2026-04-02,668.0,11.16,11.22,11.19,11.16,817.0,1417.0,662.2899780273438,0.0465753424657534,0.9914520629151853,-0.008584680234272458,0.21581321198145725,0.04617721936865244
SPY,2026-04-02,669.0,10.63,10.68,10.655,10.63,4945.0,3708.0,662.2899780273438,0.0465753424657534,0.9899700717897515,-0.010080566825855213,0.21581321198145725,0.04610819512445415
SPY,2026-04-02,670.0,10.1,10.16,10.13,10.1,3810.0,17391.0,662.2899780273438,0.0465753424657534,0.9884925045184235,-0.011574219082638492,0.21581321198145725,0.04603937692277586
SPY,2026-04-02,671.0,9.59,9.64,9.615,9.64,749.0,335.0,662.2899780273438,0.0465753424657534,0.9870193413224199,-0.013065643669308588,0.21581321198145725,0.04597076384241405
SPY,2026-04-02,672.0,9.09,9.14,9.115,9.06,592.0,835.0,662.2899780273438,0.0465753424657534,0.9855505625406901,-0.014554847220776343,0.21581321198145725,0.04590235496764855
SPY,2026-04-02,673.0,8.59,8.65,8.620000000000001,8.57,216.0,399.0,662.2899780273438,0.0465753424657534,0.9840861486290398,-0.016041836342354555,0.21581321198145725,0.04583414938820183
SPY,2026-04-02,674.0,8.11,8.17,8.14,8.09,474.0,726.0,662.2899780273438,0.0465753424657534,0.9826260801592637,-0.01752661760993385,0.21581321198145725,0.04576614619919856
SPY,2026-04-02,675.0,7.65,7.7,7.675000000000001,7.68,1759.0,1411.0,662.2899780273438,0.0465753424657534,0.981170337818287,-0.019009197570156625,0.21581321198145725,0.04569834450112567
SPY,2026-04-02,676.0,7.19,7.25,7.220000000000001,7.2,185.0,350.0,662.2899780273438,0.0465753424657534,0.9797189024073132,-0.020489582740590907,0.21581321198145725,0.045630743399792645
SPY,2026-04-02,677.0,6.75,6.81,6.779999999999999,6.73,231.0,1068.0,662.2899780273438,0.0465753424657534,0.9782717548409804,-0.021967779609901796,0.21581321198145725,0.045563342006292216
SPY,2026-04-02,678.0,6.32,6.38,6.35,6.31,80.0,333.0,662.2899780273438,0.0465753424657534,0.9768288761465247,-0.023443794638022344,0.21581321198145725,0.0454961394369614
SPY,2026-04-02,679.0,5.91,5.96,5.9350000000000005,5.92,141.0,468.0,662.2899780273438,0.0465753424657534,0.975390247462951,-0.024917634256322922,0.21581321198145725,0.045429134813342896
SPY,2026-04-02,680.0,5.51,5.56,5.535,5.53,1312.0,1679.0,662.2899780273438,0.0465753424657534,0.9739558500402113,-0.026389304867779198,0.21581321198145725,0.045362327262146805
SPY,2026-04-02,681.0,5.12,5.17,5.145,5.11,55.0,764.0,662.2899780273438,0.0465753424657534,0.9725256652383902,-0.027858812847139126,0.21581321198145725,0.04529571591521267
SPY,2026-04-02,682.0,4.75,4.8,4.775,4.74,165.0,668.0,662.2899780273438,0.0465753424657534,0.9710996745268969,-0.02932616454108892,0.21581321198145725,0.04522929990947189
SPY,2026-04-02,683.0,4.39,4.44,4.415,4.38,98.0,1515.0,662.2899780273438,0.0465753424657534,0.9696778594836658,-0.030791366268416834,0.21581321198145725,0.04516307838691044
SPY,2026-04-02,684.0,4.04,4.09,4.0649999999999995,4.04,138.0,1275.0,662.2899780273438,0.0465753424657534,0.9682602017943622,-0.0322544243201772,0.21581321198145725,0.045097050494531915
SPY,2026-04-02,685.0,3.72,3.76,3.74,3.74,1383.0,3853.0,662.2899780273438,0.0465753424657534,0.9668466832515967,-0.03371534495985204,0.21581321198145725,0.04503121538432092
SPY,2026-04-02,686.0,3.4,3.45,3.425,3.43,120.0,814.0,662.2899780273438,0.0465753424657534,0.9654372857541454,-0.035174134423511944,0.21581321198145725,0.04496557221320675
SPY,2026-04-02,687.0,3.1,3.15,3.125,3.13,68.0,700.0,662.2899780273438,0.0465753424657534,0.9640319913061772,-0.036630798919976094,0.21581321198145725,0.04490012014302741
SPY,2026-04-02,688.0,2.82,2.87,2.845,2.85,151.0,616.0,662.2899780273438,0.0465753424657534,0.962630782016488,-0.038085344630970436,0.21581321198145725,0.04483485834049394
SPY,2026-04-02,689.0,2.56,2.6,2.58,2.58,281.0,745.0,662.2899780273438,0.0465753424657534,0.9612336400977413,-0.03953777771128537,0.21581321198145725,0.04476978597715505
SPY,2026-04-02,690.0,2.31,2.35,2.33,2.34,1645.0,1639.0,662.2899780273438,0.0465753424657534,0.9598405478657156,-0.040988104288931806,0.21581321198145725,0.044704902229362076
SPY,2026-04-02,691.0,2.07,2.12,2.095,2.11,229.0,497.0,662.2899780273438,0.0465753424657534,0.9584514877385583,-0.04243633046529664,0.21581321198145725,0.044640206278234194
SPY,2026-04-02,692.0,1.86,1.9,1.88,1.88,88.0,403.0,662.2899780273438,0.0465753424657534,0.9570664422360459,-0.04388246231529634,0.21581321198145725,0.04457569730962403
SPY,2026-04-02,693.0,1.65,1.69,1.67,1.69,84.0,420.0,662.2899780273438,0.0465753424657534,0.955685393978851,-0.04532650588753001,0.21581321198145725,0.04451137451408345
SPY,2026-04-02,694.0,1.47,1.51,1.49,1.49,236.0,717.0,662.2899780273438,0.0465753424657534,0.9543083256878152,-0.04676846720443126,0.21581321198145725,0.044447237086829725
SPY,2026-04-02,695.0,1.3,1.33,1.315,1.31,710.0,1158.0,662.2899780273438,0.0465753424657534,0.9529352201832284,-0.04820835226241891,0.21581321198145725,0.04438328422771198
SPY,2026-04-02,696.0,1.14,1.18,1.16,1.16,152.0,995.0,662.2899780273438,0.0465753424657534,0.9515660603841146,-0.04964616703204637,0.21581321198145725,0.04431951514117792
SPY,2026-04-02,697.0,1.0,1.03,1.015,1.0,155.0,628.0,662.2899780273438,0.0465753424657534,0.9502008293075234,-0.05108191745815059,0.21581321198145725,0.04425592903624079
SPY,2026-04-02,698.0,0.87,0.9,0.885,0.88,66.0,1277.0,662.2899780273438,0.0465753424657534,0.9488395100678277,-0.05251560945999922,0.21581321198145725,0.044192525126446745
SPY,2026-04-02,699.0,0.75,0.79,0.77,0.76,146.0,596.0,662.2899780273438,0.0465753424657534,0.9474820858760282,-0.05394724893143705,0.21581321198145725,0.04412930262984239
SPY,2026-04-02,700.0,0.67,0.68,0.675,0.65,1381.0,3725.0,662.2899780273438,0.0465753424657534,0.9461285400390625,-0.055376841741031385,0.21581321198145725,0.044066260768942614
SPY,2026-04-02,701.0,0.56,0.59,0.575,0.62,104.0,669.0,662.2899780273438,0.0465753424657534,0.9447788559591209,-0.05680439373221683,0.21581321198145725,0.04400339877069876
SPY,2026-04-02,702.0,0.48,0.51,0.495,0.54,205.0,774.0,662.2899780273438,0.0465753424657534,0.9434330171329683,-0.05822991072343784,0.21581321198145725,0.043940715866466994
SPY,2026-04-02,703.0,0.41,0.44,0.425,0.42,263.0,596.0,662.2899780273438,0.0465753424657534,0.9420910071512714,-0.059653398508291634,0.21581321198145725,0.043878211291977
SPY,2026-04-02,704.0,0.35,0.37,0.36,0.37,358.0,851.0,662.2899780273438,0.0465753424657534,0.9407528096979315,-0.061074862855669106,0.21581321198145725,0.0438158842873009
SPY,2026-04-02,705.0,0.3,0.32,0.31,0.3,335.0,1500.0,662.2899780273438,0.0465753424657534,0.9394184085494237,-0.062494309509895464,0.21581321198145725,0.04375373409682245
SPY,2026-04-02,706.0,0.25,0.27,0.26,0.31,143.0,760.0,662.2899780273438,0.0465753424657534,0.9380877875741412,-0.0639117441908689,0.21581321198145725,0.04369175996920655
SPY,2026-04-02,707.0,0.21,0.23,0.22,0.23,253.0,2974.0,662.2899780273438,0.0465753424657534,0.936760930731745,-0.06532717259419953,0.21581321198145725,0.043629961157368925
SPY,2026-04-02,710.0,0.13,0.14,0.135,0.14,708.0,4983.0,662.2899780273438,0.0465753424657534,0.9328027859540052,-0.06956147673298792,0.21581321198145725,0.04344560920881666
SPY,2026-04-02,715.0,0.05,0.07,0.06,0.06,708.0,2248.0,662.2899780273438,0.0465753424657534,0.9262796895487325,-0.07657904939163442,0.21581321198145725,0.04314179375980396
SPY,2026-04-02,720.0,0.03,0.04,0.035,0.04,575.0,3801.0,662.2899780273438,0.0465753424657534,0.9198471917046441,-0.08354771870772772,0.21581321198145725,0.04284219796980532
SPY,2026-04-02,735.0,0.02,0.03,0.025,0.02,88.0,5727.0,662.2899780273438,0.0465753424657534,0.9010748000372024,-0.10416700591046339,0.21581321198145725,0.04196786739899297
QQQ,2026-03-17,545.0,46.3,50.12,48.209999999999994,58.95,,1.0,593.719970703125,0.0027397260273972,1.0893944416571102,0.08562198374872053,0.05234239225902079,0.0029846423059098253
QQQ,2026-03-17,550.0,41.33,45.15,43.239999999999995,54.3,,1.0,593.719970703125,0.0027397260273972,1.0794908558238636,0.0764895001854479,0.05234239225902079,0.0029575091940379173
QQQ,2026-03-17,560.0,31.49,35.32,33.405,36.79,2.0,23.0,593.719970703125,0.0027397260273972,1.0602142333984375,0.05847099468276956,0.05234239225902079,0.0029046965298586687
QQQ,2026-03-17,565.0,26.66,30.48,28.57,29.05,2.0,19.0,593.719970703125,0.0027397260273972,1.0508318065542035,0.04958204726552353,0.05234239225902079,0.002878991250833371
QQQ,2026-03-17,570.0,22.25,25.3,23.775,24.28,10.0,57.0,593.719970703125,0.0027397260273972,1.041613983689693,0.040771417583368635,0.05234239225902079,0.002853736941615534
QQQ,2026-03-17,575.0,17.82,20.89,19.355,20.75,37.0,27.0,593.719970703125,0.0027397260273972,1.0325564707880435,0.03203773761461407,0.05234239225902079,0.0028289218377753993
QQQ,2026-03-17,580.0,14.29,16.66,15.475,15.0,12.0,3.0,593.719970703125,0.0027397260273972,1.0236551219019396,0.02337967487149948,0.05234239225902079,0.0028045345805531975
QQQ,2026-03-17,585.0,10.68,12.04,11.36,11.69,36.0,90.0,593.719970703125,0.0027397260273972,1.0149059328258547,0.014795931180108052,0.05234239225902079,0.0027805641995228285
QQQ,2026-03-17,588.0,8.98,9.05,9.015,9.25,29.0,14.0,593.719970703125,0.0027397260273972,1.0097278413318453,0.009680830513337702,0.05234239225902079,0.002766377647484447
QQQ,2026-03-17,590.0,7.65,7.73,7.69,8.06,588.0,337.0,593.719970703125,0.0027397260273972,1.0063050350900424,0.006285241512199443,0.05234239225902079,0.002757000096137042
QQQ,2026-03-17,592.0,6.43,6.49,6.46,6.5,621.0,50.0,593.719970703125,0.0027397260273972,1.0029053559174408,0.0029011435279587467,0.05234239225902079,0.002747685906623065
QQQ,2026-03-17,594.0,5.28,5.34,5.3100000000000005,5.3,3321.0,50.0,593.719970703125,0.0027397260273972,0.9995285702072811,-0.0004715409506804123,0.05234239225902079,0.0027384344389239975
QQQ,2026-03-17,595.0,4.74,4.8,4.77,4.87,3086.0,274.0,593.719970703125,0.0027397260273972,0.9978486902573529,-0.0021536271336652837,0.05234239225902079,0.0027338320281022764
QQQ,2026-03-17,596.0,4.23,4.29,4.26,4.33,1846.0,45.0,593.719970703125,0.0027397260273972,0.9961744474884647,-0.003832888653385275,0.05234239225902079,0.002729245061612172
QQQ,2026-03-17,597.0,3.74,3.8,3.77,3.96,2054.0,76.0,593.719970703125,0.0027397260273972,0.9945058135730737,-0.0055093349806376105,0.05234239225902079,0.0027246734618439775
QQQ,2026-03-17,598.0,3.28,3.34,3.3099999999999996,3.39,2064.0,137.0,593.719970703125,0.0027397260273972,0.9928427603731187,-0.0071829755386672535,0.05234239225902079,0.0027201171517071145
QQQ,2026-03-17,599.0,2.86,2.91,2.885,3.0,3513.0,180.0,593.719970703125,0.0027397260273972,0.9911852599384391,-0.008853819703484806,0.05234239225902079,0.0027155760546258008
QQQ,2026-03-17,600.0,2.46,2.51,2.485,2.5,10927.0,1567.0,593.719970703125,0.0027397260273972,0.9895332845052084,-0.010521876804181795,0.05234239225902079,0.002711050094534758
QQQ,2026-03-17,601.0,2.1,2.14,2.12,2.16,2234.0,219.0,593.719970703125,0.0027397260273972,0.9878868064943843,-0.012187156123243103,0.05234239225902079,0.002706539195874966
QQQ,2026-03-17,602.0,1.76,1.81,1.785,1.84,3167.0,418.0,593.719970703125,0.0027397260273972,0.9862457985101745,-0.013849666896856473,0.05234239225902079,0.0027020432835894595
QQQ,2026-03-17,603.0,1.48,1.51,1.495,1.49,3647.0,433.0,593.719970703125,0.0027397260273972,0.9846102333385157,-0.015509418315220963,0.05234239225902079,0.002697562283119162
QQQ,2026-03-17,604.0,1.21,1.25,1.23,1.26,7465.0,4297.0,593.719970703125,0.0027397260273972,0.9829800839455712,-0.017166419522850383,0.05234239225902079,0.002693096120398766
QQQ,2026-03-17,605.0,0.98,1.02,1.0,1.02,5185.0,1374.0,593.719970703125,0.0027397260273972,0.9813553234762397,-0.018820679618876953,0.05234239225902079,0.0026886447218526523
QQQ,2026-03-17,606.0,0.8,0.82,0.81,0.82,824.0,278.0,593.719970703125,0.0027397260273972,0.9797359252526815,-0.02047220765734996,0.05234239225902079,0.002684208014390849
QQQ,2026-03-17,607.0,0.63,0.65,0.64,0.67,3813.0,317.0,593.719970703125,0.0027397260273972,0.9781218627728583,-0.02212101264753378,0.05234239225902079,0.002679785925405032
QQQ,2026-03-17,608.0,0.49,0.51,0.5,0.52,2587.0,498.0,593.719970703125,0.0027397260273972,0.9765131097090872,-0.023767103554202435,0.05234239225902079,0.0026753783827645635
QQQ,2026-03-17,609.0,0.38,0.4,0.39,0.4,3018.0,748.0,593.719970703125,0.0027397260273972,0.9749096399066092,-0.02541048929793253,0.05234239225902079,0.002670985314812569
QQQ,2026-03-17,610.0,0.28,0.3,0.29,0.3,5343.0,2696.0,593.719970703125,0.0027397260273972,0.9733114273821721,-0.02705117875539241,0.05234239225902079,0.002666606650362057
QQQ,2026-03-17,611.0,0.21,0.23,0.22,0.24,2242.0,417.0,593.719970703125,0.0027397260273972,0.9717184463226268,-0.028689180759630818,0.05234239225902079,0.0026622423186920697
QQQ,2026-03-17,612.0,0.15,0.17,0.16,0.18,2940.0,457.0,593.719970703125,0.0027397260273972,0.9701306710835376,-0.03032450410036158,0.05234239225902079,0.00265789224954388
QQQ,2026-03-17,613.0,0.11,0.13,0.12,0.12,2230.0,380.0,593.719970703125,0.0027397260273972,0.9685480761878059,-0.03195715752424683,0.05234239225902079,0.002653556373117218
QQQ,2026-03-17,614.0,0.08,0.1,0.09,0.1,1335.0,714.0,593.719970703125,0.0027397260273972,0.9669706363243078,-0.033587149735177964,0.05234239225902079,0.0026492346200665384
QQQ,2026-03-17,615.0,0.05,0.08,0.065,0.07,3036.0,939.0,593.719970703125,0.0027397260273972,0.9653983263465448,-0.0352144893945533,0.05234239225902079,0.0026449269214973248
QQQ,2026-03-17,616.0,0.04,0.06,0.05,0.06,846.0,788.0,593.719970703125,0.0027397260273972,0.9638311212713068,-0.03683918512155531,0.05234239225902079,0.0026406332089624262
QQQ,2026-03-17,619.0,0.02,0.03,0.025,0.04,251.0,458.0,593.719970703125,0.0027397260273972,0.9591598880502827,-0.04169749427263156,0.05234239225902079,0.002627835309726744
QQQ,2026-03-18,535.0,56.4,60.22,58.31,73.5,1.0,0.0,593.719970703125,0.0054794520547945,1.1097569545852803,0.10414103151595794,0.07402332101976039,0.006080860025124801
QQQ,2026-03-18,550.0,41.58,45.4,43.489999999999995,51.4,1.0,2.0,593.719970703125,0.0054794520547945,1.0794908558238636,0.0764895001854479,0.07402332101976039,0.005915018388075942
QQQ,2026-03-18,565.0,27.53,30.54,29.035,29.37,27.0,55.0,593.719970703125,0.0054794520547945,1.0508318065542035,0.04958204726552353,0.07402332101976039,0.005757982501666847
QQQ,2026-03-18,570.0,23.51,26.14,24.825000000000003,25.04,7.0,22.0,593.719970703125,0.0054794520547945,1.041613983689693,0.040771417583368635,0.07402332101976039,0.0057074738832311725
QQQ,2026-03-18,575.0,18.57,21.88,20.225,20.55,30.0,73.0,593.719970703125,0.0054794520547945,1.0325564707880435,0.03203773761461407,0.07402332101976039,0.005657843675550902
QQQ,2026-03-18,580.0,14.37,18.15,16.259999999999998,16.58,3.0,41.0,593.719970703125,0.0054794520547945,1.0236551219019396,0.02337967487149948,0.07402332101976039,0.0056090691611064974
QQQ,2026-03-18,584.0,13.18,13.28,13.23,13.55,16.0,52.0,593.719970703125,0.0054794520547945,1.0166437854505566,0.01650679558373751,0.07402332101976039,0.005570650879181111
QQQ,2026-03-18,585.0,12.47,12.57,12.52,12.91,53.0,39.0,593.719970703125,0.0054794520547945,1.0149059328258547,0.014795931180108052,0.07402332101976039,0.0055611283990457585
QQQ,2026-03-18,590.0,9.15,9.23,9.19,9.57,216.0,83.0,593.719970703125,0.0054794520547945,1.0063050350900424,0.006285241512199443,0.07402332101976039,0.005514000192274184
QQQ,2026-03-18,593.0,7.35,7.43,7.39,7.44,391.0,29.0,593.719970703125,0.0054794520547945,1.001214115856872,0.0012133794142391498,0.07402332101976039,0.005486104744421195
QQQ,2026-03-18,594.0,6.79,6.86,6.825,6.9,772.0,27.0,593.719970703125,0.0054794520547945,0.9995285702072811,-0.0004715409506804123,0.07402332101976039,0.005476868877848095
QQQ,2026-03-18,595.0,6.24,6.32,6.28,6.27,994.0,450.0,593.719970703125,0.0054794520547945,0.9978486902573529,-0.0021536271336652837,0.07402332101976039,0.005467664056204653
QQQ,2026-03-18,596.0,5.72,5.79,5.755,5.75,589.0,59.0,593.719970703125,0.0054794520547945,0.9961744474884647,-0.003832888653385275,0.07402332101976039,0.0054584901232244435
QQQ,2026-03-18,597.0,5.21,5.28,5.245,5.47,1694.0,71.0,593.719970703125,0.0054794520547945,0.9945058135730737,-0.0055093349806376105,0.07402332101976039,0.005449346923688054
QQQ,2026-03-18,598.0,4.72,4.79,4.755,4.76,1017.0,170.0,593.719970703125,0.0054794520547945,0.9928427603731187,-0.0071829755386672535,0.07402332101976039,0.005440234303414329
QQQ,2026-03-18,599.0,4.26,4.33,4.295,4.32,500.0,309.0,593.719970703125,0.0054794520547945,0.9911852599384391,-0.008853819703484806,0.07402332101976039,0.0054311521092517
QQQ,2026-03-18,600.0,3.82,3.88,3.85,3.87,2858.0,853.0,593.719970703125,0.0054794520547945,0.9895332845052084,-0.010521876804181795,0.07402332101976039,0.005422100189069614
QQQ,2026-03-18,601.0,3.4,3.46,3.4299999999999997,3.45,1226.0,248.0,593.719970703125,0.0054794520547945,0.9878868064943843,-0.012187156123243103,0.07402332101976039,0.005413078391750031
QQQ,2026-03-18,602.0,3.01,3.06,3.035,3.26,984.0,210.0,593.719970703125,0.0054794520547945,0.9862457985101745,-0.013849666896856473,0.07402332101976039,0.005404086567179018
QQQ,2026-03-18,603.0,2.64,2.69,2.665,2.75,792.0,433.0,593.719970703125,0.0054794520547945,0.9846102333385157,-0.015509418315220963,0.07402332101976039,0.005395124566238422
QQQ,2026-03-18,604.0,2.3,2.35,2.325,2.35,538.0,92.0,593.719970703125,0.0054794520547945,0.9829800839455712,-0.017166419522850383,0.07402332101976039,0.00538619224079763
QQQ,2026-03-18,605.0,2.0,2.03,2.0149999999999997,2.01,2982.0,470.0,593.719970703125,0.0054794520547945,0.9813553234762397,-0.018820679618876953,0.07402332101976039,0.005377289443705403
QQQ,2026-03-18,606.0,1.69,1.74,1.715,1.76,313.0,371.0,593.719970703125,0.0054794520547945,0.9797359252526815,-0.02047220765734996,0.07402332101976039,0.005368416028781796
QQQ,2026-03-18,607.0,1.43,1.47,1.45,1.48,733.0,722.0,593.719970703125,0.0054794520547945,0.9781218627728583,-0.02212101264753378,0.07402332101976039,0.005359571850810162
QQQ,2026-03-18,608.0,1.19,1.24,1.215,1.22,577.0,363.0,593.719970703125,0.0054794520547945,0.9765131097090872,-0.023767103554202435,0.07402332101976039,0.005350756765529225
QQQ,2026-03-18,609.0,0.98,1.02,1.0,1.1,613.0,189.0,593.719970703125,0.0054794520547945,0.9749096399066092,-0.02541048929793253,0.07402332101976039,0.005341970629625235
QQQ,2026-03-18,610.0,0.81,0.84,0.825,0.89,1867.0,1140.0,593.719970703125,0.0054794520547945,0.9733114273821721,-0.02705117875539241,0.07402332101976039,0.005333213300724211
QQQ,2026-03-18,611.0,0.65,0.68,0.665,0.68,754.0,638.0,593.719970703125,0.0054794520547945,0.9717184463226268,-0.028689180759630818,0.07402332101976039,0.0053244846373842365
QQQ,2026-03-18,612.0,0.51,0.54,0.525,0.52,398.0,482.0,593.719970703125,0.0054794520547945,0.9701306710835376,-0.03032450410036158,0.07402332101976039,0.005315784499087857
QQQ,2026-03-18,613.0,0.39,0.43,0.41,0.4,690.0,400.0,593.719970703125,0.0054794520547945,0.9685480761878059,-0.03195715752424683,0.07402332101976039,0.005307112746234533
QQQ,2026-03-18,614.0,0.3,0.33,0.315,0.33,389.0,249.0,593.719970703125,0.0054794520547945,0.9669706363243078,-0.033587149735177964,0.07402332101976039,0.005298469240133173
QQQ,2026-03-18,615.0,0.23,0.26,0.245,0.25,1224.0,2878.0,593.719970703125,0.0054794520547945,0.9653983263465448,-0.0352144893945533,0.07402332101976039,0.005289853842994746
QQQ,2026-03-18,616.0,0.17,0.19,0.18,0.21,726.0,269.0,593.719970703125,0.0054794520547945,0.9638311212713068,-0.03683918512155531,0.07402332101976039,0.005281266417924949
QQQ,2026-03-18,617.0,0.12,0.15,0.135,0.14,819.0,714.0,593.719970703125,0.0054794520547945,0.9622689962773501,-0.0384612454934233,0.07402332101976039,0.005272706828916967
QQQ,2026-03-18,618.0,0.1,0.11,0.105,0.11,625.0,596.0,593.719970703125,0.0054794520547945,0.9607119267040858,-0.04008067904572623,0.07402332101976039,0.005264174940844286
QQQ,2026-03-18,619.0,0.06,0.09,0.075,0.08,504.0,593.0,593.719970703125,0.0054794520547945,0.9591598880502827,-0.04169749427263156,0.07402332101976039,0.005255670619453584
QQQ,2026-03-18,620.0,0.06,0.07,0.065,0.07,764.0,1469.0,593.719970703125,0.0054794520547945,0.9576128559727822,-0.04331169962717275,0.07402332101976039,0.005247193731357691
QQQ,2026-03-18,622.0,0.03,0.04,0.035,0.04,383.0,866.0,593.719970703125,0.0054794520547945,0.9545337149567926,-0.046532314327214906,0.07402332101976039,0.005230321725790625
QQQ,2026-03-18,624.0,0.02,0.03,0.025,0.03,379.0,411.0,593.719970703125,0.0054794520547945,0.9514743120242388,-0.049742589957463106,0.07402332101976039,0.005213557874105398
QQQ,2026-03-19,570.0,23.75,26.91,25.33,38.16,2.0,35.0,593.719970703125,0.0082191780821917,1.041613983689693,0.040771417583368635,0.09065968278232447,0.008561210824846708
QQQ,2026-03-19,575.0,20.27,22.74,21.505,21.7,18.0,53.0,593.719970703125,0.0082191780821917,1.0325564707880435,0.03203773761461407,0.09065968278232447,0.008486765513326302
QQQ,2026-03-19,580.0,15.32,19.12,17.22,18.7,4.0,23.0,593.719970703125,0.0082191780821917,1.0236551219019396,0.02337967487149948,0.09065968278232447,0.008413603741659696
QQQ,2026-03-19,588.0,11.49,11.58,11.535,12.97,11.0,26.0,593.719970703125,0.0082191780821917,1.0097278413318453,0.009680830513337702,0.09065968278232447,0.008299132942453442
QQQ,2026-03-19,590.0,10.22,10.3,10.260000000000002,10.82,244.0,102.0,593.719970703125,0.0082191780821917,1.0063050350900424,0.006285241512199443,0.09065968278232447,0.008271000288411226
QQQ,2026-03-19,593.0,8.42,8.5,8.46,8.79,457.0,34.0,593.719970703125,0.0082191780821917,1.001214115856872,0.0012133794142391498,0.09065968278232447,0.008229157116631743
QQQ,2026-03-19,594.0,7.85,7.93,7.89,8.13,332.0,21.0,593.719970703125,0.0082191780821917,0.9995285702072811,-0.0004715409506804123,0.09065968278232447,0.008215303316772093
QQQ,2026-03-19,595.0,7.29,7.37,7.33,7.48,689.0,209.0,593.719970703125,0.0082191780821917,0.9978486902573529,-0.0021536271336652837,0.09065968278232447,0.00820149608430693
QQQ,2026-03-19,596.0,6.76,6.84,6.8,7.01,201.0,25.0,593.719970703125,0.0082191780821917,0.9961744474884647,-0.003832888653385275,0.09065968278232447,0.008187735184836616
QQQ,2026-03-19,597.0,6.24,6.32,6.28,6.36,193.0,66.0,593.719970703125,0.0082191780821917,0.9945058135730737,-0.0055093349806376105,0.09065968278232447,0.008174020385532032
QQQ,2026-03-19,598.0,5.74,5.82,5.78,5.93,523.0,382.0,593.719970703125,0.0082191780821917,0.9928427603731187,-0.0071829755386672535,0.09065968278232447,0.008160351455121444
QQQ,2026-03-19,599.0,5.26,5.33,5.295,5.33,328.0,676.0,593.719970703125,0.0082191780821917,0.9911852599384391,-0.008853819703484806,0.09065968278232447,0.008146728163877502
QQQ,2026-03-19,600.0,4.8,4.87,4.835,4.83,951.0,299.0,593.719970703125,0.0082191780821917,0.9895332845052084,-0.010521876804181795,0.09065968278232447,0.008133150283604373
QQQ,2026-03-19,601.0,4.36,4.42,4.390000000000001,4.5,407.0,159.0,593.719970703125,0.0082191780821917,0.9878868064943843,-0.012187156123243103,0.09065968278232447,0.008119617587624996
QQQ,2026-03-19,602.0,3.94,4.0,3.97,4.15,172.0,452.0,593.719970703125,0.0082191780821917,0.9862457985101745,-0.013849666896856473,0.09065968278232447,0.008106129850768478
QQQ,2026-03-19,603.0,3.53,3.6,3.565,3.62,244.0,318.0,593.719970703125,0.0082191780821917,0.9846102333385157,-0.015509418315220963,0.09065968278232447,0.008092686849357584
QQQ,2026-03-19,604.0,3.16,3.21,3.185,3.24,277.0,241.0,593.719970703125,0.0082191780821917,0.9829800839455712,-0.017166419522850383,0.09065968278232447,0.008079288361196396
QQQ,2026-03-19,605.0,2.8,2.86,2.83,2.87,1397.0,529.0,593.719970703125,0.0082191780821917,0.9813553234762397,-0.018820679618876953,0.09065968278232447,0.008065934165558055
QQQ,2026-03-19,606.0,2.46,2.52,2.49,2.53,173.0,160.0,593.719970703125,0.0082191780821917,0.9797359252526815,-0.02047220765734996,0.09065968278232447,0.008052624043172646
QQQ,2026-03-19,607.0,2.15,2.21,2.1799999999999997,2.25,327.0,191.0,593.719970703125,0.0082191780821917,0.9781218627728583,-0.02212101264753378,0.09065968278232447,0.008039357776215195
QQQ,2026-03-19,608.0,1.87,1.92,1.895,1.89,379.0,182.0,593.719970703125,0.0082191780821917,0.9765131097090872,-0.023767103554202435,0.09065968278232447,0.008026135148293789
QQQ,2026-03-19,609.0,1.6,1.65,1.625,1.83,113.0,320.0,593.719970703125,0.0082191780821917,0.9749096399066092,-0.02541048929793253,0.09065968278232447,0.008012955944437804
QQQ,2026-03-19,610.0,1.36,1.41,1.385,1.5,1543.0,1382.0,593.719970703125,0.0082191780821917,0.9733114273821721,-0.02705117875539241,0.09065968278232447,0.007999819951086267
QQQ,2026-03-19,611.0,1.14,1.19,1.165,1.34,176.0,197.0,593.719970703125,0.0082191780821917,0.9717184463226268,-0.028689180759630818,0.09065968278232447,0.007986726956076306
QQQ,2026-03-19,612.0,0.95,1.0,0.975,1.05,194.0,333.0,593.719970703125,0.0082191780821917,0.9701306710835376,-0.03032450410036158,0.09065968278232447,0.007973676748631737
QQQ,2026-03-19,613.0,0.78,0.82,0.8,0.86,284.0,552.0,593.719970703125,0.0082191780821917,0.9685480761878059,-0.03195715752424683,0.09065968278232447,0.00796066911935175
QQQ,2026-03-19,614.0,0.63,0.67,0.65,0.8,201.0,438.0,593.719970703125,0.0082191780821917,0.9669706363243078,-0.033587149735177964,0.09065968278232447,0.007947703860199712
QQQ,2026-03-19,615.0,0.5,0.54,0.52,0.57,919.0,2710.0,593.719970703125,0.0082191780821917,0.9653983263465448,-0.0352144893945533,0.09065968278232447,0.007934780764492071
QQQ,2026-03-19,616.0,0.4,0.43,0.415,0.4,418.0,355.0,593.719970703125,0.0082191780821917,0.9638311212713068,-0.03683918512155531,0.09065968278232447,0.007921899626887375
QQQ,2026-03-19,617.0,0.31,0.34,0.325,0.38,271.0,313.0,593.719970703125,0.0082191780821917,0.9622689962773501,-0.0384612454934233,0.09065968278232447,0.007909060243375402
QQQ,2026-03-19,618.0,0.23,0.27,0.25,0.24,714.0,1533.0,593.719970703125,0.0082191780821917,0.9607119267040858,-0.04008067904572623,0.09065968278232447,0.007896262411266381
QQQ,2026-03-19,619.0,0.18,0.21,0.195,0.27,449.0,899.0,593.719970703125,0.0082191780821917,0.9591598880502827,-0.04169749427263156,0.09065968278232447,0.007883505929180329
QQQ,2026-03-19,620.0,0.13,0.16,0.145,0.16,1528.0,1231.0,593.719970703125,0.0082191780821917,0.9576128559727822,-0.04331169962717275,0.09065968278232447,0.007870790597036489
QQQ,2026-03-19,621.0,0.1,0.13,0.115,0.12,316.0,619.0,593.719970703125,0.0082191780821917,0.9560708062852254,-0.04492330352151424,0.09065968278232447,0.007858116216042871
QQQ,2026-03-19,622.0,0.07,0.1,0.085,0.08,223.0,326.0,593.719970703125,0.0082191780821917,0.9545337149567926,-0.046532314327214906,0.09065968278232447,0.007845482588685889
QQQ,2026-03-19,623.0,0.05,0.08,0.065,0.11,172.0,456.0,593.719970703125,0.0082191780821917,0.9530015581109551,-0.04813874037548858,0.09065968278232447,0.007832889518720102
QQQ,2026-03-19,624.0,0.04,0.06,0.05,0.08,482.0,639.0,593.719970703125,0.0082191780821917,0.9514743120242388,-0.049742589957463106,0.09065968278232447,0.007820336811158051
QQQ,2026-03-19,626.0,0.03,0.04,0.035,0.04,4828.0,341.0,593.719970703125,0.0082191780821917,0.9484344579922125,-0.05294259268813398,0.09065968278232447,0.007795351709524958
QQQ,2026-03-20,205.0,386.18,389.99,388.085,402.02,1.0,44.0,593.719970703125,0.010958904109589,2.896194979039634,1.0633977992735564,0.10468478451804254,0.03173912305796847
QQQ,2026-03-20,210.0,381.16,385.0,383.08,399.2,1.0,3.0,593.719970703125,0.010958904109589,2.8272379557291667,1.039300247694496,0.10468478451804254,0.030983429651826367
QQQ,2026-03-20,215.0,376.16,380.0,378.08,391.95,1.0,1.0,593.719970703125,0.010958904109589,2.7614882358284882,1.0157697502843017,0.10468478451804254,0.030262884776202495
QQQ,2026-03-20,230.0,361.19,365.01,363.1,380.52,1.0,0.0,593.719970703125,0.010958904109589,2.581391176970109,0.9483284694887691,0.10468478451804254,0.02828921837775451
QQQ,2026-03-20,235.0,388.98,392.75,390.865,361.37,1.0,3.0,593.719970703125,0.010958904109589,2.5264679604388296,0.9268222642678055,0.10468478451804254,0.027687320114398027
QQQ,2026-03-20,240.0,295.1,298.49,296.795,289.09,1.0,1.0,593.719970703125,0.010958904109589,2.473833211263021,0.9057688550699732,0.10468478451804254,0.02711050094534807
QQQ,2026-03-20,245.0,354.42,358.25,356.33500000000004,316.4,2.0,8.0,593.719970703125,0.010958904109589,2.4233468191964285,0.8851495678672375,0.10468478451804254,0.02655722541585117
QQQ,2026-03-20,250.0,362.35,365.96,364.155,366.72,1.0,9.0,593.719970703125,0.010958904109589,2.3748798828125,0.864946860549718,0.10468478451804254,0.02602608090753415
QQQ,2026-03-20,255.0,336.21,340.03,338.12,345.74,1.0,4.0,593.719970703125,0.010958904109589,2.3283136106004902,0.8451442332535384,0.10468478451804254,0.025515765595621714
QQQ,2026-03-20,260.0,331.22,335.04,333.13,347.4,1.0,8.0,593.719970703125,0.010958904109589,2.283538348858173,0.8257261473964368,0.10468478451804254,0.02502507779570591
QQQ,2026-03-20,265.0,326.22,330.04,328.13,342.72,,1.0,593.719970703125,0.010958904109589,2.240452719634434,0.8066779524257424,0.10468478451804254,0.024552906516541653
QQQ,2026-03-20,270.0,321.22,325.04,323.13,328.77,2.0,0.0,593.719970703125,0.010958904109589,2.1989628544560187,0.7879858194135898,0.10468478451804254,0.02409822306253162
QQQ,2026-03-20,275.0,259.5,263.22,261.36,244.63,1.0,3.0,593.719970703125,0.010958904109589,2.1589817116477272,0.7696366807453932,0.10468478451804254,0.02366007355230377
QQQ,2026-03-20,280.0,311.23,315.06,313.145,335.62,25.0,69.0,593.719970703125,0.010958904109589,2.120428466796875,0.7516181752427149,0.10468478451804254,0.023237572238869773
QQQ,2026-03-20,285.0,306.23,310.06,308.145,318.73,2.0,6.0,593.719970703125,0.010958904109589,2.083227967379386,0.733918598143314,0.10468478451804254,0.02282989553292469
QQQ,2026-03-20,290.0,334.39,337.76,336.075,321.08,1.0,1.0,593.719970703125,0.010958904109589,2.0473102438038793,0.7165268554314448,0.10468478451804254,0.02243627664442599
QQQ,2026-03-20,295.0,296.24,300.07,298.155,305.73,1.0,3.0,593.719970703125,0.010958904109589,2.012610070180085,0.6994324220721447,0.10468478451804254,0.022056000769096737
QQQ,2026-03-20,300.0,291.25,295.07,293.15999999999997,310.79,20.0,121.0,593.719970703125,0.010958904109589,1.9790665690104168,0.6826253037557635,0.10468478451804254,0.021688400756278457
QQQ,2026-03-20,305.0,286.25,290.07,288.15999999999997,303.31,1.0,1.0,593.719970703125,0.010958904109589,1.9466228547643443,0.6660960018045529,0.10468478451804254,0.021332853202896844
QQQ,2026-03-20,310.0,281.25,285.08,283.16499999999996,289.6,1.0,209.0,593.719970703125,0.010958904109589,1.9152257119455645,0.6498354809327725,0.10468478451804254,0.020988774925430765
QQQ,2026-03-20,315.0,276.26,280.08,278.16999999999996,291.85,1.0,10.0,593.719970703125,0.010958904109589,1.8848253038194445,0.6338351395863314,0.10468478451804254,0.020655619767884246
QQQ,2026-03-20,320.0,271.26,275.09,273.17499999999995,288.82,2.0,47.0,593.719970703125,0.010958904109589,1.8553749084472657,0.6180867826181924,0.10468478451804254,0.020332875709011055
QQQ,2026-03-20,325.0,266.26,270.09,268.17499999999995,281.41,1.0,16.0,593.719970703125,0.010958904109589,1.8268306790865385,0.6025825960822271,0.10468478451804254,0.02002006223656473
QQQ,2026-03-20,330.0,261.27,265.09,263.17999999999995,264.03,1.0,26.0,593.719970703125,0.010958904109589,1.799151426373106,0.5873151239514386,0.10468478451804254,0.019716727960253144
QQQ,2026-03-20,335.0,256.27,260.1,258.185,265.52,2.0,30.0,593.719970703125,0.010958904109589,1.7722984200093284,0.572277246586898,0.10468478451804254,0.01942244843845832
QQQ,2026-03-20,340.0,251.28,255.1,253.19,255.14,1.0,38.0,593.719970703125,0.010958904109589,1.7462352079503676,0.5574621608017574,0.10468478451804254,0.019136824196716286
QQQ,2026-03-20,345.0,246.28,250.11,248.195,253.21,1.0,9.0,593.719970703125,0.010958904109589,1.7209274513134059,0.5428633613806048,0.10468478451804254,0.018859478918503005
QQQ,2026-03-20,350.0,241.28,245.1,243.19,249.27,1.0,80.0,593.719970703125,0.010958904109589,1.6963427734375,0.5284746239285052,0.10468478451804254,0.01859005779109582
QQQ,2026-03-20,355.0,236.29,240.11,238.2,249.72,4.0,8.0,593.719970703125,0.010958904109589,1.6724506216989437,0.5142899889365488,0.10468478451804254,0.01832822599122123
QQQ,2026-03-20,360.0,231.29,235.12,233.205,249.5,1.0,53.0,593.719970703125,0.010958904109589,1.6492221408420138,0.5003037469618088,0.10468478451804254,0.018073667296898712
QQQ,2026-03-20,365.0,226.3,230.12,228.21,238.09,1.0,12.0,593.719970703125,0.010958904109589,1.6266300567208904,0.48651042482947304,0.10468478451804254,0.017826082813379555
QQQ,2026-03-20,370.0,221.3,225.13,223.215,231.05,1.0,87.0,593.719970703125,0.010958904109589,1.6046485694679054,0.47290477277369436,0.10468478451804254,0.01758518980238794
QQQ,2026-03-20,375.0,216.31,220.13,218.22,236.21,1.0,41.0,593.719970703125,0.010958904109589,1.5832532552083334,0.4594817524415537,0.10468478451804254,0.017350720605022765
QQQ,2026-03-20,380.0,211.31,215.14,213.225,230.5,1.0,74.0,593.719970703125,0.010958904109589,1.5624209755345395,0.4462365256915331,0.10468478451804254,0.01712242164969352
QQQ,2026-03-20,385.0,206.32,210.14,208.23,213.0,1.0,18.0,593.719970703125,0.010958904109589,1.542129794034091,0.43316444412418037,0.10468478451804254,0.016900052537359836
QQQ,2026-03-20,390.0,201.32,205.15,203.235,210.48,2.0,21.0,593.719970703125,0.010958904109589,1.522358899238782,0.42026103928827235,0.10468478451804254,0.016683385197137274
QQQ,2026-03-20,395.0,196.33,200.16,198.245,212.65,1.0,53.0,593.719970703125,0.010958904109589,1.503088533425633,0.4075220135108427,0.10468478451804254,0.016472203106034273
QQQ,2026-03-20,400.0,191.33,195.15,193.24,196.39,4.0,310.0,593.719970703125,0.010958904109589,1.4842999267578125,0.39494323130398257,0.10468478451804254,0.016266300567208843
QQQ,2026-03-20,405.0,186.34,190.16,188.25,204.71,5.0,130.0,593.719970703125,0.010958904109589,1.4659752363040124,0.3825207113054254,0.10468478451804254,0.016065482041687746
QQQ,2026-03-20,410.0,181.34,185.16,183.25,202.0,8.0,372.0,593.719970703125,0.010958904109589,1.448097489519817,0.37025061871361103,0.10468478451804254,0.015869561528984236
QQQ,2026-03-20,415.0,176.36,180.17,178.265,194.94,2.0,37.0,593.719970703125,0.010958904109589,1.430650531814759,0.3581292581812663,0.10468478451804254,0.015678361992490453
QQQ,2026-03-20,420.0,171.36,175.18,173.27,187.63,1.0,182.0,593.719970703125,0.010958904109589,1.4136189778645833,0.3461530671345505,0.10468478451804254,0.015491714825913184
QQQ,2026-03-20,425.0,166.4,170.19,168.29500000000002,167.88,8.0,26.0,593.719970703125,0.010958904109589,1.396988166360294,0.33431860948754766,0.10468478451804254,0.015309459357373028
QQQ,2026-03-20,430.0,161.38,165.2,163.29,169.59,1.0,1234.0,593.719970703125,0.010958904109589,1.3807441179142441,0.3226225697243564,0.10468478451804254,0.015131442388101247
QQQ,2026-03-20,435.0,156.42,160.22,158.32,166.63,2.0,475.0,593.719970703125,0.010958904109589,1.3648734958692528,0.31106174732328035,0.10468478451804254,0.01495751776295066
QQQ,2026-03-20,440.0,151.41,155.23,153.32,167.81,2.0,428.0,593.719970703125,0.010958904109589,1.3493635697798296,0.29963305149965774,0.10468478451804254,0.014787545970189858
QQQ,2026-03-20,445.0,146.42,150.24,148.32999999999998,154.44,2.0,984.0,593.719970703125,0.010958904109589,1.334202181355337,0.2883334962457243,0.10468478451804254,0.014621393768277612
QQQ,2026-03-20,450.0,141.43,145.26,143.345,143.94,102.0,536.0,593.719970703125,0.010958904109589,1.319377712673611,0.27716019564759903,0.10468478451804254,0.014458933837518971
QQQ,2026-03-20,455.0,136.45,140.27,138.36,144.52,2.0,1026.0,593.719970703125,0.010958904109589,1.3048790564903847,0.2661103594610142,0.10468478451804254,0.014300044454689093
QQQ,2026-03-20,460.0,131.46,135.29,133.375,137.59,5.0,1479.0,593.719970703125,0.010958904109589,1.2906955884850544,0.25518128892882386,0.10468478451804254,0.014144609188877255
QQQ,2026-03-20,465.0,126.48,130.3,128.39,129.69,3.0,2150.0,593.719970703125,0.010958904109589,1.276817141297043,0.24437037282460825,0.10468478451804254,0.013992516616953844
QQQ,2026-03-20,470.0,121.5,125.32,123.41,124.08,32.0,910.0,593.719970703125,0.010958904109589,1.2632339802194148,0.23367508370786017,0.10468478451804254,0.013843660057199014
QQQ,2026-03-20,475.0,116.51,120.34,118.425,120.29,3.0,3133.0,593.719970703125,0.010958904109589,1.2499367804276316,0.2230929743773233,0.10468478451804254,0.013697937319754815
QQQ,2026-03-20,480.0,111.53,115.36,113.445,113.97,17.0,4042.0,593.719970703125,0.010958904109589,1.2369166056315104,0.2126216745100279,0.10468478451804254,0.013555250472674035
QQQ,2026-03-20,485.0,106.55,110.37,108.46,110.65,3.0,1288.0,593.719970703125,0.010958904109589,1.2241648880476803,0.20225888747448123,0.10468478451804254,0.013415505622440281
QQQ,2026-03-20,490.0,101.57,105.4,103.485,110.43,12.0,962.0,593.719970703125,0.010958904109589,1.2116734095982142,0.1920023873072922,0.10468478451804254,0.013278612707925585
QQQ,2026-03-20,495.0,96.59,100.42,98.505,102.6,1.0,3750.0,593.719970703125,0.010958904109589,1.1994342842487373,0.18185001584327418,0.10468478451804254,0.013144485306835428
QQQ,2026-03-20,500.0,91.62,95.44,93.53,91.87,40.0,12206.0,593.719970703125,0.010958904109589,1.18743994140625,0.17179967998977275,0.10468478451804254,0.013013040453767074
QQQ,2026-03-20,505.0,86.64,90.47,88.555,95.13,4.0,468.0,593.719970703125,0.010958904109589,1.175683110303218,0.1618493491366048,0.10468478451804254,0.012884198469076312
QQQ,2026-03-20,510.0,81.67,85.49,83.58,83.76,2.0,1908.0,593.719970703125,0.010958904109589,1.1641568053002451,0.1519970526935931,0.10468478451804254,0.012757882797810857
QQQ,2026-03-20,515.0,76.7,80.52,78.61,79.13,6.0,840.0,593.719970703125,0.010958904109589,1.1528543120449029,0.14224087774822833,0.10468478451804254,0.012634019858026285
QQQ,2026-03-20,520.0,71.73,75.56,73.64500000000001,74.23,111.0,2585.0,593.719970703125,0.010958904109589,1.1417691744290865,0.13257896683649148,0.10468478451804254,0.012512538897852955
QQQ,2026-03-20,525.0,66.78,70.6,68.69,69.12,3.0,1538.0,593.719970703125,0.010958904109589,1.1308951822916666,0.12300951582034074,0.10468478451804254,0.012393371860730546
QQQ,2026-03-20,530.0,61.83,65.66,63.745,64.3,180.0,2230.0,593.719970703125,0.010958904109589,1.120226359817217,0.11353077186579709,0.10468478451804254,0.012276453258270826
QQQ,2026-03-20,535.0,56.91,60.73,58.81999999999999,60.24,4.0,1008.0,593.719970703125,0.010958904109589,1.1097569545852803,0.10414103151595794,0.10468478451804254,0.012161720050249602
QQQ,2026-03-20,540.0,52.01,54.06,53.035,54.17,37.0,4596.0,593.719970703125,0.010958904109589,1.0994814272280093,0.09483863885364453,0.10468478451804254,0.01204911153126581
QQQ,2026-03-20,545.0,47.15,50.98,49.065,50.14,10.0,1521.0,593.719970703125,0.010958904109589,1.0893944416571102,0.08562198374872053,0.10468478451804254,0.011938569223639518
QQQ,2026-03-20,550.0,42.35,46.18,44.265,44.28,16.0,4501.0,593.719970703125,0.010958904109589,1.0794908558238636,0.0764895001854479,0.10468478451804254,0.011830036776151884
QQQ,2026-03-20,555.0,38.45,41.45,39.95,39.7,49.0,1086.0,593.719970703125,0.010958904109589,1.0697657129786036,0.06743966466552997,0.10468478451804254,0.011723459868258625
QQQ,2026-03-20,560.0,34.25,35.24,34.745000000000005,35.01,66.0,9872.0,593.719970703125,0.010958904109589,1.0602142333984375,0.05847099468276956,0.10468478451804254,0.011618786119434886
QQQ,2026-03-20,565.0,29.64,32.01,30.825,32.03,9.0,7520.0,593.719970703125,0.010958904109589,1.0508318065542035,0.04958204726552353,0.10468478451804254,0.011515965003333694
QQQ,2026-03-20,570.0,24.98,26.63,25.805,26.2,130.0,19835.0,593.719970703125,0.010958904109589,1.041613983689693,0.040771417583368635,0.10468478451804254,0.011414947766462345
QQQ,2026-03-20,575.0,21.26,22.36,21.81,22.02,172.0,6663.0,593.719970703125,0.010958904109589,1.0325564707880435,0.03203773761461407,0.10468478451804254,0.011315687351101804
QQQ,2026-03-20,578.0,17.82,21.6,19.71,19.68,1.0,140.0,593.719970703125,0.010958904109589,1.027197181147275,0.026833909739587058,0.10468478451804254,0.01125695540983311
QQQ,2026-03-20,579.0,17.02,20.84,18.93,19.3,18.0,27.0,593.719970703125,0.010958904109589,1.0254230927515113,0.02510530083896938,0.10468478451804254,0.011237513345222
QQQ,2026-03-20,580.0,17.51,19.74,18.625,18.62,2228.0,8731.0,593.719970703125,0.010958904109589,1.0236551219019396,0.02337967487149948,0.10468478451804254,0.011218138322212995
QQQ,2026-03-20,581.0,15.53,19.36,17.445,22.0,1.0,25.0,593.719970703125,0.010958904109589,1.0218932370105422,0.021657021560053363,0.10468478451804254,0.011198829994636037
QQQ,2026-03-20,582.0,16.62,16.73,16.675,17.03,35.0,23.0,593.719970703125,0.010958904109589,1.0201374067064004,0.019937330680526756,0.10468478451804254,0.011179588018700237
QQQ,2026-03-20,583.0,15.91,16.02,15.965,16.53,90.0,11.0,593.719970703125,0.010958904109589,1.0183875998338336,0.018220592061472165,0.10468478451804254,0.011160412052973478
QQQ,2026-03-20,584.0,15.21,15.31,15.260000000000002,15.63,67.0,6.0,593.719970703125,0.010958904109589,1.0166437854505566,0.01650679558373751,0.10468478451804254,0.011141301758362221
QQQ,2026-03-20,585.0,14.52,14.62,14.57,15.14,599.0,5398.0,593.719970703125,0.010958904109589,1.0149059328258547,0.014795931180108052,0.10468478451804254,0.011122256798091517
QQQ,2026-03-20,586.0,13.84,13.94,13.89,14.5,71.0,253.0,593.719970703125,0.010958904109589,1.01317401143878,0.013087988834951981,0.10468478451804254,0.011103276837685217
QQQ,2026-03-20,587.0,13.17,13.27,13.22,13.23,114.0,176.0,593.719970703125,0.010958904109589,1.011447990976363,0.01138295858386816,0.10468478451804254,0.011084361544946401
QQQ,2026-03-20,588.0,12.52,12.61,12.565,13.2,135.0,146.0,593.719970703125,0.010958904109589,1.0097278413318453,0.009680830513337702,0.10468478451804254,0.01106551058993799
QQQ,2026-03-20,589.0,11.87,11.97,11.92,12.1,196.0,102.0,593.719970703125,0.010958904109589,1.0080135326029287,0.007981594760377816,0.10468478451804254,0.01104672364496356
QQQ,2026-03-20,590.0,11.25,11.33,11.29,11.25,2007.0,16074.0,593.719970703125,0.010958904109589,1.0063050350900424,0.006285241512199443,0.10468478451804254,0.011028000384548368
QQQ,2026-03-20,591.0,10.63,10.72,10.675,11.26,462.0,407.0,593.719970703125,0.010958904109589,1.0046023192946278,0.004591761005866414,0.10468478451804254,0.011009340485420537
QQQ,2026-03-20,592.0,10.03,10.11,10.07,10.07,1466.0,141.0,593.719970703125,0.010958904109589,1.0029053559174408,0.0029011435279587467,0.10468478451804254,0.01099074362649246
QQQ,2026-03-20,593.0,9.44,9.52,9.48,9.46,1730.0,214.0,593.719970703125,0.010958904109589,1.001214115856872,0.0012133794142391498,0.10468478451804254,0.01097220948884239
QQQ,2026-03-20,594.0,8.86,8.95,8.905,8.97,2021.0,475.0,593.719970703125,0.010958904109589,0.9995285702072811,-0.0004715409506804123,0.10468478451804254,0.01095373775569619
QQQ,2026-03-20,595.0,8.3,8.39,8.345,8.39,6596.0,7068.0,593.719970703125,0.010958904109589,0.9978486902573529,-0.0021536271336652837,0.10468478451804254,0.010935328112409305
QQQ,2026-03-20,596.0,7.76,7.84,7.8,8.38,3113.0,1156.0,593.719970703125,0.010958904109589,0.9961744474884647,-0.003832888653385275,0.10468478451804254,0.010916980246448887
QQQ,2026-03-20,597.0,7.23,7.32,7.275,7.24,1185.0,2458.0,593.719970703125,0.010958904109589,0.9945058135730737,-0.0055093349806376105,0.10468478451804254,0.010898693847376108
QQQ,2026-03-20,598.0,6.72,6.8,6.76,6.79,2144.0,4082.0,593.719970703125,0.010958904109589,0.9928427603731187,-0.0071829755386672535,0.10468478451804254,0.010880468606828658
QQQ,2026-03-20,599.0,6.23,6.31,6.27,6.38,1732.0,2057.0,593.719970703125,0.010958904109589,0.9911852599384391,-0.008853819703484806,0.10468478451804254,0.0108623042185034
QQQ,2026-03-20,600.0,5.75,5.83,5.79,5.8,16020.0,43289.0,593.719970703125,0.010958904109589,0.9895332845052084,-0.010521876804181795,0.10468478451804254,0.010844200378139228
QQQ,2026-03-20,601.0,5.29,5.37,5.33,5.33,1647.0,2313.0,593.719970703125,0.010958904109589,0.9878868064943843,-0.012187156123243103,0.10468478451804254,0.010826156783500062
QQQ,2026-03-20,602.0,4.85,4.92,4.885,4.87,2656.0,2646.0,593.719970703125,0.010958904109589,0.9862457985101745,-0.013849666896856473,0.10468478451804254,0.010808173134358036
QQQ,2026-03-20,603.0,4.43,4.49,4.46,4.46,1895.0,3179.0,593.719970703125,0.010958904109589,0.9846102333385157,-0.015509418315220963,0.10468478451804254,0.010790249132476844
QQQ,2026-03-20,604.0,4.02,4.09,4.055,4.09,1718.0,3238.0,593.719970703125,0.010958904109589,0.9829800839455712,-0.017166419522850383,0.10468478451804254,0.01077238448159526
QQQ,2026-03-20,605.0,3.64,3.7,3.67,3.68,7960.0,17633.0,593.719970703125,0.010958904109589,0.9813553234762397,-0.018820679618876953,0.10468478451804254,0.010754578887410805
QQQ,2026-03-20,606.0,3.27,3.33,3.3,3.3,1781.0,5661.0,593.719970703125,0.010958904109589,0.9797359252526815,-0.02047220765734996,0.10468478451804254,0.010736832057563593
QQQ,2026-03-20,607.0,2.92,2.98,2.95,3.06,2012.0,5222.0,593.719970703125,0.010958904109589,0.9781218627728583,-0.02212101264753378,0.10468478451804254,0.010719143701620325
QQQ,2026-03-20,608.0,2.6,2.65,2.625,2.67,1766.0,6658.0,593.719970703125,0.010958904109589,0.9765131097090872,-0.023767103554202435,0.10468478451804254,0.01070151353105845
QQQ,2026-03-20,609.0,2.3,2.35,2.325,2.49,1672.0,2766.0,593.719970703125,0.010958904109589,0.9749096399066092,-0.02541048929793253,0.10468478451804254,0.01068394125925047
QQQ,2026-03-20,610.0,2.01,2.06,2.035,2.03,16055.0,35796.0,593.719970703125,0.010958904109589,0.9733114273821721,-0.02705117875539241,0.10468478451804254,0.010666426601448422
QQQ,2026-03-20,611.0,1.75,1.79,1.77,1.78,1408.0,3187.0,593.719970703125,0.010958904109589,0.9717184463226268,-0.028689180759630818,0.10468478451804254,0.010648969274768473
QQQ,2026-03-20,612.0,1.5,1.55,1.525,1.57,1727.0,3986.0,593.719970703125,0.010958904109589,0.9701306710835376,-0.03032450410036158,0.10468478451804254,0.010631568998175713
QQQ,2026-03-20,613.0,1.3,1.33,1.315,1.37,1597.0,3025.0,593.719970703125,0.010958904109589,0.9685480761878059,-0.03195715752424683,0.10468478451804254,0.010614225492469065
QQQ,2026-03-20,614.0,1.09,1.12,1.105,1.11,1429.0,3653.0,593.719970703125,0.010958904109589,0.9669706363243078,-0.033587149735177964,0.10468478451804254,0.010596938480266346
QQQ,2026-03-20,615.0,0.91,0.95,0.93,0.94,14453.0,28872.0,593.719970703125,0.010958904109589,0.9653983263465448,-0.0352144893945533,0.10468478451804254,0.010579707685989492
QQQ,2026-03-20,616.0,0.75,0.79,0.77,0.78,2091.0,2759.0,593.719970703125,0.010958904109589,0.9638311212713068,-0.03683918512155531,0.10468478451804254,0.010562532835849897
QQQ,2026-03-20,617.0,0.62,0.66,0.64,0.64,1583.0,3409.0,593.719970703125,0.010958904109589,0.9622689962773501,-0.0384612454934233,0.10468478451804254,0.010545413657833933
QQQ,2026-03-20,618.0,0.5,0.54,0.52,0.54,1706.0,3465.0,593.719970703125,0.010958904109589,0.9607119267040858,-0.04008067904572623,0.10468478451804254,0.010528349881688572
QQQ,2026-03-20,619.0,0.4,0.43,0.415,0.42,1847.0,1999.0,593.719970703125,0.010958904109589,0.9591598880502827,-0.04169749427263156,0.10468478451804254,0.010511341238907169
QQQ,2026-03-20,620.0,0.33,0.35,0.3399999999999999,0.34,17075.0,41592.0,593.719970703125,0.010958904109589,0.9576128559727822,-0.04331169962717275,0.10468478451804254,0.010494387462715382
QQQ,2026-03-20,621.0,0.26,0.28,0.27,0.28,1458.0,3733.0,593.719970703125,0.010958904109589,0.9560708062852254,-0.04492330352151424,0.10468478451804254,0.010477488288057226
QQQ,2026-03-20,622.0,0.19,0.22,0.205,0.22,1672.0,6917.0,593.719970703125,0.010958904109589,0.9545337149567926,-0.046532314327214906,0.10468478451804254,0.01046064345158125
QQQ,2026-03-20,623.0,0.15,0.16,0.155,0.17,4094.0,2514.0,593.719970703125,0.010958904109589,0.9530015581109551,-0.04813874037548858,0.10468478451804254,0.010443852691626865
QQQ,2026-03-20,624.0,0.12,0.14,0.13,0.13,1745.0,2428.0,593.719970703125,0.010958904109589,0.9514743120242388,-0.049742589957463106,0.10468478451804254,0.010427115748210796
QQQ,2026-03-20,625.0,0.1,0.11,0.105,0.1,8909.0,31399.0,593.719970703125,0.010958904109589,0.949951953125,-0.051343871324436956,0.10468478451804254,0.01041043236301366
QQQ,2026-03-20,626.0,0.07,0.1,0.085,0.08,1007.0,2551.0,593.719970703125,0.010958904109589,0.9484344579922125,-0.05294259268813398,0.10468478451804254,0.010393802279366673
QQQ,2026-03-20,627.0,0.06,0.07,0.065,0.07,1507.0,3320.0,593.719970703125,0.010958904109589,0.9469218033542663,-0.05453876222095618,0.10468478451804254,0.010377225242238495
QQQ,2026-03-20,628.0,0.05,0.06,0.055,0.06,3224.0,5892.0,593.719970703125,0.010958904109589,0.9454139660877786,-0.05613238805623421,0.10468478451804254,0.010360700998222193
QQQ,2026-03-27,450.0,141.53,145.35,143.44,144.01,2.0,5.0,593.719970703125,0.0301369863013698,1.319377712673611,0.27716019564759903,0.17360007575277667,0.03976206805317724
QQQ,2026-03-27,455.0,136.55,140.37,138.46,148.98,,2.0,593.719970703125,0.0301369863013698,1.3048790564903847,0.2661103594610142,0.17360007575277667,0.03932512225039508
QQQ,2026-03-27,470.0,121.62,125.44,123.53,124.18,3.0,5.0,593.719970703125,0.0301369863013698,1.2632339802194148,0.23367508370786017,0.17360007575277667,0.038070065157297356
QQQ,2026-03-27,475.0,116.65,120.47,118.56,142.9,,1.0,593.719970703125,0.0301369863013698,1.2499367804276316,0.2230929743773233,0.17360007575277667,0.03766932762932581
QQQ,2026-03-27,480.0,111.68,115.51,113.595,137.4,,1.0,593.719970703125,0.0301369863013698,1.2369166056315104,0.2126216745100279,0.17360007575277667,0.037276938799853665
QQQ,2026-03-27,485.0,106.72,110.54,108.63,115.74,11.0,1.0,593.719970703125,0.0301369863013698,1.2241648880476803,0.20225888747448123,0.17360007575277667,0.03689264046171084
QQQ,2026-03-27,490.0,101.77,105.59,103.68,110.79,1.0,0.0,593.719970703125,0.0301369863013698,1.2116734095982142,0.1920023873072922,0.17360007575277667,0.03651618494679542
QQQ,2026-03-27,495.0,96.82,100.64,98.73,102.84,,1.0,593.719970703125,0.0301369863013698,1.1994342842487373,0.18185001584327418,0.17360007575277667,0.03614733459379749
QQQ,2026-03-27,500.0,91.88,95.7,93.79,102.11,1.0,1.0,593.719970703125,0.0301369863013698,1.18743994140625,0.17179967998977275,0.17360007575277667,0.03578586124785951
QQQ,2026-03-27,505.0,86.95,90.78,88.86500000000001,100.99,2.0,2.0,593.719970703125,0.0301369863013698,1.175683110303218,0.1618493491366048,0.17360007575277667,0.03543154578995992
QQQ,2026-03-27,520.0,72.3,76.12,74.21000000000001,83.6,5.0,11.0,593.719970703125,0.0301369863013698,1.1417691744290865,0.13257896683649148,0.17360007575277667,0.03440948196909569
QQQ,2026-03-27,525.0,67.46,71.28,69.37,69.47,10.0,27.0,593.719970703125,0.0301369863013698,1.1308951822916666,0.12300951582034074,0.17360007575277667,0.034081772617009065
QQQ,2026-03-27,530.0,62.68,66.49,64.585,76.51,1.0,13.0,593.719970703125,0.0301369863013698,1.120226359817217,0.11353077186579709,0.17360007575277667,0.03376024646024483
QQQ,2026-03-27,535.0,57.92,61.75,59.835,67.5,7.0,9.0,593.719970703125,0.0301369863013698,1.1097569545852803,0.10414103151595794,0.17360007575277667,0.03344473013818646
QQQ,2026-03-27,540.0,53.26,57.07,55.165,60.22,5.0,19.0,593.719970703125,0.0301369863013698,1.0994814272280093,0.09483863885364453,0.17360007575277667,0.033135056710981034
QQQ,2026-03-27,545.0,49.07,52.47,50.77,55.7,1.0,32.0,593.719970703125,0.0301369863013698,1.0893944416571102,0.08562198374872053,0.17360007575277667,0.03283106536500873
QQQ,2026-03-27,550.0,44.44,47.94,46.19,52.25,2.0,53.0,593.719970703125,0.0301369863013698,1.0794908558238636,0.0764895001854479,0.17360007575277667,0.03253260113441774
QQQ,2026-03-27,555.0,39.83,43.52,41.675,47.66,2.0,231.0,593.719970703125,0.0301369863013698,1.0697657129786036,0.06743966466552997,0.17360007575277667,0.032239514637711277
QQQ,2026-03-27,560.0,35.43,39.21,37.32,38.85,2.0,270.0,593.719970703125,0.0301369863013698,1.0602142333984375,0.05847099468276956,0.17360007575277667,0.031951661828446
QQQ,2026-03-27,565.0,31.19,35.03,33.11,33.13,7.0,171.0,593.719970703125,0.0301369863013698,1.0508318065542035,0.04958204726552353,0.17360007575277667,0.03166890375916771
QQQ,2026-03-27,570.0,27.41,30.51,28.96,29.44,19.0,107.0,593.719970703125,0.0301369863013698,1.041613983689693,0.040771417583368635,0.17360007575277667,0.0313911063577715
QQQ,2026-03-27,575.0,23.77,27.11,25.44,25.5,14.0,51.0,593.719970703125,0.0301369863013698,1.0325564707880435,0.03203773761461407,0.17360007575277667,0.031118140215530013
QQQ,2026-03-27,580.0,21.4,23.15,22.275,21.5,29.0,59.0,593.719970703125,0.0301369863013698,1.0236551219019396,0.02337967487149948,0.17360007575277667,0.030849880386085788
QQQ,2026-03-27,585.0,16.17,19.97,18.07,18.45,14.0,75.0,593.719970703125,0.0301369863013698,1.0149059328258547,0.014795931180108052,0.17360007575277667,0.030586206194751723
QQQ,2026-03-27,588.0,15.27,16.87,16.07,16.28,1.0,20.0,593.719970703125,0.0301369863013698,1.0097278413318453,0.009680830513337702,0.17360007575277667,0.030430154122329522
QQQ,2026-03-27,589.0,15.31,15.5,15.405,15.68,4.0,32.0,593.719970703125,0.0301369863013698,1.0080135326029287,0.007981594760377816,0.17360007575277667,0.030378490023649844
QQQ,2026-03-27,590.0,14.69,14.87,14.78,14.95,150.0,633.0,593.719970703125,0.0301369863013698,1.0063050350900424,0.006285241512199443,0.17360007575277667,0.030327001057508067
QQQ,2026-03-27,591.0,14.12,14.22,14.17,14.23,10.0,25.0,593.719970703125,0.0301369863013698,1.0046023192946278,0.004591761005866414,0.17360007575277667,0.030275686334906533
QQQ,2026-03-27,592.0,13.51,13.61,13.56,14.51,34.0,34.0,593.719970703125,0.0301369863013698,1.0029053559174408,0.0029011435279587467,0.17360007575277667,0.030224544972854317
QQQ,2026-03-27,593.0,12.95,13.01,12.98,13.0,146.0,221.0,593.719970703125,0.0301369863013698,1.001214115856872,0.0012133794142391498,0.17360007575277667,0.030173576094316628
QQQ,2026-03-27,594.0,12.32,12.42,12.37,12.4,146.0,76.0,593.719970703125,0.0301369863013698,0.9995285702072811,-0.0004715409506804123,0.17360007575277667,0.030122778828164574
QQQ,2026-03-27,595.0,11.74,11.84,11.79,11.8,646.0,281.0,593.719970703125,0.0301369863013698,0.9978486902573529,-0.0021536271336652837,0.17360007575277667,0.030072152309125643
QQQ,2026-03-27,596.0,11.17,11.28,11.225,11.67,396.0,61.0,593.719970703125,0.0301369863013698,0.9961744474884647,-0.003832888653385275,0.17360007575277667,0.03002169567773449
QQQ,2026-03-27,597.0,10.62,10.72,10.67,10.85,179.0,121.0,593.719970703125,0.0301369863013698,0.9945058135730737,-0.0055093349806376105,0.17360007575277667,0.02997140808028435
QQQ,2026-03-27,598.0,10.07,10.17,10.12,10.25,240.0,422.0,593.719970703125,0.0301369863013698,0.9928427603731187,-0.0071829755386672535,0.17360007575277667,0.02992128866877886
QQQ,2026-03-27,599.0,9.54,9.64,9.59,10.13,1010.0,106.0,593.719970703125,0.0301369863013698,0.9911852599384391,-0.008853819703484806,0.17360007575277667,0.029871336600884407
QQQ,2026-03-27,600.0,9.02,9.12,9.07,9.11,1455.0,1068.0,593.719970703125,0.0301369863013698,0.9895332845052084,-0.010521876804181795,0.17360007575277667,0.029821551039882932
QQQ,2026-03-27,601.0,8.51,8.61,8.559999999999999,8.97,176.0,276.0,593.719970703125,0.0301369863013698,0.9878868064943843,-0.012187156123243103,0.17360007575277667,0.02977193115462522
QQQ,2026-03-27,602.0,8.02,8.11,8.065,8.06,498.0,894.0,593.719970703125,0.0301369863013698,0.9862457985101745,-0.013849666896856473,0.17360007575277667,0.02972247611948465
QQQ,2026-03-27,603.0,7.53,7.63,7.58,7.84,102.0,460.0,593.719970703125,0.0301369863013698,0.9846102333385157,-0.015509418315220963,0.17360007575277667,0.02967318511431137
QQQ,2026-03-27,604.0,7.07,7.16,7.115,7.23,168.0,426.0,593.719970703125,0.0301369863013698,0.9829800839455712,-0.017166419522850383,0.17360007575277667,0.02962405732438702
QQQ,2026-03-27,605.0,6.63,6.7,6.665,6.71,1516.0,2325.0,593.719970703125,0.0301369863013698,0.9813553234762397,-0.018820679618876953,0.17360007575277667,0.029575091940379765
QQQ,2026-03-27,606.0,6.17,6.26,6.215,6.27,130.0,326.0,593.719970703125,0.0301369863013698,0.9797359252526815,-0.02047220765734996,0.17360007575277667,0.02952628815829993
QQQ,2026-03-27,607.0,5.75,5.83,5.79,6.17,557.0,878.0,593.719970703125,0.0301369863013698,0.9781218627728583,-0.02212101264753378,0.17360007575277667,0.029477645179455943
QQQ,2026-03-27,608.0,5.33,5.42,5.375,5.66,2904.0,686.0,593.719970703125,0.0301369863013698,0.9765131097090872,-0.023767103554202435,0.17360007575277667,0.029429162210410788
QQQ,2026-03-27,609.0,4.94,5.02,4.98,5.37,424.0,934.0,593.719970703125,0.0301369863013698,0.9749096399066092,-0.02541048929793253,0.17360007575277667,0.029380838462938846
QQQ,2026-03-27,610.0,4.6,4.64,4.619999999999999,4.68,1359.0,4588.0,593.719970703125,0.0301369863013698,0.9733114273821721,-0.02705117875539241,0.17360007575277667,0.02933267315398321
QQQ,2026-03-27,611.0,4.19,4.27,4.23,4.26,183.0,349.0,593.719970703125,0.0301369863013698,0.9717184463226268,-0.028689180759630818,0.17360007575277667,0.02928466550561335
QQQ,2026-03-27,612.0,3.84,3.92,3.88,3.99,180.0,863.0,593.719970703125,0.0301369863013698,0.9701306710835376,-0.03032450410036158,0.17360007575277667,0.029236814744983266
QQQ,2026-03-27,613.0,3.51,3.59,3.55,3.7,122.0,612.0,593.719970703125,0.0301369863013698,0.9685480761878059,-0.03195715752424683,0.17360007575277667,0.029189120104289982
QQQ,2026-03-27,614.0,3.19,3.27,3.23,3.36,168.0,318.0,593.719970703125,0.0301369863013698,0.9669706363243078,-0.033587149735177964,0.17360007575277667,0.029141580820732503
QQQ,2026-03-27,615.0,2.9,2.97,2.935,2.95,965.0,3171.0,593.719970703125,0.0301369863013698,0.9653983263465448,-0.0352144893945533,0.17360007575277667,0.029094196136471153
QQQ,2026-03-27,616.0,2.61,2.68,2.645,2.72,164.0,1214.0,593.719970703125,0.0301369863013698,0.9638311212713068,-0.03683918512155531,0.17360007575277667,0.029046965298587267
QQQ,2026-03-27,617.0,2.35,2.42,2.385,2.49,218.0,403.0,593.719970703125,0.0301369863013698,0.9622689962773501,-0.0384612454934233,0.17360007575277667,0.02899988755904337
QQQ,2026-03-27,618.0,2.1,2.17,2.135,2.39,500.0,759.0,593.719970703125,0.0301369863013698,0.9607119267040858,-0.04008067904572623,0.17360007575277667,0.02895296217464362
QQQ,2026-03-27,619.0,1.87,1.94,1.905,2.17,190.0,372.0,593.719970703125,0.0301369863013698,0.9591598880502827,-0.04169749427263156,0.17360007575277667,0.028906188406994764
QQQ,2026-03-27,620.0,1.66,1.72,1.69,1.7,1657.0,2190.0,593.719970703125,0.0301369863013698,0.9576128559727822,-0.04331169962717275,0.17360007575277667,0.02885956552246735
QQQ,2026-03-27,621.0,1.47,1.52,1.495,1.52,211.0,636.0,593.719970703125,0.0301369863013698,0.9560708062852254,-0.04492330352151424,0.17360007575277667,0.02881309279215742
QQQ,2026-03-27,622.0,1.29,1.34,1.315,1.35,462.0,734.0,593.719970703125,0.0301369863013698,0.9545337149567926,-0.046532314327214906,0.17360007575277667,0.028766769491848487
QQQ,2026-03-27,623.0,1.13,1.18,1.1549999999999998,1.23,660.0,664.0,593.719970703125,0.0301369863013698,0.9530015581109551,-0.04813874037548858,0.17360007575277667,0.02872059490197393
QQQ,2026-03-27,624.0,0.99,1.03,1.01,1.03,516.0,778.0,593.719970703125,0.0301369863013698,0.9514743120242388,-0.049742589957463106,0.17360007575277667,0.02867456830757974
QQQ,2026-03-27,625.0,0.86,0.9,0.88,0.88,3626.0,2009.0,593.719970703125,0.0301369863013698,0.949951953125,-0.051343871324436956,0.17360007575277667,0.028628688998287615
QQQ,2026-03-27,626.0,0.74,0.78,0.76,0.81,253.0,450.0,593.719970703125,0.0301369863013698,0.9484344579922125,-0.05294259268813398,0.17360007575277667,0.0285829562682584
QQQ,2026-03-27,627.0,0.64,0.68,0.66,0.77,326.0,586.0,593.719970703125,0.0301369863013698,0.9469218033542663,-0.05453876222095618,0.17360007575277667,0.028537369416155915
QQQ,2026-03-27,628.0,0.55,0.59,0.5700000000000001,0.58,138.0,850.0,593.719970703125,0.0301369863013698,0.9454139660877786,-0.05613238805623421,0.17360007575277667,0.028491927745111077
QQQ,2026-03-27,629.0,0.47,0.51,0.49,0.54,103.0,1179.0,593.719970703125,0.0301369863013698,0.9439109232164149,-0.05772347828847606,0.17360007575277667,0.02844663056268642
QQQ,2026-03-27,630.0,0.41,0.44,0.425,0.42,2610.0,3158.0,593.719970703125,0.0301369863013698,0.9424126519097222,-0.059312040973613846,0.17360007575277667,0.028401477180840885
QQQ,2026-03-27,635.0,0.19,0.22,0.205,0.2,1487.0,3507.0,593.719970703125,0.0301369863013698,0.9349920798474409,-0.06721722048072715,0.17360007575277667,0.02817784350225159
QQQ,2026-03-27,640.0,0.1,0.13,0.115,0.11,805.0,4431.0,593.719970703125,0.0301369863013698,0.9276874542236329,-0.07506039794175297,0.17360007575277667,0.02795770409989025
QQQ,2026-03-27,650.0,0.05,0.07,0.06,0.05,141.0,4123.0,593.719970703125,0.0301369863013698,0.9134153395432693,-0.09056458447771824,0.17360007575277667,0.027527585575276552
QQQ,2026-03-31,290.0,301.21,305.07,303.14,304.3,4.0,10.0,593.719970703125,0.0410958904109589,2.0473102438038793,0.7165268554314448,0.2027212135198458,0.08413603741659777
QQQ,2026-03-31,300.0,291.25,295.08,293.16499999999996,307.84,1.0,8.0,593.719970703125,0.0410958904109589,1.9790665690104168,0.6826253037557635,0.2027212135198458,0.08133150283604453
QQQ,2026-03-31,305.0,286.26,290.08,288.16999999999996,305.6,2.0,7.0,593.719970703125,0.0410958904109589,1.9466228547643443,0.6660960018045529,0.2027212135198458,0.07999819951086345
QQQ,2026-03-31,310.0,281.26,285.09,283.17499999999995,286.1,1.0,1.0,593.719970703125,0.0410958904109589,1.9152257119455645,0.6498354809327725,0.2027212135198458,0.07870790597036566
QQQ,2026-03-31,320.0,242.55,246.33,244.44,224.0,1.0,2.0,593.719970703125,0.0410958904109589,1.8553749084472657,0.6180867826181924,0.2027212135198458,0.07624828390879174
QQQ,2026-03-31,325.0,299.76,303.62,301.69,303.42,6.0,9.0,593.719970703125,0.0410958904109589,1.8268306790865385,0.6025825960822271,0.2027212135198458,0.07507523338711802
QQQ,2026-03-31,330.0,261.29,265.11,263.20000000000005,269.26,1.0,1.0,593.719970703125,0.0410958904109589,1.799151426373106,0.5873151239514386,0.2027212135198458,0.07393772985094957
QQQ,2026-03-31,335.0,256.3,260.12,258.21000000000004,274.6,1.0,5.0,593.719970703125,0.0410958904109589,1.7722984200093284,0.572277246586898,0.2027212135198458,0.07283418164421897
QQQ,2026-03-31,340.0,200.94,204.57,202.755,195.08,5.0,13.0,593.719970703125,0.0410958904109589,1.7462352079503676,0.5574621608017574,0.2027212135198458,0.07176309073768633
QQQ,2026-03-31,345.0,277.36,281.1,279.23,271.86,1.0,2.0,593.719970703125,0.0410958904109589,1.7209274513134059,0.5428633613806048,0.2027212135198458,0.07072304594438654
QQQ,2026-03-31,350.0,241.31,245.13,243.22,259.18,1.0,11.0,593.719970703125,0.0410958904109589,1.6963427734375,0.5284746239285052,0.2027212135198458,0.06971271671660959
QQQ,2026-03-31,360.0,231.33,235.15,233.24,244.01,1.0,1.0,593.719970703125,0.0410958904109589,1.6492221408420138,0.5003037469618088,0.2027212135198458,0.06777625236337043
QQQ,2026-03-31,365.0,195.0,199.14,197.07,172.66,2.0,6.0,593.719970703125,0.0410958904109589,1.6266300567208904,0.48651042482947304,0.2027212135198458,0.06684781055017358
QQQ,2026-03-31,370.0,221.34,225.16,223.25,225.73,2.0,11.0,593.719970703125,0.0410958904109589,1.6046485694679054,0.47290477277369436,0.2027212135198458,0.065944461758955
QQQ,2026-03-31,375.0,216.35,220.17,218.26,225.16,7.0,9.0,593.719970703125,0.0410958904109589,1.5832532552083334,0.4594817524415537,0.2027212135198458,0.06506520226883561
QQQ,2026-03-31,380.0,223.79,227.53,225.66,199.27,1.0,2.0,593.719970703125,0.0410958904109589,1.5624209755345395,0.4462365256915331,0.2027212135198458,0.06420908118635094
QQQ,2026-03-31,385.0,219.0,222.74,220.87,202.25,1.0,6.0,593.719970703125,0.0410958904109589,1.542129794034091,0.43316444412418037,0.2027212135198458,0.06337519701509962
QQQ,2026-03-31,390.0,201.39,205.21,203.3,224.11,1.0,5.0,593.719970703125,0.0410958904109589,1.522358899238782,0.42026103928827235,0.2027212135198458,0.062562694489265
QQQ,2026-03-31,395.0,196.4,200.22,198.31,235.08,2.0,25.0,593.719970703125,0.0410958904109589,1.503088533425633,0.4075220135108427,0.2027212135198458,0.06177076164762875
QQQ,2026-03-31,400.0,191.41,195.23,193.32,200.53,1.0,52.0,593.719970703125,0.0410958904109589,1.4842999267578125,0.39494323130398257,0.2027212135198458,0.06099862712703339
QQQ,2026-03-31,405.0,186.43,190.25,188.34,200.36,1.0,43.0,593.719970703125,0.0410958904109589,1.4659752363040124,0.3825207113054254,0.2027212135198458,0.060245557656329274
QQQ,2026-03-31,410.0,181.44,185.26,183.35,195.7,2.0,44.0,593.719970703125,0.0410958904109589,1.448097489519817,0.37025061871361103,0.2027212135198458,0.05951085573369111
QQQ,2026-03-31,415.0,190.88,194.76,192.82,211.58,2.0,25.0,593.719970703125,0.0410958904109589,1.430650531814759,0.3581292581812663,0.2027212135198458,0.05879385747183941
QQQ,2026-03-31,420.0,171.47,175.29,173.38,189.51,1.0,31.0,593.719970703125,0.0410958904109589,1.4136189778645833,0.3461530671345505,0.2027212135198458,0.05809393059717465
QQQ,2026-03-31,425.0,180.92,184.8,182.86,213.87,1.0,18.0,593.719970703125,0.0410958904109589,1.396988166360294,0.33431860948754766,0.2027212135198458,0.05741047259014907
QQQ,2026-03-31,430.0,161.51,165.33,163.42000000000002,167.7,36.0,38.0,593.719970703125,0.0410958904109589,1.3807441179142441,0.3226225697243564,0.2027212135198458,0.056742908955379895
QQQ,2026-03-31,435.0,156.53,160.35,158.44,189.32,2.0,38.0,593.719970703125,0.0410958904109589,1.3648734958692528,0.31106174732328035,0.2027212135198458,0.05609069161106518
QQQ,2026-03-31,440.0,151.55,155.37,153.46,184.62,2.0,52.0,593.719970703125,0.0410958904109589,1.3493635697798296,0.29963305149965774,0.2027212135198458,0.055453297388212176
QQQ,2026-03-31,445.0,158.29,161.83,160.06,185.02,1.0,26.0,593.719970703125,0.0410958904109589,1.334202181355337,0.2883334962457243,0.2027212135198458,0.05483022663104125
QQQ,2026-03-31,450.0,141.59,145.42,143.505,147.79,1.0,229.0,593.719970703125,0.0410958904109589,1.319377712673611,0.27716019564759903,0.2027212135198458,0.05422100189069634
QQQ,2026-03-31,455.0,136.62,140.44,138.53,154.0,1.0,808.0,593.719970703125,0.0410958904109589,1.3048790564903847,0.2661103594610142,0.2027212135198458,0.0536251667050843
QQQ,2026-03-31,460.0,131.65,135.47,133.56,150.5,1.0,932.0,593.719970703125,0.0410958904109589,1.2906955884850544,0.25518128892882386,0.2027212135198458,0.0530422844582899
QQQ,2026-03-31,465.0,126.68,130.5,128.59,147.19,1.0,197.0,593.719970703125,0.0410958904109589,1.276817141297043,0.24437037282460825,0.2027212135198458,0.05247193731357711
QQQ,2026-03-31,470.0,121.72,125.54,123.63,130.74,2.0,253.0,593.719970703125,0.0410958904109589,1.2632339802194148,0.23367508370786017,0.2027212135198458,0.0519137252144965
QQQ,2026-03-31,475.0,116.77,120.59,118.68,118.71,2.0,2625.0,593.719970703125,0.0410958904109589,1.2499367804276316,0.2230929743773233,0.2027212135198458,0.05136726494908075
QQQ,2026-03-31,480.0,111.83,115.64,113.735,120.93,1.0,2022.0,593.719970703125,0.0410958904109589,1.2369166056315104,0.2126216745100279,0.2027212135198458,0.05083218927252782
QQQ,2026-03-31,485.0,106.87,110.7,108.785,115.32,1.0,926.0,593.719970703125,0.0410958904109589,1.2241648880476803,0.20225888747448123,0.2027212135198458,0.05030814608415124
QQQ,2026-03-31,490.0,101.94,105.76,103.85,106.0,6.0,230.0,593.719970703125,0.0410958904109589,1.2116734095982142,0.1920023873072922,0.2027212135198458,0.04979479765472113
QQQ,2026-03-31,495.0,97.02,100.84,98.93,99.87,1.0,319.0,593.719970703125,0.0410958904109589,1.1994342842487373,0.18185001584327418,0.2027212135198458,0.04929181990063304
QQQ,2026-03-31,500.0,92.13,95.94,94.035,96.5,8.0,1968.0,593.719970703125,0.0410958904109589,1.18743994140625,0.17179967998977275,0.2027212135198458,0.04879890170162671
QQQ,2026-03-31,505.0,87.52,91.05,89.285,91.23,3.0,283.0,593.719970703125,0.0410958904109589,1.175683110303218,0.1618493491366048,0.2027212135198458,0.04831574425903635
QQQ,2026-03-31,510.0,96.83,100.7,98.765,116.22,1.0,284.0,593.719970703125,0.0410958904109589,1.1641568053002451,0.1519970526935931,0.2027212135198458,0.04784206049179089
QQQ,2026-03-31,515.0,77.73,81.36,79.545,91.4,7.0,165.0,593.719970703125,0.0410958904109589,1.1528543120449029,0.14224087774822833,0.2027212135198458,0.04737757446759874
QQQ,2026-03-31,520.0,72.91,76.55,74.72999999999999,81.36,11.0,567.0,593.719970703125,0.0410958904109589,1.1417691744290865,0.13257896683649148,0.2027212135198458,0.04692202086694876
QQQ,2026-03-31,525.0,68.13,71.79,69.96000000000001,88.7,2.0,207.0,593.719970703125,0.0410958904109589,1.1308951822916666,0.12300951582034074,0.2027212135198458,0.04647514447773972
QQQ,2026-03-31,530.0,63.25,67.08,65.16499999999999,67.44,1.0,1945.0,593.719970703125,0.0410958904109589,1.120226359817217,0.11353077186579709,0.2027212135198458,0.04603669971851577
QQQ,2026-03-31,535.0,59.03,62.42,60.725,68.02,1.0,725.0,593.719970703125,0.0410958904109589,1.1097569545852803,0.10414103151595794,0.2027212135198458,0.045606450188436176
QQQ,2026-03-31,540.0,55.0,57.83,56.415,58.0,8.0,828.0,593.719970703125,0.0410958904109589,1.0994814272280093,0.09483863885364453,0.2027212135198458,0.045184168242246955
QQQ,2026-03-31,545.0,49.77,53.32,51.545,69.3,4.0,1524.0,593.719970703125,0.0410958904109589,1.0893944416571102,0.08562198374872053,0.2027212135198458,0.04476963458864836
QQQ,2026-03-31,550.0,45.23,48.9,47.065,48.51,2.0,1916.0,593.719970703125,0.0410958904109589,1.0794908558238636,0.0764895001854479,0.2027212135198458,0.044362637910569734
QQQ,2026-03-31,555.0,40.73,44.57,42.65,43.12,8.0,445.0,593.719970703125,0.0410958904109589,1.0697657129786036,0.06743966466552997,0.2027212135198458,0.043962974505970004
QQQ,2026-03-31,560.0,36.52,40.36,38.44,38.92,6.0,819.0,593.719970703125,0.0410958904109589,1.0602142333984375,0.05847099468276956,0.2027212135198458,0.04357044794788099
QQQ,2026-03-31,561.0,49.49,52.05,50.77,74.25,1.0,3.0,593.719970703125,0.0410958904109589,1.0583243684547683,0.05668687288926823,0.2027212135198458,0.04349278226526445
QQQ,2026-03-31,563.0,34.07,37.89,35.980000000000004,49.67,1.0,18.0,593.719970703125,0.0410958904109589,1.0545647792240231,0.05312815027227418,0.2027212135198458,0.04333827859824752
QQQ,2026-03-31,564.0,33.24,37.04,35.14,41.44,1.0,4.0,593.719970703125,0.0410958904109589,1.0526949835161792,0.05135352691390572,0.2027212135198458,0.043261437678747086
QQQ,2026-03-31,565.0,33.33,36.27,34.8,39.0,2.0,2120.0,593.719970703125,0.0410958904109589,1.0508318065542035,0.04958204726552353,0.2027212135198458,0.043184868762501515
QQQ,2026-03-31,566.0,31.63,35.44,33.535,48.04,1.0,4.0,593.719970703125,0.0410958904109589,1.0489752132564045,0.04781370020878152,0.2027212135198458,0.04310857040779744
QQQ,2026-03-31,567.0,30.86,34.64,32.75,45.08,1.0,1.0,593.719970703125,0.0410958904109589,1.0471251687885803,0.046048474684212505,0.2027212135198458,0.04303254118309234
QQQ,2026-03-31,568.0,30.55,33.85,32.2,43.22,2.0,16.0,593.719970703125,0.0410958904109589,1.0452816385618398,0.04428635969081313,0.2027212135198458,0.04295677966692492
QQQ,2026-03-31,570.0,29.35,32.29,30.82,30.8,5.0,7459.0,593.719970703125,0.0410958904109589,1.041613983689693,0.040771417583368635,0.2027212135198458,0.04280605412423395
QQQ,2026-03-31,571.0,40.88,43.27,42.075,63.33,5.0,7.0,593.719970703125,0.0410958904109589,1.0397897910737741,0.03901856875595434,0.2027212135198458,0.04273108730440167
QQQ,2026-03-31,572.0,27.25,30.75,29.0,34.26,1.0,9.0,593.719970703125,0.0410958904109589,1.037971976753715,0.037268787032166587,0.2027212135198458,0.04265638260631705
QQQ,2026-03-31,573.0,26.43,29.99,28.21,32.37,2.0,5.0,593.719970703125,0.0410958904109589,1.0361605073352966,0.0355220616972249,0.2027212135198458,0.04258193865761493
QQQ,2026-03-31,574.0,25.62,29.24,27.43,37.56,2.0,5.0,593.719970703125,0.0410958904109589,1.0343553496570121,0.03377838209239805,0.2027212135198458,0.04250775409549365
QQQ,2026-03-31,575.0,25.63,28.49,27.06,27.14,5.0,1509.0,593.719970703125,0.0410958904109589,1.0325564707880435,0.03203773761461407,0.2027212135198458,0.04243382756663192
QQQ,2026-03-31,577.0,23.23,27.02,25.125,40.3,1.0,1.0,593.719970703125,0.0410958904109589,1.0289774188962304,0.028565511903864856,0.2027212135198458,0.04228674324231083
QQQ,2026-03-31,578.0,22.47,26.29,24.38,37.5,1.0,1.0,593.719970703125,0.0410958904109589,1.027197181147275,0.026833909739587058,0.2027212135198458,0.042213582786874315
QQQ,2026-03-31,579.0,23.16,24.0,23.58,24.0,200.0,4.0,593.719970703125,0.0410958904109589,1.0254230927515113,0.02510530083896938,0.2027212135198458,0.04214067504458265
QQQ,2026-03-31,580.0,22.1,23.91,23.005000000000003,23.37,18.0,1043.0,593.719970703125,0.0410958904109589,1.0236551219019396,0.02337967487149948,0.2027212135198458,0.042068018708298884
QQQ,2026-03-31,581.0,20.34,24.16,22.25,22.7,8.0,28.0,593.719970703125,0.0410958904109589,1.0218932370105422,0.021657021560053363,0.2027212135198458,0.04199561247988529
QQQ,2026-03-31,582.0,19.65,23.46,21.555,31.84,4.0,2.0,593.719970703125,0.0410958904109589,1.0201374067064004,0.019937330680526756,0.2027212135198458,0.04192345507012604
QQQ,2026-03-31,583.0,18.99,22.75,20.869999999999997,22.62,1.0,144.0,593.719970703125,0.0410958904109589,1.0183875998338336,0.018220592061472165,0.2027212135198458,0.0418515451986507
QQQ,2026-03-31,584.0,18.26,22.07,20.165,33.61,14.0,19.0,593.719970703125,0.0410958904109589,1.0166437854505566,0.01650679558373751,0.2027212135198458,0.04177988159385849
QQQ,2026-03-31,585.0,17.58,21.4,19.49,19.89,4.0,294.0,593.719970703125,0.0410958904109589,1.0149059328258547,0.014795931180108052,0.2027212135198458,0.041708462992843344
QQQ,2026-03-31,586.0,18.04,19.58,18.81,31.59,4.0,28.0,593.719970703125,0.0410958904109589,1.01317401143878,0.013087988834951981,0.2027212135198458,0.04163728814131972
QQQ,2026-03-31,587.0,17.39,18.92,18.155,19.29,1.0,23.0,593.719970703125,0.0410958904109589,1.011447990976363,0.01138295858386816,0.2027212135198458,0.04156635579354916
QQQ,2026-03-31,588.0,16.74,18.27,17.505,18.64,1.0,107.0,593.719970703125,0.0410958904109589,1.0097278413318453,0.009680830513337702,0.2027212135198458,0.041495664712267614
QQQ,2026-03-31,589.0,16.1,17.62,16.86,21.83,1.0,8.0,593.719970703125,0.0410958904109589,1.0080135326029287,0.007981594760377816,0.2027212135198458,0.04142521366861351
QQQ,2026-03-31,590.0,16.09,16.28,16.185000000000002,16.24,71.0,1036.0,593.719970703125,0.0410958904109589,1.0063050350900424,0.006285241512199443,0.2027212135198458,0.04135500144205653
QQQ,2026-03-31,591.0,15.53,15.66,15.595,16.88,7.0,85.0,593.719970703125,0.0410958904109589,1.0046023192946278,0.004591761005866414,0.2027212135198458,0.04128502682032717
QQQ,2026-03-31,592.0,14.91,15.04,14.975,15.26,50.0,110.0,593.719970703125,0.0410958904109589,1.0029053559174408,0.0029011435279587467,0.2027212135198458,0.04121528859934688
QQQ,2026-03-31,593.0,14.3,14.44,14.37,14.48,59.0,28.0,593.719970703125,0.0410958904109589,1.001214115856872,0.0012133794142391498,0.2027212135198458,0.041145785583159115
QQQ,2026-03-31,594.0,13.71,13.84,13.775,14.15,91.0,61.0,593.719970703125,0.0410958904109589,0.9995285702072811,-0.0004715409506804123,0.2027212135198458,0.04107651658386087
QQQ,2026-03-31,595.0,13.14,13.25,13.195,13.19,623.0,729.0,593.719970703125,0.0410958904109589,0.9978486902573529,-0.0021536271336652837,0.2027212135198458,0.04100748042153505
QQQ,2026-03-31,596.0,12.55,12.67,12.61,12.85,34.0,148.0,593.719970703125,0.0410958904109589,0.9961744474884647,-0.003832888653385275,0.2027212135198458,0.04093867592418348
QQQ,2026-03-31,597.0,11.98,12.1,12.04,12.06,57.0,225.0,593.719970703125,0.0410958904109589,0.9945058135730737,-0.0055093349806376105,0.2027212135198458,0.04087010192766056
QQQ,2026-03-31,598.0,11.42,11.55,11.485,11.75,48.0,161.0,593.719970703125,0.0410958904109589,0.9928427603731187,-0.0071829755386672535,0.2027212135198458,0.040801757275607614
QQQ,2026-03-31,599.0,10.88,11.0,10.94,11.28,45.0,163.0,593.719970703125,0.0410958904109589,0.9911852599384391,-0.008853819703484806,0.2027212135198458,0.040733640819387906
QQQ,2026-03-31,600.0,10.35,10.46,10.405,10.39,1352.0,4661.0,593.719970703125,0.0410958904109589,0.9895332845052084,-0.010521876804181795,0.2027212135198458,0.04066575141802226
QQQ,2026-03-31,601.0,9.82,9.94,9.88,10.23,120.0,163.0,593.719970703125,0.0410958904109589,0.9878868064943843,-0.012187156123243103,0.2027212135198458,0.04059808793812538
QQQ,2026-03-31,602.0,9.31,9.43,9.37,9.79,104.0,265.0,593.719970703125,0.0410958904109589,0.9862457985101745,-0.013849666896856473,0.2027212135198458,0.04053064925384278
QQQ,2026-03-31,603.0,8.81,8.92,8.865,9.16,163.0,182.0,593.719970703125,0.0410958904109589,0.9846102333385157,-0.015509418315220963,0.2027212135198458,0.04046343424678831
QQQ,2026-03-31,604.0,8.32,8.44,8.379999999999999,8.82,90.0,641.0,593.719970703125,0.0410958904109589,0.9829800839455712,-0.017166419522850383,0.2027212135198458,0.040396441805982376
QQQ,2026-03-31,605.0,7.84,7.96,7.9,7.99,1198.0,2236.0,593.719970703125,0.0410958904109589,0.9813553234762397,-0.018820679618876953,0.2027212135198458,0.04032967082779067
QQQ,2026-03-31,606.0,7.38,7.49,7.435,7.59,295.0,801.0,593.719970703125,0.0410958904109589,0.9797359252526815,-0.02047220765734996,0.2027212135198458,0.04026312021586362
QQQ,2026-03-31,607.0,6.94,7.04,6.99,7.31,625.0,684.0,593.719970703125,0.0410958904109589,0.9781218627728583,-0.02212101264753378,0.2027212135198458,0.04019678888107637
QQQ,2026-03-31,608.0,6.5,6.6,6.55,6.86,33.0,683.0,593.719970703125,0.0410958904109589,0.9765131097090872,-0.023767103554202435,0.2027212135198458,0.040130675741469335
QQQ,2026-03-31,609.0,6.08,6.18,6.13,6.17,250.0,681.0,593.719970703125,0.0410958904109589,0.9749096399066092,-0.02541048929793253,0.2027212135198458,0.040064779722189414
QQQ,2026-03-31,610.0,5.67,5.77,5.72,5.8,3412.0,3508.0,593.719970703125,0.0410958904109589,0.9733114273821721,-0.02705117875539241,0.2027212135198458,0.03999909975543173
QQQ,2026-03-31,611.0,5.27,5.37,5.32,5.5,76.0,963.0,593.719970703125,0.0410958904109589,0.9717184463226268,-0.028689180759630818,0.2027212135198458,0.03993363478038192
QQQ,2026-03-31,612.0,4.89,4.99,4.9399999999999995,5.15,142.0,431.0,593.719970703125,0.0410958904109589,0.9701306710835376,-0.03032450410036158,0.2027212135198458,0.039868383743159076
QQQ,2026-03-31,613.0,4.53,4.62,4.575,4.79,72.0,217.0,593.719970703125,0.0410958904109589,0.9685480761878059,-0.03195715752424683,0.2027212135198458,0.039803345596759146
QQQ,2026-03-31,614.0,4.18,4.27,4.225,4.53,121.0,400.0,593.719970703125,0.0410958904109589,0.9669706363243078,-0.033587149735177964,0.2027212135198458,0.03973851930099895
QQQ,2026-03-31,615.0,3.84,3.93,3.885,4.04,433.0,1854.0,593.719970703125,0.0410958904109589,0.9653983263465448,-0.0352144893945533,0.2027212135198458,0.03967390382246074
QQQ,2026-03-31,616.0,3.53,3.61,3.57,3.75,371.0,387.0,593.719970703125,0.0410958904109589,0.9638311212713068,-0.03683918512155531,0.2027212135198458,0.03960949813443726
QQQ,2026-03-31,617.0,3.23,3.3,3.2649999999999997,3.43,124.0,589.0,593.719970703125,0.0410958904109589,0.9622689962773501,-0.0384612454934233,0.2027212135198458,0.039545301216877396
QQQ,2026-03-31,618.0,2.94,3.01,2.9749999999999996,3.23,48.0,560.0,593.719970703125,0.0410958904109589,0.9607119267040858,-0.04008067904572623,0.2027212135198458,0.03948131205633229
QQQ,2026-03-31,619.0,2.67,2.74,2.705,2.93,38.0,443.0,593.719970703125,0.0410958904109589,0.9591598880502827,-0.04169749427263156,0.2027212135198458,0.039417529645902026
QQQ,2026-03-31,620.0,2.41,2.48,2.4450000000000003,2.45,2224.0,2633.0,593.719970703125,0.0410958904109589,0.9576128559727822,-0.04331169962717275,0.2027212135198458,0.03935395298518283
QQQ,2026-03-31,621.0,2.17,2.24,2.205,2.31,253.0,328.0,593.719970703125,0.0410958904109589,0.9560708062852254,-0.04492330352151424,0.2027212135198458,0.03929058108021474
QQQ,2026-03-31,622.0,1.95,2.02,1.985,2.33,122.0,553.0,593.719970703125,0.0410958904109589,0.9545337149567926,-0.046532314327214906,0.2027212135198458,0.03922741294342983
QQQ,2026-03-31,623.0,1.75,1.81,1.78,1.95,150.0,239.0,593.719970703125,0.0410958904109589,0.9530015581109551,-0.04813874037548858,0.2027212135198458,0.039164447593600896
QQQ,2026-03-31,624.0,1.56,1.61,1.585,1.57,133.0,1199.0,593.719970703125,0.0410958904109589,0.9514743120242388,-0.049742589957463106,0.2027212135198458,0.039101684055790634
QQQ,2026-03-31,625.0,1.38,1.43,1.4049999999999998,1.41,2583.0,3793.0,593.719970703125,0.0410958904109589,0.949951953125,-0.051343871324436956,0.2027212135198458,0.03903912136130137
QQQ,2026-03-31,626.0,1.22,1.27,1.245,1.36,89.0,839.0,593.719970703125,0.0410958904109589,0.9484344579922125,-0.05294259268813398,0.2027212135198458,0.03897675854762517
QQQ,2026-03-31,627.0,1.07,1.13,1.1,1.29,105.0,505.0,593.719970703125,0.0410958904109589,0.9469218033542663,-0.05453876222095618,0.2027212135198458,0.0389145946583945
QQQ,2026-03-31,628.0,0.94,0.99,0.965,0.97,96.0,282.0,593.719970703125,0.0410958904109589,0.9454139660877786,-0.05613238805623421,0.2027212135198458,0.03885262874333337
QQQ,2026-03-31,629.0,0.82,0.87,0.845,0.86,145.0,594.0,593.719970703125,0.0410958904109589,0.9439109232164149,-0.05772347828847606,0.2027212135198458,0.03879085985820883
QQQ,2026-03-31,630.0,0.72,0.77,0.745,0.75,1605.0,5988.0,593.719970703125,0.0410958904109589,0.9424126519097222,-0.059312040973613846,0.2027212135198458,0.038729287064783104
QQQ,2026-03-31,631.0,0.63,0.67,0.65,0.66,112.0,476.0,593.719970703125,0.0410958904109589,0.9409191294819731,-0.0608980841292486,0.2027212135198458,0.03866790943076601
QQQ,2026-03-31,632.0,0.54,0.59,0.565,0.59,49.0,795.0,593.719970703125,0.0410958904109589,0.9394303333910206,-0.06248161573489292,0.2027212135198458,0.03860672602976797
QQQ,2026-03-31,633.0,0.47,0.52,0.495,0.52,93.0,395.0,593.719970703125,0.0410958904109589,0.9379462412371643,-0.06406264373221167,0.2027212135198458,0.03854573594125332
QQQ,2026-03-31,634.0,0.41,0.45,0.43,0.42,101.0,403.0,593.719970703125,0.0410958904109589,0.9364668307620269,-0.06564117602526136,0.2027212135198458,0.038484938250494254
QQQ,2026-03-31,635.0,0.36,0.39,0.375,0.37,508.0,3856.0,593.719970703125,0.0410958904109589,0.9349920798474409,-0.06721722048072715,0.2027212135198458,0.03842433204852497
QQQ,2026-03-31,636.0,0.31,0.35,0.3299999999999999,0.42,87.0,407.0,593.719970703125,0.0410958904109589,0.9335219665143475,-0.06879078492815761,0.2027212135198458,0.03836391643209647
QQQ,2026-03-31,637.0,0.27,0.31,0.29,0.4,117.0,445.0,593.719970703125,0.0410958904109589,0.9320564689217034,-0.07036187716019877,0.2027212135198458,0.038303690503631645
QQQ,2026-03-31,638.0,0.23,0.27,0.25,0.26,432.0,333.0,593.719970703125,0.0410958904109589,0.9305955653653997,-0.07193050493282538,0.2027212135198458,0.038243653371180804
QQQ,2026-03-31,639.0,0.2,0.24,0.22,0.28,266.0,536.0,593.719970703125,0.0410958904109589,0.9291392342771909,-0.07349667596557029,0.2027212135198458,0.03818380414837771
QQQ,2026-03-31,640.0,0.18,0.21,0.195,0.22,327.0,4536.0,593.719970703125,0.0410958904109589,0.9276874542236329,-0.07506039794175297,0.2027212135198458,0.03812414195439587
QQQ,2026-03-31,641.0,0.15,0.2,0.175,0.26,16.0,412.0,593.719970703125,0.0410958904109589,0.9262402039050313,-0.07662167850870547,0.2027212135198458,0.03806466591390539
QQQ,2026-03-31,642.0,0.14,0.17,0.155,0.26,12.0,1793.0,593.719970703125,0.0410958904109589,0.9247974621544003,-0.07818052527799668,0.2027212135198458,0.03800537515703015
QQQ,2026-03-31,643.0,0.12,0.16,0.14,0.17,19.0,1805.0,593.719970703125,0.0410958904109589,0.9233592079364308,-0.07973694582565488,0.2027212135198458,0.03794626881930537
QQQ,2026-03-31,644.0,0.11,0.14,0.125,0.15,24.0,924.0,593.719970703125,0.0410958904109589,0.9219254203464674,-0.08129094769238908,0.2027212135198458,0.03788734604163564
QQQ,2026-03-31,645.0,0.09,0.13,0.11,0.11,71.0,2197.0,593.719970703125,0.0410958904109589,0.9204960786094961,-0.08284253838380798,0.2027212135198458,0.03782860597025326
QQQ,2026-03-31,646.0,0.08,0.12,0.1,0.3,3.0,670.0,593.719970703125,0.0410958904109589,0.9190711620791409,-0.08439172537063734,0.2027212135198458,0.03777004775667702
QQQ,2026-03-31,647.0,0.07,0.11,0.09,0.12,1.0,263.0,593.719970703125,0.0410958904109589,0.9176506502366693,-0.08593851608893603,0.2027212135198458,0.037711670557671335
QQQ,2026-03-31,648.0,0.07,0.11,0.09,0.14,2.0,568.0,593.719970703125,0.0410958904109589,0.9162345226900077,-0.08748291794031018,0.2027212135198458,0.037653473535205796
QQQ,2026-03-31,653.0,0.06,0.08,0.07,0.08,66.0,1214.0,593.719970703125,0.0410958904109589,0.9092189444151991,-0.0951693508644665,0.2027212135198458,0.03736516209925476
QQQ,2026-04-02,460.0,131.82,135.62,133.72,133.7,2.0,2.0,593.719970703125,0.0465753424657534,1.2906955884850544,0.25518128892882386,0.21581321198145725,0.060114589052728526
QQQ,2026-04-02,470.0,121.91,125.73,123.82,124.48,2.0,3.0,593.719970703125,0.0465753424657534,1.2632339802194148,0.23367508370786017,0.21581321198145725,0.058835555243096
QQQ,2026-04-02,485.0,107.13,110.95,109.04,123.0,1.0,0.0,593.719970703125,0.0465753424657534,1.2241648880476803,0.20225888747448123,0.21581321198145725,0.057015898895371384
QQQ,2026-04-02,490.0,102.25,106.05,104.15,117.21,1.0,1.0,593.719970703125,0.0465753424657534,1.2116734095982142,0.1920023873072922,0.21581321198145725,0.05643410400868392
QQQ,2026-04-02,505.0,87.66,91.46,89.56,92.6,10.0,123.0,593.719970703125,0.0465753424657534,1.175683110303218,0.1618493491366048,0.21581321198145725,0.0547578434935745
QQQ,2026-04-02,515.0,78.04,81.85,79.945,85.86,10.0,13.0,593.719970703125,0.0465753424657534,1.1528543120449029,0.14224087774822833,0.21581321198145725,0.053694584396611886
QQQ,2026-04-02,520.0,73.31,77.1,75.205,88.1,2.0,10.0,593.719970703125,0.0465753424657534,1.1417691744290865,0.13257896683649148,0.21581321198145725,0.05317829031587524
QQQ,2026-04-02,530.0,64.35,67.74,66.04499999999999,74.53,17.0,32.0,593.719970703125,0.0465753424657534,1.120226359817217,0.11353077186579709,0.21581321198145725,0.052174926347651175
QQQ,2026-04-02,535.0,59.63,63.15,61.39,67.0,1.0,3.0,593.719970703125,0.0465753424657534,1.1097569545852803,0.10414103151595794,0.21581321198145725,0.051687310213560975
QQQ,2026-04-02,540.0,55.09,58.62,56.855,58.68,1.0,13.0,593.719970703125,0.0465753424657534,1.0994814272280093,0.09483863885364453,0.21581321198145725,0.05120872400787986
QQQ,2026-04-02,545.0,50.49,54.16,52.325,54.18,1.0,5.0,593.719970703125,0.0465753424657534,1.0893944416571102,0.08562198374872053,0.21581321198145725,0.05073891920046812
QQQ,2026-04-02,550.0,45.94,49.77,47.855,48.97,2.0,8.0,593.719970703125,0.0465753424657534,1.0794908558238636,0.0764895001854479,0.21581321198145725,0.050277656298645675
QQQ,2026-04-02,555.0,41.67,45.5,43.585,44.08,3.0,126.0,593.719970703125,0.0465753424657534,1.0697657129786036,0.06743966466552997,0.21581321198145725,0.049824704440099316
QQQ,2026-04-02,560.0,37.5,41.32,39.41,39.67,5.0,27.0,593.719970703125,0.0465753424657534,1.0602142333984375,0.05847099468276956,0.21581321198145725,0.04937984100759843
QQQ,2026-04-02,565.0,33.97,37.26,35.614999999999995,35.8,3.0,16.0,593.719970703125,0.0465753424657534,1.0508318065542035,0.04958204726552353,0.21581321198145725,0.048942851264168356
QQQ,2026-04-02,570.0,29.81,33.33,31.57,33.44,1.0,43.0,593.719970703125,0.0465753424657534,1.041613983689693,0.040771417583368635,0.21581321198145725,0.048513528007465126
QQQ,2026-04-02,575.0,26.48,29.4,27.94,29.57,11.0,47.0,593.719970703125,0.0465753424657534,1.0325564707880435,0.03203773761461407,0.21581321198145725,0.04809167124218282
QQQ,2026-04-02,580.0,22.77,25.34,24.055,26.39,2.0,19.0,593.719970703125,0.0465753424657534,1.0236551219019396,0.02337967487149948,0.21581321198145725,0.04767708786940538
QQQ,2026-04-02,585.0,20.33,21.7,21.015,23.61,1.0,50.0,593.719970703125,0.0465753424657534,1.0149059328258547,0.014795931180108052,0.21581321198145725,0.0472695913918891
QQQ,2026-04-02,588.0,17.63,19.52,18.575,19.76,3.0,5.0,593.719970703125,0.0465753424657534,1.0097278413318453,0.009680830513337702,0.21581321198145725,0.04702842000723661
QQQ,2026-04-02,590.0,17.15,17.33,17.24,17.47,89.0,1125.0,593.719970703125,0.0465753424657534,1.0063050350900424,0.006285241512199443,0.21581321198145725,0.04686900163433072
QQQ,2026-04-02,591.0,16.58,16.72,16.65,17.21,4.0,18.0,593.719970703125,0.0465753424657534,1.0046023192946278,0.004591761005866414,0.21581321198145725,0.046789697063037435
QQQ,2026-04-02,592.0,15.96,16.1,16.03,16.13,4.0,125.0,593.719970703125,0.0465753424657534,1.0029053559174408,0.0029011435279587467,0.21581321198145725,0.04671066041259311
QQQ,2026-04-02,593.0,15.35,15.49,15.42,15.95,49.0,136.0,593.719970703125,0.0465753424657534,1.001214115856872,0.0012133794142391498,0.21581321198145725,0.04663189032758031
QQQ,2026-04-02,594.0,14.75,14.88,14.815,15.2,92.0,116.0,593.719970703125,0.0465753424657534,0.9995285702072811,-0.0004715409506804123,0.21581321198145725,0.04655338546170896
QQQ,2026-04-02,595.0,14.16,14.29,14.225,14.28,519.0,338.0,593.719970703125,0.0465753424657534,0.9978486902573529,-0.0021536271336652837,0.21581321198145725,0.0464751444777397
QQQ,2026-04-02,596.0,13.57,13.7,13.635,14.1,35.0,82.0,593.719970703125,0.0465753424657534,0.9961744474884647,-0.003832888653385275,0.21581321198145725,0.04639716604740792
QQQ,2026-04-02,597.0,13.0,13.12,13.06,13.15,53.0,49.0,593.719970703125,0.0465753424657534,0.9945058135730737,-0.0055093349806376105,0.21581321198145725,0.04631944885134861
QQQ,2026-04-02,598.0,12.44,12.56,12.5,12.75,91.0,128.0,593.719970703125,0.0465753424657534,0.9928427603731187,-0.0071829755386672535,0.21581321198145725,0.046241991579021945
QQQ,2026-04-02,599.0,11.89,12.01,11.95,11.95,156.0,121.0,593.719970703125,0.0465753424657534,0.9911852599384391,-0.008853819703484806,0.21581321198145725,0.046164792928639606
QQQ,2026-04-02,600.0,11.4,11.46,11.43,11.61,816.0,1016.0,593.719970703125,0.0465753424657534,0.9895332845052084,-0.010521876804181795,0.21581321198145725,0.046087851607091876
QQQ,2026-04-02,601.0,10.81,10.93,10.87,11.34,353.0,259.0,593.719970703125,0.0465753424657534,0.9878868064943843,-0.012187156123243103,0.21581321198145725,0.04601116632987541
QQQ,2026-04-02,602.0,10.28,10.4,10.34,10.35,134.0,405.0,593.719970703125,0.0465753424657534,0.9862457985101745,-0.013849666896856473,0.21581321198145725,0.0459347358210218
QQQ,2026-04-02,603.0,9.77,9.89,9.83,9.88,123.0,170.0,593.719970703125,0.0465753424657534,0.9846102333385157,-0.015509418315220963,0.21581321198145725,0.04585855881302674
QQQ,2026-04-02,604.0,9.27,9.39,9.33,10.7,14.0,247.0,593.719970703125,0.0465753424657534,0.9829800839455712,-0.017166419522850383,0.21581321198145725,0.045782634046780006
QQQ,2026-04-02,605.0,8.79,8.9,8.844999999999999,8.93,843.0,1881.0,593.719970703125,0.0465753424657534,0.9813553234762397,-0.018820679618876953,0.21581321198145725,0.04570696027149607
QQQ,2026-04-02,606.0,8.3,8.42,8.36,8.62,51.0,210.0,593.719970703125,0.0465753424657534,0.9797359252526815,-0.02047220765734996,0.21581321198145725,0.045631536244645415
QQQ,2026-04-02,607.0,7.85,7.96,7.904999999999999,8.15,112.0,384.0,593.719970703125,0.0465753424657534,0.9781218627728583,-0.02212101264753378,0.21581321198145725,0.04555636073188653
QQQ,2026-04-02,608.0,7.4,7.5,7.45,7.7,67.0,258.0,593.719970703125,0.0465753424657534,0.9765131097090872,-0.023767103554202435,0.21581321198145725,0.045481432506998556
QQQ,2026-04-02,609.0,6.96,7.06,7.01,7.1,120.0,266.0,593.719970703125,0.0465753424657534,0.9749096399066092,-0.02541048929793253,0.21581321198145725,0.04540675035181465
QQQ,2026-04-02,610.0,6.54,6.63,6.585,6.68,377.0,2181.0,593.719970703125,0.0465753424657534,0.9733114273821721,-0.02705117875539241,0.21581321198145725,0.04533231305615594
QQQ,2026-04-02,611.0,6.12,6.22,6.17,6.56,80.0,220.0,593.719970703125,0.0465753424657534,0.9717184463226268,-0.028689180759630818,0.21581321198145725,0.045258119417766154
QQQ,2026-04-02,612.0,5.72,5.81,5.765,5.9,177.0,364.0,593.719970703125,0.0465753424657534,0.9701306710835376,-0.03032450410036158,0.21581321198145725,0.04518416824224693
QQQ,2026-04-02,613.0,5.33,5.43,5.38,5.75,182.0,102.0,593.719970703125,0.0465753424657534,0.9685480761878059,-0.03195715752424683,0.21581321198145725,0.045110458342993674
QQQ,2026-04-02,614.0,5.0,5.05,5.025,5.02,34.0,337.0,593.719970703125,0.0465753424657534,0.9669706363243078,-0.033587149735177964,0.21581321198145725,0.04503698854113212
QQQ,2026-04-02,615.0,4.61,4.69,4.65,4.64,969.0,1317.0,593.719970703125,0.0465753424657534,0.9653983263465448,-0.0352144893945533,0.21581321198145725,0.04496375766545548
QQQ,2026-04-02,616.0,4.26,4.35,4.305,4.39,60.0,127.0,593.719970703125,0.0465753424657534,0.9638311212713068,-0.03683918512155531,0.21581321198145725,0.04489076455236221
QQQ,2026-04-02,617.0,3.93,4.02,3.975,4.02,56.0,111.0,593.719970703125,0.0465753424657534,0.9622689962773501,-0.0384612454934233,0.21581321198145725,0.04481800804579436
QQQ,2026-04-02,618.0,3.62,3.7,3.66,3.79,95.0,162.0,593.719970703125,0.0465753424657534,0.9607119267040858,-0.04008067904572623,0.21581321198145725,0.04474548699717657
QQQ,2026-04-02,619.0,3.33,3.4,3.365,3.65,60.0,167.0,593.719970703125,0.0465753424657534,0.9591598880502827,-0.04169749427263156,0.21581321198145725,0.04467320026535561
QQQ,2026-04-02,620.0,3.04,3.12,3.08,3.08,551.0,1650.0,593.719970703125,0.0465753424657534,0.9576128559727822,-0.04331169962717275,0.21581321198145725,0.044601146716540516
QQQ,2026-04-02,621.0,2.78,2.85,2.815,2.87,95.0,123.0,593.719970703125,0.0465753424657534,0.9560708062852254,-0.04492330352151424,0.21581321198145725,0.044529325224243355
QQQ,2026-04-02,622.0,2.53,2.6,2.565,2.84,52.0,173.0,593.719970703125,0.0465753424657534,0.9545337149567926,-0.046532314327214906,0.21581321198145725,0.044457734669220456
QQQ,2026-04-02,623.0,2.3,2.36,2.33,2.62,195.0,321.0,593.719970703125,0.0465753424657534,0.9530015581109551,-0.04813874037548858,0.21581321198145725,0.044386373939414324
QQQ,2026-04-02,624.0,2.08,2.14,2.1100000000000003,2.17,31.0,198.0,593.719970703125,0.0465753424657534,0.9514743120242388,-0.049742589957463106,0.21581321198145725,0.04431524192989603
QQQ,2026-04-02,625.0,1.87,1.93,1.9,1.92,988.0,1501.0,593.719970703125,0.0465753424657534,0.949951953125,-0.051343871324436956,0.21581321198145725,0.044244337542808196
QQQ,2026-04-02,626.0,1.68,1.74,1.71,2.05,68.0,438.0,593.719970703125,0.0465753424657534,0.9484344579922125,-0.05294259268813398,0.21581321198145725,0.044173659687308506
QQQ,2026-04-02,627.0,1.51,1.57,1.54,1.56,63.0,586.0,593.719970703125,0.0465753424657534,0.9469218033542663,-0.05453876222095618,0.21581321198145725,0.04410320727951375
QQQ,2026-04-02,628.0,1.35,1.4,1.375,1.55,279.0,643.0,593.719970703125,0.0465753424657534,0.9454139660877786,-0.05613238805623421,0.21581321198145725,0.04403297924244446
QQQ,2026-04-02,629.0,1.2,1.26,1.23,1.23,203.0,380.0,593.719970703125,0.0465753424657534,0.9439109232164149,-0.05772347828847606,0.21581321198145725,0.04396297450596998
QQQ,2026-04-02,630.0,1.07,1.12,1.0950000000000002,1.11,804.0,2944.0,593.719970703125,0.0465753424657534,0.9424126519097222,-0.059312040973613846,0.21581321198145725,0.043893192006754164
QQQ,2026-04-02,635.0,0.59,0.62,0.605,0.6,847.0,5179.0,593.719970703125,0.0465753424657534,0.9349920798474409,-0.06721722048072715,0.21581321198145725,0.04354757632166161
QQQ,2026-04-02,640.0,0.3,0.34,0.32,0.32,782.0,2277.0,593.719970703125,0.0465753424657534,0.9276874542236329,-0.07506039794175297,0.21581321198145725,0.04320736088164863
QQQ,2026-04-02,645.0,0.16,0.2,0.18,0.17,393.0,4384.0,593.719970703125,0.0465753424657534,0.9204960786094961,-0.08284253838380798,0.21581321198145725,0.04287242009962034
QQQ,2026-04-02,650.0,0.09,0.13,0.11,0.13,452.0,1221.0,593.719970703125,0.0465753424657534,0.9134153395432693,-0.09056458447771824,0.21581321198145725,0.04254263225270019
QQQ,2026-04-02,655.0,0.07,0.1,0.085,0.09,17.0,4329.0,593.719970703125,0.0465753424657534,0.9064427033635496,-0.09822745722328742,0.21581321198145725,0.042217879334740645
AAPL,2026-03-18,220.0,28.9,31.85,30.375,37.53,153.0,23.0,250.1199951171875,0.0054794520547945,1.1369090687144887,0.12831323682485601,0.07402332101976039,0.006229638732682106
AAPL,2026-03-18,222.5,26.25,29.55,27.9,34.22,152.0,23.0,250.1199951171875,0.0054794520547945,1.1241348095154495,0.11701368157092265,0.07402332101976039,0.006159642791865453
AAPL,2026-03-18,225.0,23.95,27.05,25.5,30.9,1.0,57.0,250.1199951171875,0.0054794520547945,1.1116444227430555,0.10584038097279733,0.07402332101976039,0.006091202316400281
AAPL,2026-03-18,227.5,21.45,24.45,22.95,28.22,2.0,34.0,250.1199951171875,0.0054794520547945,1.0994285499656593,0.09479054478621234,0.07402332101976039,0.0060242660272090695
AAPL,2026-03-18,230.0,19.1,22.15,20.625,21.63,187.0,33.0,250.1199951171875,0.0054794520547945,1.0874782396399456,0.08386147425402206,0.07402332101976039,0.005958784874739405
AAPL,2026-03-18,232.5,17.0,19.2,18.1,19.59,186.0,32.0,250.1199951171875,0.0054794520547945,1.075784925235215,0.07305055814980639,0.07402332101976039,0.005894711919097046
AAPL,2026-03-18,235.0,14.3,16.65,15.475,20.62,63.0,60.0,250.1199951171875,0.0054794520547945,1.0643404047539893,0.062355269033058436,0.07402332101976039,0.005832002217830056
AAPL,2026-03-18,237.5,12.15,14.1,13.125,14.6,26.0,44.0,250.1199951171875,0.0054794520547945,1.0531368215460526,0.05177315970252154,0.07402332101976039,0.005770612720800266
AAPL,2026-03-18,240.0,10.05,11.8,10.925,11.03,1.0,41.0,250.1199951171875,0.0054794520547945,1.0421666463216146,0.04130185983522619,0.07402332101976039,0.005710502171625264
AAPL,2026-03-18,245.0,6.6,6.9,6.75,6.7,200.0,66.0,250.1199951171875,0.0054794520547945,1.0208979392538264,0.0206825726324904,0.07402332101976039,0.00559396131097985
AAPL,2026-03-18,250.0,3.35,3.5,3.425,3.4,1139.0,302.0,250.1199951171875,0.0054794520547945,1.00047998046875,0.0004798653149711309,0.07402332101976039,0.005482082084760254
AAPL,2026-03-18,252.5,2.18,2.28,2.23,2.19,1790.0,87.0,250.1199951171875,0.0054794520547945,0.9905742380878713,-0.009470465538197062,0.07402332101976039,0.005427804044317083
AAPL,2026-03-18,255.0,1.28,1.36,1.32,1.32,2383.0,210.0,250.1199951171875,0.0054794520547945,0.9808627259497549,-0.01932276198120869,0.07402332101976039,0.0053745902791767185
AAPL,2026-03-18,257.5,0.7,0.75,0.725,0.68,1977.0,378.0,250.1199951171875,0.0054794520547945,0.971339786862864,-0.029078936926573394,0.07402332101976039,0.0053224097910293715
AAPL,2026-03-18,260.0,0.35,0.4,0.375,0.36,3233.0,863.0,250.1199951171875,0.0054794520547945,0.9619999812199519,-0.038740847838310284,0.07402332101976039,0.005271232773807936
AAPL,2026-03-18,262.5,0.17,0.21,0.19,0.2,2604.0,1229.0,250.1199951171875,0.0054794520547945,0.9528380766369048,-0.048310298854460934,0.07402332101976039,0.005221030556914527
AAPL,2026-03-18,265.0,0.1,0.12,0.11,0.11,1251.0,1598.0,250.1199951171875,0.0054794520547945,0.9438490381780661,-0.057789042809004675,0.07402332101976039,0.0051717755516606165
AAPL,2026-03-18,267.5,0.05,0.07,0.06,0.06,528.0,503.0,250.1199951171875,0.0054794520547945,0.9350280191296729,-0.06717878315884372,0.07402332101976039,0.005123441200710517
AAPL,2026-03-20,90.0,158.15,162.1,160.125,175.67,13.0,59.0,250.1199951171875,0.010958904109589,2.779111056857639,1.0221311128469523,0.10468478451804254,0.030456011582001407
AAPL,2026-03-20,95.0,163.1,167.0,165.05,165.52,7.0,1.0,250.1199951171875,0.010958904109589,2.6328420538651316,0.9680638915766766,0.10468478451804254,0.028853063604001333
AAPL,2026-03-20,100.0,148.3,152.05,150.175,160.45,10.0,51.0,250.1199951171875,0.010958904109589,2.501199951171875,0.9167705971891262,0.10468478451804254,0.027410410423801268
AAPL,2026-03-20,105.0,153.1,157.0,155.05,143.15,1.0,27.0,250.1199951171875,0.010958904109589,2.3820951915922617,0.867980433019694,0.10468478451804254,0.026105152784572632
AAPL,2026-03-20,110.0,138.25,142.05,140.15,154.77,1.0,355.0,250.1199951171875,0.010958904109589,2.2738181374289774,0.8214604173848014,0.10468478451804254,0.024918554930728424
AAPL,2026-03-20,115.0,133.3,136.95,135.125,136.4,2.0,191.0,250.1199951171875,0.010958904109589,2.174956479279891,0.7770086548139674,0.10468478451804254,0.02383513949895762
AAPL,2026-03-20,120.0,128.05,132.15,130.10000000000002,132.0,16.0,58.0,250.1199951171875,0.010958904109589,2.084333292643229,0.7344490403951714,0.10468478451804254,0.022842008686501054
AAPL,2026-03-20,125.0,123.3,127.1,125.2,139.5,3.0,114.0,250.1199951171875,0.010958904109589,2.0009599609375,0.6936270458749164,0.10468478451804254,0.021928328339041014
AAPL,2026-03-20,130.0,118.0,122.15,120.075,125.1,12.0,75.0,250.1199951171875,0.010958904109589,1.9239999624399038,0.6544063327216351,0.10468478451804254,0.021084931095231744
AAPL,2026-03-20,135.0,113.3,116.95,115.125,127.26,8.0,277.0,250.1199951171875,0.010958904109589,1.8527407045717592,0.616666004738788,0.10468478451804254,0.02030400772133427
AAPL,2026-03-20,140.0,108.3,111.95,110.125,123.01,18.0,142.0,250.1199951171875,0.010958904109589,1.7865713936941965,0.5802983605679132,0.10468478451804254,0.019578864588429477
AAPL,2026-03-20,145.0,103.3,106.95,105.125,110.47,6.0,193.0,250.1199951171875,0.010958904109589,1.7249654835668105,0.5452070407566432,0.10468478451804254,0.018903731326759494
AAPL,2026-03-20,150.0,98.35,102.05,100.2,105.88,2.0,530.0,250.1199951171875,0.010958904109589,1.6674666341145834,0.5113054890809617,0.10468478451804254,0.018273606949200844
AAPL,2026-03-20,155.0,93.35,96.95,95.15,106.0,1.0,195.0,250.1199951171875,0.010958904109589,1.6136773878528226,0.4785156662579708,0.10468478451804254,0.01768413575729114
AAPL,2026-03-20,160.0,88.5,91.95,90.225,99.75,7.0,447.0,250.1199951171875,0.010958904109589,1.5632499694824218,0.4467669679433905,0.10468478451804254,0.01713150651487579
AAPL,2026-03-20,165.0,83.35,86.95,85.15,96.55,1.0,254.0,250.1199951171875,0.010958904109589,1.515878758285985,0.4159953092766369,0.10468478451804254,0.01661236995381895
AAPL,2026-03-20,170.0,78.35,82.1,80.225,81.29,11.0,737.0,250.1199951171875,0.010958904109589,1.4712940889246324,0.38614234612695575,0.10468478451804254,0.01612377083753016
AAPL,2026-03-20,175.0,73.35,76.95,75.15,86.4,1.0,361.0,250.1199951171875,0.010958904109589,1.4292571149553572,0.35715480925370346,0.10468478451804254,0.015663091670743583
AAPL,2026-03-20,180.0,69.35,71.8,70.57499999999999,72.62,38.0,522.0,250.1199951171875,0.010958904109589,1.3895555284288195,0.3289839322870071,0.10468478451804254,0.015228005791000703
AAPL,2026-03-20,185.0,64.25,66.85,65.55,66.36,1.0,869.0,250.1199951171875,0.010958904109589,1.351999973606419,0.30158495809889274,0.10468478451804254,0.014816438066919605
AAPL,2026-03-20,190.0,59.15,61.95,60.55,60.6,7.0,614.0,250.1199951171875,0.010958904109589,1.3164210269325658,0.2749167110167313,0.10468478451804254,0.014426531802000667
AAPL,2026-03-20,195.0,54.3,56.9,55.599999999999994,56.01,23.0,1530.0,250.1199951171875,0.010958904109589,1.2826666416266026,0.2489412246134707,0.10468478451804254,0.014056620730154496
AAPL,2026-03-20,200.0,49.1,51.8,50.45,51.63,63.0,6383.0,250.1199951171875,0.010958904109589,1.2505999755859376,0.2236234166291809,0.10468478451804254,0.013705205211900634
AAPL,2026-03-20,205.0,44.0,46.9,45.45,46.57,40.0,121.0,250.1199951171875,0.010958904109589,1.2200975371570122,0.1989308040388093,0.10468478451804254,0.013370931914049398
AAPL,2026-03-20,210.0,39.85,41.4,40.625,40.82,28.0,4409.0,250.1199951171875,0.010958904109589,1.1910475957961308,0.1748332524597487,0.10468478451804254,0.013052576392286316
AAPL,2026-03-20,215.0,34.15,36.95,35.55,36.33,142.0,1412.0,250.1199951171875,0.010958904109589,1.1633488144985464,0.15130275504955462,0.10468478451804254,0.012749028104093611
AAPL,2026-03-20,220.0,30.0,30.9,30.45,30.54,152.0,5964.0,250.1199951171875,0.010958904109589,1.1369090687144887,0.12831323682485601,0.10468478451804254,0.012459277465364212
AAPL,2026-03-20,225.0,25.05,25.95,25.5,25.6,41.0,1979.0,250.1199951171875,0.010958904109589,1.1116444227430555,0.10584038097279733,0.10468478451804254,0.012182404632800563
AAPL,2026-03-20,230.0,20.65,21.1,20.875,20.9,214.0,6322.0,250.1199951171875,0.010958904109589,1.0874782396399456,0.08386147425402206,0.10468478451804254,0.01191756974947881
AAPL,2026-03-20,235.0,15.6,16.4,16.0,16.54,3628.0,1084.0,250.1199951171875,0.010958904109589,1.0643404047539893,0.062355269033058436,0.10468478451804254,0.011664004435660113
AAPL,2026-03-20,237.5,13.4,14.5,13.95,14.0,17.0,130.0,250.1199951171875,0.010958904109589,1.0531368215460526,0.05177315970252154,0.10468478451804254,0.011541225441600533
AAPL,2026-03-20,240.0,11.25,11.85,11.55,11.6,288.0,9596.0,250.1199951171875,0.010958904109589,1.0421666463216146,0.04130185983522619,0.10468478451804254,0.011421004343250527
AAPL,2026-03-20,242.5,9.1,9.85,9.475,9.6,38.0,232.0,250.1199951171875,0.010958904109589,1.0314226602770618,0.030939072799679494,0.10468478451804254,0.011303262030433511
AAPL,2026-03-20,245.0,7.5,8.7,8.1,7.6,626.0,2642.0,250.1199951171875,0.010958904109589,1.0208979392538264,0.0206825726324904,0.10468478451804254,0.0111879226219597
AAPL,2026-03-20,247.5,5.55,6.6,6.074999999999999,6.05,442.0,79.0,250.1199951171875,0.010958904109589,1.0105858388573232,0.01053020116847248,0.10468478451804254,0.011074913302545966
AAPL,2026-03-20,250.0,4.3,4.45,4.375,4.3,4360.0,13329.0,250.1199951171875,0.010958904109589,1.00047998046875,0.0004798653149711309,0.10468478451804254,0.010964164169520507
AAPL,2026-03-20,252.5,2.95,3.15,3.05,2.98,4659.0,441.0,250.1199951171875,0.010958904109589,0.9905742380878713,-0.009470465538197062,0.10468478451804254,0.010855608088634165
AAPL,2026-03-20,255.0,1.93,2.02,1.975,1.96,8374.0,7407.0,250.1199951171875,0.010958904109589,0.9808627259497549,-0.01932276198120869,0.10468478451804254,0.010749180558353437
AAPL,2026-03-20,257.5,1.19,1.29,1.24,1.2,5884.0,2232.0,250.1199951171875,0.010958904109589,0.971339786862864,-0.029078936926573394,0.10468478451804254,0.010644819582058743
AAPL,2026-03-20,260.0,0.7,0.76,0.73,0.75,15044.0,30741.0,250.1199951171875,0.010958904109589,0.9619999812199519,-0.038740847838310284,0.10468478451804254,0.010542465547615872
AAPL,2026-03-20,262.5,0.4,0.44,0.42,0.42,3225.0,3110.0,250.1199951171875,0.010958904109589,0.9528380766369048,-0.048310298854460934,0.10468478451804254,0.010442061113829055
AAPL,2026-03-20,265.0,0.23,0.25,0.24,0.24,11776.0,11904.0,250.1199951171875,0.010958904109589,0.9438490381780661,-0.057789042809004675,0.10468478451804254,0.010343551103321233
AAPL,2026-03-20,267.5,0.15,0.16,0.155,0.15,2075.0,4452.0,250.1199951171875,0.010958904109589,0.9350280191296729,-0.06717878315884372,0.10468478451804254,0.010246882401421034
AAPL,2026-03-20,270.0,0.1,0.11,0.105,0.1,5765.0,31712.0,250.1199951171875,0.010958904109589,0.9263703522858796,-0.07648117582115731,0.10468478451804254,0.010152003860667135
AAPL,2026-03-20,272.5,0.06,0.08,0.07,0.06,520.0,3194.0,250.1199951171875,0.010958904109589,0.9178715417144495,-0.08569783092608131,0.10468478451804254,0.010058866210569272
AAPL,2026-03-20,275.0,0.04,0.05,0.045,0.05,4116.0,25832.0,250.1199951171875,0.010958904109589,0.9095272549715909,-0.09483031448935379,0.10468478451804254,0.00996742197229137
AAPL,2026-03-20,280.0,0.02,0.03,0.025,0.03,2799.0,60788.0,250.1199951171875,0.010958904109589,0.8932856968470982,-0.1128488199920321,0.10468478451804254,0.009789432294214738
AAPL,2026-03-27,175.0,73.5,77.15,75.325,84.75,,2.0,250.1199951171875,0.0301369863013698,1.4292571149553572,0.35715480925370346,0.17360007575277667,0.04307350209454493
AAPL,2026-03-27,180.0,69.35,72.15,70.75,83.05,,2.0,250.1199951171875,0.0301369863013698,1.3895555284288195,0.3289839322870071,0.17360007575277667,0.04187701592525201
AAPL,2026-03-27,185.0,64.05,67.2,65.625,76.18,1.0,5.0,250.1199951171875,0.0301369863013698,1.351999973606419,0.30158495809889274,0.17360007575277667,0.04074520468402898
AAPL,2026-03-27,190.0,59.1,62.1,60.6,61.97,1.0,18.0,250.1199951171875,0.0301369863013698,1.3164210269325658,0.2749167110167313,0.17360007575277667,0.0396729624555019
AAPL,2026-03-27,195.0,54.25,57.3,55.775,64.01,1.0,8.0,250.1199951171875,0.0301369863013698,1.2826666416266026,0.2489412246134707,0.17360007575277667,0.03865570700792493
AAPL,2026-03-27,200.0,49.35,52.35,50.85,57.77,58.0,18.0,250.1199951171875,0.0301369863013698,1.2505999755859376,0.2236234166291809,0.17360007575277667,0.03768931433272681
AAPL,2026-03-27,205.0,44.65,47.25,45.95,48.3,8.0,28.0,250.1199951171875,0.0301369863013698,1.2200975371570122,0.1989308040388093,0.17360007575277667,0.03677006276363591
AAPL,2026-03-27,210.0,39.65,41.95,40.8,41.74,4.0,29.0,250.1199951171875,0.0301369863013698,1.1910475957961308,0.1748332524597487,0.17360007575277667,0.035894585078787435
AAPL,2026-03-27,215.0,35.2,37.15,36.175,37.71,1.0,27.0,250.1199951171875,0.0301369863013698,1.1633488144985464,0.15130275504955462,0.17360007575277667,0.03505982728625749
AAPL,2026-03-27,220.0,29.75,32.15,30.95,31.37,455.0,480.0,250.1199951171875,0.0301369863013698,1.1369090687144887,0.12831323682485601,0.17360007575277667,0.03426301302975165
AAPL,2026-03-27,225.0,25.3,27.2,26.25,26.65,9.0,16.0,250.1199951171875,0.0301369863013698,1.1116444227430555,0.10584038097279733,0.17360007575277667,0.03350161274020161
AAPL,2026-03-27,230.0,21.15,22.55,21.85,22.0,9.0,15.0,250.1199951171875,0.0301369863013698,1.0874782396399456,0.08386147425402206,0.17360007575277667,0.03277331681106679
AAPL,2026-03-27,235.0,16.25,18.2,17.225,17.72,25.0,62.0,250.1199951171875,0.0301369863013698,1.0643404047539893,0.062355269033058436,0.17360007575277667,0.032076012198065364
AAPL,2026-03-27,240.0,12.2,14.2,13.2,13.8,69.0,337.0,250.1199951171875,0.0301369863013698,1.0421666463216146,0.04130185983522619,0.17360007575277667,0.03140776194393901
AAPL,2026-03-27,245.0,9.25,9.5,9.375,9.45,172.0,65.0,250.1199951171875,0.0301369863013698,1.0208979392538264,0.0206825726324904,0.17360007575277667,0.030766787210389227
AAPL,2026-03-27,250.0,6.05,6.2,6.125,6.1,832.0,439.0,250.1199951171875,0.0301369863013698,1.00047998046875,0.0004798653149711309,0.17360007575277667,0.030151451466181447
AAPL,2026-03-27,255.0,3.35,3.85,3.6,3.65,1791.0,532.0,250.1199951171875,0.0301369863013698,0.9808627259497549,-0.01932276198120869,0.17360007575277667,0.029560246535472005
AAPL,2026-03-27,260.0,1.76,1.91,1.835,1.87,2483.0,4365.0,250.1199951171875,0.0301369863013698,0.9619999812199519,-0.038740847838310284,0.17360007575277667,0.028991780255943695
AAPL,2026-03-27,265.0,0.84,0.89,0.865,0.87,2950.0,2913.0,250.1199951171875,0.0301369863013698,0.9438490381780661,-0.057789042809004675,0.17360007575277667,0.02844476553413344
AAPL,2026-03-27,270.0,0.36,0.4,0.38,0.38,1252.0,3499.0,250.1199951171875,0.0301369863013698,0.9263703522858796,-0.07648117582115731,0.17360007575277667,0.02791801061683467
AAPL,2026-03-27,275.0,0.16,0.19,0.175,0.18,1873.0,3868.0,250.1199951171875,0.0301369863013698,0.9095272549715909,-0.09483031448935379,0.17360007575277667,0.027410410423801313
AAPL,2026-03-27,280.0,0.08,0.11,0.095,0.09,459.0,5492.0,250.1199951171875,0.0301369863013698,0.8932856968470982,-0.1128488199920321,0.17360007575277667,0.026920938809090578
AAPL,2026-03-27,285.0,0.05,0.06,0.055,0.06,191.0,6801.0,250.1199951171875,0.0301369863013698,0.8776140179550439,-0.130548397091433,0.17360007575277667,0.02644864163700127
AAPL,2026-03-27,290.0,0.02,0.03,0.025,0.02,55.0,3140.0,250.1199951171875,0.0301369863013698,0.8624827417834052,-0.14794013980330217,0.17360007575277667,0.02599263057429435
AAPL,2026-04-02,110.0,138.4,142.15,140.275,146.9,,0.0,250.1199951171875,0.0465753424657534,2.2738181374289774,0.8214604173848014,0.21581321198145725,0.10590385845559615
AAPL,2026-04-02,165.0,83.6,87.25,85.425,92.03,1.0,5.0,250.1199951171875,0.0465753424657534,1.515878758285985,0.4159953092766369,0.21581321198145725,0.07060257230373077
AAPL,2026-04-02,175.0,74.2,77.3,75.75,77.45,1.0,2.0,250.1199951171875,0.0465753424657534,1.4292571149553572,0.35715480925370346,0.21581321198145725,0.06656813960066044
AAPL,2026-04-02,185.0,64.15,67.25,65.7,80.27,2.0,2.0,250.1199951171875,0.0465753424657534,1.351999973606419,0.30158495809889274,0.21581321198145725,0.06296986178440853
AAPL,2026-04-02,190.0,59.05,62.5,60.775,73.8,1.0,1.0,250.1199951171875,0.0465753424657534,1.3164210269325658,0.2749167110167313,0.21581321198145725,0.06131276015850303
AAPL,2026-04-02,195.0,54.15,57.55,55.849999999999994,67.32,2.0,3.0,250.1199951171875,0.0465753424657534,1.2826666416266026,0.2489412246134707,0.21581321198145725,0.0597406381031568
AAPL,2026-04-02,205.0,44.8,47.75,46.275,70.42,1.0,3.0,250.1199951171875,0.0465753424657534,1.2200975371570122,0.1989308040388093,0.21581321198145725,0.05682646063471013
AAPL,2026-04-02,210.0,40.1,42.55,41.325,47.0,16.0,21.0,250.1199951171875,0.0465753424657534,1.1910475957961308,0.1748332524597487,0.21581321198145725,0.055473449667217026
AAPL,2026-04-02,215.0,35.95,37.8,36.875,42.92,2.0,3.0,250.1199951171875,0.0465753424657534,1.1633488144985464,0.15130275504955462,0.21581321198145725,0.05418336944239802
AAPL,2026-04-02,220.0,30.4,32.65,31.525,32.6,5.0,3.0,250.1199951171875,0.0465753424657534,1.1369090687144887,0.12831323682485601,0.21581321198145725,0.052951929227798074
AAPL,2026-04-02,225.0,25.8,28.1,26.950000000000003,27.0,2.0,8.0,250.1199951171875,0.0465753424657534,1.1116444227430555,0.10584038097279733,0.21581321198145725,0.05177521968940256
AAPL,2026-04-02,230.0,21.35,23.55,22.450000000000003,23.45,1.0,12.0,250.1199951171875,0.0465753424657534,1.0874782396399456,0.08386147425402206,0.21581321198145725,0.050649671435285114
AAPL,2026-04-02,235.0,18.05,19.25,18.65,18.2,9.0,50.0,250.1199951171875,0.0465753424657534,1.0643404047539893,0.062355269033058436,0.21581321198145725,0.04957201885155564
AAPL,2026-04-02,240.0,14.05,14.9,14.475,14.78,26.0,60.0,250.1199951171875,0.0465753424657534,1.0421666463216146,0.04130185983522619,0.21581321198145725,0.0485392684588149
AAPL,2026-04-02,245.0,10.4,11.55,10.975,10.5,47.0,51.0,250.1199951171875,0.0465753424657534,1.0208979392538264,0.0206825726324904,0.21581321198145725,0.04754867114332888
AAPL,2026-04-02,250.0,7.25,8.3,7.775,7.45,94.0,272.0,250.1199951171875,0.0465753424657534,1.00047998046875,0.0004798653149711309,0.21581321198145725,0.04659769772046231
AAPL,2026-04-02,255.0,4.6,4.9,4.75,4.75,424.0,516.0,250.1199951171875,0.0465753424657534,0.9808627259497549,-0.01932276198120869,0.21581321198145725,0.045684017373002254
AAPL,2026-04-02,260.0,2.76,3.05,2.905,2.8,704.0,2247.0,250.1199951171875,0.0465753424657534,0.9619999812199519,-0.038740847838310284,0.21581321198145725,0.0448054785773676
AAPL,2026-04-02,265.0,1.49,1.76,1.625,1.54,466.0,1029.0,250.1199951171875,0.0465753424657534,0.9438490381780661,-0.057789042809004675,0.21581321198145725,0.04396009218911538
AAPL,2026-04-02,270.0,0.77,0.82,0.7949999999999999,0.79,891.0,1598.0,250.1199951171875,0.0465753424657534,0.9263703522858796,-0.07648117582115731,0.21581321198145725,0.04314601640783546
AAPL,2026-04-02,275.0,0.4,0.43,0.415,0.4,2056.0,3291.0,250.1199951171875,0.0465753424657534,0.9095272549715909,-0.09483031448935379,0.21581321198145725,0.04236154338223846
AAPL,2026-04-02,280.0,0.22,0.24,0.2299999999999999,0.23,457.0,3121.0,250.1199951171875,0.0465753424657534,0.8932856968470982,-0.1128488199920321,0.21581321198145725,0.04160508725041277
AAPL,2026-04-02,285.0,0.14,0.15,0.145,0.13,304.0,4227.0,250.1199951171875,0.0465753424657534,0.8776140179550439,-0.130548397091433,0.21581321198145725,0.04087517343900202
AAPL,2026-04-02,290.0,0.07,0.1,0.085,0.09,167.0,1859.0,250.1199951171875,0.0465753424657534,0.8624827417834052,-0.14794013980330217,0.21581321198145725,0.04017042906936406
AAPL,2026-04-10,170.0,79.35,82.35,80.85,92.92,,1.0,250.1199951171875,0.0684931506849315,1.4712940889246324,0.38614234612695575,0.2617119612951068,0.10077356773456386
AAPL,2026-04-10,180.0,69.45,72.6,71.025,83.64,,5.0,250.1199951171875,0.0684931506849315,1.3895555284288195,0.3289839322870071,0.2617119612951068,0.09517503619375475
AAPL,2026-04-10,195.0,54.85,57.9,56.375,67.52,2.0,3.0,250.1199951171875,0.0684931506849315,1.2826666416266026,0.2489412246134707,0.2617119612951068,0.08785387956346592
AAPL,2026-04-10,200.0,49.95,52.6,51.275000000000006,61.67,10.0,6.0,250.1199951171875,0.0684931506849315,1.2505999755859376,0.2236234166291809,0.2617119612951068,0.08565753257437929
AAPL,2026-04-10,205.0,45.45,47.05,46.25,47.61,40.0,2.0,250.1199951171875,0.0684931506849315,1.2200975371570122,0.1989308040388093,0.2617119612951068,0.08356832446280905
AAPL,2026-04-10,210.0,40.3,42.9,41.599999999999994,48.6,17.0,16.0,250.1199951171875,0.0684931506849315,1.1910475957961308,0.1748332524597487,0.2617119612951068,0.08157860245178977
AAPL,2026-04-10,215.0,35.65,38.15,36.9,37.29,1.0,3.0,250.1199951171875,0.0684931506849315,1.1633488144985464,0.15130275504955462,0.2617119612951068,0.07968142565058536
AAPL,2026-04-10,220.0,31.65,32.65,32.15,32.64,1.0,23.0,250.1199951171875,0.0684931506849315,1.1369090687144887,0.12831323682485601,0.2617119612951068,0.07787048415852663
AAPL,2026-04-10,225.0,26.6,28.8,27.700000000000003,31.08,11.0,23.0,250.1199951171875,0.0684931506849315,1.1116444227430555,0.10584038097279733,0.2617119612951068,0.0761400289550038
AAPL,2026-04-10,230.0,22.25,24.2,23.225,26.57,13.0,28.0,250.1199951171875,0.0684931506849315,1.0874782396399456,0.08386147425402206,0.2617119612951068,0.07448481093424285
AAPL,2026-04-10,235.0,18.95,20.3,19.625,19.54,12.0,12.0,250.1199951171875,0.0684931506849315,1.0643404047539893,0.062355269033058436,0.2617119612951068,0.07290002772287597
AAPL,2026-04-10,240.0,15.1,16.3,15.7,16.01,42.0,63.0,250.1199951171875,0.0684931506849315,1.0421666463216146,0.04130185983522619,0.2617119612951068,0.07138127714531606
AAPL,2026-04-10,245.0,11.55,12.15,11.85,11.66,20.0,25.0,250.1199951171875,0.0684931506849315,1.0208979392538264,0.0206825726324904,0.2617119612951068,0.06992451638724838
AAPL,2026-04-10,250.0,8.45,8.9,8.675,8.65,104.0,109.0,250.1199951171875,0.0684931506849315,1.00047998046875,0.0004798653149711309,0.2617119612951068,0.06852602605950342
AAPL,2026-04-10,255.0,5.8,6.15,5.975,6.01,419.0,244.0,250.1199951171875,0.0684931506849315,0.9808627259497549,-0.01932276198120869,0.2617119612951068,0.06718237848970923
AAPL,2026-04-10,260.0,3.75,3.9,3.825,3.88,198.0,816.0,250.1199951171875,0.0684931506849315,0.9619999812199519,-0.038740847838310284,0.2617119612951068,0.06589040967259945
AAPL,2026-04-10,265.0,2.26,2.37,2.315,2.38,913.0,587.0,250.1199951171875,0.0684931506849315,0.9438490381780661,-0.057789042809004675,0.2617119612951068,0.06464719439575795
AAPL,2026-04-10,270.0,1.29,1.37,1.33,1.3,1070.0,1668.0,250.1199951171875,0.0684931506849315,0.9263703522858796,-0.07648117582115731,0.2617119612951068,0.06345002412916984
AAPL,2026-04-10,275.0,0.71,0.77,0.74,0.76,917.0,3880.0,250.1199951171875,0.0684931506849315,0.9095272549715909,-0.09483031448935379,0.2617119612951068,0.062296387326821294
AAPL,2026-04-10,280.0,0.4,0.45,0.425,0.44,1016.0,2604.0,250.1199951171875,0.0684931506849315,0.8932856968470982,-0.1128488199920321,0.2617119612951068,0.06118395183884234
AAPL,2026-04-10,285.0,0.23,0.28,0.255,0.26,330.0,3299.0,250.1199951171875,0.0684931506849315,0.8776140179550439,-0.130548397091433,0.2617119612951068,0.060110549175003004
AAPL,2026-04-10,290.0,0.16,0.19,0.175,0.19,145.0,1031.0,250.1199951171875,0.0684931506849315,0.8624827417834052,-0.14794013980330217,0.2617119612951068,0.05907416039612364
AAPL,2026-04-10,295.0,0.09,0.12,0.105,0.1,106.0,667.0,250.1199951171875,0.0684931506849315,0.8478643902277543,-0.16503457316260228,0.2617119612951068,0.05807290344025714
AAPL,2026-04-17,120.0,128.7,132.35,130.52499999999998,151.0,1.0,14.0,250.1199951171875,0.0876712328767123,2.084333292643229,0.7344490403951714,0.29609328407904206,0.18273606949200907
AAPL,2026-04-17,125.0,133.9,136.6,135.25,123.33,1.0,6.0,250.1199951171875,0.0876712328767123,2.0009599609375,0.6936270458749164,0.29609328407904206,0.17542662671232873
AAPL,2026-04-17,130.0,118.75,122.4,120.575,147.95,3.0,145.0,250.1199951171875,0.0876712328767123,1.9239999624399038,0.6544063327216351,0.29609328407904206,0.16867944876185453
AAPL,2026-04-17,135.0,113.85,117.3,115.575,129.1,1.0,1288.0,250.1199951171875,0.0876712328767123,1.8527407045717592,0.616666004738788,0.29609328407904206,0.16243206177067473
AAPL,2026-04-17,140.0,108.8,112.6,110.7,123.36,18.0,43.0,250.1199951171875,0.0876712328767123,1.7865713936941965,0.5802983605679132,0.29609328407904206,0.15663091670743637
AAPL,2026-04-17,145.0,103.8,107.65,105.725,117.65,4.0,76.0,250.1199951171875,0.0876712328767123,1.7249654835668105,0.5452070407566432,0.29609328407904206,0.15122985061407648
AAPL,2026-04-17,150.0,98.85,102.5,100.675,111.5,9.0,25.0,250.1199951171875,0.0876712328767123,1.6674666341145834,0.5113054890809617,0.29609328407904206,0.14618885559360725
AAPL,2026-04-17,155.0,93.9,97.55,95.725,101.52,1.0,354.0,250.1199951171875,0.0876712328767123,1.6136773878528226,0.4785156662579708,0.29609328407904206,0.14147308605832962
AAPL,2026-04-17,160.0,88.95,92.6,90.775,98.27,1.0,52.0,250.1199951171875,0.0876712328767123,1.5632499694824218,0.4467669679433905,0.29609328407904206,0.1370520521190068
AAPL,2026-04-17,165.0,84.0,87.65,85.825,106.78,2.0,20.0,250.1199951171875,0.0876712328767123,1.515878758285985,0.4159953092766369,0.29609328407904206,0.13289895963055207
AAPL,2026-04-17,170.0,79.1,82.8,80.94999999999999,92.71,3.0,559.0,250.1199951171875,0.0876712328767123,1.4712940889246324,0.38614234612695575,0.29609328407904206,0.12899016670024172
AAPL,2026-04-17,175.0,74.1,77.75,75.925,90.99,1.0,103.0,250.1199951171875,0.0876712328767123,1.4292571149553572,0.35715480925370346,0.29609328407904206,0.12530473336594908
AAPL,2026-04-17,180.0,69.45,72.5,70.975,71.54,54.0,128.0,250.1199951171875,0.0876712328767123,1.3895555284288195,0.3289839322870071,0.29609328407904206,0.12182404632800606
AAPL,2026-04-17,185.0,65.25,67.8,66.525,76.18,2.0,121.0,250.1199951171875,0.0876712328767123,1.351999973606419,0.30158495809889274,0.29609328407904206,0.11853150453535724
AAPL,2026-04-17,190.0,59.85,63.1,61.475,66.75,10.0,124.0,250.1199951171875,0.0876712328767123,1.3164210269325658,0.2749167110167313,0.29609328407904206,0.11541225441600574
AAPL,2026-04-17,195.0,55.45,58.25,56.85,57.62,1.0,218.0,250.1199951171875,0.0876712328767123,1.2826666416266026,0.2489412246134707,0.29609328407904206,0.11245296584123636
AAPL,2026-04-17,200.0,51.0,52.15,51.575,52.66,4.0,570.0,250.1199951171875,0.0876712328767123,1.2505999755859376,0.2236234166291809,0.29609328407904206,0.10964164169520546
AAPL,2026-04-17,205.0,46.2,47.35,46.775000000000006,50.65,4.0,659.0,250.1199951171875,0.0876712328767123,1.2200975371570122,0.1989308040388093,0.29609328407904206,0.10696745531239556
AAPL,2026-04-17,210.0,41.5,42.6,42.05,42.54,6.0,967.0,250.1199951171875,0.0876712328767123,1.1910475957961308,0.1748332524597487,0.29609328407904206,0.10442061113829089
AAPL,2026-04-17,215.0,37.0,37.75,37.375,38.45,102.0,3674.0,250.1199951171875,0.0876712328767123,1.1633488144985464,0.15130275504955462,0.29609328407904206,0.10199222483274925
AAPL,2026-04-17,220.0,32.55,33.2,32.875,33.04,55.0,3984.0,250.1199951171875,0.0876712328767123,1.1369090687144887,0.12831323682485601,0.29609328407904206,0.09967421972291404
AAPL,2026-04-17,225.0,28.05,28.7,28.375,28.5,17.0,1167.0,250.1199951171875,0.0876712328767123,1.1116444227430555,0.10584038097279733,0.29609328407904206,0.09745923706240484
AAPL,2026-04-17,230.0,23.8,24.4,24.1,24.24,24.0,1360.0,250.1199951171875,0.0876712328767123,1.0874782396399456,0.08386147425402206,0.29609328407904206,0.09534055799583081
AAPL,2026-04-17,235.0,19.7,20.25,19.975,20.05,46.0,1534.0,250.1199951171875,0.0876712328767123,1.0643404047539893,0.062355269033058436,0.29609328407904206,0.09331203548528122
AAPL,2026-04-17,240.0,16.05,16.9,16.475,16.05,75.0,3570.0,250.1199951171875,0.0876712328767123,1.0421666463216146,0.04130185983522619,0.29609328407904206,0.09136803474600454
AAPL,2026-04-17,245.0,12.35,12.75,12.55,12.6,170.0,3928.0,250.1199951171875,0.0876712328767123,1.0208979392538264,0.0206825726324904,0.29609328407904206,0.08950338097567791
AAPL,2026-04-17,250.0,9.45,9.95,9.7,9.5,945.0,4508.0,250.1199951171875,0.0876712328767123,1.00047998046875,0.0004798653149711309,0.29609328407904206,0.08771331335616436
AAPL,2026-04-17,255.0,6.8,7.0,6.9,6.8,1410.0,4163.0,250.1199951171875,0.0876712328767123,0.9808627259497549,-0.01932276198120869,0.29609328407904206,0.0859934444668278
AAPL,2026-04-17,260.0,4.65,4.8,4.725,4.7,2264.0,12995.0,250.1199951171875,0.0876712328767123,0.9619999812199519,-0.038740847838310284,0.29609328407904206,0.08433972438092727
AAPL,2026-04-17,265.0,3.0,3.1,3.05,3.09,3272.0,6416.0,250.1199951171875,0.0876712328767123,0.9438490381780661,-0.057789042809004675,0.29609328407904206,0.08274840882657016
AAPL,2026-04-17,270.0,1.87,1.95,1.91,1.9,4241.0,18230.0,250.1199951171875,0.0876712328767123,0.9263703522858796,-0.07648117582115731,0.29609328407904206,0.08121603088533737
AAPL,2026-04-17,275.0,1.07,1.17,1.12,1.17,3433.0,17489.0,250.1199951171875,0.0876712328767123,0.9095272549715909,-0.09483031448935379,0.29609328407904206,0.07973937577833123
AAPL,2026-04-17,280.0,0.67,0.72,0.6950000000000001,0.68,3174.0,20517.0,250.1199951171875,0.0876712328767123,0.8932856968470982,-0.1128488199920321,0.29609328407904206,0.07831545835371818
AAPL,2026-04-17,285.0,0.4,0.45,0.425,0.44,1061.0,13970.0,250.1199951171875,0.0876712328767123,0.8776140179550439,-0.130548397091433,0.29609328407904206,0.07694150294400383
AAPL,2026-04-17,290.0,0.27,0.3,0.285,0.29,845.0,16905.0,250.1199951171875,0.0876712328767123,0.8624827417834052,-0.14794013980330217,0.29609328407904206,0.07561492530703824
AAPL,2026-04-17,295.0,0.19,0.2,0.195,0.19,789.0,9298.0,250.1199951171875,0.0876712328767123,0.8478643902277543,-0.16503457316260228,0.29609328407904206,0.07433331640352912
AAPL,2026-04-17,300.0,0.14,0.16,0.15,0.15,1198.0,28733.0,250.1199951171875,0.0876712328767123,0.8337333170572917,-0.18184169147898355,0.29609328407904206,0.07309442779680363
AAPL,2026-04-17,305.0,0.1,0.11,0.105,0.1,198.0,9289.0,250.1199951171875,0.0876712328767123,0.8200655577612705,-0.19837099343019407,0.29609328407904206,0.07189615848865931
AAPL,2026-04-17,310.0,0.06,0.09,0.075,0.07,202.0,5143.0,250.1199951171875,0.0876712328767123,0.8068386939264113,-0.21463151430197447,0.29609328407904206,0.07073654302916481
AAPL,2026-04-17,320.0,0.04,0.05,0.045,0.04,1470.0,10154.0,250.1199951171875,0.0876712328767123,0.7816249847412109,-0.24638021261655482,0.29609328407904206,0.0685260260595034
AAPL,2026-04-24,195.0,55.8,58.45,57.125,66.23,,1.0,250.1199951171875,0.1068493150684931,1.2826666416266026,0.2489412246134707,0.3268781348889722,0.13705205211900678
AAPL,2026-04-24,205.0,46.3,48.7,47.5,52.0,2.0,43.0,250.1199951171875,0.1068493150684931,1.2200975371570122,0.1989308040388093,0.3268781348889722,0.13036658616198207
AAPL,2026-04-24,215.0,37.05,39.55,38.3,41.91,1.0,4.0,250.1199951171875,0.1068493150684931,1.1633488144985464,0.15130275504955462,0.3268781348889722,0.12430302401491312
AAPL,2026-04-24,220.0,32.3,35.45,33.875,38.16,1.0,30.0,250.1199951171875,0.1068493150684931,1.1369090687144887,0.12831323682485601,0.3268781348889722,0.12147795528730147
AAPL,2026-04-24,230.0,24.05,26.45,25.25,25.9,1.0,4.0,250.1199951171875,0.1068493150684931,1.0874782396399456,0.08386147425402206,0.3268781348889722,0.11619630505741879
AAPL,2026-04-24,235.0,19.9,22.85,21.375,21.81,25.0,28.0,250.1199951171875,0.1068493150684931,1.0643404047539893,0.062355269033058436,0.3268781348889722,0.11372404324768647
AAPL,2026-04-24,240.0,16.6,17.9,17.25,17.5,17.0,17.0,250.1199951171875,0.1068493150684931,1.0421666463216146,0.04130185983522619,0.3268781348889722,0.11135479234669302
AAPL,2026-04-24,245.0,13.4,13.85,13.625,13.65,26.0,58.0,250.1199951171875,0.1068493150684931,1.0208979392538264,0.0206825726324904,0.3268781348889722,0.10908224556410744
AAPL,2026-04-24,250.0,10.25,10.75,10.5,10.66,59.0,29.0,250.1199951171875,0.1068493150684931,1.00047998046875,0.0004798653149711309,0.3268781348889722,0.1069006006528253
AAPL,2026-04-24,255.0,7.6,8.1,7.85,7.8,162.0,151.0,250.1199951171875,0.1068493150684931,0.9808627259497549,-0.01932276198120869,0.3268781348889722,0.10480451044394636
AAPL,2026-04-24,260.0,5.35,5.85,5.6,5.7,88.0,408.0,250.1199951171875,0.1068493150684931,0.9619999812199519,-0.038740847838310284,0.3268781348889722,0.10278903908925509
AAPL,2026-04-24,265.0,3.6,3.95,3.775,3.9,636.0,274.0,250.1199951171875,0.1068493150684931,0.9438490381780661,-0.057789042809004675,0.3268781348889722,0.10084962325738235
AAPL,2026-04-24,270.0,2.31,2.74,2.5250000000000004,2.57,163.0,330.0,250.1199951171875,0.1068493150684931,0.9263703522858796,-0.07648117582115731,0.3268781348889722,0.0989820376415049
AAPL,2026-04-24,275.0,1.42,1.82,1.62,1.72,327.0,347.0,250.1199951171875,0.1068493150684931,0.9095272549715909,-0.09483031448935379,0.3268781348889722,0.09718236422984118
AAPL,2026-04-24,280.0,1.02,1.1,1.06,1.1,243.0,629.0,250.1199951171875,0.1068493150684931,0.8932856968470982,-0.1128488199920321,0.3268781348889722,0.09544696486859401
AAPL,2026-04-24,285.0,0.61,0.82,0.715,0.74,276.0,237.0,250.1199951171875,0.1068493150684931,0.8776140179550439,-0.130548397091433,0.3268781348889722,0.09377245671300465
AAPL,2026-05-15,5.0,243.3,247.1,245.2,258.75,3.0,16.0,250.1199951171875,0.1643835616438356,50.0239990234375,3.912502870743117,0.4054424270396916,8.22312312714041
AAPL,2026-05-15,10.0,238.3,242.1,240.2,256.5,1.0,9.0,250.1199951171875,0.1643835616438356,25.01199951171875,3.2193556901831717,0.4054424270396916,4.111561563570205
AAPL,2026-05-15,15.0,233.35,237.1,235.225,246.63,1.0,3.0,250.1199951171875,0.1643835616438356,16.674666341145834,2.8138905820750075,0.4054424270396916,2.741041042380137
AAPL,2026-05-15,20.0,228.2,232.1,230.15,242.21,14.0,14.0,250.1199951171875,0.1643835616438356,12.505999755859374,2.5262085096232263,0.4054424270396916,2.0557807817851024
AAPL,2026-05-15,30.0,226.25,230.1,228.175,243.47,2.0,3.0,250.1199951171875,0.1643835616438356,8.337333170572917,2.120743401515062,0.4054424270396916,1.3705205211900684
AAPL,2026-05-15,35.0,213.2,217.2,215.2,242.1,1.0,3.0,250.1199951171875,0.1643835616438356,7.146285574776786,1.9665927216878039,0.4054424270396916,1.174731875305773
AAPL,2026-05-15,40.0,234.5,237.95,236.225,223.13,,1.0,250.1199951171875,0.1643835616438356,6.252999877929687,1.8330613290632811,0.4054424270396916,1.0278903908925512
AAPL,2026-05-15,45.0,203.35,207.25,205.3,232.19,1.0,1.0,250.1199951171875,0.1643835616438356,5.558222113715278,1.7152782934068977,0.4054424270396916,0.9136803474600457
AAPL,2026-05-15,50.0,198.55,202.35,200.45,225.41,1.0,2.0,250.1199951171875,0.1643835616438356,5.00239990234375,1.6099177777490714,0.4054424270396916,0.8223123127140411
AAPL,2026-05-15,60.0,188.6,192.3,190.45,201.92,4.0,20.0,250.1199951171875,0.1643835616438356,4.168666585286458,1.4275962209551167,0.4054424270396916,0.6852602605950342
AAPL,2026-05-15,70.0,178.7,182.35,180.525,197.84,1.0,2.0,250.1199951171875,0.1643835616438356,3.573142787388393,1.2734455411278585,0.4054424270396916,0.5873659376528865
AAPL,2026-05-15,80.0,168.7,172.5,170.6,198.78,1.0,1.0,250.1199951171875,0.1643835616438356,3.1264999389648436,1.1399141485033357,0.4054424270396916,0.5139451954462756
AAPL,2026-05-15,85.0,163.75,167.55,165.65,192.67,1.0,2.0,250.1199951171875,0.1643835616438356,2.942588177849265,1.0792895266869011,0.4054424270396916,0.48371312512590653
AAPL,2026-05-15,90.0,158.75,162.6,160.675,188.71,1.0,35.0,250.1199951171875,0.1643835616438356,2.779111056857639,1.0221311128469523,0.4054424270396916,0.45684017373002284
AAPL,2026-05-15,95.0,153.8,157.5,155.65,182.69,1.0,2.0,250.1199951171875,0.1643835616438356,2.6328420538651316,0.9680638915766766,0.4054424270396916,0.4327959540600216
AAPL,2026-05-15,100.0,148.85,152.7,150.77499999999998,151.95,1.0,20.0,250.1199951171875,0.1643835616438356,2.501199951171875,0.9167705971891262,0.4054424270396916,0.4111561563570206
AAPL,2026-05-15,105.0,143.9,147.55,145.72500000000002,147.2,1.0,3.0,250.1199951171875,0.1643835616438356,2.3820951915922617,0.867980433019694,0.4054424270396916,0.39157729176859096
AAPL,2026-05-15,110.0,138.9,142.6,140.75,141.8,1.0,5.0,250.1199951171875,0.1643835616438356,2.2738181374289774,0.8214604173848014,0.4054424270396916,0.37377832396092775
AAPL,2026-05-15,115.0,133.95,137.8,135.875,162.1,3.0,4.0,250.1199951171875,0.1643835616438356,2.174956479279891,0.7770086548139674,0.4054424270396916,0.35752709248436565
AAPL,2026-05-15,120.0,129.0,132.65,130.825,155.5,1.0,32.0,250.1199951171875,0.1643835616438356,2.084333292643229,0.7344490403951714,0.4054424270396916,0.3426301302975171
AAPL,2026-05-15,125.0,124.05,127.7,125.875,138.07,9.0,92.0,250.1199951171875,0.1643835616438356,2.0009599609375,0.6936270458749164,0.4054424270396916,0.32892492508561644
AAPL,2026-05-15,130.0,119.2,122.75,120.975,133.72,6.0,93.0,250.1199951171875,0.1643835616438356,1.9239999624399038,0.6544063327216351,0.4054424270396916,0.3162739664284773
AAPL,2026-05-15,135.0,114.2,117.85,116.025,129.95,8.0,7.0,250.1199951171875,0.1643835616438356,1.8527407045717592,0.616666004738788,0.4054424270396916,0.3045601158200152
AAPL,2026-05-15,140.0,109.25,112.9,111.075,125.02,42.0,63.0,250.1199951171875,0.1643835616438356,1.7865713936941965,0.5802983605679132,0.4054424270396916,0.29368296882644324
AAPL,2026-05-15,145.0,104.3,107.95,106.125,116.81,8.0,22.0,250.1199951171875,0.1643835616438356,1.7249654835668105,0.5452070407566432,0.4054424270396916,0.2835559699013935
AAPL,2026-05-15,150.0,99.35,103.05,101.2,114.0,6.0,105.0,250.1199951171875,0.1643835616438356,1.6674666341145834,0.5113054890809617,0.4054424270396916,0.2741041042380137
AAPL,2026-05-15,155.0,94.5,98.25,96.375,108.85,7.0,483.0,250.1199951171875,0.1643835616438356,1.6136773878528226,0.4785156662579708,0.4054424270396916,0.26526203635936807
AAPL,2026-05-15,160.0,89.6,93.25,91.425,100.85,7.0,79.0,250.1199951171875,0.1643835616438356,1.5632499694824218,0.4467669679433905,0.4054424270396916,0.2569725977231378
AAPL,2026-05-15,165.0,86.05,87.85,86.94999999999999,87.25,2.0,454.0,250.1199951171875,0.1643835616438356,1.515878758285985,0.4159953092766369,0.4054424270396916,0.24918554930728518
AAPL,2026-05-15,170.0,80.1,83.55,81.82499999999999,95.54,20.0,32.0,250.1199951171875,0.1643835616438356,1.4712940889246324,0.38614234612695575,0.4054424270396916,0.24185656256295326
AAPL,2026-05-15,175.0,75.65,78.7,77.17500000000001,89.4,3.0,139.0,250.1199951171875,0.1643835616438356,1.4292571149553572,0.35715480925370346,0.4054424270396916,0.2349463750611546
AAPL,2026-05-15,180.0,70.85,73.9,72.375,77.75,4.0,134.0,250.1199951171875,0.1643835616438356,1.3895555284288195,0.3289839322870071,0.4054424270396916,0.22842008686501142
AAPL,2026-05-15,185.0,66.05,68.55,67.3,71.84,1.0,140.0,250.1199951171875,0.1643835616438356,1.351999973606419,0.30158495809889274,0.4054424270396916,0.22224657100379488
AAPL,2026-05-15,190.0,61.3,63.7,62.5,73.4,1.0,59.0,250.1199951171875,0.1643835616438356,1.3164210269325658,0.2749167110167313,0.4054424270396916,0.2163979770300108
AAPL,2026-05-15,195.0,56.7,59.05,57.875,64.0,4.0,182.0,250.1199951171875,0.1643835616438356,1.2826666416266026,0.2489412246134707,0.4054424270396916,0.21084931095231824
AAPL,2026-05-15,200.0,52.8,53.75,53.275,53.06,9.0,600.0,250.1199951171875,0.1643835616438356,1.2505999755859376,0.2236234166291809,0.4054424270396916,0.2055780781785103
AAPL,2026-05-15,205.0,47.8,49.6,48.7,58.4,1.0,70.0,250.1199951171875,0.1643835616438356,1.2200975371570122,0.1989308040388093,0.4054424270396916,0.20056397871074172
AAPL,2026-05-15,210.0,43.65,45.0,44.325,44.9,2.0,894.0,250.1199951171875,0.1643835616438356,1.1910475957961308,0.1748332524597487,0.4054424270396916,0.19578864588429548
AAPL,2026-05-15,215.0,38.95,40.65,39.8,40.61,3.0,306.0,250.1199951171875,0.1643835616438356,1.1633488144985464,0.15130275504955462,0.4054424270396916,0.19123542156140488
AAPL,2026-05-15,220.0,35.2,35.9,35.55,36.02,5.0,1869.0,250.1199951171875,0.1643835616438356,1.1369090687144887,0.12831323682485601,0.4054424270396916,0.18688916198046387
AAPL,2026-05-15,225.0,30.7,32.25,31.475,33.46,35.0,276.0,250.1199951171875,0.1643835616438356,1.1116444227430555,0.10584038097279733,0.4054424270396916,0.18273606949200913
AAPL,2026-05-15,230.0,27.15,27.8,27.475,27.82,23.0,1567.0,250.1199951171875,0.1643835616438356,1.0874782396399456,0.08386147425402206,0.4054424270396916,0.17876354624218282
AAPL,2026-05-15,235.0,23.45,24.0,23.725,24.6,86.0,1778.0,250.1199951171875,0.1643835616438356,1.0643404047539893,0.062355269033058436,0.4054424270396916,0.17496006653490234
AAPL,2026-05-15,240.0,19.9,20.4,20.15,20.2,53.0,41167.0,250.1199951171875,0.1643835616438356,1.0421666463216146,0.04130185983522619,0.4054424270396916,0.17131506514875855
AAPL,2026-05-15,245.0,16.75,17.1,16.925,17.1,64.0,1899.0,250.1199951171875,0.1643835616438356,1.0208979392538264,0.0206825726324904,0.4054424270396916,0.16781883932939612
AAPL,2026-05-15,250.0,13.75,13.95,13.85,13.9,496.0,6103.0,250.1199951171875,0.1643835616438356,1.00047998046875,0.0004798653149711309,0.4054424270396916,0.16446246254280822
AAPL,2026-05-15,255.0,11.0,11.25,11.125,11.3,567.0,4521.0,250.1199951171875,0.1643835616438356,0.9808627259497549,-0.01932276198120869,0.4054424270396916,0.16123770837530216
AAPL,2026-05-15,260.0,8.65,8.95,8.8,8.75,869.0,7586.0,250.1199951171875,0.1643835616438356,0.9619999812199519,-0.038740847838310284,0.4054424270396916,0.15813698321423866
AAPL,2026-05-15,265.0,6.6,6.85,6.725,6.7,616.0,5003.0,250.1199951171875,0.1643835616438356,0.9438490381780661,-0.057789042809004675,0.4054424270396916,0.15515326654981906
AAPL,2026-05-15,270.0,4.95,5.15,5.050000000000001,5.03,6233.0,8641.0,250.1199951171875,0.1643835616438356,0.9263703522858796,-0.07648117582115731,0.4054424270396916,0.1522800579100076
AAPL,2026-05-15,275.0,3.6,3.75,3.675,3.7,1447.0,11297.0,250.1199951171875,0.1643835616438356,0.9095272549715909,-0.09483031448935379,0.4054424270396916,0.1495113295843711
AAPL,2026-05-15,280.0,2.59,2.76,2.675,2.68,675.0,9764.0,250.1199951171875,0.1643835616438356,0.8932856968470982,-0.1128488199920321,0.4054424270396916,0.14684148441322162
AAPL,2026-05-15,285.0,1.85,1.99,1.92,1.85,2111.0,28638.0,250.1199951171875,0.1643835616438356,0.8776140179550439,-0.130548397091433,0.4054424270396916,0.14426531802000722
AAPL,2026-05-15,290.0,1.29,1.4,1.345,1.35,1893.0,16669.0,250.1199951171875,0.1643835616438356,0.8624827417834052,-0.14794013980330217,0.4054424270396916,0.14177798495069674
AAPL,2026-05-15,295.0,0.9,0.99,0.945,0.94,382.0,13751.0,250.1199951171875,0.1643835616438356,0.8478643902277543,-0.16503457316260228,0.4054424270396916,0.13937496825661713
AAPL,2026-05-15,300.0,0.63,0.7,0.665,0.65,2011.0,22380.0,250.1199951171875,0.1643835616438356,0.8337333170572917,-0.18184169147898355,0.4054424270396916,0.13705205211900684
AAPL,2026-05-15,305.0,0.45,0.49,0.47,0.48,252.0,6739.0,250.1199951171875,0.1643835616438356,0.8200655577612705,-0.19837099343019407,0.4054424270396916,0.13480529716623624
AAPL,2026-05-15,310.0,0.34,0.36,0.35,0.36,101.0,16056.0,250.1199951171875,0.1643835616438356,0.8068386939264113,-0.21463151430197447,0.4054424270396916,0.13263101817968403
AAPL,2026-05-15,315.0,0.25,0.27,0.26,0.26,32.0,1986.0,250.1199951171875,0.1643835616438356,0.7940317305307539,-0.23063185564841562,0.4054424270396916,0.13052576392286366
AAPL,2026-05-15,320.0,0.18,0.22,0.2,0.21,103.0,9160.0,250.1199951171875,0.1643835616438356,0.7816249847412109,-0.24638021261655482,0.4054424270396916,0.1284862988615689
AAPL,2026-05-15,325.0,0.13,0.18,0.155,0.15,8.0,1997.0,250.1199951171875,0.1643835616438356,0.7695999849759615,-0.26188439915252004,0.4054424270396916,0.12650958657139091
AAPL,2026-05-15,330.0,0.1,0.14,0.12,0.11,4.0,4348.0,250.1199951171875,0.1643835616438356,0.7579393791429925,-0.27715187128330837,0.4054424270396916,0.12459277465364259
AAPL,2026-05-15,340.0,0.07,0.09,0.08,0.11,7.0,2950.0,250.1199951171875,0.1643835616438356,0.7356470444623162,-0.30700483443298954,0.4054424270396916,0.12092828128147663
AAPL,2026-05-15,370.0,0.02,0.03,0.025,0.03,2.0,1909.0,250.1199951171875,0.1643835616438356,0.6759999868032095,-0.3915622224610526,0.4054424270396916,0.11112328550189744
AAPL,2026-05-15,380.0,0.02,0.03,0.025,0.03,18.0,1198.0,250.1199951171875,0.1643835616438356,0.6582105134662829,-0.41823046954321397,0.4054424270396916,0.1081989885150054
NVDA,2026-03-18,135.0,42.8,47.7,45.25,46.0,,5.0,180.25,0.0054794520547945,1.3351851851851853,0.28906999772662906,0.07402332101976039,0.007316083206494138
NVDA,2026-03-18,150.0,29.15,31.45,30.299999999999997,31.47,42.0,107.0,180.25,0.0054794520547945,1.2016666666666667,0.1837094820688027,0.07402332101976039,0.006584474885844724
NVDA,2026-03-18,155.0,23.4,27.35,25.375,26.56,2.0,66.0,180.25,0.0054794520547945,1.1629032258064516,0.1509196592458118,0.07402332101976039,0.006372072470172313
NVDA,2026-03-18,160.0,20.1,20.85,20.475,20.75,50.0,195.0,180.25,0.0054794520547945,1.1265625,0.11917096093123146,0.07402332101976039,0.006172945205479428
NVDA,2026-03-18,165.0,15.6,16.0,15.8,15.85,119.0,1363.0,180.25,0.0054794520547945,1.0924242424242425,0.08839930226447794,0.07402332101976039,0.00598588625985884
NVDA,2026-03-18,170.0,10.7,11.35,11.025,11.45,283.0,435.0,180.25,0.0054794520547945,1.0602941176470588,0.0585463391147967,0.07402332101976039,0.005809830781627698
NVDA,2026-03-18,175.0,7.2,7.3,7.25,7.25,1231.0,1500.0,180.25,0.0054794520547945,1.03,0.02955880224154443,0.07402332101976039,0.005643835616438335
NVDA,2026-03-18,180.0,4.0,4.05,4.025,4.03,11157.0,2681.0,180.25,0.0054794520547945,1.0013888888888889,0.0013879252748480759,0.07402332101976039,0.005487062404870603
NVDA,2026-03-18,185.0,1.83,1.85,1.84,1.84,22159.0,4329.0,180.25,0.0054794520547945,0.9743243243243244,-0.026011048913266322,0.07402332101976039,0.005338763420955182
NVDA,2026-03-18,190.0,0.72,0.73,0.725,0.72,10326.0,6916.0,180.25,0.0054794520547945,0.9486842105263158,-0.05267929599542768,0.07402332101976039,0.005198269646719519
NVDA,2026-03-18,195.0,0.27,0.29,0.28,0.27,4126.0,7023.0,180.25,0.0054794520547945,0.9243589743589744,-0.0786547823986883,0.07402332101976039,0.005064980681419019
NVDA,2026-03-18,200.0,0.12,0.13,0.125,0.13,4836.0,5795.0,180.25,0.0054794520547945,0.90125,-0.10397259038297822,0.07402332101976039,0.004938356164383543
NVDA,2026-03-18,205.0,0.06,0.07,0.065,0.07,2298.0,1261.0,180.25,0.0054794520547945,0.8792682926829268,-0.1286652029733497,0.07402332101976039,0.004817908453057115
NVDA,2026-03-18,210.0,0.04,0.05,0.045,0.04,229.0,1066.0,180.25,0.0054794520547945,0.8583333333333333,-0.15276275455241028,0.07402332101976039,0.0047031963470319455
NVDA,2026-03-18,220.0,0.02,0.03,0.025,0.02,806.0,170.0,180.25,0.0054794520547945,0.8193181818181818,-0.19928277018730306,0.07402332101976039,0.00448941469489413
NVDA,2026-03-20,5.0,174.45,176.1,175.27499999999998,179.35,2.0,2507.0,180.25,0.010958904109589,36.05,3.584906863730958,0.10468478451804254,0.3950684931506834
NVDA,2026-03-20,10.0,168.65,172.0,170.325,177.85,2.0,41.0,180.25,0.010958904109589,18.025,2.8917596831710126,0.10468478451804254,0.1975342465753417
NVDA,2026-03-20,15.0,163.65,167.0,165.325,170.43,2.0,308.0,180.25,0.010958904109589,12.016666666666667,2.4862945750628485,0.10468478451804254,0.13168949771689448
NVDA,2026-03-20,20.0,158.65,162.0,160.325,163.74,1.0,359.0,180.25,0.010958904109589,9.0125,2.198612502611067,0.10468478451804254,0.09876712328767084
NVDA,2026-03-20,25.0,153.65,156.95,155.3,156.05,8.0,402.0,180.25,0.010958904109589,7.21,1.9754689512968577,0.10468478451804254,0.07901369863013669
NVDA,2026-03-20,30.0,148.65,152.0,150.325,154.55,1.0,228.0,180.25,0.010958904109589,6.008333333333334,1.793147394502903,0.10468478451804254,0.06584474885844724
NVDA,2026-03-20,35.0,143.65,147.0,145.325,147.31,10.0,253.0,180.25,0.010958904109589,5.15,1.6389967146756448,0.10468478451804254,0.05643835616438335
NVDA,2026-03-20,40.0,138.65,142.05,140.35000000000002,140.76,2.0,124.0,180.25,0.010958904109589,4.50625,1.505465322051122,0.10468478451804254,0.04938356164383542
NVDA,2026-03-20,45.0,134.5,136.15,135.325,135.64,79.0,156.0,180.25,0.010958904109589,4.0055555555555555,1.3876822863947387,0.10468478451804254,0.043896499238964826
NVDA,2026-03-20,50.0,128.65,132.05,130.35000000000002,137.4,1.0,469.0,180.25,0.010958904109589,3.605,1.2823217707369123,0.10468478451804254,0.03950684931506834
NVDA,2026-03-20,55.0,123.7,127.05,125.375,126.56,5.0,299.0,180.25,0.010958904109589,3.2772727272727273,1.1870115909325876,0.10468478451804254,0.03591531755915304
NVDA,2026-03-20,60.0,118.7,122.0,120.35,120.57,61.0,712.0,180.25,0.010958904109589,3.004166666666667,1.1000002139429579,0.10468478451804254,0.03292237442922362
NVDA,2026-03-20,65.0,113.95,116.6,115.275,115.92,13.0,416.0,180.25,0.010958904109589,2.773076923076923,1.0199575062694213,0.10468478451804254,0.030389884088514108
NVDA,2026-03-20,70.0,108.7,112.05,110.375,111.7,30.0,415.0,180.25,0.010958904109589,2.575,0.9458495341156995,0.10468478451804254,0.028219178082191675
NVDA,2026-03-20,75.0,104.55,106.15,105.35,106.72,2.0,930.0,180.25,0.010958904109589,2.4033333333333333,0.8768566626287481,0.10468478451804254,0.026337899543378895
NVDA,2026-03-20,80.0,99.55,101.15,100.35,100.61,5.0,1506.0,180.25,0.010958904109589,2.253125,0.8123181414911768,0.10468478451804254,0.02469178082191771
NVDA,2026-03-20,85.0,94.55,96.2,95.375,95.59,14.0,2151.0,180.25,0.010958904109589,2.1205882352941177,0.751693519674742,0.10468478451804254,0.02323932312651079
NVDA,2026-03-20,90.0,89.55,91.2,90.375,90.76,55.0,9470.0,180.25,0.010958904109589,2.0027777777777778,0.6945351058347934,0.10468478451804254,0.021948249619482413
NVDA,2026-03-20,95.0,84.55,86.1,85.32499999999999,89.17,1.0,3244.0,180.25,0.010958904109589,1.8973684210526316,0.6404678845645176,0.10468478451804254,0.020793078586878077
NVDA,2026-03-20,100.0,79.55,80.6,80.07499999999999,80.62,31.0,10305.0,180.25,0.010958904109589,1.8025,0.589174590176967,0.10468478451804254,0.01975342465753417
NVDA,2026-03-20,105.0,74.6,76.05,75.32499999999999,75.89,157.0,4031.0,180.25,0.010958904109589,1.7166666666666666,0.540384426007535,0.10468478451804254,0.018812785388127782
NVDA,2026-03-20,110.0,69.75,70.6,70.175,70.86,69.0,13917.0,180.25,0.010958904109589,1.6386363636363637,0.4938644103726422,0.10468478451804254,0.01795765877957652
NVDA,2026-03-20,115.0,64.55,65.9,65.225,65.65,16.0,22743.0,180.25,0.010958904109589,1.567391304347826,0.44941264780180834,0.10468478451804254,0.017176891006551454
NVDA,2026-03-20,120.0,60.15,60.55,60.349999999999994,60.15,207.0,33929.0,180.25,0.010958904109589,1.5020833333333334,0.40685303338301254,0.10468478451804254,0.01646118721461181
NVDA,2026-03-20,125.0,55.15,56.0,55.575,55.7,19.0,23182.0,180.25,0.010958904109589,1.442,0.3660310388627573,0.10468478451804254,0.015802739726027335
NVDA,2026-03-20,130.0,50.15,50.6,50.375,50.7,79.0,22985.0,180.25,0.010958904109589,1.3865384615384615,0.326810325709476,0.10468478451804254,0.015194942044257054
NVDA,2026-03-20,131.0,48.0,50.9,49.45,49.87,2.0,19.0,180.25,0.010958904109589,1.3759541984732824,0.31914745296390684,0.10468478451804254,0.015078950120255091
NVDA,2026-03-20,134.0,45.0,47.75,46.375,47.19,2.0,2.0,180.25,0.010958904109589,1.3451492537313432,0.296504976214147,0.10468478451804254,0.014741361684726994
NVDA,2026-03-20,135.0,44.65,46.05,45.349999999999994,46.21,178.0,26187.0,180.25,0.010958904109589,1.3351851851851853,0.28906999772662906,0.10468478451804254,0.014632166412988276
NVDA,2026-03-20,140.0,40.15,40.6,40.375,40.2,100.0,23942.0,180.25,0.010958904109589,1.2875,0.2527023535557542,0.10468478451804254,0.014109589041095837
NVDA,2026-03-20,142.0,37.05,40.2,38.625,43.14,2.0,9.0,180.25,0.010958904109589,1.2693661971830985,0.23851771856379766,0.10468478451804254,0.01391086243488322
NVDA,2026-03-20,144.0,35.1,38.05,36.575,35.25,1.0,1.0,180.25,0.010958904109589,1.2517361111111112,0.22453147658905787,0.10468478451804254,0.013717656012176508
NVDA,2026-03-20,145.0,34.85,35.6,35.225,34.96,76.0,27442.0,180.25,0.010958904109589,1.243103448275862,0.21761103374448404,0.10468478451804254,0.013623051487954601
NVDA,2026-03-20,148.0,31.15,34.1,32.625,36.27,202.0,113.0,180.25,0.010958904109589,1.2179054054054055,0.19713250240094346,0.10468478451804254,0.013346908552387954
NVDA,2026-03-20,149.0,30.3,32.9,31.6,37.05,89.0,43.0,180.25,0.010958904109589,1.2097315436241611,0.19039847021959935,0.10468478451804254,0.013257331984922264
NVDA,2026-03-20,150.0,30.45,30.65,30.549999999999997,30.72,1412.0,41756.0,180.25,0.010958904109589,1.2016666666666667,0.1837094820688027,0.10468478451804254,0.013168949771689448
NVDA,2026-03-20,155.0,25.5,25.75,25.625,25.6,377.0,14832.0,180.25,0.010958904109589,1.1629032258064516,0.1509196592458118,0.10468478451804254,0.012744144940344626
NVDA,2026-03-20,160.0,20.75,21.0,20.875,20.71,604.0,62315.0,180.25,0.010958904109589,1.1265625,0.11917096093123146,0.10468478451804254,0.012345890410958855
NVDA,2026-03-20,165.0,16.2,16.4,16.299999999999997,16.16,1410.0,20482.0,180.25,0.010958904109589,1.0924242424242425,0.08839930226447794,0.10468478451804254,0.01197177251971768
NVDA,2026-03-20,167.5,14.0,14.1,14.05,13.85,85.0,488.0,180.25,0.010958904109589,1.0761194029850747,0.0733614248999374,0.10468478451804254,0.011793089347781597
NVDA,2026-03-20,170.0,11.9,12.0,11.95,11.95,2540.0,25511.0,180.25,0.010958904109589,1.0602941176470588,0.0585463391147967,0.10468478451804254,0.011619661563255395
NVDA,2026-03-20,172.5,9.9,10.0,9.95,9.85,471.0,1551.0,180.25,0.010958904109589,1.0449275362318842,0.043947539693644115,0.10468478451804254,0.011451260671034304
NVDA,2026-03-20,175.0,8.0,8.1,8.05,8.11,4925.0,40499.0,180.25,0.010958904109589,1.03,0.02955880224154443,0.10468478451804254,0.01128767123287667
NVDA,2026-03-20,177.5,6.3,6.4,6.35,6.41,2743.0,8003.0,180.25,0.010958904109589,1.0154929577464789,0.01537416724958795,0.10468478451804254,0.011128689947906575
NVDA,2026-03-20,180.0,4.85,4.9,4.875,4.85,14564.0,60965.0,180.25,0.010958904109589,1.0013888888888889,0.0013879252748480759,0.10468478451804254,0.010974124809741206
NVDA,2026-03-20,182.5,3.55,3.65,3.5999999999999996,3.57,16872.0,8020.0,180.25,0.010958904109589,0.9876712328767123,-0.012405396857487741,0.10468478451804254,0.010823794332895436
NVDA,2026-03-20,185.0,2.55,2.57,2.5599999999999996,2.57,82668.0,67983.0,180.25,0.010958904109589,0.9743243243243244,-0.026011048913266322,0.10468478451804254,0.010677526841910364
NVDA,2026-03-20,187.5,1.76,1.78,1.77,1.75,16706.0,42164.0,180.25,0.010958904109589,0.9613333333333334,-0.03943406924540701,0.10468478451804254,0.010535159817351559
NVDA,2026-03-20,190.0,1.19,1.21,1.2,1.19,98218.0,129896.0,180.25,0.010958904109589,0.9486842105263158,-0.05267929599542768,0.10468478451804254,0.010396539293439038
NVDA,2026-03-20,192.5,0.79,0.81,0.8,0.79,25726.0,17225.0,180.25,0.010958904109589,0.9363636363636364,-0.06575137756278042,0.10468478451804254,0.010261519302615155
NVDA,2026-03-20,195.0,0.53,0.54,0.535,0.54,50948.0,149038.0,180.25,0.010958904109589,0.9243589743589744,-0.0786547823986883,0.10468478451804254,0.010129961362838037
NVDA,2026-03-20,197.5,0.36,0.37,0.365,0.37,20946.0,21697.0,180.25,0.010958904109589,0.9126582278481012,-0.09139380817611813,0.10468478451804254,0.01000173400381477
NVDA,2026-03-20,200.0,0.25,0.26,0.255,0.25,25274.0,239823.0,180.25,0.010958904109589,0.90125,-0.10397259038297822,0.10468478451804254,0.009876712328767086
NVDA,2026-03-20,202.5,0.18,0.19,0.185,0.19,4829.0,15342.0,180.25,0.010958904109589,0.8901234567901235,-0.11639511038153533,0.10468478451804254,0.00975477760865885
NVDA,2026-03-20,205.0,0.13,0.15,0.14,0.14,6967.0,49397.0,180.25,0.010958904109589,0.8792682926829268,-0.1286652029733497,0.10468478451804254,0.00963581690611423
NVDA,2026-03-20,207.5,0.1,0.12,0.11,0.11,4545.0,9777.0,180.25,0.010958904109589,0.8686746987951808,-0.14078656350569446,0.10468478451804254,0.009519722726522493
NVDA,2026-03-20,210.0,0.08,0.09,0.0849999999999999,0.09,10444.0,110653.0,180.25,0.010958904109589,0.8583333333333333,-0.15276275455241028,0.10468478451804254,0.009406392694063891
NVDA,2026-03-20,212.5,0.07,0.08,0.075,0.07,412.0,9229.0,180.25,0.010958904109589,0.8482352941176471,-0.16459721219941303,0.10468478451804254,0.009295729250604316
NVDA,2026-03-20,215.0,0.05,0.07,0.06,0.07,4360.0,14042.0,180.25,0.010958904109589,0.8383720930232558,-0.1762932519626044,0.10468478451804254,0.009187639375597289
NVDA,2026-03-20,217.5,0.05,0.06,0.055,0.06,1132.0,1973.0,180.25,0.010958904109589,0.828735632183908,-0.18785407436368037,0.10468478451804254,0.009082034325303067
NVDA,2026-03-20,220.0,0.04,0.05,0.045,0.04,2816.0,75928.0,180.25,0.010958904109589,0.8193181818181818,-0.19928277018730306,0.10468478451804254,0.00897882938978826
NVDA,2026-03-20,225.0,0.03,0.04,0.035,0.02,4533.0,10503.0,180.25,0.010958904109589,0.8011111111111111,-0.2217556260393617,0.10468478451804254,0.008779299847792965
NVDA,2026-03-20,230.0,0.02,0.03,0.025,0.03,5353.0,59185.0,180.25,0.010958904109589,0.783695652173913,-0.24373453275813695,0.10468478451804254,0.008588445503275727
NVDA,2026-03-20,232.5,0.02,0.03,0.025,0.02,60.0,568.0,180.25,0.010958904109589,0.7752688172043011,-0.25454544886235253,0.10468478451804254,0.008496096626896418
NVDA,2026-03-27,50.0,127.55,133.1,130.325,147.45,20.0,25.0,180.25,0.0301369863013698,3.605,1.2823217707369123,0.17360007575277667,0.10864383561643813
NVDA,2026-03-27,55.0,122.55,128.1,125.325,137.15,1.0,4.0,180.25,0.0301369863013698,3.2772727272727273,1.1870115909325876,0.17360007575277667,0.09876712328767104
NVDA,2026-03-27,60.0,117.55,123.1,120.325,120.73,40.0,63.0,180.25,0.0301369863013698,3.004166666666667,1.1000002139429579,0.17360007575277667,0.09053652968036512
NVDA,2026-03-27,65.0,112.6,118.1,115.35,122.8,1.0,6.0,180.25,0.0301369863013698,2.773076923076923,1.0199575062694213,0.17360007575277667,0.08357218124341395
NVDA,2026-03-27,70.0,107.6,113.1,110.35,117.9,,23.0,180.25,0.0301369863013698,2.575,0.9458495341156995,0.17360007575277667,0.07760273972602724
NVDA,2026-03-27,75.0,102.6,108.15,105.375,110.73,7.0,8.0,180.25,0.0301369863013698,2.4033333333333333,0.8768566626287481,0.17360007575277667,0.07242922374429209
NVDA,2026-03-27,80.0,97.6,103.15,100.375,102.02,4.0,10.0,180.25,0.0301369863013698,2.253125,0.8123181414911768,0.17360007575277667,0.06790239726027383
NVDA,2026-03-27,85.0,92.6,98.15,95.375,95.67,1.0,51.0,180.25,0.0301369863013698,2.1205882352941177,0.751693519674742,0.17360007575277667,0.06390813859790478
NVDA,2026-03-27,90.0,87.65,93.15,90.4,92.98,1.0,24.0,180.25,0.0301369863013698,2.0027777777777778,0.6945351058347934,0.17360007575277667,0.06035768645357674
NVDA,2026-03-27,95.0,82.65,88.2,85.42500000000001,94.93,3.0,3.0,180.25,0.0301369863013698,1.8973684210526316,0.6404678845645176,0.17360007575277667,0.05718096611391481
NVDA,2026-03-27,100.0,77.65,83.2,80.42500000000001,81.29,2.0,41.0,180.25,0.0301369863013698,1.8025,0.589174590176967,0.17360007575277667,0.054321917808219065
NVDA,2026-03-27,105.0,72.7,78.2,75.45,79.55,2.0,29.0,180.25,0.0301369863013698,1.7166666666666666,0.540384426007535,0.17360007575277667,0.05173515981735149
NVDA,2026-03-27,110.0,67.7,71.3,69.5,70.51,3.0,21.0,180.25,0.0301369863013698,1.6386363636363637,0.4938644103726422,0.17360007575277667,0.04938356164383552
NVDA,2026-03-27,115.0,63.95,67.15,65.55000000000001,67.25,1.0,4.0,180.25,0.0301369863013698,1.567391304347826,0.44941264780180834,0.17360007575277667,0.04723645026801658
NVDA,2026-03-27,120.0,59.9,62.0,60.95,61.25,9.0,73.0,180.25,0.0301369863013698,1.5020833333333334,0.40685303338301254,0.17360007575277667,0.04526826484018256
NVDA,2026-03-27,125.0,54.2,57.05,55.625,56.58,1.0,57.0,180.25,0.0301369863013698,1.442,0.3660310388627573,0.17360007575277667,0.04345753424657525
NVDA,2026-03-27,130.0,49.15,52.05,50.599999999999994,50.76,7.0,81.0,180.25,0.0301369863013698,1.3865384615384615,0.326810325709476,0.17360007575277667,0.041786090621706976
NVDA,2026-03-27,135.0,44.25,47.0,45.625,46.01,25.0,14.0,180.25,0.0301369863013698,1.3351851851851853,0.28906999772662906,0.17360007575277667,0.04023845763571783
NVDA,2026-03-27,140.0,40.45,41.0,40.725,40.58,804.0,119.0,180.25,0.0301369863013698,1.2875,0.2527023535557542,0.17360007575277667,0.03880136986301362
NVDA,2026-03-27,145.0,35.55,37.05,36.3,36.44,34.0,42.0,180.25,0.0301369863013698,1.243103448275862,0.21761103374448404,0.17360007575277667,0.03746339159187522
NVDA,2026-03-27,150.0,30.8,31.3,31.05,31.17,81.0,11055.0,180.25,0.0301369863013698,1.2016666666666667,0.1837094820688027,0.17360007575277667,0.036214611872146044
NVDA,2026-03-27,155.0,26.0,26.6,26.3,26.52,23.0,405.0,180.25,0.0301369863013698,1.1629032258064516,0.1509196592458118,0.17360007575277667,0.03504639858594778
NVDA,2026-03-27,160.0,21.55,22.0,21.775,22.31,656.0,1921.0,180.25,0.0301369863013698,1.1265625,0.11917096093123146,0.17360007575277667,0.03395119863013692
NVDA,2026-03-27,165.0,17.05,17.65,17.35,17.1,71.0,435.0,180.25,0.0301369863013698,1.0924242424242425,0.08839930226447794,0.17360007575277667,0.03292237442922368
NVDA,2026-03-27,170.0,13.2,13.35,13.275,13.15,209.0,1142.0,180.25,0.0301369863013698,1.0602941176470588,0.0585463391147967,0.17360007575277667,0.03195406929895239
NVDA,2026-03-27,175.0,9.55,9.65,9.6,9.65,444.0,2323.0,180.25,0.0301369863013698,1.03,0.02955880224154443,0.17360007575277667,0.031041095890410896
NVDA,2026-03-27,180.0,6.45,6.55,6.5,6.46,2816.0,6808.0,180.25,0.0301369863013698,1.0013888888888889,0.0013879252748480759,0.17360007575277667,0.03017884322678837
NVDA,2026-03-27,185.0,4.0,4.05,4.025,4.0,4358.0,10438.0,180.25,0.0301369863013698,0.9743243243243244,-0.026011048913266322,0.17360007575277667,0.029363198815253552
NVDA,2026-03-27,190.0,2.27,2.3,2.285,2.28,7171.0,16128.0,180.25,0.0301369863013698,0.9486842105263158,-0.05267929599542768,0.17360007575277667,0.028590483056957404
NVDA,2026-03-27,195.0,1.19,1.21,1.2,1.2,3214.0,18402.0,180.25,0.0301369863013698,0.9243589743589744,-0.0786547823986883,0.17360007575277667,0.027857393747804653
NVDA,2026-03-27,200.0,0.6,0.62,0.61,0.61,5538.0,47592.0,180.25,0.0301369863013698,0.90125,-0.10397259038297822,0.17360007575277667,0.027160958904109533
NVDA,2026-03-27,205.0,0.31,0.33,0.32,0.31,1445.0,13953.0,180.25,0.0301369863013698,0.8792682926829268,-0.1286652029733497,0.17360007575277667,0.02649849649181418
NVDA,2026-03-27,210.0,0.18,0.19,0.185,0.19,792.0,12230.0,180.25,0.0301369863013698,0.8583333333333333,-0.15276275455241028,0.17360007575277667,0.025867579908675744
NVDA,2026-03-27,215.0,0.12,0.13,0.125,0.12,404.0,7928.0,180.25,0.0301369863013698,0.8383720930232558,-0.1762932519626044,0.17360007575277667,0.025266008282892587
NVDA,2026-03-27,220.0,0.08,0.09,0.0849999999999999,0.08,296.0,5219.0,180.25,0.0301369863013698,0.8193181818181818,-0.19928277018730306,0.17360007575277667,0.02469178082191776
NVDA,2026-03-27,225.0,0.06,0.07,0.065,0.07,260.0,3314.0,180.25,0.0301369863013698,0.8011111111111111,-0.2217556260393617,0.17360007575277667,0.024143074581430696
NVDA,2026-03-27,230.0,0.05,0.06,0.055,0.05,328.0,2315.0,180.25,0.0301369863013698,0.783695652173913,-0.24373453275813695,0.17360007575277667,0.02361822513400829
NVDA,2026-03-27,235.0,0.04,0.05,0.045,0.03,189.0,1648.0,180.25,0.0301369863013698,0.7670212765957447,-0.26524073797910047,0.17360007575277667,0.023115709705625136
NVDA,2026-03-27,240.0,0.03,0.04,0.035,0.03,36.0,3216.0,180.25,0.0301369863013698,0.7510416666666667,-0.2862941471769328,0.17360007575277667,0.02263413242009128
NVDA,2026-03-27,245.0,0.02,0.03,0.025,0.03,10.0,1076.0,180.25,0.0301369863013698,0.7357142857142858,-0.30691343437966845,0.17360007575277667,0.0221722113502935
NVDA,2026-03-27,250.0,0.02,0.03,0.025,0.03,40.0,3423.0,180.25,0.0301369863013698,0.721,-0.327116141697188,0.17360007575277667,0.021728767123287626
NVDA,2026-04-02,55.0,122.55,128.2,125.375,129.9,1.0,3.0,180.25,0.0465753424657534,3.2772727272727273,1.1870115909325876,0.21581321198145725,0.1526400996264009
NVDA,2026-04-02,60.0,117.55,123.2,120.375,119.77,3.0,4.0,180.25,0.0465753424657534,3.004166666666667,1.1000002139429579,0.21581321198145725,0.13992009132420086
NVDA,2026-04-02,65.0,112.6,118.25,115.425,118.22,1.0,5.0,180.25,0.0465753424657534,2.773076923076923,1.0199575062694213,0.21581321198145725,0.12915700737618538
NVDA,2026-04-02,70.0,107.6,113.25,110.425,112.66,1.0,3.0,180.25,0.0465753424657534,2.575,0.9458495341156995,0.21581321198145725,0.11993150684931501
NVDA,2026-04-02,75.0,102.6,108.25,105.425,108.26,4.0,9.0,180.25,0.0465753424657534,2.4033333333333333,0.8768566626287481,0.21581321198145725,0.11193607305936067
NVDA,2026-04-02,80.0,97.65,103.3,100.475,101.3,1.0,5.0,180.25,0.0465753424657534,2.253125,0.8123181414911768,0.21581321198145725,0.10494006849315062
NVDA,2026-04-02,85.0,92.65,98.3,95.475,95.79,1.0,4.0,180.25,0.0465753424657534,2.1205882352941177,0.751693519674742,0.21581321198145725,0.09876712328767118
NVDA,2026-04-02,90.0,87.65,93.35,90.5,93.66,1.0,4.0,180.25,0.0465753424657534,2.0027777777777778,0.6945351058347934,0.21581321198145725,0.09328006088280055
NVDA,2026-04-02,100.0,77.7,83.4,80.55000000000001,83.03,3.0,17.0,180.25,0.0465753424657534,1.8025,0.589174590176967,0.21581321198145725,0.0839520547945205
NVDA,2026-04-02,105.0,72.75,78.4,75.575,75.0,11.0,11.0,180.25,0.0465753424657534,1.7166666666666666,0.540384426007535,0.21581321198145725,0.07995433789954333
NVDA,2026-04-02,115.0,64.05,67.25,65.65,67.74,1.0,3.0,180.25,0.0465753424657534,1.567391304347826,0.44941264780180834,0.21581321198145725,0.07300178677784391
NVDA,2026-04-02,120.0,59.1,62.2,60.650000000000006,64.95,3.0,17.0,180.25,0.0465753424657534,1.5020833333333334,0.40685303338301254,0.21581321198145725,0.06996004566210043
NVDA,2026-04-02,125.0,54.4,56.65,55.525,57.3,4.0,4.0,180.25,0.0465753424657534,1.442,0.3660310388627573,0.21581321198145725,0.0671616438356164
NVDA,2026-04-02,130.0,49.25,52.5,50.875,52.12,3.0,19.0,180.25,0.0465753424657534,1.3865384615384615,0.326810325709476,0.21581321198145725,0.06457850368809269
NVDA,2026-04-02,135.0,44.4,47.55,45.974999999999994,47.14,2.0,9.0,180.25,0.0465753424657534,1.3351851851851853,0.28906999772662906,0.21581321198145725,0.062186707255200376
NVDA,2026-04-02,140.0,39.75,42.25,41.0,41.57,3.0,86.0,180.25,0.0465753424657534,1.2875,0.2527023535557542,0.21581321198145725,0.05996575342465751
NVDA,2026-04-02,145.0,35.45,36.95,36.2,41.85,2.0,122.0,180.25,0.0465753424657534,1.243103448275862,0.21761103374448404,0.21581321198145725,0.057897968823807246
NVDA,2026-04-02,150.0,30.8,32.0,31.4,32.54,10.0,236.0,180.25,0.0465753424657534,1.2016666666666667,0.1837094820688027,0.21581321198145725,0.05596803652968033
NVDA,2026-04-02,155.0,26.35,27.35,26.85,27.97,4.0,98.0,180.25,0.0465753424657534,1.1629032258064516,0.1509196592458118,0.21581321198145725,0.05416261599646484
NVDA,2026-04-02,160.0,22.0,22.5,22.25,22.5,102.0,525.0,180.25,0.0465753424657534,1.1265625,0.11917096093123146,0.21581321198145725,0.05247003424657531
NVDA,2026-04-02,165.0,18.05,18.25,18.15,18.31,66.0,516.0,180.25,0.0465753424657534,1.0924242424242425,0.08839930226447794,0.21581321198145725,0.05088003320880031
NVDA,2026-04-02,170.0,14.15,14.3,14.225,14.5,47.0,1415.0,180.25,0.0465753424657534,1.0602941176470588,0.0585463391147967,0.21581321198145725,0.04938356164383559
NVDA,2026-04-02,175.0,10.6,10.7,10.65,10.5,111.0,1251.0,180.25,0.0465753424657534,1.03,0.02955880224154443,0.21581321198145725,0.047972602739726006
NVDA,2026-04-02,180.0,7.55,7.6,7.574999999999999,7.6,1554.0,4466.0,180.25,0.0465753424657534,1.0013888888888889,0.0013879252748480759,0.21581321198145725,0.046640030441400276
NVDA,2026-04-02,185.0,5.05,5.1,5.074999999999999,5.15,6197.0,9029.0,180.25,0.0465753424657534,0.9743243243243244,-0.026011048913266322,0.21581321198145725,0.045379489078119194
NVDA,2026-04-02,190.0,3.15,3.25,3.2,3.2,11726.0,8366.0,180.25,0.0465753424657534,0.9486842105263158,-0.05267929599542768,0.21581321198145725,0.04418529199711606
NVDA,2026-04-02,195.0,1.88,1.91,1.895,1.9,1743.0,8292.0,180.25,0.0465753424657534,0.9243589743589744,-0.0786547823986883,0.21581321198145725,0.0430523357920618
NVDA,2026-04-02,200.0,1.06,1.09,1.0750000000000002,1.08,67864.0,75809.0,180.25,0.0465753424657534,0.90125,-0.10397259038297822,0.21581321198145725,0.04197602739726025
NVDA,2026-04-02,205.0,0.59,0.62,0.605,0.58,2009.0,15988.0,180.25,0.0465753424657534,0.8792682926829268,-0.1286652029733497,0.21581321198145725,0.04095222185098561
NVDA,2026-04-02,210.0,0.34,0.36,0.35,0.34,1647.0,6564.0,180.25,0.0465753424657534,0.8583333333333333,-0.15276275455241028,0.21581321198145725,0.039977168949771665
NVDA,2026-04-02,215.0,0.21,0.23,0.22,0.22,429.0,3061.0,180.25,0.0465753424657534,0.8383720930232558,-0.1762932519626044,0.21581321198145725,0.039047467346288604
NVDA,2026-04-02,220.0,0.14,0.15,0.145,0.15,1110.0,10854.0,180.25,0.0465753424657534,0.8193181818181818,-0.19928277018730306,0.21581321198145725,0.038160024906600226
NVDA,2026-04-02,225.0,0.1,0.11,0.105,0.11,40.0,1891.0,180.25,0.0465753424657534,0.8011111111111111,-0.2217556260393617,0.21581321198145725,0.03731202435312023
NVDA,2026-04-02,230.0,0.07,0.08,0.075,0.08,52.0,2764.0,180.25,0.0465753424657534,0.783695652173913,-0.24373453275813695,0.21581321198145725,0.03650089338892196
NVDA,2026-04-02,235.0,0.05,0.07,0.06,0.07,28.0,1282.0,180.25,0.0465753424657534,0.7670212765957447,-0.26524073797910047,0.21581321198145725,0.035724278635966174
NVDA,2026-04-02,240.0,0.04,0.06,0.05,0.04,77.0,2326.0,180.25,0.0465753424657534,0.7510416666666667,-0.2862941471769328,0.21581321198145725,0.034980022831050214
NVDA,2026-04-02,250.0,0.03,0.04,0.035,0.04,10.0,1009.0,180.25,0.0465753424657534,0.721,-0.327116141697188,0.21581321198145725,0.0335808219178082
NVDA,2026-04-02,255.0,0.02,0.03,0.025,0.03,500.0,1054.0,180.25,0.0465753424657534,0.7068627450980393,-0.34691876899336765,0.21581321198145725,0.03292237442922373
NVDA,2026-04-10,55.0,122.5,128.35,125.425,130.1,1.0,0.0,180.25,0.0684931506849315,3.2772727272727273,1.1870115909325876,0.2617119612951068,0.22447073474470733
NVDA,2026-04-10,60.0,117.55,123.35,120.45,122.0,2.0,0.0,180.25,0.0684931506849315,3.004166666666667,1.1000002139429579,0.2617119612951068,0.2057648401826484
NVDA,2026-04-10,65.0,112.55,118.4,115.475,117.65,,1.0,180.25,0.0684931506849315,2.773076923076923,1.0199575062694213,0.2617119612951068,0.1899367755532139
NVDA,2026-04-10,75.0,102.6,108.45,105.525,109.0,,1.0,180.25,0.0684931506849315,2.4033333333333333,0.8768566626287481,0.2617119612951068,0.16461187214611872
NVDA,2026-04-10,85.0,92.65,98.5,95.575,97.41,,95.0,180.25,0.0684931506849315,2.1205882352941177,0.751693519674742,0.2617119612951068,0.145245769540693
NVDA,2026-04-10,100.0,79.25,82.2,80.725,81.92,4.0,11.0,180.25,0.0684931506849315,1.8025,0.589174590176967,0.2617119612951068,0.12345890410958904
NVDA,2026-04-10,110.0,69.1,71.05,70.07499999999999,71.5,1.0,8.0,180.25,0.0684931506849315,1.6386363636363637,0.4938644103726422,0.2617119612951068,0.11223536737235366
NVDA,2026-04-10,120.0,59.05,62.8,60.925,61.31,1.0,5.0,180.25,0.0684931506849315,1.5020833333333334,0.40685303338301254,0.2617119612951068,0.1028824200913242
NVDA,2026-04-10,125.0,54.35,57.7,56.025000000000006,60.0,5.0,19.0,180.25,0.0684931506849315,1.442,0.3660310388627573,0.2617119612951068,0.09876712328767122
NVDA,2026-04-10,130.0,49.5,52.75,51.125,56.1,1.0,6.0,180.25,0.0684931506849315,1.3865384615384615,0.326810325709476,0.2617119612951068,0.09496838777660695
NVDA,2026-04-10,135.0,44.8,47.55,46.175,51.04,1.0,10.0,180.25,0.0684931506849315,1.3351851851851853,0.28906999772662906,0.2617119612951068,0.09145104008117706
NVDA,2026-04-10,140.0,40.85,42.15,41.5,43.47,5.0,140.0,180.25,0.0684931506849315,1.2875,0.2527023535557542,0.2617119612951068,0.08818493150684932
NVDA,2026-04-10,145.0,35.85,37.4,36.625,37.0,1.0,118.0,180.25,0.0684931506849315,1.243103448275862,0.21761103374448404,0.2617119612951068,0.08514407179971657
NVDA,2026-04-10,150.0,31.4,32.45,31.925,32.07,50.0,156.0,180.25,0.0684931506849315,1.2016666666666667,0.1837094820688027,0.2617119612951068,0.08230593607305936
NVDA,2026-04-10,155.0,27.1,28.0,27.55,27.62,10.0,239.0,180.25,0.0684931506849315,1.1629032258064516,0.1509196592458118,0.2617119612951068,0.07965090587715422
NVDA,2026-04-10,160.0,22.95,23.5,23.225,22.98,67.0,1055.0,180.25,0.0684931506849315,1.1265625,0.11917096093123146,0.2617119612951068,0.07716181506849314
NVDA,2026-04-10,165.0,18.95,19.1,19.025,19.46,10.0,494.0,180.25,0.0684931506849315,1.0924242424242425,0.08839930226447794,0.2617119612951068,0.07482357824823578
NVDA,2026-04-10,170.0,15.15,15.25,15.2,15.27,146.0,304.0,180.25,0.0684931506849315,1.0602941176470588,0.0585463391147967,0.2617119612951068,0.0726228847703465
NVDA,2026-04-10,175.0,11.7,11.8,11.75,11.55,148.0,1275.0,180.25,0.0684931506849315,1.03,0.02955880224154443,0.2617119612951068,0.07054794520547945
NVDA,2026-04-10,180.0,8.65,8.75,8.7,8.7,1719.0,2719.0,180.25,0.0684931506849315,1.0013888888888889,0.0013879252748480759,0.2617119612951068,0.0685882800608828
NVDA,2026-04-10,185.0,6.15,6.2,6.175000000000001,6.15,2652.0,6169.0,180.25,0.0684931506849315,0.9743243243243244,-0.026011048913266322,0.2617119612951068,0.06673454276194002
NVDA,2026-04-10,190.0,4.15,4.2,4.175000000000001,4.18,2576.0,4838.0,180.25,0.0684931506849315,0.9486842105263158,-0.05267929599542768,0.2617119612951068,0.06497837058399424
NVDA,2026-04-10,195.0,2.67,2.7,2.685,2.68,528.0,6303.0,180.25,0.0684931506849315,0.9243589743589744,-0.0786547823986883,0.2617119612951068,0.06331225851773797
NVDA,2026-04-10,200.0,1.65,1.68,1.665,1.66,5264.0,17612.0,180.25,0.0684931506849315,0.90125,-0.10397259038297822,0.2617119612951068,0.06172945205479452
NVDA,2026-04-10,205.0,0.99,1.02,1.005,0.99,825.0,10184.0,180.25,0.0684931506849315,0.8792682926829268,-0.1286652029733497,0.2617119612951068,0.060223855663214164
NVDA,2026-04-10,210.0,0.59,0.62,0.605,0.61,803.0,5537.0,180.25,0.0684931506849315,0.8583333333333333,-0.15276275455241028,0.2617119612951068,0.05878995433789953
NVDA,2026-04-10,215.0,0.37,0.38,0.375,0.36,3092.0,4510.0,180.25,0.0684931506849315,0.8383720930232558,-0.1762932519626044,0.2617119612951068,0.05742274609748327
NVDA,2026-04-10,220.0,0.24,0.26,0.25,0.25,120.0,3768.0,180.25,0.0684931506849315,0.8193181818181818,-0.19928277018730306,0.2617119612951068,0.05611768368617683
NVDA,2026-04-10,225.0,0.17,0.18,0.175,0.18,931.0,831.0,180.25,0.0684931506849315,0.8011111111111111,-0.2217556260393617,0.2617119612951068,0.05487062404870624
NVDA,2026-04-10,230.0,0.12,0.13,0.125,0.12,12.0,1675.0,180.25,0.0684931506849315,0.783695652173913,-0.24373453275813695,0.2617119612951068,0.05367778439547349
NVDA,2026-04-10,235.0,0.09,0.11,0.1,0.09,15.0,897.0,180.25,0.0684931506849315,0.7670212765957447,-0.26524073797910047,0.2617119612951068,0.05253570387642087
NVDA,2026-04-10,240.0,0.07,0.09,0.08,0.08,600.0,695.0,180.25,0.0684931506849315,0.7510416666666667,-0.2862941471769328,0.2617119612951068,0.0514412100456621
NVDA,2026-04-10,245.0,0.06,0.08,0.07,0.06,16.0,194.0,180.25,0.0684931506849315,0.7357142857142858,-0.30691343437966845,0.2617119612951068,0.05039138943248533
NVDA,2026-04-10,250.0,0.05,0.06,0.055,0.06,3.0,271.0,180.25,0.0684931506849315,0.721,-0.327116141697188,0.2617119612951068,0.04938356164383561
NVDA,2026-04-10,255.0,0.04,0.06,0.05,0.05,46.0,410.0,180.25,0.0684931506849315,0.7068627450980393,-0.34691876899336765,0.2617119612951068,0.04841525651356433
NVDA,2026-04-17,5.0,174.4,176.0,175.2,178.24,100.0,3375.0,180.25,0.0876712328767123,36.05,3.584906863730958,0.29609328407904206,3.160547945205478
NVDA,2026-04-17,10.0,168.6,171.9,170.25,168.03,5.0,47.0,180.25,0.0876712328767123,18.025,2.8917596831710126,0.29609328407904206,1.580273972602739
NVDA,2026-04-17,15.0,163.6,166.9,165.25,168.39,14.0,391.0,180.25,0.0876712328767123,12.016666666666667,2.4862945750628485,0.29609328407904206,1.0535159817351596
NVDA,2026-04-17,20.0,158.6,162.15,160.375,165.27,15.0,54.0,180.25,0.0876712328767123,9.0125,2.198612502611067,0.29609328407904206,0.7901369863013695
NVDA,2026-04-17,25.0,153.65,156.95,155.3,159.48,7.0,75.0,180.25,0.0876712328767123,7.21,1.9754689512968577,0.29609328407904206,0.6321095890410957
NVDA,2026-04-17,30.0,148.65,152.2,150.425,153.79,38.0,69.0,180.25,0.0876712328767123,6.008333333333334,1.793147394502903,0.29609328407904206,0.5267579908675798
NVDA,2026-04-17,35.0,143.7,147.0,145.35,150.65,22.0,114.0,180.25,0.0876712328767123,5.15,1.6389967146756448,0.29609328407904206,0.4515068493150684
NVDA,2026-04-17,40.0,138.7,142.0,140.35,143.99,9.0,38.0,180.25,0.0876712328767123,4.50625,1.505465322051122,0.29609328407904206,0.39506849315068476
NVDA,2026-04-17,45.0,133.7,137.25,135.475,136.03,1.0,57.0,180.25,0.0876712328767123,4.0055555555555555,1.3876822863947387,0.29609328407904206,0.3511719939117198
NVDA,2026-04-17,50.0,128.75,132.25,130.5,135.85,26.0,202.0,180.25,0.0876712328767123,3.605,1.2823217707369123,0.29609328407904206,0.31605479452054785
NVDA,2026-04-17,55.0,123.75,127.1,125.425,127.3,20.0,176.0,180.25,0.0876712328767123,3.2772727272727273,1.1870115909325876,0.29609328407904206,0.2873225404732253
NVDA,2026-04-17,60.0,118.8,122.1,120.45,123.75,10.0,337.0,180.25,0.0876712328767123,3.004166666666667,1.1000002139429579,0.29609328407904206,0.2633789954337899
NVDA,2026-04-17,65.0,113.8,117.2,115.5,122.2,20.0,66.0,180.25,0.0876712328767123,2.773076923076923,1.0199575062694213,0.29609328407904206,0.24311907270811373
NVDA,2026-04-17,70.0,108.85,112.15,110.5,115.77,6.0,57.0,180.25,0.0876712328767123,2.575,0.9458495341156995,0.29609328407904206,0.2257534246575342
NVDA,2026-04-17,75.0,103.9,107.2,105.55,110.9,7.0,52.0,180.25,0.0876712328767123,2.4033333333333333,0.8768566626287481,0.29609328407904206,0.21070319634703188
NVDA,2026-04-17,80.0,98.9,102.3,100.6,106.0,13.0,78.0,180.25,0.0876712328767123,2.253125,0.8123181414911768,0.29609328407904206,0.19753424657534238
NVDA,2026-04-17,85.0,93.95,97.25,95.6,98.5,2.0,61.0,180.25,0.0876712328767123,2.1205882352941177,0.751693519674742,0.29609328407904206,0.18591458501208696
NVDA,2026-04-17,90.0,89.6,91.85,90.725,91.08,27.0,195.0,180.25,0.0876712328767123,2.0027777777777778,0.6945351058347934,0.29609328407904206,0.1755859969558599
NVDA,2026-04-17,95.0,84.05,87.35,85.69999999999999,89.53,10.0,170.0,180.25,0.0876712328767123,1.8973684210526316,0.6404678845645176,0.29609328407904206,0.16634462869502517
NVDA,2026-04-17,100.0,79.1,81.2,80.15,83.33,1.0,916.0,180.25,0.0876712328767123,1.8025,0.589174590176967,0.29609328407904206,0.15802739726027393
NVDA,2026-04-17,105.0,74.55,76.5,75.525,76.31,81.0,238.0,180.25,0.0876712328767123,1.7166666666666666,0.540384426007535,0.29609328407904206,0.15050228310502278
NVDA,2026-04-17,110.0,69.6,72.35,70.975,72.25,5.0,993.0,180.25,0.0876712328767123,1.6386363636363637,0.4938644103726422,0.29609328407904206,0.14366127023661265
NVDA,2026-04-17,115.0,64.35,67.5,65.925,66.23,3.0,343.0,180.25,0.0876712328767123,1.567391304347826,0.44941264780180834,0.29609328407904206,0.1374151280524121
NVDA,2026-04-17,120.0,60.5,61.45,60.975,61.6,5.0,474.0,180.25,0.0876712328767123,1.5020833333333334,0.40685303338301254,0.29609328407904206,0.13168949771689495
NVDA,2026-04-17,125.0,54.85,57.15,56.0,56.47,66.0,484.0,180.25,0.0876712328767123,1.442,0.3660310388627573,0.29609328407904206,0.12642191780821913
NVDA,2026-04-17,130.0,50.8,51.7,51.25,51.82,5.0,2040.0,180.25,0.0876712328767123,1.3865384615384615,0.326810325709476,0.29609328407904206,0.12155953635405686
NVDA,2026-04-17,135.0,46.15,46.75,46.45,46.4,3.0,2885.0,180.25,0.0876712328767123,1.3351851851851853,0.28906999772662906,0.29609328407904206,0.11705733130390662
NVDA,2026-04-17,140.0,41.45,42.0,41.725,42.35,4.0,6409.0,180.25,0.0876712328767123,1.2875,0.2527023535557542,0.29609328407904206,0.1128767123287671
NVDA,2026-04-17,145.0,36.55,37.65,37.099999999999994,37.15,14.0,762.0,180.25,0.0876712328767123,1.243103448275862,0.21761103374448404,0.29609328407904206,0.10898441190363718
NVDA,2026-04-17,150.0,32.4,32.6,32.5,32.53,268.0,10899.0,180.25,0.0876712328767123,1.2016666666666667,0.1837094820688027,0.29609328407904206,0.10535159817351594
NVDA,2026-04-17,155.0,27.95,28.15,28.049999999999997,28.0,56.0,1895.0,180.25,0.0876712328767123,1.1629032258064516,0.1509196592458118,0.29609328407904206,0.10195315952275737
NVDA,2026-04-17,160.0,23.75,23.9,23.825,23.76,469.0,10142.0,180.25,0.0876712328767123,1.1265625,0.11917096093123146,0.29609328407904206,0.09876712328767119
NVDA,2026-04-17,165.0,19.75,19.9,19.825,19.71,279.0,4030.0,180.25,0.0876712328767123,1.0924242424242425,0.08839930226447794,0.29609328407904206,0.09577418015774178
NVDA,2026-04-17,170.0,16.05,16.15,16.1,15.95,489.0,13331.0,180.25,0.0876712328767123,1.0602941176470588,0.0585463391147967,0.29609328407904206,0.09295729250604348
NVDA,2026-04-17,175.0,12.65,12.75,12.7,12.57,1034.0,9954.0,180.25,0.0876712328767123,1.03,0.02955880224154443,0.29609328407904206,0.09030136986301367
NVDA,2026-04-17,180.0,9.7,9.75,9.725,9.69,5219.0,24174.0,180.25,0.0876712328767123,1.0013888888888889,0.0013879252748480759,0.29609328407904206,0.08779299847792996
NVDA,2026-04-17,185.0,7.15,7.2,7.175000000000001,7.11,7767.0,33831.0,180.25,0.0876712328767123,0.9743243243243244,-0.026011048913266322,0.29609328407904206,0.0854202147352832
NVDA,2026-04-17,190.0,5.05,5.15,5.1,5.11,6762.0,40438.0,180.25,0.0876712328767123,0.9486842105263158,-0.05267929599542768,0.29609328407904206,0.08317231434751259
NVDA,2026-04-17,195.0,3.45,3.55,3.5,3.49,4207.0,25774.0,180.25,0.0876712328767123,0.9243589743589744,-0.0786547823986883,0.29609328407904206,0.08103969090270458
NVDA,2026-04-17,200.0,2.31,2.33,2.3200000000000003,2.31,10150.0,59016.0,180.25,0.0876712328767123,0.90125,-0.10397259038297822,0.29609328407904206,0.07901369863013696
NVDA,2026-04-17,210.0,0.94,0.96,0.95,0.96,5725.0,56639.0,180.25,0.0876712328767123,0.8583333333333333,-0.15276275455241028,0.29609328407904206,0.07525114155251139
NVDA,2026-04-17,220.0,0.39,0.41,0.4,0.4,2816.0,49525.0,180.25,0.0876712328767123,0.8193181818181818,-0.19928277018730306,0.29609328407904206,0.07183063511830633
NVDA,2026-04-17,230.0,0.18,0.2,0.19,0.18,1072.0,37137.0,180.25,0.0876712328767123,0.783695652173913,-0.24373453275813695,0.29609328407904206,0.06870756402620605
NVDA,2026-04-17,240.0,0.1,0.12,0.11,0.11,537.0,24659.0,180.25,0.0876712328767123,0.7510416666666667,-0.2862941471769328,0.29609328407904206,0.06584474885844747
NVDA,2026-04-17,250.0,0.06,0.08,0.07,0.07,3213.0,24054.0,180.25,0.0876712328767123,0.721,-0.327116141697188,0.29609328407904206,0.06321095890410956
NVDA,2026-04-17,260.0,0.05,0.06,0.055,0.05,528.0,17796.0,180.25,0.0876712328767123,0.6932692307692307,-0.3663368548504693,0.29609328407904206,0.06077976817702843
NVDA,2026-04-17,280.0,0.02,0.03,0.025,0.02,277.0,6343.0,180.25,0.0876712328767123,0.64375,-0.4404448270041911,0.29609328407904206,0.05643835616438355
NVDA,2026-04-17,290.0,0.02,0.03,0.025,0.01,11.0,6540.0,180.25,0.0876712328767123,0.621551724137931,-0.47553614681546125,0.29609328407904206,0.05449220595181859
NVDA,2026-04-24,105.0,72.0,80.65,76.325,72.5,1.0,1.0,180.25,0.1068493150684931,1.7166666666666666,0.540384426007535,0.3268781348889722,0.18342465753424647
NVDA,2026-04-24,125.0,54.65,58.05,56.349999999999994,55.96,1.0,0.0,180.25,0.1068493150684931,1.442,0.3660310388627573,0.3268781348889722,0.15407671232876705
NVDA,2026-04-24,130.0,49.85,53.4,51.625,52.92,1.0,37.0,180.25,0.1068493150684931,1.3865384615384615,0.326810325709476,0.3268781348889722,0.14815068493150677
NVDA,2026-04-24,135.0,45.2,47.4,46.3,47.8,2.0,14.0,180.25,0.1068493150684931,1.3351851851851853,0.28906999772662906,0.3268781348889722,0.14266362252663617
NVDA,2026-04-24,140.0,40.5,43.8,42.15,42.76,4.0,8.0,180.25,0.1068493150684931,1.2875,0.2527023535557542,0.3268781348889722,0.13756849315068487
NVDA,2026-04-24,145.0,36.1,38.85,37.475,37.62,1.0,14.0,180.25,0.1068493150684931,1.243103448275862,0.21761103374448404,0.3268781348889722,0.1328247520075578
NVDA,2026-04-24,155.0,28.4,29.8,29.1,29.7,3.0,76.0,180.25,0.1068493150684931,1.1629032258064516,0.1509196592458118,0.3268781348889722,0.12425541316836052
NVDA,2026-04-24,160.0,24.4,24.7,24.549999999999997,24.3,34.0,189.0,180.25,0.1068493150684931,1.1265625,0.11917096093123146,0.3268781348889722,0.12037243150684925
NVDA,2026-04-24,165.0,20.5,20.65,20.575,20.7,133.0,89.0,180.25,0.1068493150684931,1.0924242424242425,0.08839930226447794,0.3268781348889722,0.11672478206724778
NVDA,2026-04-24,170.0,16.85,17.0,16.925,16.76,426.0,242.0,180.25,0.1068493150684931,1.0602941176470588,0.0585463391147967,0.3268781348889722,0.11329170024174048
NVDA,2026-04-24,175.0,13.55,13.65,13.6,13.55,530.0,360.0,180.25,0.1068493150684931,1.03,0.02955880224154443,0.3268781348889722,0.1100547945205479
NVDA,2026-04-24,180.0,10.6,10.7,10.65,10.68,674.0,1310.0,180.25,0.1068493150684931,1.0013888888888889,0.0013879252748480759,0.3268781348889722,0.10699771689497711
NVDA,2026-04-24,185.0,8.05,8.15,8.100000000000001,8.1,1245.0,2009.0,180.25,0.1068493150684931,0.9743243243243244,-0.026011048913266322,0.3268781348889722,0.10410588670862639
NVDA,2026-04-24,190.0,5.9,6.0,5.95,5.95,645.0,2516.0,180.25,0.1068493150684931,0.9486842105263158,-0.05267929599542768,0.3268781348889722,0.10136625811103095
NVDA,2026-04-24,195.0,4.2,4.3,4.25,4.26,528.0,595.0,180.25,0.1068493150684931,0.9243589743589744,-0.0786547823986883,0.3268781348889722,0.09876712328767119
NVDA,2026-04-24,200.0,2.95,3.0,2.975,3.0,1310.0,2068.0,180.25,0.1068493150684931,0.90125,-0.10397259038297822,0.3268781348889722,0.09629794520547941
NVDA,2026-04-24,205.0,2.0,2.05,2.025,2.01,281.0,1663.0,180.25,0.1068493150684931,0.8792682926829268,-0.1286652029733497,0.3268781348889722,0.09394921483461406
NVDA,2026-04-24,210.0,1.33,1.38,1.355,1.37,588.0,1088.0,180.25,0.1068493150684931,0.8583333333333333,-0.15276275455241028,0.3268781348889722,0.09171232876712324
NVDA,2026-04-24,215.0,0.87,0.92,0.895,0.87,248.0,1030.0,180.25,0.1068493150684931,0.8383720930232558,-0.1762932519626044,0.3268781348889722,0.08957948391207386
NVDA,2026-04-24,220.0,0.58,0.62,0.6,0.59,139.0,1820.0,180.25,0.1068493150684931,0.8193181818181818,-0.19928277018730306,0.3268781348889722,0.08754358655043583
NVDA,2026-04-24,225.0,0.39,0.43,0.41,0.4,156.0,1487.0,180.25,0.1068493150684931,0.8011111111111111,-0.2217556260393617,0.3268781348889722,0.08559817351598169
NVDA,2026-04-24,230.0,0.27,0.31,0.29,0.28,24.0,1283.0,180.25,0.1068493150684931,0.783695652173913,-0.24373453275813695,0.3268781348889722,0.0837373436569386
NVDA,2026-04-24,235.0,0.2,0.23,0.215,0.22,4.0,36.0,180.25,0.1068493150684931,0.7670212765957447,-0.26524073797910047,0.3268781348889722,0.08195569804721652
NVDA,2026-04-24,240.0,0.15,0.18,0.1649999999999999,0.16,12.0,168.0,180.25,0.1068493150684931,0.7510416666666667,-0.2862941471769328,0.3268781348889722,0.08024828767123285
NVDA,2026-04-24,245.0,0.11,0.14,0.125,0.14,1.0,136.0,180.25,0.1068493150684931,0.7357142857142858,-0.30691343437966845,0.3268781348889722,0.07861056751467707
NVDA,2026-04-24,250.0,0.09,0.12,0.105,0.14,15.0,117.0,180.25,0.1068493150684931,0.721,-0.327116141697188,0.3268781348889722,0.07703835616438352
NVDA,2026-04-24,255.0,0.08,0.1,0.09,0.09,1.0,8.0,180.25,0.1068493150684931,0.7068627450980393,-0.34691876899336765,0.3268781348889722,0.07552780016116033
NVDA,2026-05-15,5.0,173.3,177.25,175.275,179.03,1.0,4.0,180.25,0.1643835616438356,36.05,3.584906863730958,0.4054424270396916,5.926027397260273
NVDA,2026-05-15,15.0,163.55,167.1,165.325,170.8,10.0,127.0,180.25,0.1643835616438356,12.016666666666667,2.4862945750628485,0.4054424270396916,1.9753424657534246
NVDA,2026-05-15,20.0,158.6,162.35,160.475,160.48,10.0,32.0,180.25,0.1643835616438356,9.0125,2.198612502611067,0.4054424270396916,1.4815068493150683
NVDA,2026-05-15,25.0,153.6,157.2,155.39999999999998,156.23,1.0,100.0,180.25,0.1643835616438356,7.21,1.9754689512968577,0.4054424270396916,1.1852054794520548
NVDA,2026-05-15,30.0,148.65,152.45,150.55,149.96,1.0,22.0,180.25,0.1643835616438356,6.008333333333334,1.793147394502903,0.4054424270396916,0.9876712328767123
NVDA,2026-05-15,35.0,143.7,147.45,145.575,144.98,1.0,408.0,180.25,0.1643835616438356,5.15,1.6389967146756448,0.4054424270396916,0.8465753424657534
NVDA,2026-05-15,40.0,138.75,142.5,140.625,149.6,1.0,83.0,180.25,0.1643835616438356,4.50625,1.505465322051122,0.4054424270396916,0.7407534246575341
NVDA,2026-05-15,45.0,133.75,137.55,135.65,152.04,20.0,6.0,180.25,0.1643835616438356,4.0055555555555555,1.3876822863947387,0.4054424270396916,0.6584474885844749
NVDA,2026-05-15,50.0,128.8,132.4,130.60000000000002,136.0,2.0,51.0,180.25,0.1643835616438356,3.605,1.2823217707369123,0.4054424270396916,0.5926027397260274
NVDA,2026-05-15,55.0,123.85,127.5,125.675,125.9,5.0,20.0,180.25,0.1643835616438356,3.2772727272727273,1.1870115909325876,0.4054424270396916,0.5387297633872976
NVDA,2026-05-15,60.0,118.9,122.5,120.7,124.25,50.0,107.0,180.25,0.1643835616438356,3.004166666666667,1.1000002139429579,0.4054424270396916,0.49383561643835616
NVDA,2026-05-15,65.0,113.95,117.6,115.775,119.14,10.0,68.0,180.25,0.1643835616438356,2.773076923076923,1.0199575062694213,0.4054424270396916,0.45584826132771333
NVDA,2026-05-15,70.0,109.0,112.6,110.8,116.55,5.0,154.0,180.25,0.1643835616438356,2.575,0.9458495341156995,0.4054424270396916,0.4232876712328767
NVDA,2026-05-15,75.0,104.1,107.7,105.9,115.08,15.0,72.0,180.25,0.1643835616438356,2.4033333333333333,0.8768566626287481,0.4054424270396916,0.39506849315068493
NVDA,2026-05-15,80.0,99.2,101.6,100.4,102.51,3.0,43.0,180.25,0.1643835616438356,2.253125,0.8123181414911768,0.4054424270396916,0.37037671232876707
NVDA,2026-05-15,85.0,94.75,97.75,96.25,96.34,10.0,127.0,180.25,0.1643835616438356,2.1205882352941177,0.751693519674742,0.4054424270396916,0.34858984689766315
NVDA,2026-05-15,90.0,89.55,92.8,91.175,93.37,1.0,251.0,180.25,0.1643835616438356,2.0027777777777778,0.6945351058347934,0.4054424270396916,0.32922374429223744
NVDA,2026-05-15,95.0,84.45,87.9,86.17500000000001,90.16,10.0,34.0,180.25,0.1643835616438356,1.8973684210526316,0.6404678845645176,0.4054424270396916,0.3118961788031723
NVDA,2026-05-15,100.0,80.1,82.55,81.32499999999999,81.6,39.0,414.0,180.25,0.1643835616438356,1.8025,0.589174590176967,0.4054424270396916,0.2963013698630137
NVDA,2026-05-15,105.0,74.8,77.85,76.32499999999999,77.05,3.0,340.0,180.25,0.1643835616438356,1.7166666666666666,0.540384426007535,0.4054424270396916,0.28219178082191776
NVDA,2026-05-15,110.0,70.05,72.95,71.5,74.53,19.0,392.0,180.25,0.1643835616438356,1.6386363636363637,0.4938644103726422,0.4054424270396916,0.2693648816936488
NVDA,2026-05-15,115.0,65.4,67.95,66.67500000000001,70.79,1.0,256.0,180.25,0.1643835616438356,1.567391304347826,0.44941264780180834,0.4054424270396916,0.25765336509827275
NVDA,2026-05-15,120.0,60.85,62.35,61.6,61.8,16.0,465.0,180.25,0.1643835616438356,1.5020833333333334,0.40685303338301254,0.4054424270396916,0.24691780821917808
NVDA,2026-05-15,125.0,56.45,57.75,57.1,57.48,18.0,250.0,180.25,0.1643835616438356,1.442,0.3660310388627573,0.4054424270396916,0.23704109589041095
NVDA,2026-05-15,130.0,52.1,52.8,52.45,53.67,2.0,4710.0,180.25,0.1643835616438356,1.3865384615384615,0.326810325709476,0.4054424270396916,0.22792413066385667
NVDA,2026-05-15,135.0,47.05,48.6,47.825,47.72,3.0,792.0,180.25,0.1643835616438356,1.3351851851851853,0.28906999772662906,0.4054424270396916,0.21948249619482496
NVDA,2026-05-15,140.0,43.1,43.6,43.35,43.13,110.0,19311.0,180.25,0.1643835616438356,1.2875,0.2527023535557542,0.4054424270396916,0.21164383561643835
NVDA,2026-05-15,145.0,38.7,39.3,39.0,39.15,116.0,2191.0,180.25,0.1643835616438356,1.243103448275862,0.21761103374448404,0.4054424270396916,0.20434577231931977
NVDA,2026-05-15,150.0,34.35,34.9,34.625,34.5,37.0,7516.0,180.25,0.1643835616438356,1.2016666666666667,0.1837094820688027,0.4054424270396916,0.19753424657534246
NVDA,2026-05-15,155.0,30.25,30.8,30.525,30.54,160.0,1232.0,180.25,0.1643835616438356,1.1629032258064516,0.1509196592458118,0.4054424270396916,0.1911621741051701
NVDA,2026-05-15,160.0,26.25,26.8,26.525,26.68,111.0,7101.0,180.25,0.1643835616438356,1.1265625,0.11917096093123146,0.4054424270396916,0.18518835616438353
NVDA,2026-05-15,165.0,22.7,23.1,22.9,23.0,142.0,2118.0,180.25,0.1643835616438356,1.0924242424242425,0.08839930226447794,0.4054424270396916,0.17957658779576588
NVDA,2026-05-15,170.0,19.4,19.55,19.475,19.55,322.0,8549.0,180.25,0.1643835616438356,1.0602941176470588,0.0585463391147967,0.4054424270396916,0.17429492344883157
NVDA,2026-05-15,175.0,16.25,16.35,16.3,16.3,431.0,6165.0,180.25,0.1643835616438356,1.03,0.02955880224154443,0.4054424270396916,0.16931506849315067
NVDA,2026-05-15,180.0,13.35,13.45,13.4,13.4,1953.0,23864.0,180.25,0.1643835616438356,1.0013888888888889,0.0013879252748480759,0.4054424270396916,0.16461187214611872
NVDA,2026-05-15,185.0,10.85,10.9,10.875,10.85,1962.0,24741.0,180.25,0.1643835616438356,0.9743243243243244,-0.026011048913266322,0.4054424270396916,0.16016290262865604
NVDA,2026-05-15,190.0,8.6,8.7,8.649999999999999,8.68,3240.0,44715.0,180.25,0.1643835616438356,0.9486842105263158,-0.05267929599542768,0.4054424270396916,0.15594808940158614
NVDA,2026-05-15,195.0,6.7,6.8,6.75,6.75,1522.0,64440.0,180.25,0.1643835616438356,0.9243589743589744,-0.0786547823986883,0.4054424270396916,0.15194942044257112
NVDA,2026-05-15,200.0,5.15,5.25,5.2,5.2,2152.0,78657.0,180.25,0.1643835616438356,0.90125,-0.10397259038297822,0.4054424270396916,0.14815068493150685
NVDA,2026-05-15,210.0,2.94,2.98,2.96,2.97,7058.0,39033.0,180.25,0.1643835616438356,0.8583333333333333,-0.15276275455241028,0.4054424270396916,0.14109589041095888
NVDA,2026-05-15,220.0,1.62,1.64,1.63,1.62,2164.0,22573.0,180.25,0.1643835616438356,0.8193181818181818,-0.19928277018730306,0.4054424270396916,0.1346824408468244
NVDA,2026-05-15,230.0,0.88,0.91,0.895,0.91,1039.0,34912.0,180.25,0.1643835616438356,0.783695652173913,-0.24373453275813695,0.4054424270396916,0.12882668254913637
NVDA,2026-05-15,240.0,0.5,0.52,0.51,0.51,449.0,18771.0,180.25,0.1643835616438356,0.7510416666666667,-0.2862941471769328,0.4054424270396916,0.12345890410958904
NVDA,2026-05-15,250.0,0.31,0.33,0.32,0.31,844.0,17787.0,180.25,0.1643835616438356,0.721,-0.327116141697188,0.4054424270396916,0.11852054794520547
NVDA,2026-05-15,260.0,0.2,0.22,0.21,0.21,3379.0,18580.0,180.25,0.1643835616438356,0.6932692307692307,-0.3663368548504693,0.4054424270396916,0.11396206533192833
NVDA,2026-05-15,270.0,0.14,0.16,0.15,0.15,77.0,17276.0,180.25,0.1643835616438356,0.6675925925925926,-0.40407718283331623,0.4054424270396916,0.10974124809741248
NVDA,2026-05-15,280.0,0.1,0.12,0.11,0.1,1316.0,8459.0,180.25,0.1643835616438356,0.64375,-0.4404448270041911,0.4054424270396916,0.10582191780821917
NVDA,2026-05-15,290.0,0.08,0.09,0.0849999999999999,0.08,90.0,6189.0,180.25,0.1643835616438356,0.621551724137931,-0.47553614681546125,0.4054424270396916,0.10217288615965989
NVDA,2026-05-15,300.0,0.06,0.08,0.07,0.06,506.0,6316.0,180.25,0.1643835616438356,0.6008333333333333,-0.5094376984911426,0.4054424270396916,0.09876712328767123
NVDA,2026-05-15,310.0,0.04,0.06,0.05,0.06,1302.0,4027.0,180.25,0.1643835616438356,0.5814516129032258,-0.5422275213141335,0.4054424270396916,0.09558108705258506
TSLA,2026-03-18,337.5,53.05,55.3,54.175,72.0,,1.0,391.2000122070313,0.0054794520547945,1.1591111472800928,0.14765345905214505,0.07402332101976039,0.0063512939576991145
TSLA,2026-03-18,342.5,48.4,50.15,49.275,58.3,2.0,2.0,391.2000122070313,0.0054794520547945,1.1421898166628652,0.13294731166244966,0.07402332101976039,0.00625857433787869
TSLA,2026-03-18,360.0,31.85,33.2,32.525000000000006,34.82,2.0,23.0,391.2000122070313,0.0054794520547945,1.086666700575087,0.08311493791457386,0.07402332101976039,0.005954338085342919
TSLA,2026-03-18,365.0,27.4,28.55,27.975,27.3,6.0,22.0,391.2000122070313,0.0054794520547945,1.0717808553617296,0.06932161578223806,0.07402332101976039,0.005872771810201236
TSLA,2026-03-18,370.0,23.15,24.15,23.65,24.01,36.0,21.0,391.2000122070313,0.0054794520547945,1.0572973302892739,0.05571596372645947,0.07402332101976039,0.005793410028982301
TSLA,2026-03-18,372.5,20.75,22.05,21.4,20.7,20.0,109.0,391.2000122070313,0.0054794520547945,1.050201375052433,0.04898193154511535,0.07402332101976039,0.005754528082479064
TSLA,2026-03-18,377.5,17.25,17.45,17.35,16.65,37.0,169.0,391.2000122070313,0.0054794520547945,1.0362914230649836,0.035648400675650116,0.07402332101976039,0.005678309167479341
TSLA,2026-03-18,380.0,15.35,15.5,15.425,15.0,759.0,197.0,391.2000122070313,0.0054794520547945,1.0294737163342929,0.02904771664429803,0.07402332101976039,0.005640951870324871
TSLA,2026-03-18,382.5,13.45,13.65,13.55,13.3,222.0,77.0,391.2000122070313,0.0054794520547945,1.022745129953023,0.022490316098139014,0.07402332101976039,0.00560408290385216
TSLA,2026-03-18,385.0,11.7,11.85,11.775,12.3,1303.0,239.0,391.2000122070313,0.0054794520547945,1.0161039278104709,0.015975635076945265,0.07402332101976039,0.005567692755125846
TSLA,2026-03-18,387.5,10.1,10.2,10.15,10.3,729.0,158.0,391.2000122070313,0.0054794520547945,1.0095484185987904,0.009503120571327796,0.07402332101976039,0.00553177215670568
TSLA,2026-03-18,390.0,8.55,8.65,8.600000000000001,8.7,2256.0,495.0,391.2000122070313,0.0054794520547945,1.0030769543770033,0.003072230241037361,0.07402332101976039,0.005496312078778079
TSLA,2026-03-18,392.5,7.2,7.25,7.225,7.25,4984.0,194.0,391.2000122070313,0.0054794520547945,0.9966879291898887,-0.0033175678577335734,0.07402332101976039,0.00546130372158841
TSLA,2026-03-18,395.0,5.95,6.05,6.0,6.0,6218.0,849.0,391.2000122070313,0.0054794520547945,0.9903797777393197,-0.00966679553639236,0.07402332101976039,0.0054267385081606355
TSLA,2026-03-18,397.5,4.85,4.95,4.9,4.89,4084.0,1194.0,391.2000122070313,0.0054794520547945,0.9841509741057392,-0.015975964729657035,0.07402332101976039,0.005392608077291701
TSLA,2026-03-18,400.0,3.95,4.0,3.975,3.95,7164.0,1402.0,391.2000122070313,0.0054794520547945,0.9780000305175782,-0.022245577743252493,0.07402332101976039,0.0053589042768086275
TSLA,2026-03-18,402.5,3.1,3.2,3.1500000000000004,3.2,1612.0,1580.0,391.2000122070313,0.0054794520547945,0.9719254961665375,-0.028476127493888476,0.07402332101976039,0.005325619157076898
TSLA,2026-03-18,405.0,2.49,2.53,2.51,2.51,3880.0,945.0,391.2000122070313,0.0054794520547945,0.9659259560667439,-0.03466809774180965,0.07402332101976039,0.005292744964749262
TSLA,2026-03-18,407.5,1.96,1.98,1.97,2.04,2400.0,1225.0,391.2000122070313,0.0054794520547945,0.960000029955905,-0.04082196331618785,0.07402332101976039,0.005260274136744666
TSLA,2026-03-18,410.0,1.53,1.54,1.535,1.55,4275.0,1759.0,391.2000122070313,0.0054794520547945,0.9541463712366617,-0.04693819033362399,0.07402332101976039,0.0052281992944474415
TSLA,2026-03-18,412.5,1.19,1.2,1.1949999999999998,1.21,1380.0,549.0,391.2000122070313,0.0054794520547945,0.9483636659564395,-0.05301723641000616,0.07402332101976039,0.005196513238117457
TSLA,2026-03-18,415.0,0.92,0.93,0.925,0.93,4444.0,1547.0,391.2000122070313,0.0054794520547945,0.9426506318241719,-0.05905955086596872,0.07402332101976039,0.005165208941502292
TSLA,2026-03-18,417.5,0.71,0.73,0.72,0.76,1110.0,442.0,391.2000122070313,0.0054794520547945,0.9370060172623504,-0.06506557492618062,0.07402332101976039,0.005134279546642997
TSLA,2026-03-18,420.0,0.55,0.57,0.56,0.57,3047.0,1342.0,391.2000122070313,0.0054794520547945,0.9314286004929316,-0.0710357419126845,0.07402332101976039,0.0051037183588653594
TSLA,2026-03-18,422.5,0.43,0.45,0.44,0.47,1303.0,421.0,391.2000122070313,0.0054794520547945,0.9259171886556954,-0.076970477432499,0.07402332101976039,0.005073518841948997
TSLA,2026-03-18,425.0,0.34,0.36,0.35,0.37,1425.0,863.0,391.2000122070313,0.0054794520547945,0.9204706169577207,-0.08287019955968732,0.07402332101976039,0.005043674613466944
TSLA,2026-03-18,427.5,0.27,0.29,0.28,0.31,396.0,454.0,391.2000122070313,0.0054794520547945,0.9150877478527049,-0.08873531901208531,0.07402332101976039,0.005014179440288775
TSLA,2026-03-18,430.0,0.22,0.24,0.2299999999999999,0.25,640.0,1641.0,391.2000122070313,0.0054794520547945,0.90976747024891,-0.09456623932287855,0.07402332101976039,0.004985027234240584
TSLA,2026-03-18,432.5,0.18,0.2,0.19,0.2,250.0,419.0,391.2000122070313,0.0054794520547945,0.9045086987445811,-0.10036335700720446,0.07402332101976039,0.004956212047915494
TSLA,2026-03-18,435.0,0.16,0.17,0.165,0.16,256.0,482.0,391.2000122070313,0.0054794520547945,0.8993103728897271,-0.10612706172395454,0.07402332101976039,0.004927728070628623
TSLA,2026-03-18,437.5,0.13,0.15,0.14,0.15,100.0,403.0,391.2000122070313,0.0054794520547945,0.8941714564732144,-0.11185773643293961,0.07402332101976039,0.0048995696245107455
TSLA,2026-03-18,440.0,0.12,0.13,0.125,0.12,450.0,519.0,391.2000122070313,0.0054794520547945,0.8890909368341621,-0.1175557575475773,0.07402332101976039,0.004871731160735116
TSLA,2026-03-18,442.5,0.1,0.11,0.105,0.11,32.0,150.0,391.2000122070313,0.0054794520547945,0.884067824196681,-0.12322149508325463,0.07402332101976039,0.004844207255872206
TSLA,2026-03-18,445.0,0.08,0.1,0.09,0.1,1198.0,2385.0,391.2000122070313,0.0054794520547945,0.8791011510270367,-0.12885531280151064,0.07402332101976039,0.004816992608367306
TSLA,2026-03-18,447.5,0.07,0.09,0.08,0.1,26.0,36.0,391.2000122070313,0.0054794520547945,0.8741899714123604,-0.13445756835018055,0.07402332101976039,0.004790082035136203
TSLA,2026-03-18,450.0,0.07,0.09,0.08,0.09,124.0,847.0,391.2000122070313,0.0054794520547945,0.8693333604600696,-0.14002861339963588,0.07402332101976039,0.004763470468274336
TSLA,2026-03-18,452.5,0.06,0.08,0.07,0.09,4.0,161.0,391.2000122070313,0.0054794520547945,0.8645304137171963,-0.14556879377525123,0.07402332101976039,0.00473715295187503
TSLA,2026-03-18,455.0,0.05,0.07,0.06,0.06,24.0,101.0,391.2000122070313,0.0054794520547945,0.85978024660886,-0.1510784495862209,0.07402332101976039,0.00471112463895264
TSLA,2026-03-18,457.5,0.05,0.07,0.06,0.07,2.0,26.0,391.2000122070313,0.0054794520547945,0.8550819938951504,-0.15655791535084648,0.07402332101976039,0.00468538078846656
TSLA,2026-03-18,460.0,0.05,0.06,0.055,0.07,2.0,54.0,391.2000122070313,0.0054794520547945,0.8504348091457202,-0.16200752011841116,0.07402332101976039,0.004659916762442285
TSLA,2026-03-18,462.5,0.04,0.06,0.05,0.06,3.0,63.0,391.2000122070313,0.0054794520547945,0.845837864231419,-0.16742758758775034,0.07402332101976039,0.00463472802318584
TSLA,2026-03-18,465.0,0.04,0.05,0.045,0.06,3.0,33.0,391.2000122070313,0.0054794520547945,0.8412903488323253,-0.17281843622262683,0.07402332101976039,0.004609810130588066
TSLA,2026-03-18,475.0,0.03,0.04,0.035,0.04,13.0,244.0,391.2000122070313,0.0054794520547945,0.8235789730674343,-0.19409583466991168,0.07402332101976039,0.0045127614962598974
TSLA,2026-03-20,5.0,385.0,387.5,386.25,394.6,3.0,34.0,391.2000122070313,0.010958904109589,78.24000244140626,4.359781056930629,0.10468478451804254,0.8574246842893805
TSLA,2026-03-20,10.0,416.9,419.7,418.2999999999999,420.7,,1.0,391.2000122070313,0.010958904109589,39.12000122070313,3.666633876370684,0.10468478451804254,0.42871234214469023
TSLA,2026-03-20,15.0,411.95,414.75,413.35,432.5,58.0,22.0,391.2000122070313,0.010958904109589,26.080000813802087,3.2611687682625194,0.10468478451804254,0.28580822809646017
TSLA,2026-03-20,20.0,369.1,372.45,370.775,376.19,4.0,10.0,391.2000122070313,0.010958904109589,19.560000610351565,2.9734866958107387,0.10468478451804254,0.21435617107234511
TSLA,2026-03-20,25.0,408.15,411.45,409.7999999999999,463.4,2.0,2.0,391.2000122070313,0.010958904109589,15.648000488281252,2.750343144496529,0.10468478451804254,0.17148493685787608
TSLA,2026-03-20,30.0,359.1,362.5,360.8,372.06,5.0,91.0,391.2000122070313,0.010958904109589,13.040000406901044,2.568021587702574,0.10468478451804254,0.14290411404823009
TSLA,2026-03-20,35.0,354.75,357.45,356.1,368.74,1.0,1.0,391.2000122070313,0.010958904109589,11.177143205915181,2.413870907875316,0.10468478451804254,0.12248924061276864
TSLA,2026-03-20,40.0,387.05,389.85,388.4500000000001,414.43,7.0,17.0,391.2000122070313,0.010958904109589,9.780000305175783,2.2803395152507933,0.10468478451804254,0.10717808553617256
TSLA,2026-03-20,50.0,339.35,342.5,340.925,358.05,100.0,346.0,391.2000122070313,0.010958904109589,7.824000244140626,2.0571959639365835,0.10468478451804254,0.08574246842893804
TSLA,2026-03-20,55.0,334.3,337.55,335.925,343.92,1.0,1.0,391.2000122070313,0.010958904109589,7.112727494673297,1.9618857841322586,0.10468478451804254,0.07794769857176186
TSLA,2026-03-20,60.0,373.2,376.8,375.0,377.6,7.0,3.0,391.2000122070313,0.010958904109589,6.520000203450522,1.8748744071426289,0.10468478451804254,0.07145205702411504
TSLA,2026-03-20,65.0,366.75,369.6,368.175,335.55,,1.0,391.2000122070313,0.010958904109589,6.01846172626202,1.7948316994690923,0.10468478451804254,0.06595574494533696
TSLA,2026-03-20,75.0,314.95,317.5,316.225,338.83,20.0,9.0,391.2000122070313,0.010958904109589,5.216000162760418,1.6517308558284192,0.10468478451804254,0.05716164561929203
TSLA,2026-03-20,80.0,310.0,312.55,311.275,321.64,3.0,29.0,391.2000122070313,0.010958904109589,4.890000152587891,1.5871923346908479,0.10468478451804254,0.05358904276808628
TSLA,2026-03-20,85.0,305.05,307.5,306.275,312.12,1.0,203.0,391.2000122070313,0.010958904109589,4.602353084788604,1.526567712874413,0.10468478451804254,0.05043674613466944
TSLA,2026-03-20,90.0,299.95,302.6,301.275,325.1,1.0,1.0,391.2000122070313,0.010958904109589,4.346666802300348,1.4694092990344645,0.10468478451804254,0.047634704682743355
TSLA,2026-03-20,100.0,290.2,292.2,291.2,291.26,150.0,3621.0,391.2000122070313,0.010958904109589,3.912000122070313,1.3640487833766382,0.10468478451804254,0.04287123421446902
TSLA,2026-03-20,105.0,285.15,287.25,286.2,302.52,1443.0,1443.0,391.2000122070313,0.010958904109589,3.7257144019717265,1.3152586192072062,0.10468478451804254,0.040829746870922876
TSLA,2026-03-20,110.0,280.05,282.55,281.3,295.95,5.0,107.0,391.2000122070313,0.010958904109589,3.5563637473366483,1.2687386035723134,0.10468478451804254,0.03897384928588093
TSLA,2026-03-20,115.0,275.05,277.6,276.32500000000005,283.07,32.0,76.0,391.2000122070313,0.010958904109589,3.401739236582881,1.2242868410014796,0.10468478451804254,0.03727933409953828
TSLA,2026-03-20,120.0,270.05,272.55,271.3,287.48,60.0,520.0,391.2000122070313,0.010958904109589,3.260000101725261,1.1817272265826835,0.10468478451804254,0.03572602851205752
TSLA,2026-03-20,125.0,265.1,267.5,266.3,268.4,25.0,123.0,391.2000122070313,0.010958904109589,3.1296000976562506,1.1409052320624284,0.10468478451804254,0.034296987371575216
TSLA,2026-03-20,130.0,260.05,262.5,261.275,260.4,18.0,101.0,391.2000122070313,0.010958904109589,3.00923086313101,1.101684518909147,0.10468478451804254,0.03297787247266848
TSLA,2026-03-20,135.0,254.95,257.55,256.25,257.65,35.0,98.0,391.2000122070313,0.010958904109589,2.8977778682002318,1.0639441909263,0.10468478451804254,0.03175646978849557
TSLA,2026-03-20,140.0,250.05,252.85,251.45,260.52,6.0,152.0,391.2000122070313,0.010958904109589,2.7942858014787952,1.0275765467554252,0.10468478451804254,0.03062231015319216
TSLA,2026-03-20,145.0,245.1,247.9,246.5,261.06,1.0,131.0,391.2000122070313,0.010958904109589,2.6979311186691812,0.9924852269441551,0.10468478451804254,0.029566368423771736
TSLA,2026-03-20,150.0,240.5,242.2,241.35,244.99,11.0,785.0,391.2000122070313,0.010958904109589,2.608000081380209,0.9585836752684739,0.10468478451804254,0.028580822809646016
TSLA,2026-03-20,155.0,240.75,247.1,243.925,286.14,1.0,129.0,391.2000122070313,0.010958904109589,2.5238710464969762,0.925793852445483,0.10468478451804254,0.027658860783528402
TSLA,2026-03-20,160.0,235.75,242.1,238.925,281.19,2.0,123.0,391.2000122070313,0.010958904109589,2.4450000762939457,0.8940451541309026,0.10468478451804254,0.02679452138404314
TSLA,2026-03-20,165.0,225.1,227.55,226.325,218.48,1.0,175.0,391.2000122070313,0.010958904109589,2.3709091648910987,0.8632734954641489,0.10468478451804254,0.025982566190587284
TSLA,2026-03-20,170.0,220.1,222.65,221.375,225.62,1.0,134.0,391.2000122070313,0.010958904109589,2.301176542394302,0.8334205323144678,0.10468478451804254,0.02521837306733472
TSLA,2026-03-20,175.0,215.15,217.5,216.325,230.96,20.0,506.0,391.2000122070313,0.010958904109589,2.235428641183036,0.8044329954412156,0.10468478451804254,0.024497848122553727
TSLA,2026-03-20,180.0,210.6,212.35,211.475,214.14,27.0,729.0,391.2000122070313,0.010958904109589,2.173333401150174,0.7762621184745192,0.10468478451804254,0.023817352341371677
TSLA,2026-03-20,185.0,205.05,207.55,206.3,214.8,3.0,299.0,391.2000122070313,0.010958904109589,2.1145946605785477,0.7488631442864048,0.10468478451804254,0.023173640115929203
TSLA,2026-03-20,190.0,200.15,202.9,201.525,207.65,2.0,182.0,391.2000122070313,0.010958904109589,2.0589474326685857,0.7221948972042433,0.10468478451804254,0.022563807481299485
TSLA,2026-03-20,195.0,195.05,197.9,196.475,210.5,2.0,357.0,391.2000122070313,0.010958904109589,2.0061539087540066,0.6962194108009827,0.10468478451804254,0.021985248315112317
TSLA,2026-03-20,200.0,190.3,192.4,191.35,191.55,373.0,1314.0,391.2000122070313,0.010958904109589,1.9560000610351564,0.6709016028166929,0.10468478451804254,0.02143561710723451
TSLA,2026-03-20,210.0,179.9,182.7,181.3,182.62,23.0,282.0,391.2000122070313,0.010958904109589,1.8628572009858633,0.6221114386472608,0.10468478451804254,0.020414873435461438
TSLA,2026-03-20,215.0,175.1,177.6,176.35,180.58,2.0,131.0,391.2000122070313,0.010958904109589,1.81953494049782,0.5985809412370667,0.10468478451804254,0.019940108936962336
TSLA,2026-03-20,220.0,170.3,172.3,171.3,171.63,5.0,900.0,391.2000122070313,0.010958904109589,1.7781818736683241,0.575591423012368,0.10468478451804254,0.019486924642940464
TSLA,2026-03-20,225.0,165.15,167.85,166.5,169.46,2.0,350.0,391.2000122070313,0.010958904109589,1.7386667209201392,0.5531185671603094,0.10468478451804254,0.019053881873097343
TSLA,2026-03-20,230.0,160.15,162.95,161.55,163.35,2.0,412.0,391.2000122070313,0.010958904109589,1.7008696182914405,0.5311396604415342,0.10468478451804254,0.01863966704976914
TSLA,2026-03-20,235.0,155.6,157.4,156.5,156.28,5.0,320.0,391.2000122070313,0.010958904109589,1.6646809030086438,0.5096334552205706,0.10468478451804254,0.018243078389135754
TSLA,2026-03-20,240.0,150.65,152.3,151.47500000000002,150.89,3.0,932.0,391.2000122070313,0.010958904109589,1.6300000508626304,0.48858004602273825,0.10468478451804254,0.01786301425602876
TSLA,2026-03-20,245.0,145.35,147.35,146.35,153.19,1.0,1037.0,391.2000122070313,0.010958904109589,1.5967347437021686,0.46796075882000254,0.10468478451804254,0.017498462944681232
TSLA,2026-03-20,250.0,140.4,142.35,141.375,141.73,226.0,4524.0,391.2000122070313,0.010958904109589,1.5648000488281253,0.44775805150248316,0.10468478451804254,0.017148493685787608
TSLA,2026-03-20,255.0,135.2,137.9,136.55,139.92,6.0,164.0,391.2000122070313,0.010958904109589,1.5341176949295345,0.4279554242063034,0.10468478451804254,0.01681224871155648
TSLA,2026-03-20,260.0,130.4,132.35,131.375,132.25,5.0,861.0,391.2000122070313,0.010958904109589,1.504615431565505,0.40853733834920175,0.10468478451804254,0.01648893623633424
TSLA,2026-03-20,265.0,125.25,127.95,126.6,133.0,21.0,180.0,391.2000122070313,0.010958904109589,1.4762264611586087,0.3894891433785073,0.10468478451804254,0.016177824231875103
TSLA,2026-03-20,270.0,120.45,122.35,121.4,120.77,6.0,1098.0,391.2000122070313,0.010958904109589,1.4488889341001159,0.3707970103663547,0.10468478451804254,0.015878234894247785
TSLA,2026-03-20,275.0,115.45,117.6,116.525,117.2,9.0,307.0,391.2000122070313,0.010958904109589,1.4225454989346593,0.3524478716981583,0.10468478451804254,0.015589539714352372
TSLA,2026-03-20,280.0,110.45,112.4,111.425,114.98,5.0,1475.0,391.2000122070313,0.010958904109589,1.3971429007393976,0.33442936619548,0.10468478451804254,0.01531115507659608
TSLA,2026-03-20,285.0,105.4,107.5,106.45,107.1,28.0,202.0,391.2000122070313,0.010958904109589,1.3726316217790573,0.3167297890960791,0.10468478451804254,0.015042538320866324
TSLA,2026-03-20,290.0,100.55,102.4,101.475,102.87,4.0,674.0,391.2000122070313,0.010958904109589,1.3489655593345906,0.29933804638420974,0.10468478451804254,0.014783184211885868
TSLA,2026-03-20,295.0,95.55,97.6,96.575,99.57,7.0,119.0,391.2000122070313,0.010958904109589,1.3261017362950214,0.2822436130249097,0.10468478451804254,0.014532621767616617
TSLA,2026-03-20,300.0,90.7,92.4,91.55,92.3,109.0,3189.0,391.2000122070313,0.010958904109589,1.3040000406901044,0.26543649470852854,0.10468478451804254,0.014290411404823008
TSLA,2026-03-20,305.0,85.65,87.5,86.575,86.36,91.0,276.0,391.2000122070313,0.010958904109589,1.2826229908427256,0.2489071927573179,0.10468478451804254,0.014056142365399678
TSLA,2026-03-20,310.0,81.15,82.4,81.775,81.45,106.0,710.0,391.2000122070313,0.010958904109589,1.2619355232484881,0.23264667188553764,0.10468478451804254,0.013829430391764201
TSLA,2026-03-20,315.0,75.7,77.45,76.575,79.23,56.0,290.0,391.2000122070313,0.010958904109589,1.2419048006572422,0.21664633053909643,0.10468478451804254,0.013609915623640959
TSLA,2026-03-20,320.0,71.1,72.45,71.775,72.05,53.0,2956.0,391.2000122070313,0.010958904109589,1.2225000381469728,0.20089797357095732,0.10468478451804254,0.01339726069202157
TSLA,2026-03-20,325.0,66.1,67.9,67.0,66.83,57.0,374.0,391.2000122070313,0.010958904109589,1.203692345252404,0.185393787034992,0.10468478451804254,0.01319114898906739
TSLA,2026-03-20,330.0,61.45,62.4,61.925,61.0,19.0,1769.0,391.2000122070313,0.010958904109589,1.1854545824455494,0.17012631490420357,0.10468478451804254,0.012991283095293642
TSLA,2026-03-20,335.0,56.7,57.45,57.075,58.92,90.0,1729.0,391.2000122070313,0.010958904109589,1.1677612304687501,0.1550884375396631,0.10468478451804254,0.012797383347602692
TSLA,2026-03-20,340.0,51.9,52.65,52.275,56.09,92.0,1317.0,391.2000122070313,0.010958904109589,1.150588271197151,0.14027335175452246,0.10468478451804254,0.01260918653366736
TSLA,2026-03-20,345.0,47.1,47.7,47.400000000000006,47.0,5.0,646.0,391.2000122070313,0.010958904109589,1.1339130788609604,0.12567455233336985,0.10468478451804254,0.012426444699846094
TSLA,2026-03-20,350.0,42.45,42.95,42.7,43.25,67.0,4282.0,391.2000122070313,0.010958904109589,1.117714320591518,0.11128581488127025,0.10468478451804254,0.012248924061276863
TSLA,2026-03-20,355.0,37.8,38.3,38.05,39.5,8.0,421.0,391.2000122070313,0.010958904109589,1.1019718653719193,0.09710117988931383,0.10468478451804254,0.012076404004075782
TSLA,2026-03-20,360.0,33.3,33.8,33.55,33.8,418.0,2585.0,391.2000122070313,0.010958904109589,1.086666700575087,0.08311493791457386,0.10468478451804254,0.011908676170685839
TSLA,2026-03-20,365.0,29.0,29.4,29.2,29.44,27.0,512.0,391.2000122070313,0.010958904109589,1.0717808553617296,0.06932161578223806,0.10468478451804254,0.011745543620402471
TSLA,2026-03-20,370.0,24.85,25.1,24.975,25.62,626.0,1001.0,391.2000122070313,0.010958904109589,1.0572973302892739,0.05571596372645947,0.10468478451804254,0.011586820057964601
TSLA,2026-03-20,375.0,20.85,21.05,20.950000000000003,21.08,1219.0,438.0,391.2000122070313,0.010958904109589,1.0432000325520834,0.042292943394318626,0.10468478451804254,0.011432329123858404
TSLA,2026-03-20,380.0,17.05,17.25,17.15,17.11,8902.0,1407.0,391.2000122070313,0.010958904109589,1.0294737163342929,0.02904771664429803,0.10468478451804254,0.011281903740649742
TSLA,2026-03-20,385.0,13.65,13.75,13.7,14.23,9424.0,2419.0,391.2000122070313,0.010958904109589,1.0161039278104709,0.015975635076945265,0.10468478451804254,0.011135385510251693
TSLA,2026-03-20,387.5,12.05,12.2,12.125,11.7,2057.0,579.0,391.2000122070313,0.010958904109589,1.0095484185987904,0.009503120571327796,0.10468478451804254,0.01106354431341136
TSLA,2026-03-20,390.0,10.55,10.65,10.6,10.5,28101.0,4038.0,391.2000122070313,0.010958904109589,1.0030769543770033,0.003072230241037361,0.10468478451804254,0.010992624157556159
TSLA,2026-03-20,392.5,9.15,9.25,9.2,9.2,3375.0,558.0,391.2000122070313,0.010958904109589,0.9966879291898887,-0.0033175678577335734,0.10468478451804254,0.01092260744317682
TSLA,2026-03-20,395.0,7.9,8.0,7.95,7.95,11929.0,2843.0,391.2000122070313,0.010958904109589,0.9903797777393197,-0.00966679553639236,0.10468478451804254,0.010853477016321271
TSLA,2026-03-20,397.5,6.75,6.85,6.8,6.78,5838.0,2440.0,391.2000122070313,0.010958904109589,0.9841509741057392,-0.015975964729657035,0.10468478451804254,0.010785216154583402
TSLA,2026-03-20,400.0,5.7,5.8,5.75,5.7,35779.0,9518.0,391.2000122070313,0.010958904109589,0.9780000305175782,-0.022245577743252493,0.10468478451804254,0.010717808553617255
TSLA,2026-03-20,402.5,4.8,4.9,4.85,4.95,7187.0,2647.0,391.2000122070313,0.010958904109589,0.9719254961665375,-0.028476127493888476,0.10468478451804254,0.010651238314153795
TSLA,2026-03-20,405.0,4.0,4.1,4.05,4.1,17404.0,5778.0,391.2000122070313,0.010958904109589,0.9659259560667439,-0.03466809774180965,0.10468478451804254,0.010585489929498523
TSLA,2026-03-20,407.5,3.3,3.4,3.3499999999999996,3.33,6125.0,1684.0,391.2000122070313,0.010958904109589,0.960000029955905,-0.04082196331618785,0.10468478451804254,0.010520548273489331
TSLA,2026-03-20,410.0,2.75,2.79,2.77,2.78,12083.0,18236.0,391.2000122070313,0.010958904109589,0.9541463712366617,-0.04693819033362399,0.10468478451804254,0.010456398588894883
TSLA,2026-03-20,412.5,2.26,2.29,2.275,2.3,4484.0,1076.0,391.2000122070313,0.010958904109589,0.9483636659564395,-0.05301723641000616,0.10468478451804254,0.010393026476234914
TSLA,2026-03-20,415.0,1.84,1.88,1.86,1.89,11317.0,6778.0,391.2000122070313,0.010958904109589,0.9426506318241719,-0.05905955086596872,0.10468478451804254,0.010330417883004584
TSLA,2026-03-20,417.5,1.5,1.54,1.52,1.55,13091.0,1641.0,391.2000122070313,0.010958904109589,0.9370060172623504,-0.06506557492618062,0.10468478451804254,0.010268559093285994
TSLA,2026-03-20,420.0,1.23,1.25,1.24,1.24,11960.0,11640.0,391.2000122070313,0.010958904109589,0.9314286004929316,-0.0710357419126845,0.10468478451804254,0.010207436717730719
TSLA,2026-03-20,422.5,1.0,1.02,1.01,1.01,4709.0,1483.0,391.2000122070313,0.010958904109589,0.9259171886556954,-0.076970477432499,0.10468478451804254,0.010147037683897993
TSLA,2026-03-20,425.0,0.82,0.84,0.83,0.84,5466.0,10031.0,391.2000122070313,0.010958904109589,0.9204706169577207,-0.08287019955968732,0.10468478451804254,0.010087349226933887
TSLA,2026-03-20,427.5,0.68,0.69,0.685,0.68,1143.0,1500.0,391.2000122070313,0.010958904109589,0.9150877478527049,-0.08873531901208531,0.10468478451804254,0.01002835888057755
TSLA,2026-03-20,430.0,0.56,0.57,0.565,0.57,12289.0,18122.0,391.2000122070313,0.010958904109589,0.90976747024891,-0.09456623932287855,0.10468478451804254,0.009970054468481168
TSLA,2026-03-20,432.5,0.45,0.47,0.4599999999999999,0.47,1175.0,1826.0,391.2000122070313,0.010958904109589,0.9045086987445811,-0.10036335700720446,0.10468478451804254,0.009912424095830989
TSLA,2026-03-20,435.0,0.38,0.4,0.39,0.41,1665.0,5380.0,391.2000122070313,0.010958904109589,0.8993103728897271,-0.10612706172395454,0.10468478451804254,0.009855456141257246
TSLA,2026-03-20,440.0,0.27,0.29,0.28,0.28,2644.0,17795.0,391.2000122070313,0.010958904109589,0.8890909368341621,-0.1175557575475773,0.10468478451804254,0.009743462321470232
TSLA,2026-03-20,445.0,0.2,0.21,0.205,0.21,782.0,5824.0,391.2000122070313,0.010958904109589,0.8791011510270367,-0.12885531280151064,0.10468478451804254,0.009633985216734612
TSLA,2026-03-20,450.0,0.15,0.16,0.155,0.16,3463.0,16838.0,391.2000122070313,0.010958904109589,0.8693333604600696,-0.14002861339963588,0.10468478451804254,0.009526940936548671
TSLA,2026-03-20,455.0,0.12,0.13,0.125,0.13,529.0,10439.0,391.2000122070313,0.010958904109589,0.85978024660886,-0.1510784495862209,0.10468478451804254,0.00942224927790528
TSLA,2026-03-20,460.0,0.1,0.11,0.105,0.1,1207.0,10633.0,391.2000122070313,0.010958904109589,0.8504348091457202,-0.16200752011841116,0.10468478451804254,0.00931983352488457
TSLA,2026-03-20,465.0,0.09,0.1,0.095,0.09,1418.0,3534.0,391.2000122070313,0.010958904109589,0.8412903488323253,-0.17281843622262683,0.10468478451804254,0.009219620261176132
TSLA,2026-03-20,470.0,0.07,0.09,0.08,0.08,214.0,5842.0,391.2000122070313,0.010958904109589,0.8323404515043219,-0.18351372533937477,0.10468478451804254,0.009121539194567877
TSLA,2026-03-20,475.0,0.06,0.07,0.065,0.06,531.0,3927.0,391.2000122070313,0.010958904109589,0.8235789730674343,-0.19409583466991168,0.10468478451804254,0.009025522992519795
TSLA,2026-03-20,480.0,0.05,0.07,0.06,0.07,1375.0,8566.0,391.2000122070313,0.010958904109589,0.8150000254313152,-0.20456713453720707,0.10468478451804254,0.00893150712801438
TSLA,2026-03-20,485.0,0.05,0.06,0.055,0.06,1075.0,1676.0,391.2000122070313,0.010958904109589,0.8065979633134666,-0.21492992157275373,0.10468478451804254,0.008839429734942067
TSLA,2026-03-20,490.0,0.04,0.06,0.05,0.06,148.0,7713.0,391.2000122070313,0.010958904109589,0.7983673718510843,-0.22518642173994274,0.10468478451804254,0.008749231472340616
TSLA,2026-03-20,515.0,0.02,0.03,0.025,0.03,3578.0,2432.0,391.2000122070313,0.010958904109589,0.7596116741884104,-0.2749479312990065,0.10468478451804254,0.00832451149795515
TSLA,2026-03-20,520.0,0.02,0.03,0.025,0.04,1817.0,4629.0,391.2000122070313,0.010958904109589,0.7523077157827525,-0.2846098422107436,0.10468478451804254,0.00824446811816712
TSLA,2026-03-20,525.0,0.02,0.03,0.025,0.03,219.0,1729.0,391.2000122070313,0.010958904109589,0.7451428803943454,-0.2941792932268941,0.10468478451804254,0.008165949374184576
TSLA,2026-03-20,530.0,0.02,0.03,0.025,0.02,1247.0,5474.0,391.2000122070313,0.010958904109589,0.7381132305793043,-0.303658037181438,0.10468478451804254,0.008088912115937551
TSLA,2026-03-20,535.0,0.02,0.03,0.025,0.03,998.0,1913.0,391.2000122070313,0.010958904109589,0.731214976087909,-0.313047777531277,0.10468478451804254,0.008013314806442807
TSLA,2026-03-27,100.0,288.95,292.75,290.85,305.92,1.0,1.0,391.2000122070313,0.0301369863013698,3.912000122070313,1.3640487833766382,0.17360007575277667,0.11789589408979001
TSLA,2026-03-27,150.0,239.05,242.8,240.925,255.28,6.0,10.0,391.2000122070313,0.0301369863013698,2.608000081380209,0.9585836752684739,0.17360007575277667,0.07859726272652669
TSLA,2026-03-27,160.0,229.05,232.9,230.975,241.57,,2.0,391.2000122070313,0.0301369863013698,2.4450000762939457,0.8940451541309026,0.17360007575277667,0.07368493380611876
TSLA,2026-03-27,170.0,219.05,222.9,220.975,247.56,,1.0,391.2000122070313,0.0301369863013698,2.301176542394302,0.8334205323144678,0.17360007575277667,0.0693505259351706
TSLA,2026-03-27,190.0,199.15,203.05,201.1,200.45,,1.0,391.2000122070313,0.0301369863013698,2.0589474326685857,0.7221948972042433,0.17360007575277667,0.06205047057357369
TSLA,2026-03-27,200.0,189.2,192.6,190.9,206.82,2.0,2.0,391.2000122070313,0.0301369863013698,1.9560000610351564,0.6709016028166929,0.17360007575277667,0.058947947044895005
TSLA,2026-03-27,210.0,179.2,183.05,181.125,191.88,,1.0,391.2000122070313,0.0301369863013698,1.8628572009858633,0.6221114386472608,0.17360007575277667,0.05614090194751905
TSLA,2026-03-27,230.0,159.35,163.35,161.35,168.56,1.0,174.0,391.2000122070313,0.0301369863013698,1.7008696182914405,0.5311396604415342,0.17360007575277667,0.051259084386865224
TSLA,2026-03-27,240.0,149.4,153.1,151.25,159.77,1.0,1.0,391.2000122070313,0.0301369863013698,1.6300000508626304,0.48858004602273825,0.17360007575277667,0.04912328920407917
TSLA,2026-03-27,250.0,139.6,143.05,141.325,136.57,1.0,23.0,391.2000122070313,0.0301369863013698,1.5648000488281253,0.44775805150248316,0.17360007575277667,0.047158357635916005
TSLA,2026-03-27,260.0,129.65,133.2,131.425,132.55,1.0,7.0,391.2000122070313,0.0301369863013698,1.504615431565505,0.40853733834920175,0.17360007575277667,0.045344574649919235
TSLA,2026-03-27,265.0,124.75,128.2,126.475,132.82,19.0,21.0,391.2000122070313,0.0301369863013698,1.4762264611586087,0.3894891433785073,0.17360007575277667,0.04448901663765661
TSLA,2026-03-27,270.0,120.2,123.15,121.675,123.62,37.0,2.0,391.2000122070313,0.0301369863013698,1.4488889341001159,0.3707970103663547,0.17360007575277667,0.04366514595918149
TSLA,2026-03-27,275.0,115.05,118.2,116.625,121.83,1.0,7.0,391.2000122070313,0.0301369863013698,1.4225454989346593,0.3524478716981583,0.17360007575277667,0.042871234214469096
TSLA,2026-03-27,280.0,110.1,113.3,111.7,118.46,3.0,13.0,391.2000122070313,0.0301369863013698,1.3971429007393976,0.33442936619548,0.17360007575277667,0.04210567646063929
TSLA,2026-03-27,285.0,105.3,108.35,106.825,120.8,29.0,29.0,391.2000122070313,0.0301369863013698,1.3726316217790573,0.3167297890960791,0.17360007575277667,0.041366980382382464
TSLA,2026-03-27,290.0,100.45,103.4,101.925,105.39,10.0,12.0,391.2000122070313,0.0301369863013698,1.3489655593345906,0.29933804638420974,0.17360007575277667,0.04065375658268621
TSLA,2026-03-27,295.0,95.65,98.4,97.025,115.98,1.0,8.0,391.2000122070313,0.0301369863013698,1.3261017362950214,0.2822436130249097,0.17360007575277667,0.03996470986094577
TSLA,2026-03-27,300.0,91.5,93.05,92.275,94.25,71.0,116.0,391.2000122070313,0.0301369863013698,1.3040000406901044,0.26543649470852854,0.17360007575277667,0.039298631363263344
TSLA,2026-03-27,305.0,86.2,88.5,87.35,94.47,1.0,5.0,391.2000122070313,0.0301369863013698,1.2826229908427256,0.2489071927573179,0.17360007575277667,0.038654391504849187
TSLA,2026-03-27,310.0,81.8,83.45,82.625,83.25,71.0,8.0,391.2000122070313,0.0301369863013698,1.2619355232484881,0.23264667188553764,0.17360007575277667,0.03803093357735162
TSLA,2026-03-27,315.0,76.95,78.35,77.65,79.45,20.0,63.0,391.2000122070313,0.0301369863013698,1.2419048006572422,0.21664633053909643,0.17360007575277667,0.0374272679650127
TSLA,2026-03-27,320.0,72.15,73.5,72.825,75.28,66.0,93.0,391.2000122070313,0.0301369863013698,1.2225000381469728,0.20089797357095732,0.17360007575277667,0.03684246690305938
TSLA,2026-03-27,325.0,67.4,68.7,68.05000000000001,72.18,10.0,16.0,391.2000122070313,0.0301369863013698,1.203692345252404,0.185393787034992,0.17360007575277667,0.03627565971993539
TSLA,2026-03-27,330.0,62.85,63.8,63.325,63.4,79.0,29.0,391.2000122070313,0.0301369863013698,1.1854545824455494,0.17012631490420357,0.17360007575277667,0.03572602851205758
TSLA,2026-03-27,335.0,57.9,59.3,58.599999999999994,75.02,2.0,23.0,391.2000122070313,0.0301369863013698,1.1677612304687501,0.1550884375396631,0.17360007575277667,0.035192804205907466
TSLA,2026-03-27,340.0,53.3,54.7,54.0,56.35,9.0,39.0,391.2000122070313,0.0301369863013698,1.150588271197151,0.14027335175452246,0.17360007575277667,0.0346752629675853
TSLA,2026-03-27,345.0,48.85,50.0,49.425,50.61,51.0,47.0,391.2000122070313,0.0301369863013698,1.1339130788609604,0.12567455233336985,0.17360007575277667,0.03417272292457682
TSLA,2026-03-27,350.0,44.35,45.5,44.925,44.07,35.0,112.0,391.2000122070313,0.0301369863013698,1.117714320591518,0.11128581488127025,0.17360007575277667,0.03368454116851143
TSLA,2026-03-27,355.0,39.95,41.15,40.55,41.19,8.0,18.0,391.2000122070313,0.0301369863013698,1.1019718653719193,0.09710117988931383,0.17360007575277667,0.03321011101120846
TSLA,2026-03-27,360.0,35.65,36.85,36.25,38.25,3.0,51.0,391.2000122070313,0.0301369863013698,1.086666700575087,0.08311493791457386,0.17360007575277667,0.03274885946938612
TSLA,2026-03-27,365.0,32.1,32.35,32.225,33.42,25.0,40.0,391.2000122070313,0.0301369863013698,1.0717808553617296,0.06932161578223806,0.17360007575277667,0.03230024495610685
TSLA,2026-03-27,370.0,28.15,28.4,28.275,27.96,49.0,114.0,391.2000122070313,0.0301369863013698,1.0572973302892739,0.05571596372645947,0.17360007575277667,0.03186375515940271
TSLA,2026-03-27,375.0,24.4,24.65,24.525,24.9,73.0,209.0,391.2000122070313,0.0301369863013698,1.0432000325520834,0.042292943394318626,0.17360007575277667,0.03143890509061067
TSLA,2026-03-27,380.0,20.9,21.1,21.0,21.49,204.0,230.0,391.2000122070313,0.0301369863013698,1.0294737163342929,0.02904771664429803,0.17360007575277667,0.031025235286786846
TSLA,2026-03-27,385.0,17.65,17.8,17.725,17.15,210.0,284.0,391.2000122070313,0.0301369863013698,1.0161039278104709,0.015975635076945265,0.17360007575277667,0.030622310153192212
TSLA,2026-03-27,390.0,14.65,14.8,14.725,14.73,1019.0,606.0,391.2000122070313,0.0301369863013698,1.0030769543770033,0.003072230241037361,0.17360007575277667,0.03022971643327949
TSLA,2026-03-27,395.0,12.0,12.1,12.05,12.03,2197.0,1511.0,391.2000122070313,0.0301369863013698,0.9903797777393197,-0.00966679553639236,0.17360007575277667,0.02984706179488355
TSLA,2026-03-27,400.0,9.65,9.75,9.7,9.85,3441.0,2694.0,391.2000122070313,0.0301369863013698,0.9780000305175782,-0.022245577743252493,0.17360007575277667,0.029473973522447502
TSLA,2026-03-27,405.0,7.65,7.75,7.7,7.66,1200.0,1246.0,391.2000122070313,0.0301369863013698,0.9659259560667439,-0.03466809774180965,0.17360007575277667,0.02911009730612099
TSLA,2026-03-27,410.0,5.95,6.05,6.0,6.1,1364.0,2491.0,391.2000122070313,0.0301369863013698,0.9541463712366617,-0.04693819033362399,0.17360007575277667,0.02875509611946098
TSLA,2026-03-27,415.0,4.55,4.65,4.6,4.73,1526.0,1412.0,391.2000122070313,0.0301369863013698,0.9426506318241719,-0.05905955086596872,0.17360007575277667,0.028408649178262656
TSLA,2026-03-27,420.0,3.45,3.55,3.5,3.5,2389.0,3126.0,391.2000122070313,0.0301369863013698,0.9314286004929316,-0.0710357419126845,0.17360007575277667,0.028070450973759525
TSLA,2026-03-27,425.0,2.6,2.64,2.62,2.67,898.0,1284.0,391.2000122070313,0.0301369863013698,0.9204706169577207,-0.08287019955968732,0.17360007575277667,0.02774021037406824
TSLA,2026-03-27,430.0,1.93,1.98,1.955,1.95,2002.0,2379.0,391.2000122070313,0.0301369863013698,0.90976747024891,-0.09456623932287855,0.17360007575277667,0.02741764978832326
TSLA,2026-03-27,435.0,1.43,1.48,1.455,1.49,914.0,7339.0,391.2000122070313,0.0301369863013698,0.8993103728897271,-0.10612706172395454,0.17360007575277667,0.027102504388457474
TSLA,2026-03-27,440.0,1.06,1.1,1.08,1.08,852.0,3328.0,391.2000122070313,0.0301369863013698,0.8890909368341621,-0.1175557575475773,0.17360007575277667,0.026794521384043184
TSLA,2026-03-27,445.0,0.8,0.83,0.815,0.83,533.0,1176.0,391.2000122070313,0.0301369863013698,0.8791011510270367,-0.12885531280151064,0.17360007575277667,0.02649345934602023
TSLA,2026-03-27,450.0,0.6,0.62,0.61,0.62,2411.0,4786.0,391.2000122070313,0.0301369863013698,0.8693333604600696,-0.14002861339963588,0.17360007575277667,0.026199087575508893
TSLA,2026-03-27,455.0,0.45,0.48,0.4649999999999999,0.46,133.0,1119.0,391.2000122070313,0.0301369863013698,0.85978024660886,-0.1510784495862209,0.17360007575277667,0.025911185514239564
TSLA,2026-03-27,460.0,0.35,0.37,0.36,0.37,188.0,1652.0,391.2000122070313,0.0301369863013698,0.8504348091457202,-0.16200752011841116,0.17360007575277667,0.025629542193432612
TSLA,2026-03-27,465.0,0.26,0.28,0.27,0.28,100.0,739.0,391.2000122070313,0.0301369863013698,0.8412903488323253,-0.17281843622262683,0.17360007575277667,0.02535395571823441
TSLA,2026-03-27,470.0,0.21,0.23,0.22,0.22,350.0,1073.0,391.2000122070313,0.0301369863013698,0.8323404515043219,-0.18351372533937477,0.17360007575277667,0.025084232785061705
TSLA,2026-03-27,475.0,0.16,0.18,0.1699999999999999,0.17,26.0,1052.0,391.2000122070313,0.0301369863013698,0.8235789730674343,-0.19409583466991168,0.17360007575277667,0.02482018822942948
TSLA,2026-03-27,480.0,0.13,0.15,0.14,0.15,155.0,1326.0,391.2000122070313,0.0301369863013698,0.8150000254313152,-0.20456713453720707,0.17360007575277667,0.024561644602039585
TSLA,2026-03-27,485.0,0.12,0.13,0.125,0.16,53.0,582.0,391.2000122070313,0.0301369863013698,0.8065979633134666,-0.21492992157275373,0.17360007575277667,0.024308431771090724
TSLA,2026-03-27,490.0,0.09,0.12,0.105,0.09,307.0,881.0,391.2000122070313,0.0301369863013698,0.7983673718510843,-0.22518642173994274,0.17360007575277667,0.02406038654893674
TSLA,2026-03-27,495.0,0.09,0.1,0.095,0.1,139.0,548.0,391.2000122070313,0.0301369863013698,0.7903030549636996,-0.2353387932039608,0.17360007575277667,0.02381735234137172
TSLA,2026-03-27,500.0,0.07,0.09,0.08,0.08,473.0,1966.0,391.2000122070313,0.0301369863013698,0.7824000244140626,-0.24538912905746216,0.17360007575277667,0.023579178817958003
TSLA,2026-03-27,505.0,0.06,0.08,0.07,0.08,42.0,664.0,391.2000122070313,0.0301369863013698,0.7746534895188739,-0.25533945991063023,0.17360007575277667,0.023345721601938617
TSLA,2026-03-27,510.0,0.05,0.07,0.06,0.09,6.0,197.0,391.2000122070313,0.0301369863013698,0.7670588474647673,-0.2651917563536419,0.17360007575277667,0.023116841978390198
TSLA,2026-03-27,520.0,0.05,0.06,0.055,0.06,7.0,391.0,391.2000122070313,0.0301369863013698,0.7523077157827525,-0.2846098422107436,0.17360007575277667,0.022672287324959618
TSLA,2026-03-27,555.0,0.02,0.03,0.025,0.03,5.0,61.0,391.2000122070313,0.0301369863013698,0.7048648868595159,-0.34974914438170496,0.17360007575277667,0.021242503439601806
TSLA,2026-03-27,560.0,0.02,0.03,0.025,0.03,108.0,287.0,391.2000122070313,0.0301369863013698,0.6985714503696988,-0.3587178143644653,0.17360007575277667,0.021052838230319646
TSLA,2026-03-27,565.0,0.02,0.03,0.025,0.04,2.0,443.0,391.2000122070313,0.0301369863013698,0.6923894021363386,-0.3676067617817114,0.17360007575277667,0.020866529927396463
TSLA,2026-03-27,570.0,0.02,0.03,0.025,0.03,1.0,450.0,391.2000122070313,0.0301369863013698,0.6863158108895286,-0.37641739146386627,0.17360007575277667,0.020683490191191232
TSLA,2026-03-27,575.0,0.02,0.03,0.025,0.05,12.0,279.0,391.2000122070313,0.0301369863013698,0.6803478473165762,-0.38515107143262095,0.17360007575277667,0.02050363375474609
TSLA,2026-03-27,580.0,0.02,0.03,0.025,0.02,15.0,63.0,391.2000122070313,0.0301369863013698,0.6744827796672953,-0.39380913417573554,0.17360007575277667,0.020326878291343106
TSLA,2026-04-02,130.0,258.85,263.0,260.925,281.06,5.0,5.0,391.2000122070313,0.0465753424657534,3.00923086313101,1.101684518909147,0.21581321198145725,0.14015595800884148
TSLA,2026-04-02,150.0,238.95,243.0,240.975,250.81,1.0,5.0,391.2000122070313,0.0465753424657534,2.608000081380209,0.9585836752684739,0.21581321198145725,0.12146849694099597
TSLA,2026-04-02,170.0,219.0,223.1,221.05,234.74,,1.0,391.2000122070313,0.0465753424657534,2.301176542394302,0.8334205323144678,0.21581321198145725,0.1071780855361729
TSLA,2026-04-02,190.0,199.1,203.2,201.15,213.75,1.0,0.0,391.2000122070313,0.0465753424657534,2.0589474326685857,0.7221948972042433,0.21581321198145725,0.09589618179552312
TSLA,2026-04-02,200.0,189.2,193.2,191.2,201.73,1.0,2.0,391.2000122070313,0.0465753424657534,1.9560000610351564,0.6709016028166929,0.21581321198145725,0.09110137270574696
TSLA,2026-04-02,220.0,170.2,173.3,171.75,193.64,,1.0,391.2000122070313,0.0465753424657534,1.7781818736683241,0.575591423012368,0.21581321198145725,0.08281942973249724
TSLA,2026-04-02,230.0,159.45,163.35,161.39999999999998,157.63,1.0,1.0,391.2000122070313,0.0465753424657534,1.7008696182914405,0.5311396604415342,0.21581321198145725,0.07921858496151911
TSLA,2026-04-02,240.0,149.6,153.4,151.5,145.05,5.0,16.0,391.2000122070313,0.0465753424657534,1.6300000508626304,0.48858004602273825,0.21581321198145725,0.07591781058812247
TSLA,2026-04-02,250.0,139.85,143.4,141.625,151.77,4.0,22.0,391.2000122070313,0.0465753424657534,1.5648000488281253,0.44775805150248316,0.21581321198145725,0.07288109816459758
TSLA,2026-04-02,260.0,130.05,133.55,131.8,137.62,1.0,4.0,391.2000122070313,0.0465753424657534,1.504615431565505,0.40853733834920175,0.21581321198145725,0.07007797900442074
TSLA,2026-04-02,265.0,125.2,128.6,126.9,128.36,3.0,31.0,391.2000122070313,0.0465753424657534,1.4762264611586087,0.3894891433785073,0.21581321198145725,0.0687557529854694
TSLA,2026-04-02,270.0,120.4,123.65,122.025,121.52,1.0,18.0,391.2000122070313,0.0465753424657534,1.4488889341001159,0.3707970103663547,0.21581321198145725,0.0674824983005533
TSLA,2026-04-02,275.0,116.4,118.65,117.525,119.86,1.0,8.0,391.2000122070313,0.0465753424657534,1.4225454989346593,0.3524478716981583,0.21581321198145725,0.0662555437859978
TSLA,2026-04-02,280.0,110.8,113.75,112.275,114.98,1.0,8.0,391.2000122070313,0.0465753424657534,1.3971429007393976,0.33442936619548,0.21581321198145725,0.06507240907553355
TSLA,2026-04-02,285.0,106.1,108.8,107.45,110.5,3.0,8.0,391.2000122070313,0.0465753424657534,1.3726316217790573,0.3167297890960791,0.21581321198145725,0.06393078786368209
TSLA,2026-04-02,290.0,101.4,103.9,102.65,125.22,1.0,1.0,391.2000122070313,0.0465753424657534,1.3489655593345906,0.29933804638420974,0.21581321198145725,0.06282853290051514
TSLA,2026-04-02,295.0,96.75,98.95,97.85,103.98,1.0,4.0,391.2000122070313,0.0465753424657534,1.3261017362950214,0.2822436130249097,0.21581321198145725,0.06176364251237083
TSLA,2026-04-02,300.0,92.2,93.8,93.0,99.77,2.0,10.0,391.2000122070313,0.0465753424657534,1.3040000406901044,0.26543649470852854,0.21581321198145725,0.060734248470497985
TSLA,2026-04-02,305.0,87.4,88.95,88.17500000000001,83.64,1.0,3.0,391.2000122070313,0.0465753424657534,1.2826229908427256,0.2489071927573179,0.21581321198145725,0.05973860505294883
TSLA,2026-04-02,310.0,82.6,84.15,83.375,83.62,3.0,10.0,391.2000122070313,0.0465753424657534,1.2619355232484881,0.23264667188553764,0.21581321198145725,0.058775079164998044
TSLA,2026-04-02,315.0,77.85,79.4,78.625,90.7,10.0,21.0,391.2000122070313,0.0465753424657534,1.2419048006572422,0.21664633053909643,0.21581321198145725,0.057842141400474265
TSLA,2026-04-02,320.0,73.15,74.7,73.92500000000001,75.73,1.0,2.0,391.2000122070313,0.0465753424657534,1.2225000381469728,0.20089797357095732,0.21581321198145725,0.05693835794109185
TSLA,2026-04-02,325.0,68.55,69.95,69.25,73.5,2.0,52.0,391.2000122070313,0.0465753424657534,1.203692345252404,0.185393787034992,0.21581321198145725,0.05606238320353659
TSLA,2026-04-02,330.0,63.85,65.4,64.625,65.55,15.0,10.0,391.2000122070313,0.0465753424657534,1.1854545824455494,0.17012631490420357,0.21581321198145725,0.05521295315499816
TSLA,2026-04-02,335.0,59.45,60.7,60.075,60.15,1.0,27.0,391.2000122070313,0.0465753424657534,1.1677612304687501,0.1550884375396631,0.21581321198145725,0.05438887922731162
TSLA,2026-04-02,340.0,54.95,56.25,55.6,58.05,1.0,24.0,391.2000122070313,0.0465753424657534,1.150588271197151,0.14027335175452246,0.21581321198145725,0.05358904276808645
TSLA,2026-04-02,345.0,50.5,51.85,51.175,52.63,2.0,18.0,391.2000122070313,0.0465753424657534,1.1339130788609604,0.12567455233336985,0.21581321198145725,0.05281238997434607
TSLA,2026-04-02,350.0,46.45,47.45,46.95,52.97,5.0,27.0,391.2000122070313,0.0465753424657534,1.117714320591518,0.11128581488127025,0.21581321198145725,0.052057927260426844
TSLA,2026-04-02,355.0,42.25,43.3,42.775,42.55,1.0,53.0,391.2000122070313,0.0465753424657534,1.1019718653719193,0.09710117988931383,0.21581321198145725,0.05132471701732224
TSLA,2026-04-02,360.0,38.5,38.8,38.65,39.25,34.0,29.0,391.2000122070313,0.0465753424657534,1.086666700575087,0.08311493791457386,0.21581321198145725,0.05061187372541498
TSLA,2026-04-02,365.0,34.6,34.85,34.725,36.42,1.0,36.0,391.2000122070313,0.0465753424657534,1.0717808553617296,0.06932161578223806,0.21581321198145725,0.04991856038671067
TSLA,2026-04-02,370.0,30.85,31.1,30.975,31.5,45.0,104.0,391.2000122070313,0.0465753424657534,1.0572973302892739,0.05571596372645947,0.21581321198145725,0.049243985246349715
TSLA,2026-04-02,375.0,27.3,27.5,27.4,27.8,19.0,56.0,391.2000122070313,0.0465753424657534,1.0432000325520834,0.042292943394318626,0.21581321198145725,0.04858739877639838
TSLA,2026-04-02,380.0,23.9,24.1,24.0,23.7,46.0,244.0,391.2000122070313,0.0465753424657534,1.0294737163342929,0.02904771664429803,0.21581321198145725,0.04794809089776156
TSLA,2026-04-02,385.0,20.8,20.95,20.875,20.91,113.0,198.0,391.2000122070313,0.0465753424657534,1.0161039278104709,0.015975635076945265,0.21581321198145725,0.04732538841856985
TSLA,2026-04-02,390.0,17.85,18.0,17.925,18.18,424.0,494.0,391.2000122070313,0.0465753424657534,1.0030769543770033,0.003072230241037361,0.21581321198145725,0.04671865266961383
TSLA,2026-04-02,395.0,15.2,15.35,15.275,15.45,1002.0,782.0,391.2000122070313,0.0465753424657534,0.9903797777393197,-0.00966679553639236,0.21581321198145725,0.04612727731936555
TSLA,2026-04-02,400.0,12.85,12.95,12.9,13.0,1030.0,1434.0,391.2000122070313,0.0465753424657534,0.9780000305175782,-0.022245577743252493,0.21581321198145725,0.04555068635287348
TSLA,2026-04-02,405.0,10.7,10.85,10.775,10.85,606.0,1399.0,391.2000122070313,0.0465753424657534,0.9659259560667439,-0.03466809774180965,0.21581321198145725,0.04498833220036887
TSLA,2026-04-02,410.0,8.85,9.0,8.925,9.05,1353.0,1391.0,391.2000122070313,0.0465753424657534,0.9541463712366617,-0.04693819033362399,0.21581321198145725,0.0444396940028034
TSLA,2026-04-02,415.0,7.25,7.4,7.325,7.55,298.0,1469.0,391.2000122070313,0.0465753424657534,0.9426506318241719,-0.05905955086596872,0.21581321198145725,0.043904276002769624
TSLA,2026-04-02,420.0,5.9,6.0,5.95,6.07,894.0,1187.0,391.2000122070313,0.0465753424657534,0.9314286004929316,-0.0710357419126845,0.21581321198145725,0.043381606050355695
TSLA,2026-04-02,425.0,4.75,4.85,4.8,4.85,498.0,1148.0,391.2000122070313,0.0465753424657534,0.9204706169577207,-0.08287019955968732,0.21581321198145725,0.04287123421446916
TSLA,2026-04-02,430.0,3.8,3.9,3.85,3.95,717.0,2565.0,391.2000122070313,0.0465753424657534,0.90976747024891,-0.09456623932287855,0.21581321198145725,0.042372731491045104
TSLA,2026-04-02,435.0,3.0,3.1,3.05,3.1,265.0,814.0,391.2000122070313,0.0465753424657534,0.8993103728897271,-0.10612706172395454,0.21581321198145725,0.04188568860034343
TSLA,2026-04-02,440.0,2.39,2.45,2.42,2.38,562.0,1623.0,391.2000122070313,0.0465753424657534,0.8890909368341621,-0.1175557575475773,0.21581321198145725,0.04140971486624862
TSLA,2026-04-02,445.0,1.89,1.94,1.915,1.93,234.0,1067.0,391.2000122070313,0.0465753424657534,0.8791011510270367,-0.12885531280151064,0.21581321198145725,0.040944437171122235
TSLA,2026-04-02,450.0,1.5,1.54,1.52,1.56,809.0,9132.0,391.2000122070313,0.0465753424657534,0.8693333604600696,-0.14002861339963588,0.21581321198145725,0.04048949898033199
TSLA,2026-04-02,455.0,1.19,1.23,1.21,1.23,194.0,842.0,391.2000122070313,0.0465753424657534,0.85978024660886,-0.1510784495862209,0.21581321198145725,0.04004455943109757
TSLA,2026-04-02,460.0,0.94,0.99,0.965,1.0,258.0,1092.0,391.2000122070313,0.0465753424657534,0.8504348091457202,-0.16200752011841116,0.21581321198145725,0.039609292480759555
TSLA,2026-04-02,465.0,0.75,0.79,0.77,0.78,122.0,544.0,391.2000122070313,0.0465753424657534,0.8412903488323253,-0.17281843622262683,0.21581321198145725,0.03918338610999869
TSLA,2026-04-02,470.0,0.6,0.64,0.62,0.65,101.0,594.0,391.2000122070313,0.0465753424657534,0.8323404515043219,-0.18351372533937477,0.21581321198145725,0.0387665415769136
TSLA,2026-04-02,475.0,0.49,0.52,0.505,0.51,110.0,722.0,391.2000122070313,0.0465753424657534,0.8235789730674343,-0.19409583466991168,0.21581321198145725,0.03835847271820925
TSLA,2026-04-02,480.0,0.4,0.43,0.415,0.42,67.0,925.0,391.2000122070313,0.0465753424657534,0.8150000254313152,-0.20456713453720707,0.21581321198145725,0.037958905294061235
TSLA,2026-04-02,485.0,0.32,0.35,0.3349999999999999,0.37,12.0,565.0,391.2000122070313,0.0465753424657534,0.8065979633134666,-0.21492992157275373,0.21581321198145725,0.0375675763735039
TSLA,2026-04-02,490.0,0.27,0.3,0.285,0.3,81.0,433.0,391.2000122070313,0.0465753424657534,0.7983673718510843,-0.22518642173994274,0.21581321198145725,0.03718423375744774
TSLA,2026-04-02,495.0,0.23,0.25,0.24,0.29,16.0,531.0,391.2000122070313,0.0465753424657534,0.7903030549636996,-0.2353387932039608,0.21581321198145725,0.03680863543666544
TSLA,2026-04-02,500.0,0.19,0.21,0.2,0.19,458.0,5711.0,391.2000122070313,0.0465753424657534,0.7824000244140626,-0.24538912905746216,0.21581321198145725,0.03644054908229879
TSLA,2026-04-02,505.0,0.16,0.19,0.175,0.21,44.0,216.0,391.2000122070313,0.0465753424657534,0.7746534895188739,-0.25533945991063023,0.21581321198145725,0.03607975156663246
TSLA,2026-04-02,510.0,0.15,0.17,0.16,0.16,10.0,377.0,391.2000122070313,0.0465753424657534,0.7670588474647673,-0.2651917563536419,0.21581321198145725,0.03572602851205763
TSLA,2026-04-02,515.0,0.12,0.15,0.135,0.19,10.0,358.0,391.2000122070313,0.0465753424657534,0.7596116741884104,-0.2749479312990065,0.21581321198145725,0.0353791738663095
TSLA,2026-04-02,520.0,0.11,0.13,0.12,0.12,13.0,204.0,391.2000122070313,0.0465753424657534,0.7523077157827525,-0.2846098422107436,0.21581321198145725,0.03503898950221037
TSLA,2026-04-02,525.0,0.09,0.12,0.105,0.13,104.0,135.0,391.2000122070313,0.0465753424657534,0.7451428803943454,-0.2941792932268941,0.21581321198145725,0.03470528484028456
TSLA,2026-04-02,530.0,0.08,0.11,0.095,0.1,4.0,457.0,391.2000122070313,0.0465753424657534,0.7381132305793043,-0.303658037181438,0.21581321198145725,0.0343778764927347
TSLA,2026-04-02,535.0,0.07,0.1,0.085,0.09,60.0,24.0,391.2000122070313,0.0465753424657534,0.731214976087909,-0.313047777531277,0.21581321198145725,0.034056587927382045
TSLA,2026-04-02,540.0,0.06,0.09,0.075,0.12,1.0,200.0,391.2000122070313,0.0465753424657534,0.7244444670500579,-0.3223501701935906,0.21581321198145725,0.03374124915027665
TSLA,2026-04-02,550.0,0.05,0.08,0.065,0.07,11.0,385.0,391.2000122070313,0.0465753424657534,0.7112727494673297,-0.34069930886178706,0.21581321198145725,0.0331277718929989
TSLA,2026-04-02,565.0,0.04,0.06,0.05,0.04,1.0,429.0,391.2000122070313,0.0465753424657534,0.6923894021363386,-0.3676067617817114,0.21581321198145725,0.03224827352415822
TSLA,2026-04-10,150.0,238.7,244.65,241.675,248.15,1.0,1.0,391.2000122070313,0.0684931506849315,2.608000081380209,0.9585836752684739,0.2617119612951068,0.17863014256028828
TSLA,2026-04-10,220.0,170.15,174.8,172.47500000000002,187.03,,2.0,391.2000122070313,0.0684931506849315,1.7781818736683241,0.575591423012368,0.2617119612951068,0.12179327901837836
TSLA,2026-04-10,255.0,136.15,139.75,137.95,143.33,1.0,1.0,391.2000122070313,0.0684931506849315,1.5341176949295345,0.4279554242063034,0.2617119612951068,0.10507655444722838
TSLA,2026-04-10,270.0,121.05,124.7,122.875,121.61,1.0,2.0,391.2000122070313,0.0684931506849315,1.4488889341001159,0.3707970103663547,0.2617119612951068,0.09923896808904903
TSLA,2026-04-10,285.0,107.1,109.55,108.325,118.74,1.0,1.0,391.2000122070313,0.0684931506849315,1.3726316217790573,0.3167297890960791,0.2617119612951068,0.09401586450541488
TSLA,2026-04-10,300.0,93.05,94.9,93.975,104.9,2.0,6.0,391.2000122070313,0.0684931506849315,1.3040000406901044,0.26543649470852854,0.2617119612951068,0.08931507128014414
TSLA,2026-04-10,310.0,83.85,85.55,84.69999999999999,84.79,2.0,2.0,391.2000122070313,0.0684931506849315,1.2619355232484881,0.23264667188553764,0.2617119612951068,0.08643393994852658
TSLA,2026-04-10,315.0,78.85,80.95,79.9,90.4,,1.0,391.2000122070313,0.0684931506849315,1.2419048006572422,0.21664633053909643,0.2617119612951068,0.0850619726477563
TSLA,2026-04-10,320.0,74.55,76.25,75.4,84.15,4.0,3.0,391.2000122070313,0.0684931506849315,1.2225000381469728,0.20089797357095732,0.2617119612951068,0.08373287932513512
TSLA,2026-04-10,330.0,65.4,67.1,66.25,74.2,21.0,57.0,391.2000122070313,0.0684931506849315,1.1854545824455494,0.17012631490420357,0.2617119612951068,0.08119551934558557
TSLA,2026-04-10,335.0,61.15,62.7,61.925,63.73,6.0,21.0,391.2000122070313,0.0684931506849315,1.1677612304687501,0.1550884375396631,0.2617119612951068,0.07998364592251712
TSLA,2026-04-10,345.0,52.6,54.15,53.375,59.97,1.0,7.0,391.2000122070313,0.0684931506849315,1.1339130788609604,0.12567455233336985,0.2617119612951068,0.07766527937403837
TSLA,2026-04-10,350.0,48.2,49.95,49.075,50.0,6.0,26.0,391.2000122070313,0.0684931506849315,1.117714320591518,0.11128581488127025,0.2617119612951068,0.07655577538298068
TSLA,2026-04-10,355.0,44.65,45.35,45.0,48.29,1.0,22.0,391.2000122070313,0.0684931506849315,1.1019718653719193,0.09710117988931383,0.2617119612951068,0.07547752502547392
TSLA,2026-04-10,360.0,40.7,41.45,41.075,44.75,4.0,92.0,391.2000122070313,0.0684931506849315,1.086666700575087,0.08311493791457386,0.2617119612951068,0.07442922606678677
TSLA,2026-04-10,365.0,37.05,37.5,37.275,42.09,2.0,30.0,391.2000122070313,0.0684931506849315,1.0717808553617296,0.06932161578223806,0.2617119612951068,0.07340964762751573
TSLA,2026-04-10,370.0,33.5,33.9,33.7,33.49,7.0,83.0,391.2000122070313,0.0684931506849315,1.0572973302892739,0.05571596372645947,0.2617119612951068,0.07241762536227903
TSLA,2026-04-10,375.0,30.05,30.45,30.25,30.07,10.0,16.0,391.2000122070313,0.0684931506849315,1.0432000325520834,0.042292943394318626,0.2617119612951068,0.07145205702411529
TSLA,2026-04-10,380.0,26.8,27.1,26.950000000000003,26.6,29.0,75.0,391.2000122070313,0.0684931506849315,1.0294737163342929,0.02904771664429803,0.2617119612951068,0.07051189837906115
TSLA,2026-04-10,385.0,23.7,24.05,23.875,23.6,78.0,806.0,391.2000122070313,0.0684931506849315,1.0161039278104709,0.015975635076945265,0.2617119612951068,0.06959615943907334
TSLA,2026-04-10,390.0,20.85,21.15,21.0,20.99,804.0,379.0,391.2000122070313,0.0684931506849315,1.0030769543770033,0.003072230241037361,0.2617119612951068,0.06870390098472624
TSLA,2026-04-10,395.0,18.25,18.45,18.35,18.36,401.0,234.0,391.2000122070313,0.0684931506849315,0.9903797777393197,-0.00966679553639236,0.2617119612951068,0.0678342313520082
TSLA,2026-04-10,400.0,15.8,16.0,15.9,16.0,849.0,529.0,391.2000122070313,0.0684931506849315,0.9780000305175782,-0.022245577743252493,0.2617119612951068,0.06698630346010809
TSLA,2026-04-10,405.0,13.65,13.8,13.725,13.25,141.0,468.0,391.2000122070313,0.0684931506849315,0.9659259560667439,-0.03466809774180965,0.2617119612951068,0.06615931205936602
TSLA,2026-04-10,410.0,11.65,11.85,11.75,11.85,432.0,1445.0,391.2000122070313,0.0684931506849315,0.9541463712366617,-0.04693819033362399,0.2617119612951068,0.06535249118059326
TSLA,2026-04-10,415.0,9.9,10.05,9.975,10.18,197.0,353.0,391.2000122070313,0.0684931506849315,0.9426506318241719,-0.05905955086596872,0.2617119612951068,0.0645651117687789
TSLA,2026-04-10,420.0,8.35,8.55,8.45,8.46,309.0,647.0,391.2000122070313,0.0684931506849315,0.9314286004929316,-0.0710357419126845,0.2617119612951068,0.06379647948581724
TSLA,2026-04-10,425.0,7.05,7.2,7.125,7.3,241.0,448.0,391.2000122070313,0.0684931506849315,0.9204706169577207,-0.08287019955968732,0.2617119612951068,0.06304593266833704
TSLA,2026-04-10,430.0,5.9,6.05,5.975,6.1,403.0,678.0,391.2000122070313,0.0684931506849315,0.90976747024891,-0.09456623932287855,0.2617119612951068,0.062312840428007533
TSLA,2026-04-10,435.0,4.9,5.05,4.975,5.05,121.0,348.0,391.2000122070313,0.0684931506849315,0.8993103728897271,-0.10612706172395454,0.2617119612951068,0.06159660088285802
TSLA,2026-04-10,440.0,4.05,4.2,4.125,4.0,192.0,715.0,391.2000122070313,0.0684931506849315,0.8890909368341621,-0.1175557575475773,0.2617119612951068,0.06089663950918918
TSLA,2026-04-10,445.0,3.4,3.5,3.45,3.52,81.0,528.0,391.2000122070313,0.0684931506849315,0.8791011510270367,-0.12885531280151064,0.2617119612951068,0.06021240760459155
TSLA,2026-04-10,450.0,2.83,2.9,2.865,2.91,495.0,1303.0,391.2000122070313,0.0684931506849315,0.8693333604600696,-0.14002861339963588,0.2617119612951068,0.059543380853429424
TSLA,2026-04-10,455.0,2.35,2.42,2.385,2.3,140.0,634.0,391.2000122070313,0.0684931506849315,0.85978024660886,-0.1510784495862209,0.2617119612951068,0.058889057986908216
TSLA,2026-04-10,460.0,1.96,2.02,1.99,2.05,536.0,1160.0,391.2000122070313,0.0684931506849315,0.8504348091457202,-0.16200752011841116,0.2617119612951068,0.05824895953052878
TSLA,2026-04-10,465.0,1.62,1.68,1.65,1.59,86.0,287.0,391.2000122070313,0.0684931506849315,0.8412903488323253,-0.17281843622262683,0.2617119612951068,0.05762262663235105
TSLA,2026-04-10,470.0,1.36,1.4,1.38,1.38,140.0,503.0,391.2000122070313,0.0684931506849315,0.8323404515043219,-0.18351372533937477,0.2617119612951068,0.05700961996604944
TSLA,2026-04-10,475.0,1.13,1.19,1.16,1.2,61.0,341.0,391.2000122070313,0.0684931506849315,0.8235789730674343,-0.19409583466991168,0.2617119612951068,0.05640951870324892
TSLA,2026-04-10,480.0,0.95,1.0,0.975,0.99,200.0,507.0,391.2000122070313,0.0684931506849315,0.8150000254313152,-0.20456713453720707,0.2617119612951068,0.05582191955009008
TSLA,2026-04-10,485.0,0.8,0.85,0.825,0.83,31.0,329.0,391.2000122070313,0.0684931506849315,0.8065979633134666,-0.21492992157275373,0.2617119612951068,0.05524643584338812
TSLA,2026-04-10,490.0,0.68,0.72,0.7,0.79,36.0,262.0,391.2000122070313,0.0684931506849315,0.7983673718510843,-0.22518642173994274,0.2617119612951068,0.05468269670212906
TSLA,2026-04-10,495.0,0.57,0.61,0.59,0.56,26.0,135.0,391.2000122070313,0.0684931506849315,0.7903030549636996,-0.2353387932039608,0.2617119612951068,0.054130346230390376
TSLA,2026-04-10,500.0,0.49,0.53,0.51,0.5,140.0,471.0,391.2000122070313,0.0684931506849315,0.7824000244140626,-0.24538912905746216,0.2617119612951068,0.05358904276808648
TSLA,2026-04-10,505.0,0.42,0.46,0.44,0.44,6.0,143.0,391.2000122070313,0.0684931506849315,0.7746534895188739,-0.25533945991063023,0.2617119612951068,0.05305845818622424
TSLA,2026-04-10,510.0,0.36,0.4,0.38,0.37,14.0,215.0,391.2000122070313,0.0684931506849315,0.7670588474647673,-0.2651917563536419,0.2617119612951068,0.05253827722361419
TSLA,2026-04-10,515.0,0.31,0.35,0.3299999999999999,0.33,6.0,57.0,391.2000122070313,0.0684931506849315,0.7596116741884104,-0.2749479312990065,0.2617119612951068,0.052028196862219885
TSLA,2026-04-10,520.0,0.27,0.31,0.29,0.34,20.0,128.0,391.2000122070313,0.0684931506849315,0.7523077157827525,-0.2846098422107436,0.2617119612951068,0.051527925738544686
TSLA,2026-04-10,525.0,0.24,0.28,0.26,0.23,20.0,35.0,391.2000122070313,0.0684931506849315,0.7451428803943454,-0.2941792932268941,0.2617119612951068,0.05103718358865379
TSLA,2026-04-10,530.0,0.21,0.24,0.2249999999999999,0.26,6.0,64.0,391.2000122070313,0.0684931506849315,0.7381132305793043,-0.303658037181438,0.2617119612951068,0.05055570072460988
TSLA,2026-04-10,535.0,0.19,0.22,0.205,0.38,1.0,14.0,391.2000122070313,0.0684931506849315,0.731214976087909,-0.313047777531277,0.2617119612951068,0.05008321754026773
TSLA,2026-04-10,540.0,0.17,0.2,0.185,0.24,1.0,21.0,391.2000122070313,0.0684931506849315,0.7244444670500579,-0.3223501701935906,0.2617119612951068,0.049619484044524514
TSLA,2026-04-10,545.0,0.14,0.19,0.165,0.17,6.0,8.0,391.2000122070313,0.0684931506849315,0.7177981875358372,-0.33156682529851456,0.2617119612951068,0.04916425942026282
TSLA,2026-04-10,550.0,0.13,0.18,0.155,0.15,5.0,97.0,391.2000122070313,0.0684931506849315,0.7112727494673297,-0.34069930886178706,0.2617119612951068,0.04871731160735134
TSLA,2026-04-10,555.0,0.11,0.15,0.13,0.13,2.0,129.0,391.2000122070313,0.0684931506849315,0.7048648868595159,-0.34974914438170496,0.2617119612951068,0.04827841690818602
TSLA,2026-04-10,560.0,0.11,0.15,0.13,0.13,9.0,4.0,391.2000122070313,0.0684931506849315,0.6985714503696988,-0.3587178143644653,0.2617119612951068,0.04784735961436293
TSLA,2026-04-10,585.0,0.07,0.11,0.09,0.11,4.0,5.0,391.2000122070313,0.0684931506849315,0.6687179695846689,-0.40239287786712696,0.2617119612951068,0.04580260065648417
TSLA,2026-04-17,5.0,385.2,388.05,386.625,386.64,1846.0,71.0,391.2000122070313,0.0876712328767123,78.24000244140626,4.359781056930629,0.29609328407904206,6.859397474315068
TSLA,2026-04-17,25.0,408.0,411.8,409.9,463.62,,1.0,391.2000122070313,0.0876712328767123,15.648000488281252,2.750343144496529,0.29609328407904206,1.3718794948630133
TSLA,2026-04-17,30.0,365.0,372.75,368.875,410.87,1.0,2.0,391.2000122070313,0.0876712328767123,13.040000406901044,2.568021587702574,0.29609328407904206,1.1432329123858445
TSLA,2026-04-17,35.0,397.9,402.0,399.95,447.8,5.0,5.0,391.2000122070313,0.0876712328767123,11.177143205915181,2.413870907875316,0.29609328407904206,0.9799139249021526
TSLA,2026-04-17,40.0,392.95,397.05,395.0,437.5,,3.0,391.2000122070313,0.0876712328767123,9.780000305175783,2.2803395152507933,0.29609328407904206,0.8574246842893835
TSLA,2026-04-17,50.0,339.4,344.25,341.825,349.58,88.0,88.0,391.2000122070313,0.0876712328767123,7.824000244140626,2.0571959639365835,0.29609328407904206,0.6859397474315067
TSLA,2026-04-17,55.0,372.25,375.2,373.725,399.63,1.0,1.0,391.2000122070313,0.0876712328767123,7.112727494673297,1.9618857841322586,0.29609328407904206,0.6235815885740971
TSLA,2026-04-17,75.0,358.6,362.15,360.375,420.87,4.0,2.0,391.2000122070313,0.0876712328767123,5.216000162760418,1.6517308558284192,0.29609328407904206,0.45729316495433786
TSLA,2026-04-17,100.0,290.45,293.05,291.75,291.31,120.0,4789.0,391.2000122070313,0.0876712328767123,3.912000122070313,1.3640487833766382,0.29609328407904206,0.3429698737157533
TSLA,2026-04-17,105.0,322.85,325.6,324.225,344.6,1.0,23.0,391.2000122070313,0.0876712328767123,3.7257144019717265,1.3152586192072062,0.29609328407904206,0.32663797496738417
TSLA,2026-04-17,110.0,285.5,291.7,288.6,331.84,3.0,6.0,391.2000122070313,0.0876712328767123,3.5563637473366483,1.2687386035723134,0.29609328407904206,0.31179079428704853
TSLA,2026-04-17,115.0,316.15,319.8,317.975,327.2,,2.0,391.2000122070313,0.0876712328767123,3.401739236582881,1.2242868410014796,0.29609328407904206,0.2982346727963073
TSLA,2026-04-17,120.0,307.95,310.7,309.325,330.13,,34.0,391.2000122070313,0.0876712328767123,3.260000101725261,1.1817272265826835,0.29609328407904206,0.2858082280964611
TSLA,2026-04-17,125.0,264.75,269.55,267.15,262.42,3.0,4.0,391.2000122070313,0.0876712328767123,3.1296000976562506,1.1409052320624284,0.29609328407904206,0.2743758989726027
TSLA,2026-04-17,130.0,259.75,264.6,262.175,290.73,1.0,7.0,391.2000122070313,0.0876712328767123,3.00923086313101,1.101684518909147,0.29609328407904206,0.2638229797813487
TSLA,2026-04-17,135.0,254.75,259.55,257.15,280.57,1.0,32.0,391.2000122070313,0.0876712328767123,2.8977778682002318,1.0639441909263,0.29609328407904206,0.25405175830796545
TSLA,2026-04-17,140.0,249.8,253.75,251.775,284.05,1.0,10.0,391.2000122070313,0.0876712328767123,2.7942858014787952,1.0275765467554252,0.29609328407904206,0.24497848122553814
TSLA,2026-04-17,145.0,290.1,292.25,291.175,348.3,5.0,6.0,391.2000122070313,0.0876712328767123,2.6979311186691812,0.9924852269441551,0.29609328407904206,0.23653094739017472
TSLA,2026-04-17,150.0,239.9,244.55,242.225,248.65,1.0,6.0,391.2000122070313,0.0876712328767123,2.608000081380209,0.9585836752684739,0.29609328407904206,0.22864658247716893
TSLA,2026-04-17,155.0,273.6,276.05,274.82500000000005,295.9,1.0,9.0,391.2000122070313,0.0876712328767123,2.5238710464969762,0.925793852445483,0.29609328407904206,0.221270886268228
TSLA,2026-04-17,160.0,229.95,233.9,231.925,238.03,50.0,212.0,391.2000122070313,0.0876712328767123,2.4450000762939457,0.8940451541309026,0.29609328407904206,0.21435617107234586
TSLA,2026-04-17,165.0,225.0,229.65,227.325,245.45,1.0,14.0,391.2000122070313,0.0876712328767123,2.3709091648910987,0.8632734954641489,0.29609328407904206,0.207860529524699
TSLA,2026-04-17,170.0,220.05,224.7,222.375,244.07,6.0,11.0,391.2000122070313,0.0876712328767123,2.301176542394302,0.8334205323144678,0.29609328407904206,0.20174698453867845
TSLA,2026-04-17,175.0,220.95,227.05,224.0,262.14,5.0,13.0,391.2000122070313,0.0876712328767123,2.235428641183036,0.8044329954412156,0.29609328407904206,0.1959827849804305
TSLA,2026-04-17,180.0,210.15,214.7,212.425,230.89,2.0,84.0,391.2000122070313,0.0876712328767123,2.173333401150174,0.7762621184745192,0.29609328407904206,0.19053881873097409
TSLA,2026-04-17,185.0,205.2,209.5,207.35,211.8,1.0,96.0,391.2000122070313,0.0876712328767123,2.1145946605785477,0.7488631442864048,0.29609328407904206,0.18538912092743426
TSLA,2026-04-17,190.0,200.3,204.55,202.425,208.45,2.0,44.0,391.2000122070313,0.0876712328767123,2.0589474326685857,0.7221948972042433,0.29609328407904206,0.1805104598503965
TSLA,2026-04-17,195.0,194.85,199.55,197.2,211.53,1.0,70.0,391.2000122070313,0.0876712328767123,2.0061539087540066,0.6962194108009827,0.29609328407904206,0.17588198652089915
TSLA,2026-04-17,200.0,190.5,194.6,192.55,198.34,4.0,75.0,391.2000122070313,0.0876712328767123,1.9560000610351564,0.6709016028166929,0.29609328407904206,0.17148493685787666
TSLA,2026-04-17,205.0,185.5,189.65,187.575,196.8,1.0,38.0,391.2000122070313,0.0876712328767123,1.9082927424733234,0.6462089902263213,0.29609328407904206,0.1673023774223187
TSLA,2026-04-17,210.0,180.05,184.7,182.375,198.99,1.0,39.0,391.2000122070313,0.0876712328767123,1.8628572009858633,0.6221114386472608,0.29609328407904206,0.16331898748369209
TSLA,2026-04-17,215.0,175.75,179.75,177.75,195.1,1.0,66.0,391.2000122070313,0.0876712328767123,1.81953494049782,0.5985809412370667,0.29609328407904206,0.15952087149569924
TSLA,2026-04-17,220.0,170.2,173.5,171.85,178.77,7.0,41.0,391.2000122070313,0.0876712328767123,1.7781818736683241,0.575591423012368,0.29609328407904206,0.15589539714352427
TSLA,2026-04-17,225.0,165.4,169.7,167.55,170.53,2.0,29.0,391.2000122070313,0.0876712328767123,1.7386667209201392,0.5531185671603094,0.29609328407904206,0.15243105498477927
TSLA,2026-04-17,230.0,161.15,164.8,162.97500000000002,178.39,1.0,78.0,391.2000122070313,0.0876712328767123,1.7008696182914405,0.5311396604415342,0.29609328407904206,0.14911733639815364
TSLA,2026-04-17,235.0,155.8,159.8,157.8,162.4,1.0,10.0,391.2000122070313,0.0876712328767123,1.6646809030086438,0.5096334552205706,0.29609328407904206,0.14594462711308653
TSLA,2026-04-17,240.0,151.95,154.3,153.125,155.44,8.0,60.0,391.2000122070313,0.0876712328767123,1.6300000508626304,0.48858004602273825,0.29609328407904206,0.14290411404823056
TSLA,2026-04-17,245.0,146.65,149.6,148.125,160.53,2.0,34.0,391.2000122070313,0.0876712328767123,1.5967347437021686,0.46796075882000254,0.29609328407904206,0.13998770355745035
TSLA,2026-04-17,250.0,141.95,143.85,142.89999999999998,145.8,10.0,665.0,391.2000122070313,0.0876712328767123,1.5648000488281253,0.44775805150248316,0.29609328407904206,0.13718794948630136
TSLA,2026-04-17,255.0,137.0,139.75,138.375,158.44,2.0,23.0,391.2000122070313,0.0876712328767123,1.5341176949295345,0.4279554242063034,0.29609328407904206,0.1344979896924523
TSLA,2026-04-17,260.0,132.4,134.5,133.45,133.38,1.0,179.0,391.2000122070313,0.0876712328767123,1.504615431565505,0.40853733834920175,0.29609328407904206,0.13191148989067436
TSLA,2026-04-17,265.0,126.9,129.75,128.325,133.23,2.0,37.0,391.2000122070313,0.0876712328767123,1.4762264611586087,0.3894891433785073,0.29609328407904206,0.12942259385500127
TSLA,2026-04-17,270.0,122.4,124.7,123.55,122.83,5.0,76.0,391.2000122070313,0.0876712328767123,1.4488889341001159,0.3707970103663547,0.29609328407904206,0.12702587915398272
TSLA,2026-04-17,275.0,118.1,119.6,118.85,121.48,100.0,112.0,391.2000122070313,0.0876712328767123,1.4225454989346593,0.3524478716981583,0.29609328407904206,0.1247163177148194
TSLA,2026-04-17,280.0,113.25,114.3,113.775,116.65,100.0,244.0,391.2000122070313,0.0876712328767123,1.3971429007393976,0.33442936619548,0.29609328407904206,0.12248924061276907
TSLA,2026-04-17,285.0,108.35,109.8,109.075,110.9,1.0,86.0,391.2000122070313,0.0876712328767123,1.3726316217790573,0.3167297890960791,0.29609328407904206,0.12034030656693101
TSLA,2026-04-17,290.0,103.6,104.95,104.275,114.46,1.0,366.0,391.2000122070313,0.0876712328767123,1.3489655593345906,0.29933804638420974,0.29609328407904206,0.11826547369508736
TSLA,2026-04-17,295.0,98.85,100.3,99.575,103.22,1.0,122.0,391.2000122070313,0.0876712328767123,1.3261017362950214,0.2822436130249097,0.29609328407904206,0.11626097414093335
TSLA,2026-04-17,300.0,94.5,95.25,94.875,96.0,17.0,938.0,391.2000122070313,0.0876712328767123,1.3040000406901044,0.26543649470852854,0.29609328407904206,0.11432329123858447
TSLA,2026-04-17,305.0,89.45,90.85,90.15,90.1,2.0,151.0,391.2000122070313,0.0876712328767123,1.2826229908427256,0.2489071927573179,0.29609328407904206,0.11244913892319783
TSLA,2026-04-17,310.0,84.85,86.3,85.57499999999999,93.82,2.0,208.0,391.2000122070313,0.0876712328767123,1.2619355232484881,0.23264667188553764,0.29609328407904206,0.110635443134114
TSLA,2026-04-17,315.0,80.25,81.65,80.95,81.0,36.0,179.0,391.2000122070313,0.0876712328767123,1.2419048006572422,0.21664633053909643,0.29609328407904206,0.10887932498912804
TSLA,2026-04-17,320.0,75.85,77.0,76.425,77.28,33.0,394.0,391.2000122070313,0.0876712328767123,1.2225000381469728,0.20089797357095732,0.29609328407904206,0.10717808553617293
TSLA,2026-04-17,325.0,71.4,72.5,71.95,71.9,10.0,192.0,391.2000122070313,0.0876712328767123,1.203692345252404,0.185393787034992,0.29609328407904206,0.1055291919125395
TSLA,2026-04-17,330.0,67.05,68.15,67.6,68.0,16.0,423.0,391.2000122070313,0.0876712328767123,1.1854545824455494,0.17012631490420357,0.29609328407904206,0.1039302647623495
TSLA,2026-04-17,335.0,62.8,63.85,63.325,63.02,1.0,122.0,391.2000122070313,0.0876712328767123,1.1677612304687501,0.1550884375396631,0.29609328407904206,0.1023790667808219
TSLA,2026-04-17,340.0,58.55,59.65,59.099999999999994,61.77,1.0,231.0,391.2000122070313,0.0876712328767123,1.150588271197151,0.14027335175452246,0.29609328407904206,0.10087349226933923
TSLA,2026-04-17,345.0,54.35,55.5,54.925,54.36,102.0,117.0,391.2000122070313,0.0876712328767123,1.1339130788609604,0.12567455233336985,0.29609328407904206,0.0994115575987691
TSLA,2026-04-17,350.0,50.45,51.1,50.775000000000006,50.8,418.0,1183.0,391.2000122070313,0.0876712328767123,1.117714320591518,0.11128581488127025,0.29609328407904206,0.09799139249021525
TSLA,2026-04-17,355.0,46.3,47.35,46.825,47.7,1.0,198.0,391.2000122070313,0.0876712328767123,1.1019718653719193,0.09710117988931383,0.29609328407904206,0.09661123203260659
TSLA,2026-04-17,360.0,42.75,43.45,43.1,43.1,148.0,614.0,391.2000122070313,0.0876712328767123,1.086666700575087,0.08311493791457386,0.29609328407904206,0.09526940936548704
TSLA,2026-04-17,365.0,39.05,40.0,39.525,40.1,24.0,170.0,391.2000122070313,0.0876712328767123,1.0717808553617296,0.06932161578223806,0.29609328407904206,0.0939643489632201
TSLA,2026-04-17,370.0,35.6,35.95,35.775000000000006,36.28,109.0,402.0,391.2000122070313,0.0876712328767123,1.0572973302892739,0.05571596372645947,0.29609328407904206,0.09269456046371713
TSLA,2026-04-17,375.0,32.3,32.55,32.425,32.7,131.0,361.0,391.2000122070313,0.0876712328767123,1.0432000325520834,0.042292943394318626,0.29609328407904206,0.09145863299086755
TSLA,2026-04-17,380.0,29.15,29.35,29.25,29.47,199.0,931.0,391.2000122070313,0.0876712328767123,1.0294737163342929,0.02904771664429803,0.29609328407904206,0.09025522992519824
TSLA,2026-04-17,385.0,26.2,26.35,26.275,26.6,92.0,514.0,391.2000122070313,0.0876712328767123,1.0161039278104709,0.015975635076945265,0.29609328407904206,0.08908308408201386
TSLA,2026-04-17,390.0,23.4,23.55,23.475,23.45,1353.0,1533.0,391.2000122070313,0.0876712328767123,1.0030769543770033,0.003072230241037361,0.29609328407904206,0.08794099326044957
TSLA,2026-04-17,395.0,20.8,20.95,20.875,21.02,1609.0,1254.0,391.2000122070313,0.0876712328767123,0.9903797777393197,-0.00966679553639236,0.29609328407904206,0.08682781613057047
TSLA,2026-04-17,400.0,18.4,18.5,18.45,18.47,2713.0,5350.0,391.2000122070313,0.0876712328767123,0.9780000305175782,-0.022245577743252493,0.29609328407904206,0.08574246842893833
TSLA,2026-04-17,405.0,16.2,16.3,16.25,16.55,449.0,2396.0,391.2000122070313,0.0876712328767123,0.9659259560667439,-0.03466809774180965,0.29609328407904206,0.08468391943598848
TSLA,2026-04-17,410.0,14.15,14.3,14.225,14.21,944.0,5917.0,391.2000122070313,0.0876712328767123,0.9541463712366617,-0.04693819033362399,0.29609328407904206,0.08365118871115935
TSLA,2026-04-17,415.0,12.35,12.5,12.425,12.36,385.0,2367.0,391.2000122070313,0.0876712328767123,0.9426506318241719,-0.05905955086596872,0.29609328407904206,0.08264334306403696
TSLA,2026-04-17,420.0,10.75,10.85,10.8,10.85,2073.0,5979.0,391.2000122070313,0.0876712328767123,0.9314286004929316,-0.0710357419126845,0.29609328407904206,0.08165949374184604
TSLA,2026-04-17,425.0,9.3,9.4,9.35,9.35,854.0,3551.0,391.2000122070313,0.0876712328767123,0.9204706169577207,-0.08287019955968732,0.29609328407904206,0.08069879381547138
TSLA,2026-04-17,430.0,8.0,8.1,8.05,8.1,1285.0,3952.0,391.2000122070313,0.0876712328767123,0.90976747024891,-0.09456623932287855,0.29609328407904206,0.07976043574784962
TSLA,2026-04-17,435.0,6.9,7.0,6.95,6.8,552.0,3784.0,391.2000122070313,0.0876712328767123,0.8993103728897271,-0.10612706172395454,0.29609328407904206,0.07884364913005824
TSLA,2026-04-17,440.0,5.9,6.0,5.95,5.95,606.0,6412.0,391.2000122070313,0.0876712328767123,0.8890909368341621,-0.1175557575475773,0.29609328407904206,0.07794769857176213
TSLA,2026-04-17,445.0,5.05,5.15,5.1,5.16,481.0,3089.0,391.2000122070313,0.0876712328767123,0.8791011510270367,-0.12885531280151064,0.29609328407904206,0.07707188173387716
TSLA,2026-04-17,450.0,4.35,4.4,4.375,4.35,2430.0,10179.0,391.2000122070313,0.0876712328767123,0.8693333604600696,-0.14002861339963588,0.29609328407904206,0.07621552749238963
TSLA,2026-04-17,455.0,3.7,3.8,3.75,3.73,466.0,3880.0,391.2000122070313,0.0876712328767123,0.85978024660886,-0.1510784495862209,0.29609328407904206,0.0753779942232425
TSLA,2026-04-17,460.0,3.15,3.25,3.2,3.2,723.0,5403.0,391.2000122070313,0.0876712328767123,0.8504348091457202,-0.16200752011841116,0.29609328407904206,0.07455866819907682
TSLA,2026-04-17,465.0,2.7,2.74,2.72,2.74,777.0,2797.0,391.2000122070313,0.0876712328767123,0.8412903488323253,-0.17281843622262683,0.29609328407904206,0.07375696208940932
TSLA,2026-04-17,470.0,2.3,2.35,2.325,2.32,314.0,4015.0,391.2000122070313,0.0876712328767123,0.8323404515043219,-0.18351372533937477,0.29609328407904206,0.07297231355654327
TSLA,2026-04-17,475.0,1.97,2.01,1.99,1.96,404.0,4982.0,391.2000122070313,0.0876712328767123,0.8235789730674343,-0.19409583466991168,0.29609328407904206,0.07220418394015861
TSLA,2026-04-17,480.0,1.68,1.73,1.705,1.77,572.0,3440.0,391.2000122070313,0.0876712328767123,0.8150000254313152,-0.20456713453720707,0.29609328407904206,0.07145205702411528
TSLA,2026-04-17,485.0,1.44,1.49,1.465,1.42,176.0,3226.0,391.2000122070313,0.0876712328767123,0.8065979633134666,-0.21492992157275373,0.29609328407904206,0.07071543787953677
TSLA,2026-04-17,490.0,1.24,1.28,1.26,1.23,282.0,1789.0,391.2000122070313,0.0876712328767123,0.7983673718510843,-0.22518642173994274,0.29609328407904206,0.06999385177872518
TSLA,2026-04-17,495.0,1.06,1.1,1.08,1.04,131.0,1231.0,391.2000122070313,0.0876712328767123,0.7903030549636996,-0.2353387932039608,0.29609328407904206,0.06928684317489966
TSLA,2026-04-17,500.0,0.93,0.95,0.94,0.95,4328.0,24674.0,391.2000122070313,0.0876712328767123,0.7824000244140626,-0.24538912905746216,0.29609328407904206,0.06859397474315068
TSLA,2026-04-17,505.0,0.79,0.83,0.81,0.82,44.0,1416.0,391.2000122070313,0.0876712328767123,0.7746534895188739,-0.25533945991063023,0.29609328407904206,0.06791482647836701
TSLA,2026-04-17,510.0,0.68,0.72,0.7,0.71,51.0,1871.0,391.2000122070313,0.0876712328767123,0.7670588474647673,-0.2651917563536419,0.29609328407904206,0.06724899484622615
TSLA,2026-04-17,515.0,0.59,0.63,0.61,0.6,73.0,932.0,391.2000122070313,0.0876712328767123,0.7596116741884104,-0.2749479312990065,0.29609328407904206,0.06659609198364144
TSLA,2026-04-17,520.0,0.52,0.55,0.535,0.56,64.0,1889.0,391.2000122070313,0.0876712328767123,0.7523077157827525,-0.2846098422107436,0.29609328407904206,0.06595574494533718
TSLA,2026-04-17,525.0,0.45,0.49,0.47,0.47,37.0,1523.0,391.2000122070313,0.0876712328767123,0.7451428803943454,-0.2941792932268941,0.29609328407904206,0.06532759499347683
TSLA,2026-04-17,530.0,0.4,0.43,0.415,0.4,95.0,1158.0,391.2000122070313,0.0876712328767123,0.7381132305793043,-0.303658037181438,0.29609328407904206,0.06471129692750063
TSLA,2026-04-17,535.0,0.35,0.39,0.37,0.37,39.0,857.0,391.2000122070313,0.0876712328767123,0.731214976087909,-0.313047777531277,0.29609328407904206,0.06410651845154268
TSLA,2026-04-17,540.0,0.31,0.35,0.3299999999999999,0.32,12.0,919.0,391.2000122070313,0.0876712328767123,0.7244444670500579,-0.3223501701935906,0.29609328407904206,0.06351293957699136
TSLA,2026-04-17,545.0,0.28,0.32,0.3,0.31,30.0,523.0,391.2000122070313,0.0876712328767123,0.7177981875358372,-0.33156682529851456,0.29609328407904206,0.0629302520579364
TSLA,2026-04-17,550.0,0.26,0.28,0.27,0.28,342.0,7345.0,391.2000122070313,0.0876712328767123,0.7112727494673297,-0.34069930886178706,0.29609328407904206,0.0623581588574097
TSLA,2026-04-17,555.0,0.23,0.26,0.245,0.25,8.0,553.0,391.2000122070313,0.0876712328767123,0.7048648868595159,-0.34974914438170496,0.29609328407904206,0.061796373642478086
TSLA,2026-04-17,560.0,0.21,0.24,0.2249999999999999,0.21,38.0,1205.0,391.2000122070313,0.0876712328767123,0.6985714503696988,-0.3587178143644653,0.29609328407904206,0.061244620306384535
TSLA,2026-04-17,565.0,0.19,0.22,0.205,0.22,9.0,455.0,391.2000122070313,0.0876712328767123,0.6923894021363386,-0.3676067617817114,0.29609328407904206,0.060702632516062546
TSLA,2026-04-17,570.0,0.17,0.21,0.19,0.2,15.0,325.0,391.2000122070313,0.0876712328767123,0.6863158108895286,-0.37641739146386627,0.29609328407904206,0.060170153283465505
TSLA,2026-04-17,575.0,0.16,0.19,0.175,0.22,2.0,569.0,391.2000122070313,0.0876712328767123,0.6803478473165762,-0.38515107143262095,0.29609328407904206,0.059646934559261455
TSLA,2026-04-17,580.0,0.15,0.18,0.1649999999999999,0.16,34.0,647.0,391.2000122070313,0.0876712328767123,0.6744827796672953,-0.39380913417573554,0.29609328407904206,0.05913273684754368
TSLA,2026-04-17,585.0,0.13,0.17,0.15,0.15,21.0,899.0,391.2000122070313,0.0876712328767123,0.6687179695846689,-0.40239287786712696,0.29609328407904206,0.05862732884029972
TSLA,2026-04-17,590.0,0.12,0.16,0.14,0.17,1003.0,931.0,391.2000122070313,0.0876712328767123,0.6630508681475107,-0.4109035675350356,0.29609328407904206,0.058130487070466676
TSLA,2026-04-17,595.0,0.11,0.15,0.13,0.14,1.0,2746.0,391.2000122070313,0.0876712328767123,0.6574790121126577,-0.41934243618090017,0.29609328407904206,0.05764199558247956
TSLA,2026-04-17,600.0,0.11,0.13,0.12,0.12,1099.0,5427.0,391.2000122070313,0.0876712328767123,0.6520000203450522,-0.42771068585141675,0.29609328407904206,0.05716164561929223
TSLA,2026-04-17,605.0,0.1,0.14,0.12,0.12,1001.0,808.0,391.2000122070313,0.0876712328767123,0.6466115904248452,-0.4360094886661119,0.29609328407904206,0.056689235324917917
TSLA,2026-04-17,610.0,0.09,0.13,0.11,0.16,6.0,1630.0,391.2000122070313,0.0876712328767123,0.6413114954213628,-0.4442399878026274,0.29609328407904206,0.056224569461598914
TSLA,2026-04-17,615.0,0.08,0.11,0.095,0.1,2.0,455.0,391.2000122070313,0.0876712328767123,0.6360975808244411,-0.4524032984417884,0.29609328407904206,0.055767459140772906
TSLA,2026-04-17,620.0,0.08,0.12,0.1,0.12,1749.0,1112.0,391.2000122070313,0.0876712328767123,0.6309677616242441,-0.46050050867440767,0.29609328407904206,0.055317721567057
TSLA,2026-04-17,625.0,0.07,0.11,0.09,0.09,3.0,267.0,391.2000122070313,0.0876712328767123,0.6259200195312501,-0.46853268037167195,0.29609328407904206,0.054875179794520536
TSLA,2026-04-17,630.0,0.07,0.1,0.085,0.1,11.0,2959.0,391.2000122070313,0.0876712328767123,0.6209524003286211,-0.4765008500208489,0.29609328407904206,0.05443966249456402
TSLA,2026-04-17,635.0,0.06,0.09,0.075,0.1,1.0,338.0,391.2000122070313,0.0876712328767123,0.6160630113496556,-0.48440602952796213,0.29609328407904206,0.05401100373476431
TSLA,2026-04-17,675.0,0.06,0.07,0.065,0.07,101.0,2470.0,391.2000122070313,0.0876712328767123,0.5795555736400464,-0.5454937215078003,0.29609328407904206,0.050810351661593096
TSLA,2026-04-24,315.0,82.55,84.2,83.375,84.51,8.0,9.0,391.2000122070313,0.1068493150684931,1.2419048006572422,0.21664633053909643,0.3268781348889722,0.13269667733049978
TSLA,2026-04-24,340.0,61.3,63.2,62.25,65.5,1.0,7.0,391.2000122070313,0.1068493150684931,1.150588271197151,0.14027335175452246,0.3268781348889722,0.12293956870325716
TSLA,2026-04-24,345.0,57.35,59.25,58.3,61.55,20.0,5.0,391.2000122070313,0.1068493150684931,1.1339130788609604,0.12567455233336985,0.3268781348889722,0.12115783582349982
TSLA,2026-04-24,350.0,53.55,55.3,54.425,55.65,2.0,52.0,391.2000122070313,0.1068493150684931,1.117714320591518,0.11128581488127025,0.3268781348889722,0.11942700959744983
TSLA,2026-04-24,355.0,50.15,51.6,50.875,55.51,1.0,10.0,391.2000122070313,0.1068493150684931,1.1019718653719193,0.09710117988931383,0.3268781348889722,0.11774493903973926
TSLA,2026-04-24,360.0,46.55,47.95,47.25,59.02,6.0,13.0,391.2000122070313,0.1068493150684931,1.086666700575087,0.08311493791457386,0.3268781348889722,0.11610959266418731
TSLA,2026-04-24,365.0,42.5,44.45,43.475,57.22,1.0,6.0,391.2000122070313,0.1068493150684931,1.0717808553617296,0.06932161578223806,0.3268781348889722,0.11451905029892448
TSLA,2026-04-24,375.0,36.2,37.5,36.85,41.07,1.0,47.0,391.2000122070313,0.1068493150684931,1.0432000325520834,0.042292943394318626,0.3268781348889722,0.11146520895761981
TSLA,2026-04-24,380.0,33.35,34.4,33.875,36.0,9.0,41.0,391.2000122070313,0.1068493150684931,1.0294737163342929,0.02904771664429803,0.3268781348889722,0.10999856147133535
TSLA,2026-04-24,385.0,30.5,31.45,30.975,31.1,32.0,34.0,391.2000122070313,0.1068493150684931,1.0161039278104709,0.015975635076945265,0.3268781348889722,0.10857000872495437
TSLA,2026-04-24,390.0,27.8,28.35,28.075000000000003,28.44,115.0,75.0,391.2000122070313,0.1068493150684931,1.0030769543770033,0.003072230241037361,0.3268781348889722,0.1071780855361729
TSLA,2026-04-24,395.0,25.3,25.55,25.425,24.99,110.0,103.0,391.2000122070313,0.1068493150684931,0.9903797777393197,-0.00966679553639236,0.3268781348889722,0.10582140090913274
TSLA,2026-04-24,400.0,22.9,23.25,23.075,23.2,440.0,419.0,391.2000122070313,0.1068493150684931,0.9780000305175782,-0.022245577743252493,0.3268781348889722,0.10449863339776859
TSLA,2026-04-24,405.0,20.55,20.95,20.75,20.95,452.0,237.0,391.2000122070313,0.1068493150684931,0.9659259560667439,-0.03466809774180965,0.3268781348889722,0.10320852681261095
TSLA,2026-04-24,410.0,18.45,18.85,18.65,18.7,167.0,374.0,391.2000122070313,0.1068493150684931,0.9541463712366617,-0.04693819033362399,0.3268781348889722,0.10194988624172545
TSLA,2026-04-24,415.0,16.55,16.9,16.725,16.68,97.0,299.0,391.2000122070313,0.1068493150684931,0.9426506318241719,-0.05905955086596872,0.3268781348889722,0.10072157435929503
TSLA,2026-04-24,420.0,14.75,15.2,14.975,15.29,115.0,903.0,391.2000122070313,0.1068493150684931,0.9314286004929316,-0.0710357419126845,0.3268781348889722,0.09952250799787483
TSLA,2026-04-24,425.0,13.15,13.6,13.375,13.0,76.0,155.0,391.2000122070313,0.1068493150684931,0.9204706169577207,-0.08287019955968732,0.3268781348889722,0.09835165496260573
TSLA,2026-04-24,430.0,11.7,12.05,11.875,11.9,77.0,273.0,391.2000122070313,0.1068493150684931,0.90976747024891,-0.09456623932287855,0.3268781348889722,0.09720803106769171
TSLA,2026-04-24,435.0,10.35,10.75,10.55,10.4,100.0,79.0,391.2000122070313,0.1068493150684931,0.8993103728897271,-0.10612706172395454,0.3268781348889722,0.09609069737725848
TSLA,2026-04-24,440.0,9.2,9.55,9.375,9.12,513.0,204.0,391.2000122070313,0.1068493150684931,0.8890909368341621,-0.1175557575475773,0.3268781348889722,0.09499875763433509
TSLA,2026-04-24,445.0,8.1,8.5,8.3,8.34,147.0,355.0,391.2000122070313,0.1068493150684931,0.8791011510270367,-0.12885531280151064,0.3268781348889722,0.09393135586316279
TSLA,2026-04-24,450.0,7.2,7.45,7.325,7.42,230.0,758.0,391.2000122070313,0.1068493150684931,0.8693333604600696,-0.14002861339963588,0.3268781348889722,0.09288767413134985
TSLA,2026-04-24,455.0,6.35,6.7,6.525,6.62,125.0,170.0,391.2000122070313,0.1068493150684931,0.85978024660886,-0.1510784495862209,0.3268781348889722,0.09186693045957678
TSLA,2026-04-24,460.0,5.6,5.9,5.75,5.87,68.0,439.0,391.2000122070313,0.1068493150684931,0.8504348091457202,-0.16200752011841116,0.3268781348889722,0.09086837686762486
TSLA,2026-04-24,465.0,4.95,5.25,5.1,5.2,44.0,260.0,391.2000122070313,0.1068493150684931,0.8412903488323253,-0.17281843622262683,0.3268781348889722,0.0898912975464676
TSLA,2026-04-24,470.0,4.5,4.65,4.575,4.56,46.0,342.0,391.2000122070313,0.1068493150684931,0.8323404515043219,-0.18351372533937477,0.3268781348889722,0.08893500714703709
TSLA,2026-04-24,475.0,3.9,4.15,4.025,4.02,65.0,152.0,391.2000122070313,0.1068493150684931,0.8235789730674343,-0.19409583466991168,0.3268781348889722,0.08799884917706828
TSLA,2026-04-24,480.0,3.45,3.7,3.575,3.57,85.0,269.0,391.2000122070313,0.1068493150684931,0.8150000254313152,-0.20456713453720707,0.3268781348889722,0.08708219449814049
TSLA,2026-04-24,495.0,2.43,2.59,2.51,2.7,31.0,82.0,391.2000122070313,0.1068493150684931,0.7903030549636996,-0.2353387932039608,0.3268781348889722,0.08444334011940896
TSLA,2026-04-24,500.0,2.18,2.31,2.245,2.26,127.0,678.0,391.2000122070313,0.1068493150684931,0.7824000244140626,-0.24538912905746216,0.3268781348889722,0.08359890671821488
TSLA,2026-04-24,510.0,1.73,1.84,1.785,1.79,34.0,250.0,391.2000122070313,0.1068493150684931,0.7670588474647673,-0.2651917563536419,0.3268781348889722,0.08195971246883811
TSLA,2026-04-24,515.0,1.55,1.7,1.625,2.12,31.0,84.0,391.2000122070313,0.1068493150684931,0.7596116741884104,-0.2749479312990065,0.3268781348889722,0.08116398710506299
TSLA,2026-04-24,525.0,1.25,1.38,1.315,1.41,2.0,65.0,391.2000122070313,0.1068493150684931,0.7451428803943454,-0.2941792932268941,0.3268781348889722,0.07961800639829988
TSLA,2026-04-24,535.0,1.02,1.16,1.09,1.15,1.0,3.0,391.2000122070313,0.1068493150684931,0.731214976087909,-0.313047777531277,0.3268781348889722,0.07812981936281764
TSLA,2026-04-24,540.0,0.92,1.06,0.99,1.03,10.0,46.0,391.2000122070313,0.1068493150684931,0.7244444670500579,-0.3223501701935906,0.3268781348889722,0.07740639510945821
TSLA,2026-04-24,545.0,0.84,0.95,0.895,0.89,33.0,64.0,391.2000122070313,0.1068493150684931,0.7177981875358372,-0.33156682529851456,0.3268781348889722,0.07669624469560997
TSLA,2026-04-24,560.0,0.63,0.74,0.685,0.86,1.0,65.0,391.2000122070313,0.1068493150684931,0.6985714503696988,-0.3587178143644653,0.3268781348889722,0.07464188099840614
TSLA,2026-04-24,575.0,0.49,0.55,0.52,0.54,4.0,67.0,391.2000122070313,0.1068493150684931,0.6803478473165762,-0.38515107143262095,0.3268781348889722,0.07269470149409989
TSLA,2026-04-24,580.0,0.43,0.54,0.485,0.51,2.0,809.0,391.2000122070313,0.1068493150684931,0.6744827796672953,-0.39380913417573554,0.3268781348889722,0.07206802303294385
TSLA,2026-04-24,600.0,0.3,0.41,0.355,0.36,20.0,305.0,391.2000122070313,0.1068493150684931,0.6520000203450522,-0.42771068585141675,0.3268781348889722,0.0696657555985124
TSLA,2026-05-15,5.0,389.5,397.7,393.6,416.95,50.0,6234.0,391.2000122070313,0.1643835616438356,78.24000244140626,4.359781056930629,0.4054424270396916,12.861370264340755
TSLA,2026-05-15,10.0,427.65,434.3,430.975,311.39,15.0,81.0,391.2000122070313,0.1643835616438356,39.12000122070313,3.666633876370684,0.4054424270396916,6.430685132170377
TSLA,2026-05-15,15.0,422.8,429.8,426.3,287.93,,1.0,391.2000122070313,0.1643835616438356,26.080000813802087,3.2611687682625194,0.4054424270396916,4.2871234214469185
TSLA,2026-05-15,20.0,367.85,375.0,371.425,402.64,1.0,13.0,391.2000122070313,0.1643835616438356,19.560000610351565,2.9734866958107387,0.4054424270396916,3.2153425660851886
TSLA,2026-05-15,35.0,402.5,409.35,405.925,386.09,,7.0,391.2000122070313,0.1643835616438356,11.177143205915181,2.413870907875316,0.4054424270396916,1.8373386091915365
TSLA,2026-05-15,40.0,393.25,396.65,394.95,429.95,,18.0,391.2000122070313,0.1643835616438356,9.780000305175783,2.2803395152507933,0.4054424270396916,1.6076712830425943
TSLA,2026-05-15,45.0,392.65,399.7,396.1749999999999,376.92,5.0,5.0,391.2000122070313,0.1643835616438356,8.693333604600696,2.16255647959441,0.4054424270396916,1.429041140482306
TSLA,2026-05-15,50.0,381.25,384.85,383.05,380.85,1.0,1.0,391.2000122070313,0.1643835616438356,7.824000244140626,2.0571959639365835,0.4054424270396916,1.2861370264340755
TSLA,2026-05-15,55.0,378.55,384.95,381.75,365.25,1.0,1.0,391.2000122070313,0.1643835616438356,7.112727494673297,1.9618857841322586,0.4054424270396916,1.1692154785764322
TSLA,2026-05-15,60.0,328.2,335.15,331.67499999999995,360.97,2.0,2.0,391.2000122070313,0.1643835616438356,6.520000203450522,1.8748744071426289,0.4054424270396916,1.0717808553617296
TSLA,2026-05-15,70.0,318.3,325.15,321.725,320.03,1.0,29.0,391.2000122070313,0.1643835616438356,5.5885716029575905,1.7207237273153706,0.4054424270396916,0.9186693045957682
TSLA,2026-05-15,75.0,359.1,362.4,360.75,421.17,,4.0,391.2000122070313,0.1643835616438356,5.216000162760418,1.6517308558284192,0.4054424270396916,0.8574246842893837
TSLA,2026-05-15,80.0,308.4,315.2,311.79999999999995,321.88,2.0,2.0,391.2000122070313,0.1643835616438356,4.890000152587891,1.5871923346908479,0.4054424270396916,0.8038356415212972
TSLA,2026-05-15,85.0,310.15,318.4,314.275,365.4,2.0,2.0,391.2000122070313,0.1643835616438356,4.602353084788604,1.526567712874413,0.4054424270396916,0.7565511920200444
TSLA,2026-05-15,90.0,299.4,305.3,302.35,304.47,2.0,4.0,391.2000122070313,0.1643835616438356,4.346666802300348,1.4694092990344645,0.4054424270396916,0.714520570241153
TSLA,2026-05-15,95.0,337.45,340.35,338.9,354.67,1.0,4.0,391.2000122070313,0.1643835616438356,4.117894865337171,1.4153420777641887,0.4054424270396916,0.6769142244389871
TSLA,2026-05-15,100.0,289.55,295.3,292.425,302.64,3.0,375.0,391.2000122070313,0.1643835616438356,3.912000122070313,1.3640487833766382,0.4054424270396916,0.6430685132170377
TSLA,2026-05-15,105.0,327.7,330.55,329.125,304.7,2.0,4.0,391.2000122070313,0.1643835616438356,3.7257144019717265,1.3152586192072062,0.4054424270396916,0.6124462030638455
TSLA,2026-05-15,110.0,352.35,359.15,355.75,335.25,2.0,141.0,391.2000122070313,0.1643835616438356,3.5563637473366483,1.2687386035723134,0.4054424270396916,0.5846077392882161
TSLA,2026-05-15,115.0,274.7,280.5,277.6,301.64,2.0,3.0,391.2000122070313,0.1643835616438356,3.401739236582881,1.2242868410014796,0.4054424270396916,0.5591900114930762
TSLA,2026-05-15,120.0,268.95,275.55,272.25,287.46,1.0,113.0,391.2000122070313,0.1643835616438356,3.260000101725261,1.1817272265826835,0.4054424270396916,0.5358904276808648
TSLA,2026-05-15,125.0,270.7,278.85,274.775,310.16,1.0,9.0,391.2000122070313,0.1643835616438356,3.1296000976562506,1.1409052320624284,0.4054424270396916,0.5144548105736302
TSLA,2026-05-15,130.0,259.1,265.6,262.35,254.96,15.0,19.0,391.2000122070313,0.1643835616438356,3.00923086313101,1.101684518909147,0.4054424270396916,0.49466808709002896
TSLA,2026-05-15,135.0,255.7,260.65,258.17499999999995,304.5,1.0,86.0,391.2000122070313,0.1643835616438356,2.8977778682002318,1.0639441909263,0.4054424270396916,0.47634704682743534
TSLA,2026-05-15,140.0,294.85,298.8,296.82500000000005,310.24,1.0,20.0,391.2000122070313,0.1643835616438356,2.7942858014787952,1.0275765467554252,0.4054424270396916,0.4593346522978841
TSLA,2026-05-15,145.0,288.3,291.8,290.05,315.85,2.0,321.0,391.2000122070313,0.1643835616438356,2.6979311186691812,0.9924852269441551,0.4054424270396916,0.4434955263565777
TSLA,2026-05-15,150.0,240.4,245.65,243.025,257.08,1.0,102.0,391.2000122070313,0.1643835616438356,2.608000081380209,0.9585836752684739,0.4054424270396916,0.42871234214469184
TSLA,2026-05-15,155.0,278.55,281.95,280.25,297.87,2.0,88.0,391.2000122070313,0.1643835616438356,2.5238710464969762,0.925793852445483,0.4054424270396916,0.4148829117529276
TSLA,2026-05-15,160.0,230.45,234.65,232.55,252.42,7.0,198.0,391.2000122070313,0.1643835616438356,2.4450000762939457,0.8940451541309026,0.4054424270396916,0.4019178207606486
TSLA,2026-05-15,165.0,225.7,230.85,228.275,220.13,1.0,164.0,391.2000122070313,0.1643835616438356,2.3709091648910987,0.8632734954641489,0.4054424270396916,0.38973849285881074
TSLA,2026-05-15,170.0,220.85,225.9,223.375,237.75,1.0,159.0,391.2000122070313,0.1643835616438356,2.301176542394302,0.8334205323144678,0.4054424270396916,0.3782755960100222
TSLA,2026-05-15,175.0,216.05,220.9,218.475,243.75,1.0,92.0,391.2000122070313,0.1643835616438356,2.235428641183036,0.8044329954412156,0.4054424270396916,0.3674677218383073
TSLA,2026-05-15,180.0,211.15,216.0,213.575,251.84,1.0,66.0,391.2000122070313,0.1643835616438356,2.173333401150174,0.7762621184745192,0.4054424270396916,0.3572602851205765
TSLA,2026-05-15,185.0,206.3,211.05,208.675,212.95,1.0,8.0,391.2000122070313,0.1643835616438356,2.1145946605785477,0.7488631442864048,0.4054424270396916,0.3476046017389393
TSLA,2026-05-15,190.0,201.5,206.05,203.775,217.7,1.0,20.0,391.2000122070313,0.1643835616438356,2.0589474326685857,0.7221948972042433,0.4054424270396916,0.33845711221949354
TSLA,2026-05-15,195.0,196.7,200.45,198.575,209.77,1.0,80.0,391.2000122070313,0.1643835616438356,2.0061539087540066,0.6962194108009827,0.4054424270396916,0.329778724726686
TSLA,2026-05-15,200.0,191.95,196.1,194.025,206.06,1.0,1217.0,391.2000122070313,0.1643835616438356,1.9560000610351564,0.6709016028166929,0.4054424270396916,0.32153425660851886
TSLA,2026-05-15,205.0,186.5,191.15,188.825,199.63,1.0,92.0,391.2000122070313,0.1643835616438356,1.9082927424733234,0.6462089902263213,0.4054424270396916,0.31369195766684765
TSLA,2026-05-15,210.0,182.25,186.1,184.175,186.82,9.0,39.0,391.2000122070313,0.1643835616438356,1.8628572009858633,0.6221114386472608,0.4054424270396916,0.3062231015319227
TSLA,2026-05-15,215.0,177.55,181.25,179.4,179.31,3.0,61.0,391.2000122070313,0.1643835616438356,1.81953494049782,0.5985809412370667,0.4054424270396916,0.2991016340544362
TSLA,2026-05-15,220.0,172.8,176.25,174.525,187.33,1.0,67.0,391.2000122070313,0.1643835616438356,1.7781818736683241,0.575591423012368,0.4054424270396916,0.29230386964410804
TSLA,2026-05-15,225.0,168.05,170.7,169.375,171.35,86.0,81.0,391.2000122070313,0.1643835616438356,1.7386667209201392,0.5531185671603094,0.4054424270396916,0.2858082280964612
TSLA,2026-05-15,230.0,163.45,166.3,164.875,169.15,1.0,87.0,391.2000122070313,0.1643835616438356,1.7008696182914405,0.5311396604415342,0.4054424270396916,0.2795950057465381
TSLA,2026-05-15,235.0,158.8,161.3,160.05,161.39,1.0,71.0,391.2000122070313,0.1643835616438356,1.6646809030086438,0.5096334552205706,0.4054424270396916,0.2736461758370373
TSLA,2026-05-15,240.0,153.5,156.3,154.9,148.53,5.0,30.0,391.2000122070313,0.1643835616438356,1.6300000508626304,0.48858004602273825,0.4054424270396916,0.2679452138404324
TSLA,2026-05-15,245.0,149.15,151.3,150.22500000000002,160.99,4.0,21.0,391.2000122070313,0.1643835616438356,1.5967347437021686,0.46796075882000254,0.4054424270396916,0.2624769441702195
TSLA,2026-05-15,250.0,144.65,146.25,145.45,151.11,1.0,489.0,391.2000122070313,0.1643835616438356,1.5648000488281253,0.44775805150248316,0.4054424270396916,0.2572274052868151
TSLA,2026-05-15,255.0,139.9,141.4,140.65,142.58,,1.0,391.2000122070313,0.1643835616438356,1.5341176949295345,0.4279554242063034,0.4054424270396916,0.25218373067334815
TSLA,2026-05-15,260.0,135.2,136.65,135.925,142.36,1.0,154.0,391.2000122070313,0.1643835616438356,1.504615431565505,0.40853733834920175,0.4054424270396916,0.24733404354501448
TSLA,2026-05-15,270.0,125.85,127.3,126.575,132.4,3.0,76.0,391.2000122070313,0.1643835616438356,1.4488889341001159,0.3707970103663547,0.4054424270396916,0.23817352341371767
TSLA,2026-05-15,275.0,121.3,122.65,121.975,121.45,2.0,109.0,391.2000122070313,0.1643835616438356,1.4225454989346593,0.3524478716981583,0.4054424270396916,0.23384309571528644
TSLA,2026-05-15,280.0,116.65,118.1,117.375,123.9,13.0,177.0,391.2000122070313,0.1643835616438356,1.3971429007393976,0.33442936619548,0.4054424270396916,0.22966732614894206
TSLA,2026-05-15,285.0,112.1,113.55,112.825,115.19,1.0,3.0,391.2000122070313,0.1643835616438356,1.3726316217790573,0.3167297890960791,0.4054424270396916,0.2256380748129957
TSLA,2026-05-15,290.0,107.6,109.05,108.325,110.5,1.0,128.0,391.2000122070313,0.1643835616438356,1.3489655593345906,0.29933804638420974,0.4054424270396916,0.22174776317828884
TSLA,2026-05-15,295.0,103.1,104.6,103.85,109.6,12.0,16.0,391.2000122070313,0.1643835616438356,1.3261017362950214,0.2822436130249097,0.4054424270396916,0.21798932651425007
TSLA,2026-05-15,300.0,98.9,100.05,99.475,100.53,7.0,860.0,391.2000122070313,0.1643835616438356,1.3040000406901044,0.26543649470852854,0.4054424270396916,0.21435617107234592
TSLA,2026-05-15,305.0,94.5,95.75,95.125,98.92,2.0,12.0,391.2000122070313,0.1643835616438356,1.2826229908427256,0.2489071927573179,0.4054424270396916,0.21084213548099598
TSLA,2026-05-15,310.0,90.15,91.45,90.8,93.09,3.0,178.0,391.2000122070313,0.1643835616438356,1.2619355232484881,0.23264667188553764,0.4054424270396916,0.2074414558764638
TSLA,2026-05-15,315.0,85.9,87.25,86.575,90.27,1.0,19.0,391.2000122070313,0.1643835616438356,1.2419048006572422,0.21664633053909643,0.4054424270396916,0.20414873435461514
TSLA,2026-05-15,320.0,81.75,83.1,82.425,81.5,4.0,304.0,391.2000122070313,0.1643835616438356,1.2225000381469728,0.20089797357095732,0.4054424270396916,0.2009589103803243
TSLA,2026-05-15,325.0,77.7,78.95,78.325,80.2,1.0,53.0,391.2000122070313,0.1643835616438356,1.203692345252404,0.185393787034992,0.4054424270396916,0.1978672348360116
TSLA,2026-05-15,330.0,73.6,75.0,74.3,75.5,3.0,353.0,391.2000122070313,0.1643835616438356,1.1854545824455494,0.17012631490420357,0.4054424270396916,0.19486924642940537
TSLA,2026-05-15,335.0,69.65,71.05,70.35,75.9,2.0,47.0,391.2000122070313,0.1643835616438356,1.1677612304687501,0.1550884375396631,0.4054424270396916,0.1919607502140411
TSLA,2026-05-15,340.0,65.8,67.2,66.5,70.63,14.0,413.0,391.2000122070313,0.1643835616438356,1.150588271197151,0.14027335175452246,0.4054424270396916,0.1891377980050111
TSLA,2026-05-15,345.0,62.25,63.45,62.85,69.6,6.0,38.0,391.2000122070313,0.1643835616438356,1.1339130788609604,0.12567455233336985,0.4054424270396916,0.1863966704976921
TSLA,2026-05-15,350.0,58.75,59.4,59.075,58.53,35.0,917.0,391.2000122070313,0.1643835616438356,1.117714320591518,0.11128581488127025,0.4054424270396916,0.18373386091915364
TSLA,2026-05-15,355.0,54.8,56.25,55.525,56.14,2.0,67.0,391.2000122070313,0.1643835616438356,1.1019718653719193,0.09710117988931383,0.4054424270396916,0.1811460600611374
TSLA,2026-05-15,360.0,51.8,52.35,52.075,51.83,110.0,1391.0,391.2000122070313,0.1643835616438356,1.086666700575087,0.08311493791457386,0.4054424270396916,0.17863014256028825
TSLA,2026-05-15,365.0,48.55,49.45,49.0,48.37,8.0,41.0,391.2000122070313,0.1643835616438356,1.0717808553617296,0.06932161578223806,0.4054424270396916,0.17618315430603773
TSLA,2026-05-15,370.0,45.0,46.15,45.575,45.35,17.0,560.0,391.2000122070313,0.1643835616438356,1.0572973302892739,0.05571596372645947,0.4054424270396916,0.17380230086946966
TSLA,2026-05-15,375.0,42.4,42.65,42.525,44.88,11.0,124.0,391.2000122070313,0.1643835616438356,1.0432000325520834,0.042292943394318626,0.4054424270396916,0.17148493685787672
TSLA,2026-05-15,380.0,39.5,39.7,39.6,40.0,39.0,1316.0,391.2000122070313,0.1643835616438356,1.0294737163342929,0.02904771664429803,0.4054424270396916,0.16922855610974677
TSLA,2026-05-15,385.0,36.7,36.9,36.8,37.11,284.0,338.0,391.2000122070313,0.1643835616438356,1.0161039278104709,0.015975635076945265,0.4054424270396916,0.16703078265377602
TSLA,2026-05-15,390.0,34.05,34.25,34.15,34.12,642.0,1493.0,391.2000122070313,0.1643835616438356,1.0030769543770033,0.003072230241037361,0.4054424270396916,0.164889362363343
TSLA,2026-05-15,395.0,31.55,31.7,31.625,31.85,392.0,767.0,391.2000122070313,0.1643835616438356,0.9903797777393197,-0.00966679553639236,0.4054424270396916,0.16280215524481967
TSLA,2026-05-15,400.0,29.15,29.3,29.225,29.2,1163.0,8976.0,391.2000122070313,0.1643835616438356,0.9780000305175782,-0.022245577743252493,0.4054424270396916,0.16076712830425943
TSLA,2026-05-15,405.0,26.9,27.05,26.975,27.05,452.0,12489.0,391.2000122070313,0.1643835616438356,0.9659259560667439,-0.03466809774180965,0.4054424270396916,0.15878234894247845
TSLA,2026-05-15,410.0,24.8,24.9,24.85,24.97,1253.0,13751.0,391.2000122070313,0.1643835616438356,0.9541463712366617,-0.04693819033362399,0.4054424270396916,0.15684597883342383
TSLA,2026-05-15,415.0,22.8,22.95,22.875,22.56,159.0,811.0,391.2000122070313,0.1643835616438356,0.9426506318241719,-0.05905955086596872,0.4054424270396916,0.15495626824506933
TSLA,2026-05-15,420.0,20.95,21.05,21.0,21.3,1063.0,5909.0,391.2000122070313,0.1643835616438356,0.9314286004929316,-0.0710357419126845,0.4054424270396916,0.15311155076596136
TSLA,2026-05-15,425.0,19.25,19.3,19.275,19.41,148.0,1444.0,391.2000122070313,0.1643835616438356,0.9204706169577207,-0.08287019955968732,0.4054424270396916,0.15131023840400887
TSLA,2026-05-15,430.0,17.6,17.7,17.65,17.65,583.0,2940.0,391.2000122070313,0.1643835616438356,0.90976747024891,-0.09456623932287855,0.4054424270396916,0.1495508170272181
TSLA,2026-05-15,435.0,16.1,16.25,16.175,16.04,299.0,5670.0,391.2000122070313,0.1643835616438356,0.8993103728897271,-0.10612706172395454,0.4054424270396916,0.14783184211885925
TSLA,2026-05-15,440.0,14.75,14.85,14.8,14.79,2580.0,10163.0,391.2000122070313,0.1643835616438356,0.8890909368341621,-0.1175557575475773,0.4054424270396916,0.14615193482205402
TSLA,2026-05-15,445.0,13.45,13.55,13.5,13.5,110.0,2382.0,391.2000122070313,0.1643835616438356,0.8791011510270367,-0.12885531280151064,0.4054424270396916,0.1445097782510197
TSLA,2026-05-15,450.0,12.3,12.4,12.35,12.15,995.0,6578.0,391.2000122070313,0.1643835616438356,0.8693333604600696,-0.14002861339963588,0.4054424270396916,0.1429041140482306
TSLA,2026-05-15,455.0,11.2,11.3,11.25,11.42,113.0,672.0,391.2000122070313,0.1643835616438356,0.85978024660886,-0.1510784495862209,0.4054424270396916,0.14133373916857972
TSLA,2026-05-15,460.0,10.2,10.3,10.25,10.25,184.0,4621.0,391.2000122070313,0.1643835616438356,0.8504348091457202,-0.16200752011841116,0.4054424270396916,0.13979750287326906
TSLA,2026-05-15,465.0,9.3,9.4,9.35,9.33,669.0,1468.0,391.2000122070313,0.1643835616438356,0.8412903488323253,-0.17281843622262683,0.4054424270396916,0.13829430391764252
TSLA,2026-05-15,470.0,8.45,8.55,8.5,8.3,3480.0,19346.0,391.2000122070313,0.1643835616438356,0.8323404515043219,-0.18351372533937477,0.4054424270396916,0.13682308791851866
TSLA,2026-05-15,475.0,7.7,7.8,7.75,7.6,299.0,647.0,391.2000122070313,0.1643835616438356,0.8235789730674343,-0.19409583466991168,0.4054424270396916,0.13538284488779742
TSLA,2026-05-15,480.0,7.0,7.1,7.05,7.15,189.0,3039.0,391.2000122070313,0.1643835616438356,0.8150000254313152,-0.20456713453720707,0.4054424270396916,0.1339726069202162
TSLA,2026-05-15,485.0,6.35,6.45,6.4,6.55,91.0,593.0,391.2000122070313,0.1643835616438356,0.8065979633134666,-0.21492992157275373,0.4054424270396916,0.13259144602413148
TSLA,2026-05-15,490.0,5.8,5.9,5.85,5.95,51.0,3376.0,391.2000122070313,0.1643835616438356,0.7983673718510843,-0.22518642173994274,0.4054424270396916,0.13123847208510975
TSLA,2026-05-15,495.0,5.25,5.35,5.3,5.4,35.0,243.0,391.2000122070313,0.1643835616438356,0.7903030549636996,-0.2353387932039608,0.4054424270396916,0.1299128309529369
TSLA,2026-05-15,500.0,4.8,4.9,4.85,4.86,280.0,5386.0,391.2000122070313,0.1643835616438356,0.7824000244140626,-0.24538912905746216,0.4054424270396916,0.12861370264340755
TSLA,2026-05-15,505.0,4.35,4.45,4.4,4.4,15.0,247.0,391.2000122070313,0.1643835616438356,0.7746534895188739,-0.25533945991063023,0.4054424270396916,0.12734029964693816
TSLA,2026-05-15,510.0,3.95,4.05,4.0,4.0,501.0,17725.0,391.2000122070313,0.1643835616438356,0.7670588474647673,-0.2651917563536419,0.4054424270396916,0.12609186533667407
TSLA,2026-05-15,515.0,3.6,3.7,3.65,3.65,43.0,627.0,391.2000122070313,0.1643835616438356,0.7596116741884104,-0.2749479312990065,0.4054424270396916,0.12486767246932773
TSLA,2026-05-15,520.0,3.3,3.35,3.325,3.29,29.0,1461.0,391.2000122070313,0.1643835616438356,0.7523077157827525,-0.2846098422107436,0.4054424270396916,0.12366702177250724
TSLA,2026-05-15,525.0,3.0,3.1,3.05,3.05,14.0,182.0,391.2000122070313,0.1643835616438356,0.7451428803943454,-0.2941792932268941,0.4054424270396916,0.1224892406127691
TSLA,2026-05-15,530.0,2.75,2.79,2.77,2.74,22.0,1860.0,391.2000122070313,0.1643835616438356,0.7381132305793043,-0.303658037181438,0.4054424270396916,0.12133368173906373
TSLA,2026-05-15,535.0,2.51,2.55,2.53,2.55,9.0,291.0,391.2000122070313,0.1643835616438356,0.731214976087909,-0.313047777531277,0.4054424270396916,0.12019972209664256
TSLA,2026-05-15,540.0,2.29,2.33,2.31,2.33,63.0,1136.0,391.2000122070313,0.1643835616438356,0.7244444670500579,-0.3223501701935906,0.4054424270396916,0.11908676170685883
TSLA,2026-05-15,545.0,2.1,2.13,2.115,2.35,7.0,167.0,391.2000122070313,0.1643835616438356,0.7177981875358372,-0.33156682529851456,0.4054424270396916,0.11799422260863077
TSLA,2026-05-15,550.0,1.91,1.94,1.925,1.94,133.0,3481.0,391.2000122070313,0.1643835616438356,0.7112727494673297,-0.34069930886178706,0.4054424270396916,0.11692154785764322
TSLA,2026-05-15,555.0,1.74,1.78,1.76,1.9,4.0,156.0,391.2000122070313,0.1643835616438356,0.7048648868595159,-0.34974914438170496,0.4054424270396916,0.11586820057964643
TSLA,2026-05-15,560.0,1.59,1.63,1.61,1.61,5.0,839.0,391.2000122070313,0.1643835616438356,0.6985714503696988,-0.3587178143644653,0.4054424270396916,0.11483366307447103
TSLA,2026-05-15,565.0,1.46,1.49,1.475,1.67,26.0,164.0,391.2000122070313,0.1643835616438356,0.6923894021363386,-0.3676067617817114,0.4054424270396916,0.1138174359676173
TSLA,2026-05-15,570.0,1.33,1.37,1.35,1.37,22.0,751.0,391.2000122070313,0.1643835616438356,0.6863158108895286,-0.37641739146386627,0.4054424270396916,0.11281903740649785
TSLA,2026-05-15,575.0,1.22,1.25,1.235,1.3,36.0,140.0,391.2000122070313,0.1643835616438356,0.6803478473165762,-0.38515107143262095,0.4054424270396916,0.11183800229861525
TSLA,2026-05-15,580.0,1.12,1.15,1.135,1.13,174.0,3164.0,391.2000122070313,0.1643835616438356,0.6744827796672953,-0.39380913417573554,0.4054424270396916,0.11087388158914442
TSLA,2026-05-15,585.0,1.02,1.06,1.04,1.29,4.0,126.0,391.2000122070313,0.1643835616438356,0.6687179695846689,-0.40239287786712696,0.4054424270396916,0.10992624157556201
TSLA,2026-05-15,590.0,0.94,0.97,0.955,0.98,12.0,1070.0,391.2000122070313,0.1643835616438356,0.6630508681475107,-0.4109035675350356,0.4054424270396916,0.10899466325712504
TSLA,2026-05-15,595.0,0.86,0.9,0.88,0.99,3.0,269.0,391.2000122070313,0.1643835616438356,0.6574790121126577,-0.41934243618090017,0.4054424270396916,0.10807874171714921
TSLA,2026-05-15,600.0,0.8,0.83,0.815,0.83,284.0,3601.0,391.2000122070313,0.1643835616438356,0.6520000203450522,-0.42771068585141675,0.4054424270396916,0.10717808553617296
TSLA,2026-05-15,605.0,0.73,0.76,0.745,0.94,2.0,86.0,391.2000122070313,0.1643835616438356,0.6466115904248452,-0.4360094886661119,0.4054424270396916,0.10629231623422111
TSLA,2026-05-15,610.0,0.68,0.71,0.6950000000000001,0.77,20.0,1937.0,391.2000122070313,0.1643835616438356,0.6413114954213628,-0.4442399878026274,0.4054424270396916,0.10542106774049799
TSLA,2026-05-15,615.0,0.62,0.66,0.64,0.76,1.0,40.0,391.2000122070313,0.1643835616438356,0.6360975808244411,-0.4524032984417884,0.4054424270396916,0.10456398588894922
TSLA,2026-05-15,620.0,0.58,0.61,0.595,0.64,3.0,1127.0,391.2000122070313,0.1643835616438356,0.6309677616242441,-0.46050050867440767,0.4054424270396916,0.1037207279382319
TSLA,2026-05-15,630.0,0.51,0.53,0.52,0.58,1.0,3529.0,391.2000122070313,0.1643835616438356,0.6209524003286211,-0.4765008500208489,0.4054424270396916,0.10207436717730757
TSLA,2026-05-15,640.0,0.43,0.47,0.4499999999999999,0.48,1.0,2211.0,391.2000122070313,0.1643835616438356,0.6112500190734864,-0.492249206988988,0.4054424270396916,0.10047945519016215
TSLA,2026-05-15,650.0,0.38,0.41,0.395,0.4,107.0,2594.0,391.2000122070313,0.1643835616438356,0.601846172626202,-0.5077533935249533,0.4054424270396916,0.0989336174180058
TSLA,2026-05-15,660.0,0.33,0.37,0.35,0.36,4.0,3260.0,391.2000122070313,0.1643835616438356,0.5927272912227747,-0.5230208656557417,0.4054424270396916,0.09743462321470268
TSLA,2026-05-15,670.0,0.3,0.33,0.315,0.31,22.0,880.0,391.2000122070313,0.1643835616438356,0.5838806152343751,-0.5380587430202822,0.4054424270396916,0.09598037510702055
TSLA,2026-05-15,680.0,0.27,0.3,0.285,0.28,19.0,4291.0,391.2000122070313,0.1643835616438356,0.5752941355985755,-0.5528738288054228,0.4054424270396916,0.09456889900250555
TSLA,2026-05-15,690.0,0.24,0.27,0.255,0.25,69.0,409.0,391.2000122070313,0.1643835616438356,0.5669565394304802,-0.5674726282265755,0.4054424270396916,0.09319833524884605
TSLA,2026-05-15,700.0,0.22,0.26,0.24,0.24,2.0,8896.0,391.2000122070313,0.1643835616438356,0.558857160295759,-0.5818613656786751,0.4054424270396916,0.09186693045957682
TSLA,2026-05-15,710.0,0.19,0.24,0.215,0.24,101.0,6308.0,391.2000122070313,0.1643835616438356,0.5509859326859596,-0.5960460006706315,0.4054424270396916,0.0905730300305687
TSLA,2026-05-15,720.0,0.18,0.22,0.2,0.21,1.0,4347.0,391.2000122070313,0.1643835616438356,0.5433333502875435,-0.6100322426453715,0.4054424270396916,0.08931507128014413
TSLA,2026-05-15,730.0,0.16,0.2,0.18,0.18,3.0,2206.0,391.2000122070313,0.1643835616438356,0.5358904276808648,-0.6238255647777072,0.4054424270396916,0.08809157715301887
TSLA,2026-05-15,740.0,0.15,0.19,0.1699999999999999,0.17,5.0,2733.0,391.2000122070313,0.1643835616438356,0.5286486651446369,-0.6374312168334858,0.4054424270396916,0.08690115043473483
TSLA,2026-05-15,750.0,0.13,0.18,0.155,0.17,10.0,3250.0,391.2000122070313,0.1643835616438356,0.5216000162760417,-0.6508542371656267,0.4054424270396916,0.08574246842893836
TSLA,2026-05-15,760.0,0.12,0.17,0.145,0.14,1.0,883.0,391.2000122070313,0.1643835616438356,0.5147368581671464,-0.6640994639156472,0.4054424270396916,0.08461427805487338
TSLA,2026-05-15,770.0,0.11,0.16,0.135,0.13,2.0,3465.0,391.2000122070313,0.1643835616438356,0.5080519639052354,-0.6771715454830001,0.4054424270396916,0.08351539132688801
TSLA,2026-05-15,780.0,0.1,0.15,0.125,0.13,6.0,1975.0,391.2000122070313,0.1643835616438356,0.5015384771885016,-0.690074950318908,0.4054424270396916,0.0824446811816715
TSLA,2026-05-15,790.0,0.09,0.14,0.115,0.11,20.0,2842.0,391.2000122070313,0.1643835616438356,0.49518988886965987,-0.7028139760963377,0.4054424270396916,0.08140107762240983
TSLA,2026-05-15,800.0,0.08,0.13,0.105,0.13,2020.0,5330.0,391.2000122070313,0.1643835616438356,0.4890000152587891,-0.7153927583031978,0.4054424270396916,0.08038356415212972
TSLA,2026-05-15,810.0,0.08,0.12,0.1,0.11,12.0,2477.0,391.2000122070313,0.1643835616438356,0.48296297803337196,-0.727815278301755,0.4054424270396916,0.07939117447123922
TSLA,2026-05-15,820.0,0.07,0.11,0.09,0.1,1000.0,981.0,391.2000122070313,0.1643835616438356,0.47707318561833084,-0.7400853708935693,0.4054424270396916,0.07842298941671191
TSLA,2026-05-15,830.0,0.07,0.1,0.085,0.1,3.0,1505.0,391.2000122070313,0.1643835616438356,0.47132531591208593,-0.752206731425914,0.4054424270396916,0.07747813412253467
TSLA,2026-05-15,850.0,0.06,0.09,0.075,0.09,270.0,378.0,391.2000122070313,0.1643835616438356,0.46023530847886035,-0.7760173801196326,0.4054424270396916,0.07565511920200443
TSLA,2026-05-15,870.0,0.05,0.08,0.065,0.08,59.0,4074.0,391.2000122070313,0.1643835616438356,0.4496551864448636,-0.7992742422838999,0.4054424270396916,0.07391592105942962
