ticker,expiry,strike,bid,ask,mid,lastPrice,volume,openInterest,spot,time_to_maturity,moneyness,log_moneyness,sqrt_T,moneyness_T_interaction,implied_vol
SPY,2026-03-17,640.0,22.77,23.18,22.975,23.27,6.0,4.0,662.2899780273438,0.0027397260273972,1.0348280906677243,0.0342353169486556,0.0523423922590207,0.0028351454538841,0.475586182925105
SPY,2026-03-17,650.0,14.24,14.58,14.41,14.33,27.0,13.0,662.2899780273438,0.0027397260273972,1.018907658503606,0.0187311304126905,0.0523423922590207,0.0027915278315166,0.4694836230086088
SPY,2026-03-17,655.0,10.49,10.77,10.63,10.58,25.0,56.0,662.2899780273438,0.0027397260273972,1.0111297374463264,0.0110682576671213,0.0523423922590207,0.0027702184587569,0.4566074147037863
SPY,2026-03-17,659.0,7.87,7.98,7.925000000000001,7.91,97.0,42.0,662.2899780273438,0.0027397260273972,1.0049923794041635,0.004979958799866,0.0523423922590207,0.0027534037791894,0.442305255154997
SPY,2026-03-17,660.0,7.26,7.35,7.305,7.29,737.0,672.0,662.2899780273438,0.0027397260273972,1.0034696636777936,0.003463658281902,0.0523423922590207,0.0027492319552815,0.438596029544711
SPY,2026-03-17,661.0,6.66,6.71,6.6850000000000005,6.68,722.0,33.0,662.2899780273438,0.0027397260273972,1.001951555260732,0.0019496534506869,0.0523423922590207,0.0027450727541389,0.43307354183781144
SPY,2026-03-17,662.0,6.09,6.13,6.109999999999999,6.14,2613.0,452.0,662.2899780273438,0.0027397260273972,1.000438033273933,0.0004379373653649,0.0523423922590207,0.0027409261185586,0.428961001533091
SPY,2026-03-17,663.0,5.53,5.58,5.555,5.56,4096.0,48.0,662.2899780273438,0.0027397260273972,0.9989290769643194,-0.0010714968834892,0.0523423922590207,0.002736791991683,0.42437388920485974
SPY,2026-03-17,664.0,5.01,5.05,5.029999999999999,5.03,8506.0,135.0,662.2899780273438,0.0027397260273972,0.9974246657038308,-0.0025786561740606,0.0523423922590207,0.0027326703169967,0.4199815945931376
SPY,2026-03-17,665.0,4.51,4.54,4.525,4.54,13133.0,648.0,662.2899780273438,0.0027397260273972,0.9959247789884867,-0.0040835473534808,0.0523423922590207,0.0027285610383245,0.41500502564576275
SPY,2026-03-17,666.0,4.03,4.07,4.050000000000001,4.07,5318.0,332.0,662.2899780273438,0.0027397260273972,0.9944293964374532,-0.0055861772380158,0.0523423922590207,0.0027244640998285,0.4101227810173035
SPY,2026-03-17,667.0,3.58,3.6,3.59,3.61,3562.0,508.0,662.2899780273438,0.0027397260273972,0.9929384977921196,-0.0070865526132505,0.0523423922590207,0.0027203794460057,0.40415898066759115
SPY,2026-03-17,668.0,3.16,3.19,3.175,3.21,6586.0,1944.0,662.2899780273438,0.0027397260273972,0.9914520629151852,-0.0085846802342724,0.0523423922590207,0.0027163070216853,0.399341913696468
SPY,2026-03-17,669.0,2.77,2.8,2.785,2.85,3859.0,1149.0,662.2899780273438,0.0027397260273972,0.9899700717897516,-0.0100805668258552,0.0523423922590207,0.0027122467720266,0.3941371782449484
SPY,2026-03-17,670.0,2.4,2.44,2.42,2.44,26098.0,2070.0,662.2899780273438,0.0027397260273972,0.9884925045184236,-0.0115742190826384,0.0523423922590207,0.0027081986425161,0.38849595812523374
SPY,2026-03-17,671.0,2.07,2.1,2.085,2.1,4699.0,1192.0,662.2899780273438,0.0027397260273972,0.98701934132242,-0.0130656436693085,0.0523423922590207,0.0027041625789654,0.38280520656222106
SPY,2026-03-17,672.0,1.77,1.8,1.785,1.79,5391.0,1381.0,662.2899780273438,0.0027397260273972,0.98555056254069,-0.0145548472207763,0.0523423922590207,0.0027001385275086,0.3775482574592829
SPY,2026-03-17,673.0,1.5,1.53,1.515,1.55,5142.0,1765.0,662.2899780273438,0.0027397260273972,0.9840861486290398,-0.0160418363423545,0.0523423922590207,0.0026961264346,0.3723608669536113
SPY,2026-03-17,674.0,1.25,1.29,1.27,1.27,3851.0,832.0,662.2899780273438,0.0027397260273972,0.9826260801592636,-0.0175266176099338,0.0523423922590207,0.0026921262470116,0.36680208003014336
SPY,2026-03-17,675.0,1.05,1.08,1.065,1.06,12259.0,3121.0,662.2899780273438,0.0027397260273972,0.981170337818287,-0.0190091975701566,0.0523423922590207,0.0026881379118308,0.3626591413667201
SPY,2026-03-17,676.0,0.87,0.9,0.885,0.88,3727.0,1227.0,662.2899780273438,0.0027397260273972,0.9797189024073132,-0.0204895827405909,0.0523423922590207,0.0026841613764583,0.3585700256795883
SPY,2026-03-17,677.0,0.71,0.74,0.725,0.75,3610.0,1105.0,662.2899780273438,0.0027397260273972,0.9782717548409804,-0.0219677796099017,0.0523423922590207,0.0026801965886053,0.3540449617658853
SPY,2026-03-17,678.0,0.58,0.6,0.59,0.6,3373.0,1139.0,662.2899780273438,0.0027397260273972,0.9768288761465248,-0.0234437946380223,0.0523423922590207,0.0026762434962917,0.34998552918195724
SPY,2026-03-17,679.0,0.47,0.49,0.48,0.51,2742.0,1060.0,662.2899780273438,0.0027397260273972,0.975390247462951,-0.0249176342563229,0.0523423922590207,0.0026723020478436,0.34689240677702426
SPY,2026-03-17,680.0,0.38,0.4,0.39,0.4,8772.0,2608.0,662.2899780273438,0.0027397260273972,0.9739558500402112,-0.0263893048677791,0.0523423922590207,0.0026683721918909,0.34450559917724133
SPY,2026-03-17,681.0,0.3,0.32,0.31,0.32,2200.0,1108.0,662.2899780273438,0.0027397260273972,0.9725256652383902,-0.0278588128471391,0.0523423922590207,0.0026644538773653,0.34116821701943867
SPY,2026-03-17,682.0,0.25,0.26,0.255,0.26,4019.0,1563.0,662.2899780273438,0.0027397260273972,0.9710996745268968,-0.0293261645410889,0.0523423922590207,0.0026605470534982,0.34098833026146885
SPY,2026-03-17,683.0,0.19,0.21,0.2,0.21,3046.0,1377.0,662.2899780273438,0.0027397260273972,0.9696778594836658,-0.0307913662684168,0.0523423922590207,0.0026566516698182,0.3380743793590068
SPY,2026-03-17,684.0,0.15,0.16,0.155,0.16,3708.0,1084.0,662.2899780273438,0.0027397260273972,0.9682602017943622,-0.0322544243201772,0.0523423922590207,0.0026527676761488,0.33513754028058046
SPY,2026-03-17,685.0,0.12,0.13,0.125,0.13,6443.0,4932.0,662.2899780273438,0.0027397260273972,0.9668466832515968,-0.033715344959852,0.0523423922590207,0.002648895022607,0.3350703062636852
SPY,2026-03-17,686.0,0.09,0.11,0.1,0.1,1750.0,1220.0,662.2899780273438,0.0027397260273972,0.9654372857541454,-0.0351741344235119,0.0523423922590207,0.0026450336596003,0.3348678889575004
SPY,2026-03-17,687.0,0.07,0.08,0.075,0.06,1693.0,1309.0,662.2899780273438,0.0027397260273972,0.9640319913061772,-0.036630798919976,0.0523423922590207,0.002641183537825,0.33177655469131473
SPY,2026-03-17,688.0,0.05,0.07,0.06,0.05,2719.0,2009.0,662.2899780273438,0.0027397260273972,0.962630782016488,-0.0380853446309704,0.0523423922590207,0.0026373446082642,0.33226721996355046
SPY,2026-03-17,689.0,0.04,0.05,0.045,0.05,1689.0,1614.0,662.2899780273438,0.0027397260273972,0.9612336400977411,-0.0395377777112853,0.0523423922590207,0.0026335168221855,0.33013575857686994
SPY,2026-03-17,690.0,0.03,0.04,0.035,0.03,1872.0,2602.0,662.2899780273438,0.0027397260273972,0.9598405478657156,-0.0409881042889318,0.0523423922590207,0.0026297001311388,0.32995122265815735
SPY,2026-03-17,691.0,0.02,0.03,0.025,0.02,1035.0,1858.0,662.2899780273438,0.0027397260273972,0.9584514877385584,-0.0424363304652966,0.0523423922590207,0.0026258944869548,0.32673543393516546
SPY,2026-03-18,630.0,32.65,33.1,32.875,33.37,50.0,3.0,662.2899780273438,0.0054794520547945,1.051253933376736,0.0499836739167948,0.0740233210197603,0.0057602955253519,0.4217943202481269
SPY,2026-03-18,645.0,19.38,19.75,19.565,20.14,3.0,10.0,662.2899780273438,0.0054794520547945,1.026806167484254,0.0264531765066007,0.0740233210197603,0.0056263351642972,0.4156711073291004
SPY,2026-03-18,650.0,15.44,15.74,15.59,15.71,24.0,20.0,662.2899780273438,0.0054794520547945,1.018907658503606,0.0187311304126905,0.0740233210197603,0.0055830556630334,0.40629687935376174
SPY,2026-03-18,655.0,11.85,12.13,11.99,12.32,574.0,534.0,662.2899780273438,0.0054794520547945,1.0111297374463264,0.0110682576671213,0.0740233210197603,0.005540436917514,0.3969560001660586
SPY,2026-03-18,657.0,10.61,10.71,10.66,10.65,188.0,15.0,662.2899780273438,0.0054794520547945,1.0080517169365963,0.0080194748177627,0.0740233210197603,0.0055235710517073,0.39258891831067205
SPY,2026-03-18,658.0,9.95,10.05,10.0,9.98,456.0,25.0,662.2899780273438,0.0054794520547945,1.0065197234458112,0.006498561977056,0.0740233210197603,0.0055151765668263,0.3891896665522158
SPY,2026-03-18,659.0,9.33,9.42,9.375,9.39,434.0,44.0,662.2899780273438,0.0054794520547945,1.0049923794041635,0.004979958799866,0.0740233210197603,0.0055068075583789,0.3866296777147651
SPY,2026-03-18,660.0,8.73,8.77,8.75,8.76,739.0,168.0,662.2899780273438,0.0054794520547945,1.0034696636777936,0.003463658281902,0.0740233210197603,0.0054984639105632,0.38304437011966114
SPY,2026-03-18,661.0,8.13,8.18,8.155000000000001,8.15,384.0,222.0,662.2899780273438,0.0054794520547945,1.001951555260732,0.0019496534506869,0.0740233210197603,0.0054901455082779,0.379966357487142
SPY,2026-03-18,662.0,7.56,7.6,7.58,7.58,1062.0,106.0,662.2899780273438,0.0054794520547945,1.000438033273933,0.0004379373653649,0.0740233210197603,0.0054818522371174,0.3768459659663141
SPY,2026-03-18,663.0,7.0,7.04,7.02,7.02,1259.0,199.0,662.2899780273438,0.0054794520547945,0.9989290769643194,-0.0010714968834892,0.0740233210197603,0.0054735839833661,0.373400669635117
SPY,2026-03-18,664.0,6.46,6.5,6.48,6.5,2127.0,273.0,662.2899780273438,0.0054794520547945,0.9974246657038308,-0.0025786561740606,0.0740233210197603,0.0054653406339935,0.36985952906706937
SPY,2026-03-18,665.0,5.94,5.98,5.960000000000001,5.98,5369.0,162.0,662.2899780273438,0.0054794520547945,0.9959247789884867,-0.0040835473534808,0.0740233210197603,0.0054571220766492,0.36619536455321317
SPY,2026-03-18,666.0,5.44,5.48,5.460000000000001,5.49,3435.0,482.0,662.2899780273438,0.0054794520547945,0.9944293964374532,-0.0055861772380158,0.0740233210197603,0.0054489281996572,0.36238072816377875
SPY,2026-03-18,667.0,4.97,5.0,4.984999999999999,5.0,1864.0,634.0,662.2899780273438,0.0054794520547945,0.9929384977921196,-0.0070865526132505,0.0740233210197603,0.0054407588920115,0.3586513859925866
SPY,2026-03-18,668.0,4.5,4.54,4.52,4.56,1948.0,361.0,662.2899780273438,0.0054794520547945,0.9914520629151852,-0.0085846802342724,0.0740233210197603,0.0054326140433708,0.3541872082032263
SPY,2026-03-18,669.0,4.07,4.11,4.09,4.09,3597.0,761.0,662.2899780273438,0.0054794520547945,0.9899700717897516,-0.0100805668258552,0.0740233210197603,0.0054244935440534,0.3502939831158519
SPY,2026-03-18,670.0,3.65,3.69,3.67,3.67,8806.0,1322.0,662.2899780273438,0.0054794520547945,0.9884925045184236,-0.0115742190826384,0.0740233210197603,0.0054163972850324,0.3455926087216735
SPY,2026-03-18,671.0,3.26,3.3,3.28,3.28,3181.0,1241.0,662.2899780273438,0.0054794520547945,0.98701934132242,-0.0130656436693085,0.0740233210197603,0.005408325157931,0.34115766700083017
SPY,2026-03-18,672.0,2.89,2.92,2.905,2.92,3781.0,751.0,662.2899780273438,0.0054794520547945,0.98555056254069,-0.0145548472207763,0.0740233210197603,0.0054002770550174,0.336106175039947
SPY,2026-03-18,673.0,2.54,2.58,2.56,2.59,2056.0,855.0,662.2899780273438,0.0054794520547945,0.9840861486290398,-0.0160418363423545,0.0740233210197603,0.0053922528692001,0.33129518774056427
SPY,2026-03-18,674.0,2.22,2.26,2.24,2.25,2169.0,522.0,662.2899780273438,0.0054794520547945,0.9826260801592636,-0.0175266176099338,0.0740233210197603,0.0053842524940233,0.32643019865101575
SPY,2026-03-18,675.0,1.92,1.96,1.94,1.94,4649.0,1669.0,662.2899780273438,0.0054794520547945,0.981170337818287,-0.0190091975701566,0.0740233210197603,0.0053762758236618,0.32116663343471286
SPY,2026-03-18,676.0,1.65,1.69,1.67,1.67,5430.0,1687.0,662.2899780273438,0.0054794520547945,0.9797189024073132,-0.0204895827405909,0.0740233210197603,0.0053683227529167,0.31618720346534246
SPY,2026-03-18,677.0,1.41,1.44,1.4249999999999998,1.44,1389.0,772.0,662.2899780273438,0.0054794520547945,0.9782717548409804,-0.0219677796099017,0.0740233210197603,0.0053603931772108,0.3111898921085
SPY,2026-03-18,678.0,1.19,1.22,1.205,1.22,1668.0,943.0,662.2899780273438,0.0054794520547945,0.9768288761465248,-0.0234437946380223,0.0740233210197603,0.0053524869925836,0.30622297911036017
SPY,2026-03-18,679.0,0.99,1.02,1.005,1.04,2028.0,838.0,662.2899780273438,0.0054794520547945,0.975390247462951,-0.0249176342563229,0.0740233210197603,0.0053446040956873,0.3009004053153991
SPY,2026-03-18,680.0,0.82,0.85,0.835,0.84,4790.0,2093.0,662.2899780273438,0.0054794520547945,0.9739558500402112,-0.0263893048677791,0.0740233210197603,0.0053367443837819,0.29624176743727915
SPY,2026-03-18,681.0,0.67,0.7,0.685,0.72,2054.0,1371.0,662.2899780273438,0.0054794520547945,0.9725256652383902,-0.0278588128471391,0.0740233210197603,0.0053289077547308,0.2914547411971091
SPY,2026-03-18,682.0,0.54,0.57,0.5549999999999999,0.58,1732.0,1086.0,662.2899780273438,0.0054794520547945,0.9710996745268968,-0.0293261645410889,0.0740233210197603,0.0053210941069966,0.28665394628858554
SPY,2026-03-18,683.0,0.44,0.47,0.4549999999999999,0.46,2612.0,908.0,662.2899780273438,0.0054794520547945,0.9696778594836658,-0.0307913662684168,0.0740233210197603,0.0053133033396365,0.28350431869924064
SPY,2026-03-18,684.0,0.35,0.38,0.365,0.38,2166.0,1087.0,662.2899780273438,0.0054794520547945,0.9682602017943622,-0.0322544243201772,0.0740233210197603,0.0053055353522978,0.2796319254282713
SPY,2026-03-18,685.0,0.28,0.3,0.29,0.29,3065.0,1018.0,662.2899780273438,0.0054794520547945,0.9668466832515968,-0.033715344959852,0.0740233210197603,0.0052977900452142,0.2759211799000503
SPY,2026-03-18,686.0,0.22,0.24,0.2299999999999999,0.23,1995.0,1077.0,662.2899780273438,0.0054794520547945,0.9654372857541454,-0.0351741344235119,0.0740233210197603,0.0052900673192007,0.27278299639868736
SPY,2026-03-18,687.0,0.17,0.19,0.18,0.19,2036.0,1288.0,662.2899780273438,0.0054794520547945,0.9640319913061772,-0.036630798919976,0.0740233210197603,0.0052823670756502,0.2695757907416821
SPY,2026-03-18,688.0,0.13,0.15,0.14,0.13,1832.0,965.0,662.2899780273438,0.0054794520547945,0.962630782016488,-0.0380853446309704,0.0740233210197603,0.0052746892165286,0.26666183983922004
SPY,2026-03-18,689.0,0.1,0.12,0.11,0.1,1761.0,1236.0,662.2899780273438,0.0054794520547945,0.9612336400977411,-0.0395377777112853,0.0740233210197603,0.0052670336443711,0.2646834431293011
SPY,2026-03-18,690.0,0.08,0.09,0.0849999999999999,0.09,1473.0,1699.0,662.2899780273438,0.0054794520547945,0.9598405478657156,-0.0409881042889318,0.0740233210197603,0.0052594002622778,0.26244183239579205
SPY,2026-03-18,691.0,0.06,0.07,0.065,0.06,1283.0,1352.0,662.2899780273438,0.0054794520547945,0.9584514877385584,-0.0424363304652966,0.0740233210197603,0.0052517889739098,0.2602288318822384
SPY,2026-03-18,692.0,0.04,0.06,0.05,0.05,1544.0,3087.0,662.2899780273438,0.0054794520547945,0.957066442236046,-0.0438824623152963,0.0740233210197603,0.0052441996834851,0.2586073476662636
SPY,2026-03-18,693.0,0.03,0.04,0.035,0.03,602.0,1188.0,662.2899780273438,0.0054794520547945,0.955685393978851,-0.04532650588753,0.0740233210197603,0.0052366322957745,0.2543358418269157
SPY,2026-03-18,694.0,0.02,0.03,0.025,0.04,933.0,1655.0,662.2899780273438,0.0054794520547945,0.9543083256878152,-0.0467684672044312,0.0740233210197603,0.0052290867160975,0.2513045890226364
SPY,2026-03-19,615.0,46.23,49.03,47.629999999999995,57.98,2.0,2.0,662.2899780273438,0.0082191780821917,1.0768942732151932,0.0740812254958554,0.0906596827823244,0.008851185807248,0.3952283005084992
SPY,2026-03-19,650.0,16.39,16.7,16.545,16.89,2014.0,227.0,662.2899780273438,0.0082191780821917,1.018907658503606,0.0187311304126905,0.0906596827823244,0.0083745834945501,0.3773787419060468
SPY,2026-03-19,655.0,12.87,13.18,13.025,13.0,665.0,1205.0,662.2899780273438,0.0082191780821917,1.0111297374463264,0.0110682576671213,0.0906596827823244,0.008310655376271,0.36865959856075037
SPY,2026-03-19,656.0,12.3,12.43,12.365,13.41,89.0,6.0,662.2899780273438,0.0082191780821917,1.0095883811392434,0.0095427043582841,0.0906596827823244,0.008297986694295,0.36681446289096775
SPY,2026-03-19,660.0,9.81,9.86,9.835,9.87,251.0,277.0,662.2899780273438,0.0082191780821917,1.0034696636777936,0.003463658281902,0.0906596827823244,0.0082476958658447,0.35699235086292025
SPY,2026-03-19,661.0,9.22,9.27,9.245,9.15,125.0,19.0,662.2899780273438,0.0082191780821917,1.001951555260732,0.0019496534506869,0.0906596827823244,0.0082352182624168,0.35449351637062426
SPY,2026-03-19,662.0,8.65,8.69,8.67,8.7,317.0,168.0,662.2899780273438,0.0082191780821917,1.000438033273933,0.0004379373653649,0.0906596827823244,0.008222778355676,0.35185833629885305
SPY,2026-03-19,663.0,8.09,8.13,8.11,8.13,1058.0,198.0,662.2899780273438,0.0082191780821917,0.9989290769643194,-0.0010714968834892,0.0906596827823244,0.0082103759750491,0.349070717398882
SPY,2026-03-19,664.0,7.55,7.59,7.57,7.58,1044.0,256.0,662.2899780273438,0.0082191780821917,0.9974246657038308,-0.0025786561740606,0.0906596827823244,0.0081980109509903,0.3463229739929736
SPY,2026-03-19,665.0,7.01,7.06,7.035,7.05,2514.0,836.0,662.2899780273438,0.0082191780821917,0.9959247789884867,-0.0040835473534808,0.0906596827823244,0.0081856831149737,0.34297003502807016
SPY,2026-03-19,666.0,6.5,6.55,6.525,6.43,1023.0,173.0,662.2899780273438,0.0082191780821917,0.9944293964374532,-0.0055861772380158,0.0906596827823244,0.0081733922994858,0.33983118097467724
SPY,2026-03-19,667.0,6.01,6.05,6.029999999999999,6.03,1462.0,367.0,662.2899780273438,0.0082191780821917,0.9929384977921196,-0.0070865526132505,0.0906596827823244,0.0081611383380173,0.33646845195013275
SPY,2026-03-19,668.0,5.53,5.58,5.555,5.79,1342.0,769.0,662.2899780273438,0.0082191780821917,0.9914520629151852,-0.0085846802342724,0.0906596827823244,0.0081489210650562,0.33307563749116653
SPY,2026-03-19,669.0,5.08,5.12,5.1,5.15,1538.0,637.0,662.2899780273438,0.0082191780821917,0.9899700717897516,-0.0100805668258552,0.0906596827823244,0.00813674031608,0.3296373149010837
SPY,2026-03-19,670.0,4.64,4.67,4.654999999999999,4.68,5539.0,988.0,662.2899780273438,0.0082191780821917,0.9884925045184236,-0.0115742190826384,0.0906596827823244,0.0081245959275486,0.3256924126039148
SPY,2026-03-19,671.0,4.21,4.25,4.23,4.21,1368.0,590.0,662.2899780273438,0.0082191780821917,0.98701934132242,-0.0130656436693085,0.0906596827823244,0.0081124877368965,0.3216531859878301
SPY,2026-03-19,672.0,3.81,3.85,3.83,3.85,1658.0,695.0,662.2899780273438,0.0082191780821917,0.98555056254069,-0.0145548472207763,0.0906596827823244,0.0081004155825261,0.3177342117024958
SPY,2026-03-19,673.0,3.42,3.46,3.44,3.47,1558.0,1107.0,662.2899780273438,0.0082191780821917,0.9840861486290398,-0.0160418363423545,0.0906596827823244,0.0080883793038002,0.3132118299969136
SPY,2026-03-19,674.0,3.06,3.1,3.08,3.03,2380.0,943.0,662.2899780273438,0.0082191780821917,0.9826260801592636,-0.0175266176099338,0.0906596827823244,0.0080763787410349,0.3090168564959466
SPY,2026-03-19,675.0,2.71,2.76,2.735,2.75,5615.0,2472.0,662.2899780273438,0.0082191780821917,0.981170337818287,-0.0190091975701566,0.0906596827823244,0.0080644137354926,0.3044006869130731
SPY,2026-03-19,676.0,2.39,2.44,2.415,2.44,1586.0,893.0,662.2899780273438,0.0082191780821917,0.9797189024073132,-0.0204895827405909,0.0906596827823244,0.008052484129375,0.2998507678707837
SPY,2026-03-19,677.0,2.1,2.14,2.12,2.15,1603.0,643.0,662.2899780273438,0.0082191780821917,0.9782717548409804,-0.0219677796099017,0.0906596827823244,0.0080405897658161,0.29537961634030935
SPY,2026-03-19,678.0,1.82,1.86,1.84,1.86,1551.0,825.0,662.2899780273438,0.0082191780821917,0.9768288761465248,-0.0234437946380223,0.0906596827823244,0.0080287304888754,0.290404924938619
SPY,2026-03-19,679.0,1.56,1.6,1.58,1.61,1223.0,1141.0,662.2899780273438,0.0082191780821917,0.975390247462951,-0.0249176342563229,0.0906596827823244,0.008016906143531,0.28516916527983543
SPY,2026-03-19,680.0,1.34,1.38,1.36,1.36,5816.0,3117.0,662.2899780273438,0.0082191780821917,0.9739558500402112,-0.0263893048677791,0.0906596827823244,0.0080051165756728,0.28103418383383744
SPY,2026-03-19,681.0,1.13,1.17,1.15,1.15,1599.0,1139.0,662.2899780273438,0.0082191780821917,0.9725256652383902,-0.0278588128471391,0.0906596827823244,0.0079933616320962,0.2760484953788519
SPY,2026-03-19,682.0,0.95,0.98,0.965,0.98,1765.0,1178.0,662.2899780273438,0.0082191780821917,0.9710996745268968,-0.0293261645410889,0.0906596827823244,0.0079816411604949,0.27127309204053884
SPY,2026-03-19,683.0,0.79,0.82,0.8049999999999999,0.84,1487.0,716.0,662.2899780273438,0.0082191780821917,0.9696778594836658,-0.0307913662684168,0.0906596827823244,0.0079699550094547,0.26684995203542705
SPY,2026-03-19,684.0,0.65,0.68,0.665,0.66,1455.0,1472.0,662.2899780273438,0.0082191780821917,0.9682602017943622,-0.0322544243201772,0.0906596827823244,0.0079583030284467,0.2624920790945888
SPY,2026-03-19,685.0,0.53,0.56,0.545,0.53,2772.0,2261.0,662.2899780273438,0.0082191780821917,0.9668466832515968,-0.033715344959852,0.0906596827823244,0.0079466850678212,0.25834967687279
SPY,2026-03-19,686.0,0.43,0.45,0.44,0.49,1542.0,1081.0,662.2899780273438,0.0082191780821917,0.9654372857541454,-0.0351741344235119,0.0906596827823244,0.0079351009788011,0.25402041415190696
SPY,2026-03-19,687.0,0.34,0.37,0.355,0.34,3161.0,1014.0,662.2899780273438,0.0082191780821917,0.9640319913061772,-0.036630798919976,0.0906596827823244,0.0079235506134753,0.25034882886224985
SPY,2026-03-19,688.0,0.27,0.29,0.28,0.29,3932.0,1090.0,662.2899780273438,0.0082191780821917,0.962630782016488,-0.0380853446309704,0.0906596827823244,0.0079120338247929,0.24616762402963638
SPY,2026-03-19,689.0,0.21,0.23,0.22,0.24,1675.0,1210.0,662.2899780273438,0.0082191780821917,0.9612336400977411,-0.0395377777112853,0.0906596827823244,0.0079005504665567,0.2424726141223908
SPY,2026-03-19,690.0,0.17,0.19,0.18,0.18,2248.0,3027.0,662.2899780273438,0.0082191780821917,0.9598405478657156,-0.0409881042889318,0.0906596827823244,0.0078891003934167,0.24102922852563863
SPY,2026-03-19,691.0,0.13,0.15,0.14,0.14,607.0,875.0,662.2899780273438,0.0082191780821917,0.9584514877385584,-0.0424363304652966,0.0906596827823244,0.0078776834608647,0.23788854163002965
SPY,2026-03-19,692.0,0.1,0.12,0.11,0.11,980.0,1479.0,662.2899780273438,0.0082191780821917,0.957066442236046,-0.0438824623152963,0.0906596827823244,0.0078662995252276,0.2355947172451019
SPY,2026-03-19,693.0,0.08,0.1,0.09,0.08,1494.0,2535.0,662.2899780273438,0.0082191780821917,0.955685393978851,-0.04532650588753,0.0906596827823244,0.0078549484436617,0.23504182474446295
SPY,2026-03-19,694.0,0.07,0.08,0.075,0.07,1052.0,5301.0,662.2899780273438,0.0082191780821917,0.9543083256878152,-0.0467684672044312,0.0906596827823244,0.0078436300741463,0.23525425562763214
SPY,2026-03-19,695.0,0.05,0.07,0.06,0.06,1930.0,3483.0,662.2899780273438,0.0082191780821917,0.9529352201832284,-0.0482083522624189,0.0906596827823244,0.0078323442754785,0.23428150814914706
SPY,2026-03-19,696.0,0.04,0.06,0.05,0.06,302.0,1369.0,662.2899780273438,0.0082191780821917,0.9515660603841146,-0.0496461670320463,0.0906596827823244,0.0078210909072666,0.23471924451446535
SPY,2026-03-19,698.0,0.03,0.04,0.035,0.05,211.0,1366.0,662.2899780273438,0.0082191780821917,0.9488395100678276,-0.0525156094599992,0.0906596827823244,0.007798680904667,0.23601671798944474
SPY,2026-03-19,700.0,0.02,0.03,0.025,0.04,311.0,4653.0,662.2899780273438,0.0082191780821917,0.9461285400390624,-0.0553768417410313,0.0906596827823244,0.007776398959225,0.23803230798530578
SPY,2026-03-20,255.0,410.07,413.38,411.725,355.14,,22.0,662.2899780273438,0.010958904109589,2.5972156001072304,0.9544399481439472,0.1046847845180425,0.0284626367135037,3.0
SPY,2026-03-20,275.0,416.21,419.02,417.615,403.22,2.0,10.0,662.2899780273438,0.010958904109589,2.4083271928267047,0.878932395635802,0.1046847845180425,0.0263926267707035,3.0
SPY,2026-03-20,290.0,402.08,404.89,403.485,404.0,2.0,13.0,662.2899780273438,0.010958904109589,2.283758544921875,0.8258225703218535,0.1046847845180425,0.0250274909032533,3.0
SPY,2026-03-20,305.0,371.24,374.04,372.64,388.95,7.0,8.0,662.2899780273438,0.010958904109589,2.171442550909324,0.7753917166949617,0.1046847845180425,0.0237966306948966,3.0
SPY,2026-03-20,310.0,354.53,358.03,356.28,368.15,1.0,1.0,662.2899780273438,0.010958904109589,2.1364192839591736,0.7591311958231814,0.1046847845180425,0.0234128140707853,3.0
SPY,2026-03-20,330.0,362.25,365.06,363.655,366.54,1.0,19.0,662.2899780273438,0.010958904109589,2.006939327355587,0.6966108388418473,0.1046847845180425,0.0219938556422529,3.0
SPY,2026-03-20,335.0,356.48,359.29,357.885,359.1,5.0,2.0,662.2899780273438,0.010958904109589,1.976985009036847,0.6815729614773068,0.1046847845180425,0.0216655891401297,3.0
SPY,2026-03-20,610.0,52.33,52.85,52.59,53.05,33.0,3194.0,662.2899780273438,0.010958904109589,1.085721275454662,0.0822445361350163,0.1046847845180425,0.0118983153474483,0.3288468681678772
SPY,2026-03-20,611.0,50.18,52.98,51.58,51.82,2.0,3.0,662.2899780273438,0.010958904109589,1.0839443175570274,0.0806065341307778,0.1046847845180425,0.0118788418362413,0.31572479078531257
SPY,2026-03-20,612.0,49.21,52.01,50.61,66.81,,8.0,662.2899780273438,0.010958904109589,1.082173166711346,0.078971210790047,0.1046847845180425,0.0118594319639599,0.3286694848041535
SPY,2026-03-20,613.0,48.24,51.04,49.64,71.57,1.0,3.0,662.2899780273438,0.010958904109589,1.080407794498114,0.0773385573661619,0.1046847845180425,0.0118400854191573,0.33677261435103417
SPY,2026-03-20,615.0,47.46,47.99,47.725,48.43,13.0,1933.0,662.2899780273438,0.010958904109589,1.0768942732151932,0.0740812254958554,0.1046847845180425,0.0118015810763308,0.353102612646103
SPY,2026-03-20,616.0,45.33,48.13,46.73,53.76,32.0,37.0,662.2899780273438,0.010958904109589,1.0751460682262073,0.0724565297688533,0.1046847845180425,0.0117824226654926,0.34783404064130785
SPY,2026-03-20,617.0,44.37,47.17,45.77,70.64,,3.0,662.2899780273438,0.010958904109589,1.0734035300281095,0.0708344693969853,0.1046847845180425,0.0117633263564723,0.35147254536414146
SPY,2026-03-20,618.0,43.41,46.2,44.805,47.5,1.0,10.0,662.2899780273438,0.010958904109589,1.0716666311122067,0.0692150358446824,0.1046847845180425,0.0117442918478049,0.352718520443201
SPY,2026-03-20,620.0,42.62,43.18,42.9,43.39,289.0,8391.0,662.2899780273438,0.010958904109589,1.0682096419795868,0.065984015263236,0.1046847845180425,0.0117064070353926,0.35747532713854313
SPY,2026-03-20,623.0,38.65,41.44,40.045,50.39,1.0,2.0,662.2899780273438,0.010958904109589,1.0630657753247894,0.0611569745149201,0.1046847845180425,0.0116500358939702,0.3585013611516953
SPY,2026-03-20,624.0,37.71,40.51,39.11,64.93,2.0,2.0,662.2899780273438,0.010958904109589,1.0613621442745893,0.0595531249329455,0.1046847845180425,0.0116313659646529,0.35980402022904157
SPY,2026-03-20,625.0,37.89,38.46,38.175,38.55,198.0,3802.0,662.2899780273438,0.010958904109589,1.05966396484375,0.0579518435659717,0.1046847845180425,0.0116127557791095,0.3603245474183559
SPY,2026-03-20,626.0,36.95,37.52,37.235,39.67,4.0,4.0,662.2899780273438,0.010958904109589,1.0579712109063,0.0563531222022747,0.1046847845180425,0.0115942050510279,0.35959391392624374
SPY,2026-03-20,627.0,36.03,36.6,36.315,51.8,2.0,4.0,662.2899780273438,0.010958904109589,1.0562838565029409,0.0547569526694526,0.1046847845180425,0.0115757134959225,0.3605146265671849
SPY,2026-03-20,628.0,35.1,35.68,35.39,35.54,27.0,9.0,662.2899780273438,0.010958904109589,1.054601875839719,0.0531633268341745,0.1046847845180425,0.0115572808311201,0.3602108217940331
SPY,2026-03-20,629.0,34.18,34.76,34.47,40.39,1.0,1.0,662.2899780273438,0.010958904109589,1.052925243286715,0.0515722366019327,0.1046847845180425,0.0115389067757447,0.3598154643170237
SPY,2026-03-20,630.0,33.27,33.85,33.56,33.66,328.0,9212.0,662.2899780273438,0.010958904109589,1.051253933376736,0.0499836739167948,0.1046847845180425,0.0115205910507039,0.3597659328737258
SPY,2026-03-20,631.0,32.38,32.94,32.66,39.13,11.0,6.0,662.2899780273438,0.010958904109589,1.0495879208040313,0.04839763076116,0.1046847845180425,0.0115023333786742,0.35997514510715
SPY,2026-03-20,632.0,31.46,32.04,31.75,36.8,4.0,3.0,662.2899780273438,0.010958904109589,1.0479271804230124,0.0468140991555159,0.1046847845180425,0.0114841334840877,0.3587445480213165
SPY,2026-03-20,633.0,30.61,31.15,30.88,39.85,1.0,2.0,662.2899780273438,0.010958904109589,1.0462716872469886,0.0452330711581971,0.1046847845180425,0.0114659910931176,0.3601236500301063
SPY,2026-03-20,634.0,29.68,30.27,29.975,36.31,1.0,2.0,662.2899780273438,0.010958904109589,1.0446214164469143,0.0436545388651474,0.1046847845180425,0.0114479059336647,0.3581953212051094
SPY,2026-03-20,635.0,28.82,29.39,29.105,29.42,141.0,1186.0,662.2899780273438,0.010958904109589,1.0429763433501476,0.0420784944096815,0.1046847845180425,0.011429877735344,0.3582962616373897
SPY,2026-03-20,636.0,27.93,28.52,28.225,30.05,12.0,2.0,662.2899780273438,0.010958904109589,1.0413364434392198,0.0405049299622511,0.1046847845180425,0.0114119062294708,0.3571144807393551
SPY,2026-03-20,638.0,26.23,26.78,26.505000000000003,33.9,2.0,4.0,662.2899780273438,0.010958904109589,1.0380720658735796,0.0373652099575834,0.1046847845180425,0.0113761322287515,0.3557452134936749
SPY,2026-03-20,639.0,25.43,25.96,25.695,25.99,3.0,21.0,662.2899780273438,0.010958904109589,1.0364475399488948,0.0357990389248384,0.1046847845180425,0.0113583292049193,0.3572004008061588
SPY,2026-03-20,640.0,24.61,25.12,24.865,25.0,248.0,3047.0,662.2899780273438,0.010958904109589,1.0348280906677243,0.0342353169486556,0.1046847845180425,0.0113405818155366,0.3568065632470846
SPY,2026-03-20,641.0,23.75,24.29,24.02,24.64,16.0,29.0,662.2899780273438,0.010958904109589,1.033213694270427,0.0326740363817032,0.1046847845180425,0.0113228898002238,0.3550223584051133
SPY,2026-03-20,642.0,22.96,23.48,23.22,24.34,26.0,27.0,662.2899780273438,0.010958904109589,1.0316043271453952,0.031115189612412,0.1046847845180425,0.0113052529002234,0.35513071961319453
SPY,2026-03-20,643.0,22.15,22.64,22.395,22.36,19.0,12.0,662.2899780273438,0.010958904109589,1.0299999658279062,0.0295587690647537,0.1046847845180425,0.0112876708583879,0.3533575118245184
SPY,2026-03-20,644.0,21.35,21.87,21.61,21.54,21.0,53.0,662.2899780273438,0.010958904109589,1.028400586998981,0.0280047671980196,0.1046847845180425,0.0112701434191668,0.35306667105728395
SPY,2026-03-20,645.0,20.56,21.0,20.78,20.95,811.0,4162.0,662.2899780273438,0.010958904109589,1.026806167484254,0.0264531765066007,0.1046847845180425,0.0112526703285945,0.35003693817093967
SPY,2026-03-20,646.0,19.78,20.3,20.04,20.0,18.0,64.0,662.2899780273438,0.010958904109589,1.025216684252854,0.0249039895197713,0.1046847845180425,0.0112352513342778,0.35076140258437394
SPY,2026-03-20,647.0,19.16,19.38,19.27,20.0,6.0,100.0,662.2899780273438,0.010958904109589,1.0236321144162963,0.0233571988014726,0.1046847845180425,0.011217886185384,0.34948377744948866
SPY,2026-03-20,648.0,18.26,18.78,18.520000000000003,20.33,70.0,12.0,662.2899780273438,0.010958904109589,1.0220524352273823,0.0218127969500985,0.1046847845180425,0.0112005746326288,0.3485470609667599
SPY,2026-03-20,649.0,17.44,18.01,17.725,19.48,4.0,84.0,662.2899780273438,0.010958904109589,1.020477624079112,0.0202707765982831,0.1046847845180425,0.0111833164282641,0.34511490745535484
SPY,2026-03-20,650.0,16.78,17.21,16.995,17.22,1148.0,24865.0,662.2899780273438,0.010958904109589,1.018907658503606,0.0187311304126905,0.1046847845180425,0.0111661113260668,0.3439620049980878
SPY,2026-03-20,651.0,16.05,16.5,16.275,16.55,60.0,24.0,662.2899780273438,0.010958904109589,1.017342516171035,0.017193851093804,0.1046847845180425,0.0111489590813263,0.34265782600280636
SPY,2026-03-20,652.0,15.35,15.86,15.605,15.54,34.0,33.0,662.2899780273438,0.010958904109589,1.015782174888564,0.0156589313757202,0.1046847845180425,0.0111318594508335,0.3428077614367604
SPY,2026-03-20,653.0,14.66,15.13,14.895,14.85,18.0,52.0,662.2899780273438,0.010958904109589,1.0142266125993014,0.0141263640259422,0.1046847845180425,0.011114812192869,0.3407553357827068
SPY,2026-03-20,654.0,13.96,14.45,14.205,15.0,114.0,26.0,662.2899780273438,0.010958904109589,1.0126758073812596,0.0125961418451745,0.1046847845180425,0.0110978170671918,0.33893523405538495
SPY,2026-03-20,655.0,13.31,13.8,13.555,13.95,412.0,3356.0,662.2899780273438,0.010958904109589,1.0111297374463264,0.0110682576671213,0.1046847845180425,0.0110808738350281,0.33808649399901924
SPY,2026-03-20,656.0,12.64,13.14,12.89,12.81,39.0,34.0,662.2899780273438,0.010958904109589,1.0095883811392434,0.0095427043582841,0.1046847845180425,0.0110639822590601,0.33607439087371527
SPY,2026-03-20,657.0,11.94,12.43,12.185,12.19,94.0,51.0,662.2899780273438,0.010958904109589,1.0080517169365963,0.0080194748177627,0.1046847845180425,0.0110471421034147,0.33199399236297605
SPY,2026-03-20,658.0,11.52,11.59,11.555,11.55,99.0,92.0,662.2899780273438,0.010958904109589,1.0065197234458112,0.006498561977056,0.1046847845180425,0.0110303531336526,0.3301483649550378
SPY,2026-03-20,659.0,10.9,10.97,10.935,10.91,360.0,49.0,662.2899780273438,0.010958904109589,1.0049923794041635,0.004979958799866,0.1046847845180425,0.0110136151167579,0.32807135239320995
SPY,2026-03-20,660.0,10.29,10.36,10.325,10.35,2406.0,11473.0,662.2899780273438,0.010958904109589,1.0034696636777936,0.003463658281902,0.1046847845180425,0.0109969278211264,0.32575410339069366
SPY,2026-03-20,661.0,9.7,9.77,9.735,9.78,1448.0,131.0,662.2899780273438,0.010958904109589,1.001951555260732,0.0019496534506869,0.1046847845180425,0.0109802910165559,0.3235491495015025
SPY,2026-03-20,662.0,9.13,9.2,9.165,9.13,2773.0,242.0,662.2899780273438,0.010958904109589,1.000438033273933,0.0004379373653649,0.1046847845180425,0.0109637044742348,0.3214411127324104
SPY,2026-03-20,663.0,8.57,8.63,8.600000000000001,8.61,5097.0,387.0,662.2899780273438,0.010958904109589,0.9989290769643194,-0.0010714968834892,0.1046847845180425,0.0109471679667322,0.31887468659546964
SPY,2026-03-20,664.0,8.02,8.09,8.055,8.07,4663.0,740.0,662.2899780273438,0.010958904109589,0.9974246657038308,-0.0025786561740606,0.1046847845180425,0.0109306812679871,0.31637956249107413
SPY,2026-03-20,665.0,7.52,7.56,7.539999999999999,7.54,12838.0,10047.0,662.2899780273438,0.010958904109589,0.9959247789884867,-0.0040835473534808,0.1046847845180425,0.0109142441532984,0.3143064838344901
SPY,2026-03-20,666.0,6.98,7.04,7.01,7.02,2845.0,1112.0,662.2899780273438,0.010958904109589,0.9944293964374532,-0.0055861772380158,0.1046847845180425,0.0108978563993145,0.31100705492159725
SPY,2026-03-20,667.0,6.48,6.54,6.51,6.53,6424.0,2564.0,662.2899780273438,0.010958904109589,0.9929384977921196,-0.0070865526132505,0.1046847845180425,0.0108815177840231,0.3081007036088109
SPY,2026-03-20,668.0,6.0,6.06,6.029999999999999,6.08,5274.0,2563.0,662.2899780273438,0.010958904109589,0.9914520629151852,-0.0085846802342724,0.1046847845180425,0.0108652280867417,0.3052125466077774
SPY,2026-03-20,669.0,5.54,5.59,5.5649999999999995,5.58,5300.0,2800.0,662.2899780273438,0.010958904109589,0.9899700717897516,-0.0100805668258552,0.1046847845180425,0.0108489870881068,0.3021435193724632
SPY,2026-03-20,670.0,5.1,5.15,5.125,5.12,48497.0,21951.0,662.2899780273438,0.010958904109589,0.9884925045184236,-0.0115742190826384,0.1046847845180425,0.0108327945700648,0.29925835750383134
SPY,2026-03-20,671.0,4.66,4.72,4.6899999999999995,4.69,4245.0,2974.0,662.2899780273438,0.010958904109589,0.98701934132242,-0.0130656436693085,0.1046847845180425,0.010816650315862,0.29577711958381525
SPY,2026-03-20,672.0,4.25,4.3,4.275,4.28,6644.0,3879.0,662.2899780273438,0.010958904109589,0.98555056254069,-0.0145548472207763,0.1046847845180425,0.0108005541100349,0.29225242989224187
SPY,2026-03-20,673.0,3.86,3.91,3.885,3.93,2766.0,2716.0,662.2899780273438,0.010958904109589,0.9840861486290398,-0.0160418363423545,0.1046847845180425,0.0107845057384003,0.28887687097218634
SPY,2026-03-20,674.0,3.49,3.53,3.51,3.51,2562.0,4000.0,662.2899780273438,0.010958904109589,0.9826260801592636,-0.0175266176099338,0.1046847845180425,0.0107685049880466,0.2852343429371714
SPY,2026-03-20,675.0,3.15,3.18,3.165,3.18,13950.0,10935.0,662.2899780273438,0.010958904109589,0.981170337818287,-0.0190091975701566,0.1046847845180425,0.0107525516473236,0.2819501579070985
SPY,2026-03-20,676.0,2.8,2.85,2.825,2.84,2233.0,4398.0,662.2899780273438,0.010958904109589,0.9797189024073132,-0.0204895827405909,0.1046847845180425,0.0107366455058335,0.2779284550507367
SPY,2026-03-20,677.0,2.48,2.53,2.505,2.49,4363.0,3569.0,662.2899780273438,0.010958904109589,0.9782717548409804,-0.0219677796099017,0.1046847845180425,0.0107207863544216,0.2737880197815597
SPY,2026-03-20,678.0,2.18,2.23,2.205,2.2,2761.0,3620.0,662.2899780273438,0.010958904109589,0.9768288761465248,-0.0234437946380223,0.1046847845180425,0.0107049739851673,0.26951356351327904
SPY,2026-03-20,679.0,1.92,1.96,1.94,1.94,2552.0,3690.0,662.2899780273438,0.010958904109589,0.975390247462951,-0.0249176342563229,0.1046847845180425,0.0106892081913747,0.2658795291373134
SPY,2026-03-20,680.0,1.66,1.7,1.68,1.7,23297.0,23657.0,662.2899780273438,0.010958904109589,0.9739558500402112,-0.0263893048677791,0.1046847845180425,0.0106734887675639,0.26133926604425917
SPY,2026-03-20,681.0,1.43,1.48,1.455,1.45,2878.0,3412.0,662.2899780273438,0.010958904109589,0.9725256652383902,-0.0278588128471391,0.1046847845180425,0.0106578155094617,0.2575260601658226
SPY,2026-03-20,682.0,1.22,1.27,1.245,1.25,3097.0,4808.0,662.2899780273438,0.010958904109589,0.9710996745268968,-0.0293261645410889,0.1046847845180425,0.0106421882139933,0.2533455705887079
SPY,2026-03-20,683.0,1.03,1.08,1.0550000000000002,1.06,3733.0,5578.0,662.2899780273438,0.010958904109589,0.9696778594836658,-0.0307913662684168,0.1046847845180425,0.010626606679273,0.24909820462244747
SPY,2026-03-20,684.0,0.87,0.91,0.89,0.9,2974.0,5378.0,662.2899780273438,0.010958904109589,0.9682602017943622,-0.0322544243201772,0.1046847845180425,0.0106110707045957,0.24520524775588512
SPY,2026-03-20,685.0,0.73,0.76,0.745,0.75,18242.0,41999.0,662.2899780273438,0.010958904109589,0.9668466832515968,-0.033715344959852,0.1046847845180425,0.0105955800904284,0.2414259271067083
SPY,2026-03-20,686.0,0.6,0.62,0.61,0.63,2323.0,5451.0,662.2899780273438,0.010958904109589,0.9654372857541454,-0.0351741344235119,0.1046847845180425,0.0105801346384015,0.23694333148825167
SPY,2026-03-20,687.0,0.49,0.51,0.5,0.5,2245.0,5681.0,662.2899780273438,0.010958904109589,0.9640319913061772,-0.036630798919976,0.1046847845180425,0.0105647341513005,0.233203439298451
SPY,2026-03-20,688.0,0.4,0.42,0.41,0.42,2286.0,6708.0,662.2899780273438,0.010958904109589,0.962630782016488,-0.0380853446309704,0.1046847845180425,0.0105493784330573,0.2300525600119829
SPY,2026-03-20,689.0,0.32,0.34,0.33,0.34,2050.0,4559.0,662.2899780273438,0.010958904109589,0.9612336400977411,-0.0395377777112853,0.1046847845180425,0.0105340672887423,0.2265279597273469
SPY,2026-03-20,690.0,0.26,0.27,0.265,0.27,17365.0,51958.0,662.2899780273438,0.010958904109589,0.9598405478657156,-0.0409881042889318,0.1046847845180425,0.0105188005245557,0.22343394325304033
SPY,2026-03-20,691.0,0.21,0.22,0.215,0.22,1960.0,7587.0,662.2899780273438,0.010958904109589,0.9584514877385584,-0.0424363304652966,0.1046847845180425,0.0105035779478197,0.22120735288500787
SPY,2026-03-20,692.0,0.17,0.18,0.175,0.18,2089.0,7347.0,662.2899780273438,0.010958904109589,0.957066442236046,-0.0438824623152963,0.1046847845180425,0.0104883993669703,0.2194435328247547
SPY,2026-03-20,693.0,0.13,0.14,0.135,0.14,3966.0,6813.0,662.2899780273438,0.010958904109589,0.955685393978851,-0.04532650588753,0.1046847845180425,0.010473264591549,0.21610114387845997
SPY,2026-03-20,694.0,0.11,0.12,0.1149999999999999,0.11,28124.0,8630.0,662.2899780273438,0.010958904109589,0.9543083256878152,-0.0467684672044312,0.1046847845180425,0.0104581734321951,0.216452334328413
SPY,2026-03-20,695.0,0.09,0.1,0.095,0.1,44813.0,22418.0,662.2899780273438,0.010958904109589,0.9529352201832284,-0.0482083522624189,0.1046847845180425,0.010443125700638,0.21590373336076735
SPY,2026-03-20,696.0,0.07,0.08,0.075,0.07,1671.0,7120.0,662.2899780273438,0.010958904109589,0.9515660603841146,-0.0496461670320463,0.1046847845180425,0.0104281212096888,0.21414492008900643
SPY,2026-03-20,697.0,0.05,0.06,0.055,0.06,4730.0,9957.0,662.2899780273438,0.010958904109589,0.9502008293075234,-0.0510819174581505,0.1046847845180425,0.010413159773233,0.21061084266901015
SPY,2026-03-20,698.0,0.04,0.05,0.045,0.05,1697.0,9256.0,662.2899780273438,0.010958904109589,0.9488395100678276,-0.0525156094599992,0.1046847845180425,0.0103982412062227,0.2103705168213844
SPY,2026-03-20,699.0,0.04,0.05,0.045,0.05,1534.0,7670.0,662.2899780273438,0.010958904109589,0.9474820858760282,-0.053947248931437,0.1046847845180425,0.0103833653246687,0.2154066307890415
SPY,2026-03-20,700.0,0.03,0.04,0.035,0.04,21629.0,70414.0,662.2899780273438,0.010958904109589,0.9461285400390624,-0.0553768417410313,0.1046847845180425,0.0103685319456335,0.21386954672193526
SPY,2026-03-20,701.0,0.03,0.04,0.035,0.04,620.0,7508.0,662.2899780273438,0.010958904109589,0.9447788559591208,-0.0568043937322168,0.1046847845180425,0.0103537408872232,0.21874615871334074
SPY,2026-03-20,702.0,0.02,0.03,0.025,0.03,705.0,5256.0,662.2899780273438,0.010958904109589,0.9434330171329685,-0.0582299107234378,0.1046847845180425,0.0103389919685804,0.21525571187877657
SPY,2026-03-20,703.0,0.02,0.03,0.025,0.03,936.0,6051.0,662.2899780273438,0.010958904109589,0.9420910071512714,-0.0596533985082916,0.1046847845180425,0.0103242850098769,0.219950648973465
SPY,2026-03-20,705.0,0.02,0.03,0.025,0.02,3899.0,32763.0,662.2899780273438,0.010958904109589,0.9394184085494236,-0.0624943095098954,0.1046847845180425,0.0102949962580758,0.2292861637449265
SPY,2026-03-27,600.0,61.66,64.47,63.065,63.4,4.0,25.0,662.2899780273438,0.0301369863013698,1.103816630045573,0.0987738380862269,0.1736000757527766,0.0332657066589076,0.2573635183537006
SPY,2026-03-27,605.0,56.89,59.7,58.295,59.0,1.0,29.0,662.2899780273438,0.0301369863013698,1.094694178557593,0.0904750352715317,0.1736000757527766,0.0329907834633794,0.279244256947875
SPY,2026-03-27,610.0,52.17,54.98,53.575,56.84,1.0,236.0,662.2899780273438,0.0301369863013698,1.085721275454662,0.0822445361350163,0.1736000757527766,0.0327203672054828,0.2874559265167117
SPY,2026-03-27,611.0,51.23,54.04,52.635,81.08,10.0,2.0,662.2899780273438,0.0301369863013698,1.0839443175570274,0.0806065341307778,0.1736000757527766,0.0326668150496637,0.28808338440310943
SPY,2026-03-27,613.0,49.37,52.18,50.775,74.17,,5.0,662.2899780273438,0.0301369863013698,1.080407794498114,0.0773385573661619,0.1736000757527766,0.0325602349026828,0.289839336652875
SPY,2026-03-27,614.0,48.44,51.26,49.849999999999994,54.63,7.0,17.0,662.2899780273438,0.0301369863013698,1.0786481726829702,0.0757085651552307,0.1736000757527766,0.0325072052041442,0.29051847174906725
SPY,2026-03-27,615.0,47.52,50.34,48.93000000000001,49.35,2.0,191.0,662.2899780273438,0.0301369863013698,1.0768942732151932,0.0740812254958554,0.1736000757527766,0.0324543479599098,0.2911850004670917
SPY,2026-03-27,616.0,46.6,49.42,48.010000000000005,54.0,1.0,8.0,662.2899780273438,0.0301369863013698,1.0751460682262073,0.0724565297688533,0.1736000757527766,0.0324016623301048,0.29150051754903783
SPY,2026-03-27,617.0,45.7,48.5,47.1,58.27,3.0,8.0,662.2899780273438,0.0301369863013698,1.0734035300281095,0.0708344693969853,0.1736000757527766,0.0323491474802991,0.2921202864388226
SPY,2026-03-27,618.0,44.78,47.59,46.185,62.73,2.0,4.0,662.2899780273438,0.0301369863013698,1.0716666311122067,0.0692150358446824,0.1736000757527766,0.0322968025814636,0.2921038355623483
SPY,2026-03-27,619.0,43.87,46.69,45.28,65.83,,22.0,662.2899780273438,0.0301369863013698,1.0699353441475667,0.0675982206177772,0.1736000757527766,0.0322446268099266,0.2923688377246856
SPY,2026-03-27,620.0,42.97,45.79,44.379999999999995,47.57,2.0,362.0,662.2899780273438,0.0301369863013698,1.0682096419795868,0.065984015263236,0.1736000757527766,0.0321926193473299,0.2925975406704544
SPY,2026-03-27,622.0,41.18,44.0,42.59,54.75,1.0,4.0,662.2899780273438,0.0301369863013698,1.064774884288334,0.0627634005631938,0.1736000757527766,0.0320891061018401,0.2926713013937771
SPY,2026-03-27,623.0,40.29,43.11,41.7,52.68,4.0,26.0,662.2899780273438,0.0301369863013698,1.0630657753247894,0.0611569745149201,0.1736000757527766,0.0320375987084182,0.2925249422373174
SPY,2026-03-27,624.0,40.0,41.62,40.81,48.5,2.0,52.0,662.2899780273438,0.0301369863013698,1.0613621442745893,0.0595531249329455,0.1736000757527766,0.0319862564027957,0.292108216502279
SPY,2026-03-27,625.0,39.14,40.73,39.935,45.71,2.0,594.0,662.2899780273438,0.0301369863013698,1.05966396484375,0.0579518435659717,0.1736000757527766,0.0319350783925513,0.2921046402247845
SPY,2026-03-27,626.0,38.28,39.84,39.06,65.94,502.0,204.0,662.2899780273438,0.0301369863013698,1.0579712109063,0.0563531222022747,0.1736000757527766,0.0318840638903267,0.2918209520125389
SPY,2026-03-27,627.0,37.42,38.95,38.185,67.72,2.0,265.0,662.2899780273438,0.0301369863013698,1.0562838565029409,0.0547569526694526,0.1736000757527766,0.0318332121137871,0.29127655317094914
SPY,2026-03-27,628.0,36.58,38.08,37.33,60.57,1.0,145.0,662.2899780273438,0.0301369863013698,1.054601875839719,0.0531633268341745,0.1736000757527766,0.0317825222855805,0.2912861197132467
SPY,2026-03-27,629.0,35.73,37.21,36.47,60.91,3.0,345.0,662.2899780273438,0.0301369863013698,1.052925243286715,0.0515722366019327,0.1736000757527766,0.0317319936332982,0.29082281296384327
SPY,2026-03-27,630.0,34.9,36.34,35.620000000000005,37.52,14.0,633.0,662.2899780273438,0.0301369863013698,1.051253933376736,0.0499836739167948,0.1736000757527766,0.0316816253894358,0.29048333482268457
SPY,2026-03-27,631.0,34.07,35.48,34.775,37.09,30.0,252.0,662.2899780273438,0.0301369863013698,1.0495879208040313,0.04839763076116,0.1736000757527766,0.0316314167913543,0.29006701141886415
SPY,2026-03-27,632.0,33.25,34.63,33.94,58.0,1.0,5.0,662.2899780273438,0.0301369863013698,1.0479271804230124,0.0468140991555159,0.1736000757527766,0.0315813670812414,0.2897484992045164
SPY,2026-03-27,633.0,32.43,33.78,33.105000000000004,62.93,,0.0,662.2899780273438,0.0301369863013698,1.0462716872469886,0.0452330711581971,0.1736000757527766,0.0315314755060735,0.2891702151336669
SPY,2026-03-27,634.0,31.62,32.93,32.275,32.35,79.0,1.0,662.2899780273438,0.0301369863013698,1.0446214164469143,0.0436545388651474,0.1736000757527766,0.0314817413175781,0.2885120459642857
SPY,2026-03-27,635.0,30.82,32.1,31.46,31.38,18.0,497.0,662.2899780273438,0.0301369863013698,1.0429763433501476,0.0420784944096815,0.1736000757527766,0.0314321637721961,0.2880965272229016
SPY,2026-03-27,636.0,30.03,31.27,30.65,32.83,30.0,1.0,662.2899780273438,0.0301369863013698,1.0413364434392198,0.0405049299622511,0.1736000757527766,0.0313827421310449,0.2875825267400145
SPY,2026-03-27,637.0,29.24,30.44,29.84,42.97,1.0,28.0,662.2899780273438,0.0301369863013698,1.0397016923506182,0.0389338377302099,0.1736000757527766,0.0313334756598815,0.2868168010249883
SPY,2026-03-27,638.0,28.47,29.63,29.049999999999997,31.41,69.0,3.0,662.2899780273438,0.0301369863013698,1.0380720658735796,0.0373652099575834,0.1736000757527766,0.0312843636290667,0.2864104017912149
SPY,2026-03-27,639.0,27.68,28.81,28.244999999999997,41.1,4.0,2.0,662.2899780273438,0.0301369863013698,1.0364475399488948,0.0357990389248384,0.1736000757527766,0.0312354053135282,0.28530613670787214
SPY,2026-03-27,640.0,26.92,28.01,27.465000000000003,28.11,9.0,780.0,662.2899780273438,0.0301369863013698,1.0348280906677243,0.0342353169486556,0.1736000757527766,0.0311865999927258,0.2846902123163938
SPY,2026-03-27,641.0,26.16,27.21,26.685,31.7,1.0,25.0,662.2899780273438,0.0301369863013698,1.033213694270427,0.0326740363817032,0.1736000757527766,0.0311379469506155,0.2838233673552125
SPY,2026-03-27,642.0,25.41,26.42,25.915,37.82,2.0,2.0,662.2899780273438,0.0301369863013698,1.0316043271453952,0.031115189612412,0.1736000757527766,0.0310894454756145,0.2829894688504486
SPY,2026-03-27,643.0,24.66,25.64,25.15,25.27,23.0,2.0,662.2899780273438,0.0301369863013698,1.0299999658279062,0.0295587690647537,0.1736000757527766,0.0310410948605669,0.2820455551092624
SPY,2026-03-27,644.0,23.93,24.87,24.4,26.11,46.0,26.0,662.2899780273438,0.0301369863013698,1.028400586998981,0.0280047671980196,0.1736000757527766,0.0309928944027089,0.2812559577419609
SPY,2026-03-27,645.0,23.2,24.1,23.65,25.19,34.0,279.0,662.2899780273438,0.0301369863013698,1.026806167484254,0.0264531765066007,0.1736000757527766,0.0309448434036349,0.2802168256124854
SPY,2026-03-27,646.0,22.48,23.34,22.91,43.75,4.0,25.0,662.2899780273438,0.0301369863013698,1.025216684252854,0.0249039895197713,0.1736000757527766,0.030896941169264,0.27919021045424053
SPY,2026-03-27,647.0,21.77,22.59,22.18,34.73,1.0,3.0,662.2899780273438,0.0301369863013698,1.0236321144162963,0.0233571988014726,0.1736000757527766,0.0308491870098061,0.2781694961538614
SPY,2026-03-27,649.0,20.37,21.11,20.74,21.64,9.0,10.0,662.2899780273438,0.0301369863013698,1.020477624079112,0.0202707765982831,0.1736000757527766,0.0307541201777266,0.275877862238899
SPY,2026-03-27,650.0,19.67,20.38,20.025,20.18,80.0,224.0,662.2899780273438,0.0301369863013698,1.018907658503606,0.0187311304126905,0.1736000757527766,0.0307068061466839,0.27448244346404077
SPY,2026-03-27,651.0,18.98,19.68,19.33,21.11,10.0,6.0,662.2899780273438,0.0301369863013698,1.017342516171035,0.017193851093804,0.1736000757527766,0.0306596374736475,0.2733165770008565
SPY,2026-03-27,652.0,18.3,18.98,18.64,18.56,2.0,5.0,662.2899780273438,0.0301369863013698,1.015782174888564,0.0156589313757202,0.1736000757527766,0.0306126134897922,0.27201458847554016
SPY,2026-03-27,653.0,17.62,18.3,17.96,21.35,3.0,12.0,662.2899780273438,0.0301369863013698,1.0142266125993014,0.0141263640259422,0.1736000757527766,0.0305657335303898,0.2706912763956636
SPY,2026-03-27,654.0,16.96,17.62,17.29,18.38,10.0,58.0,662.2899780273438,0.0301369863013698,1.0126758073812596,0.0125961418451745,0.1736000757527766,0.0305189969347776,0.26934158926926566
SPY,2026-03-27,655.0,16.3,16.95,16.625,16.77,40.0,109.0,662.2899780273438,0.0301369863013698,1.0111297374463264,0.0110682576671213,0.1736000757527766,0.0304724030463275,0.2678471523112803
SPY,2026-03-27,656.0,15.65,16.29,15.97,16.27,16.0,3.0,662.2899780273438,0.0301369863013698,1.0095883811392434,0.0095427043582841,0.1736000757527766,0.0304259512124154,0.26631869601362956
SPY,2026-03-27,657.0,15.02,15.64,15.33,15.82,256.0,15.0,662.2899780273438,0.0301369863013698,1.0080517169365963,0.0080194748177627,0.1736000757527766,0.0303796407843905,0.2648627934456468
SPY,2026-03-27,658.0,14.67,14.73,14.7,14.7,80.0,20.0,662.2899780273438,0.0301369863013698,1.0065197234458112,0.006498561977056,0.1736000757527766,0.0303334711175449,0.2633614274500161
SPY,2026-03-27,659.0,14.05,14.11,14.08,14.27,31.0,14.0,662.2899780273438,0.0301369863013698,1.0049923794041635,0.004979958799866,0.1736000757527766,0.0302874415710843,0.26180985945905744
SPY,2026-03-27,660.0,13.44,13.49,13.465,13.35,325.0,206.0,662.2899780273438,0.0301369863013698,1.0034696636777936,0.003463658281902,0.1736000757527766,0.0302415515080978,0.2600936038894802
SPY,2026-03-27,661.0,12.84,12.89,12.865,12.85,299.0,21.0,662.2899780273438,0.0301369863013698,1.001951555260732,0.0019496534506869,0.1736000757527766,0.0301958002955288,0.25842795264644924
SPY,2026-03-27,662.0,12.25,12.3,12.275,12.27,598.0,218.0,662.2899780273438,0.0301369863013698,1.000438033273933,0.0004379373653649,0.1736000757527766,0.0301501873041458,0.2566975260773004
SPY,2026-03-27,663.0,11.67,11.72,11.695,11.69,710.0,177.0,662.2899780273438,0.0301369863013698,0.9989290769643194,-0.0010714968834892,0.1736000757527766,0.0301047119085136,0.2548972726900727
SPY,2026-03-27,664.0,11.1,11.16,11.13,11.09,632.0,120.0,662.2899780273438,0.0301369863013698,0.9974246657038308,-0.0025786561740606,0.1736000757527766,0.0300593734869647,0.25313072571823003
SPY,2026-03-27,665.0,10.55,10.6,10.575,10.55,1735.0,428.0,662.2899780273438,0.0301369863013698,0.9959247789884867,-0.0040835473534808,0.1736000757527766,0.0300141714215707,0.2512833548750132
SPY,2026-03-27,666.0,10.01,10.06,10.035,10.01,655.0,317.0,662.2899780273438,0.0301369863013698,0.9944293964374532,-0.0055861772380158,0.1736000757527766,0.0299691050981149,0.24945882750429216
SPY,2026-03-27,667.0,9.48,9.53,9.505,9.5,863.0,501.0,662.2899780273438,0.0301369863013698,0.9929384977921196,-0.0070865526132505,0.1736000757527766,0.0299241739060638,0.2475423003950268
SPY,2026-03-27,668.0,8.96,9.01,8.985,9.21,962.0,1166.0,662.2899780273438,0.0301369863013698,0.9914520629151852,-0.0085846802342724,0.1736000757527766,0.0298793772385397,0.24552747035813333
SPY,2026-03-27,669.0,8.45,8.5,8.475,8.48,1197.0,637.0,662.2899780273438,0.0301369863013698,0.9899700717897516,-0.0100805668258552,0.1736000757527766,0.0298347144922938,0.24340740835596628
SPY,2026-03-27,670.0,7.95,8.01,7.98,7.99,3645.0,1269.0,662.2899780273438,0.0301369863013698,0.9884925045184236,-0.0115742190826384,0.1736000757527766,0.0297901850676784,0.24128622876708208
SPY,2026-03-27,671.0,7.48,7.52,7.5,7.48,1210.0,649.0,662.2899780273438,0.0301369863013698,0.98701934132242,-0.0130656436693085,0.1736000757527766,0.0297457883686208,0.23915861187870804
SPY,2026-03-27,672.0,7.01,7.06,7.035,7.04,342.0,630.0,662.2899780273438,0.0301369863013698,0.98555056254069,-0.0145548472207763,0.1736000757527766,0.029701523802596,0.23701923797807095
SPY,2026-03-27,673.0,6.55,6.6,6.574999999999999,6.8,524.0,453.0,662.2899780273438,0.0301369863013698,0.9840861486290398,-0.0160418363423545,0.1736000757527766,0.0296573907806011,0.2346314021985084
SPY,2026-03-27,674.0,6.11,6.16,6.135,6.14,672.0,517.0,662.2899780273438,0.0301369863013698,0.9826260801592636,-0.0175266176099338,0.1736000757527766,0.0296133887171284,0.2323320345834643
SPY,2026-03-27,675.0,5.68,5.72,5.699999999999999,5.72,2282.0,1705.0,662.2899780273438,0.0301369863013698,0.981170337818287,-0.0190091975701566,0.1736000757527766,0.02956951703014,0.2297619427620917
SPY,2026-03-27,676.0,5.27,5.31,5.289999999999999,5.3,300.0,959.0,662.2899780273438,0.0301369863013698,0.9797189024073132,-0.0204895827405909,0.1736000757527766,0.0295257751410422,0.22738863560985031
SPY,2026-03-27,677.0,4.88,4.92,4.9,4.88,339.0,1847.0,662.2899780273438,0.0301369863013698,0.9782717548409804,-0.0219677796099017,0.1736000757527766,0.0294821624746596,0.22509516885267197
SPY,2026-03-27,678.0,4.49,4.54,4.515000000000001,4.47,302.0,1349.0,662.2899780273438,0.0301369863013698,0.9768288761465248,-0.0234437946380223,0.1736000757527766,0.0294386784592102,0.22250165241371095
SPY,2026-03-27,679.0,4.13,4.17,4.15,4.36,268.0,602.0,662.2899780273438,0.0301369863013698,0.975390247462951,-0.0249176342563229,0.1736000757527766,0.0293953225262806,0.21997447592227162
SPY,2026-03-27,680.0,3.77,3.83,3.8,3.82,4863.0,5641.0,662.2899780273438,0.0301369863013698,0.9739558500402112,-0.0263893048677791,0.1736000757527766,0.0293520941108008,0.21738180884921549
SPY,2026-03-27,681.0,3.44,3.49,3.465,3.63,480.0,1015.0,662.2899780273438,0.0301369863013698,0.9725256652383902,-0.0278588128471391,0.1736000757527766,0.0293089926510199,0.21471560457018019
SPY,2026-03-27,682.0,3.12,3.17,3.145,3.14,485.0,2429.0,662.2899780273438,0.0301369863013698,0.9710996745268968,-0.0293261645410889,0.1736000757527766,0.0292660175884817,0.21196705650183556
SPY,2026-03-27,683.0,2.82,2.87,2.845,2.83,732.0,1108.0,662.2899780273438,0.0301369863013698,0.9696778594836658,-0.0307913662684168,0.1736000757527766,0.0292231683680008,0.2092765335358381
SPY,2026-03-27,684.0,2.53,2.58,2.5549999999999997,2.64,170.0,987.0,662.2899780273438,0.0301369863013698,0.9682602017943622,-0.0322544243201772,0.1736000757527766,0.0291804444376382,0.20633942623659962
SPY,2026-03-27,685.0,2.27,2.31,2.29,2.29,1838.0,5682.0,662.2899780273438,0.0301369863013698,0.9668466832515968,-0.033715344959852,0.1736000757527766,0.0291378452486782,0.20361640384887156
SPY,2026-03-27,686.0,2.02,2.05,2.035,2.02,586.0,1742.0,662.2899780273438,0.0301369863013698,0.9654372857541454,-0.0351741344235119,0.1736000757527766,0.0290953702556043,0.2006266358635276
SPY,2026-03-27,687.0,1.78,1.83,1.805,1.8,2209.0,1367.0,662.2899780273438,0.0301369863013698,0.9640319913061772,-0.036630798919976,0.1736000757527766,0.0290530189160765,0.1978809041137099
SPY,2026-03-27,688.0,1.57,1.61,1.59,1.6,709.0,1408.0,662.2899780273438,0.0301369863013698,0.962630782016488,-0.0380853446309704,0.1736000757527766,0.0290107906909077,0.19504616775774958
SPY,2026-03-27,689.0,1.37,1.41,1.39,1.46,285.0,740.0,662.2899780273438,0.0301369863013698,0.9612336400977411,-0.0395377777112853,0.1736000757527766,0.0289686850440414,0.19211853759387137
SPY,2026-03-27,690.0,1.19,1.23,1.21,1.21,4841.0,6458.0,662.2899780273438,0.0301369863013698,0.9598405478657156,-0.0409881042889318,0.1736000757527766,0.0289267014425283,0.1893190275712311
SPY,2026-03-27,691.0,1.03,1.07,1.05,1.11,507.0,1321.0,662.2899780273438,0.0301369863013698,0.9584514877385584,-0.0424363304652966,0.1736000757527766,0.0288848393565044,0.18670172888693215
SPY,2026-03-27,692.0,0.89,0.92,0.905,0.9,532.0,5461.0,662.2899780273438,0.0301369863013698,0.957066442236046,-0.0438824623152963,0.1736000757527766,0.0288430982591684,0.1840809433320761
SPY,2026-03-27,693.0,0.75,0.78,0.765,0.78,225.0,1144.0,662.2899780273438,0.0301369863013698,0.955685393978851,-0.04532650588753,0.1736000757527766,0.0288014776267598,0.18091763648131493
SPY,2026-03-27,694.0,0.63,0.67,0.65,0.7,370.0,1546.0,662.2899780273438,0.0301369863013698,0.9543083256878152,-0.0467684672044312,0.1736000757527766,0.0287599769385368,0.1783527302623093
SPY,2026-03-27,695.0,0.53,0.56,0.545,0.56,1929.0,5254.0,662.2899780273438,0.0301369863013698,0.9529352201832284,-0.0482083522624189,0.1736000757527766,0.0287185956767547,0.17558585377180577
SPY,2026-03-27,696.0,0.44,0.48,0.4599999999999999,0.46,1723.0,958.0,662.2899780273438,0.0301369863013698,0.9515660603841146,-0.0496461670320463,0.1736000757527766,0.0286773333266444,0.17339046642491224
SPY,2026-03-27,697.0,0.37,0.4,0.385,0.42,168.0,1243.0,662.2899780273438,0.0301369863013698,0.9502008293075234,-0.0510819174581505,0.1736000757527766,0.028636189376391,0.17117236971592903
SPY,2026-03-27,698.0,0.3,0.33,0.315,0.34,267.0,1422.0,662.2899780273438,0.0301369863013698,0.9488395100678276,-0.0525156094599992,0.1736000757527766,0.0285951633171125,0.16850124805533886
SPY,2026-03-27,699.0,0.25,0.28,0.265,0.28,236.0,900.0,662.2899780273438,0.0301369863013698,0.9474820858760282,-0.053947248931437,0.1736000757527766,0.0285542546428391,0.16696970721834897
SPY,2026-03-27,700.0,0.2,0.23,0.215,0.22,5184.0,4995.0,662.2899780273438,0.0301369863013698,0.9461285400390624,-0.0553768417410313,0.1736000757527766,0.0285134628504922,0.16460847000265122
SPY,2026-03-27,701.0,0.17,0.19,0.18,0.18,225.0,2248.0,662.2899780273438,0.0301369863013698,0.9447788559591208,-0.0568043937322168,0.1736000757527766,0.0284727874398638,0.16334443472224475
SPY,2026-03-27,702.0,0.14,0.16,0.15,0.14,357.0,1089.0,662.2899780273438,0.0301369863013698,0.9434330171329685,-0.0582299107234378,0.1736000757527766,0.0284322279135962,0.16211616221678257
SPY,2026-03-27,703.0,0.11,0.13,0.12,0.12,101.0,1157.0,662.2899780273438,0.0301369863013698,0.9420910071512714,-0.0596533985082916,0.1736000757527766,0.0283917837771615,0.16007088911771777
SPY,2026-03-27,704.0,0.09,0.11,0.1,0.1,545.0,4046.0,662.2899780273438,0.0301369863013698,0.9407528096979316,-0.0610748628556691,0.1736000757527766,0.0283514545388417,0.15916322988963127
SPY,2026-03-27,705.0,0.08,0.1,0.09,0.09,10497.0,3012.0,662.2899780273438,0.0301369863013698,0.9394184085494236,-0.0624943095098954,0.1736000757527766,0.0283112397097086,0.1600322653207779
SPY,2026-03-27,706.0,0.06,0.08,0.07,0.09,144.0,4320.0,662.2899780273438,0.0301369863013698,0.9380877875741412,-0.0639117441908689,0.1736000757527766,0.0282711388036042,0.1578371461946964
SPY,2026-03-27,707.0,0.05,0.07,0.06,0.06,457.0,10516.0,662.2899780273438,0.0301369863013698,0.936760930731745,-0.0653271725941995,0.1736000757527766,0.028231151337121,0.15778242914903165
SPY,2026-03-27,708.0,0.04,0.06,0.05,0.06,390.0,10589.0,662.2899780273438,0.0301369863013698,0.9354378220725196,-0.0667406003913464,0.1736000757527766,0.0281912768295827,0.1572320400426388
SPY,2026-03-27,713.0,0.02,0.03,0.025,0.06,95.0,772.0,662.2899780273438,0.0301369863013698,0.9288779495474668,-0.0737779271119226,0.1736000757527766,0.0279935820411564,0.15905093477630616
SPY,2026-03-31,355.0,319.62,322.98,321.3,323.0,1.0,3.0,662.2899780273438,0.0410958904109589,1.8656055719080105,0.6235857038269574,0.2027212135198458,0.0766687221332059,2.5501450607640748
SPY,2026-03-31,370.0,298.15,301.49,299.82,270.75,2.0,1.0,662.2899780273438,0.0410958904109589,1.7899729135874156,0.5822004876641032,0.2027212135198458,0.0735605306953732,2.024546531148731
SPY,2026-03-31,385.0,308.78,312.12,310.45,295.73,2.0,1.0,662.2899780273438,0.0410958904109589,1.7202337091619315,0.542460159014589,0.2027212135198458,0.0706945359929561,3.0
SPY,2026-03-31,395.0,296.94,299.75,298.345,295.48,1.0,3.0,662.2899780273438,0.0410958904109589,1.6766834886768196,0.5168177284012514,0.2027212135198458,0.0689048009045268,2.902735086914598
SPY,2026-03-31,420.0,249.75,253.07,251.41,233.3,1.0,5.0,662.2899780273438,0.0410958904109589,1.576880900065104,0.4554487820249592,0.2027212135198458,0.0648033246602097,1.7423928995758895
SPY,2026-03-31,435.0,257.32,260.13,258.725,251.08,2.0,4.0,662.2899780273438,0.0410958904109589,1.5225056966145831,0.4203574622136891,0.2027212135198458,0.0625687272581335,2.517610591513992
SPY,2026-03-31,440.0,236.5,239.3,237.9,259.05,2.0,9.0,662.2899780273438,0.0410958904109589,1.5052044955166903,0.4089287663900663,0.2027212135198458,0.0618577189938365,1.8952814446709154
SPY,2026-03-31,511.0,173.81,177.15,175.48000000000002,189.12,50.0,297.0,662.2899780273438,0.0410958904109589,1.2960664932041952,0.2593339030986688,0.2027212135198458,0.0532630065700354,1.6327490595712664
SPY,2026-03-31,514.0,160.19,163.46,161.825,117.35,1.0,21.0,662.2899780273438,0.0410958904109589,1.288501902776933,0.2534802278472081,0.2027212135198458,0.0529521329908328,1.2736012133792043
SPY,2026-03-31,517.0,175.94,179.27,177.60500000000002,177.0,1.0,2.0,662.2899780273438,0.0410958904109589,1.281025102567396,0.247660618793944,0.2027212135198458,0.052644867228797,1.8123893673182878
SPY,2026-03-31,518.0,160.35,163.31,161.82999999999998,144.94,1.0,9.0,662.2899780273438,0.0410958904109589,1.2785520811338682,0.2457282510428901,0.2027212135198458,0.0525432362109808,1.3778633816032708
SPY,2026-03-31,522.0,173.57,176.94,175.255,167.22,1.0,6.0,662.2899780273438,0.0410958904109589,1.2687547471788194,0.2380359054197345,0.2027212135198458,0.0521406060484446,1.8406046768314097
SPY,2026-03-31,527.0,148.09,151.0,149.54500000000002,107.69,2.0,3.0,662.2899780273438,0.0410958904109589,1.2567172258583372,0.2285029447610108,0.2027212135198458,0.0516459133914385,1.2090421626428065
SPY,2026-03-31,531.0,162.38,165.68,164.03,165.78,2.0,2.0,662.2899780273438,0.0410958904109589,1.247250429430026,0.2209414720604344,0.2027212135198458,0.0512568669628777,1.7063075444015867
SPY,2026-03-31,537.0,158.86,162.22,160.54000000000002,152.32,1.0,3.0,662.2899780273438,0.0410958904109589,1.2333146704419808,0.2097053987935085,0.2027212135198458,0.0506841645387115,1.7203472498857526
SPY,2026-03-31,538.0,155.21,158.58,156.895,155.02,2.0,4.0,662.2899780273438,0.0410958904109589,1.2310222639913453,0.2078449331405888,0.2027212135198458,0.0505899560544388,1.6446689712740783
SPY,2026-03-31,539.0,154.26,157.56,155.91,154.01,2.0,2.0,662.2899780273438,0.0410958904109589,1.228738363687094,0.205987922393376,0.2027212135198458,0.0504960971378257,1.6367777361687423
SPY,2026-03-31,542.0,135.01,137.81,136.41,155.62,1.0,11.0,662.2899780273438,0.0410958904109589,1.2219372288327377,0.2004374918627269,0.2027212135198458,0.0502165984451809,1.1641723523554652
SPY,2026-03-31,547.0,146.36,149.75,148.055,147.1,2.0,15.0,662.2899780273438,0.0410958904109589,1.210767784327868,0.191254690880392,0.2027212135198458,0.0497575801778575,1.5744350834095182
SPY,2026-03-31,551.0,127.23,130.54,128.885,127.7,2.0,12.0,662.2899780273438,0.0410958904109589,1.201978181537829,0.1839686841494587,0.2027212135198458,0.0493963636248422,1.1442403273680057
SPY,2026-03-31,553.0,131.49,134.52,133.005,103.76,2.0,6.0,662.2899780273438,0.0410958904109589,1.1976310633405851,0.1803454917800383,0.2027212135198458,0.0492177149318048,1.296046825003624
SPY,2026-03-31,557.0,139.18,142.7,140.94,134.54,10.0,7.0,662.2899780273438,0.0410958904109589,1.1890304811981036,0.1731382533750891,0.2027212135198458,0.048864266350607,1.5621337617119253
SPY,2026-03-31,559.0,134.8,138.03,136.41500000000002,128.55,3.0,12.0,662.2899780273438,0.0410958904109589,1.184776347097216,0.169554020147274,0.2027212135198458,0.0486894389218033,1.4847445472434462
SPY,2026-03-31,561.0,116.2,119.0,117.6,122.32,2.0,86.0,662.2899780273438,0.0410958904109589,1.1805525455032866,0.1659825877796769,0.2027212135198458,0.0485158580343816,1.0383031648759546
SPY,2026-03-31,562.0,134.48,137.99,136.235,128.27,4.0,29.0,662.2899780273438,0.0410958904109589,1.1784519181981206,0.1642016434086821,0.2027212135198458,0.0484295308848542,1.5273770830337408
SPY,2026-03-31,566.0,128.02,130.83,129.425,118.0,1.0,34.0,662.2899780273438,0.0410958904109589,1.1701236360907132,0.1571094150991902,0.2027212135198458,0.0480872727160567,1.4277020271379053
SPY,2026-03-31,569.0,124.84,128.23,126.535,117.25,3.0,15.0,662.2899780273438,0.0410958904109589,1.163954267183381,0.1518230591760423,0.2027212135198458,0.0478337370075362,1.4057868668728468
SPY,2026-03-31,571.0,108.24,110.99,109.615,82.16,10.0,5.0,662.2899780273438,0.0410958904109589,1.1598773695750328,0.148314283646363,0.2027212135198458,0.0476661932702068,1.0231127474044865
SPY,2026-03-31,581.0,113.42,116.23,114.825,114.38,10.0,78.0,662.2899780273438,0.0410958904109589,1.1399139036615211,0.130952736450462,0.2027212135198458,0.0468457768628022,1.3144545064125512
SPY,2026-03-31,590.0,71.57,74.96,73.26499999999999,81.52,1.0,135.0,662.2899780273438,0.0410958904109589,1.1225253864870233,0.115580956402608,0.2027212135198458,0.0461311802665899,0.24711176128816603
SPY,2026-03-31,595.0,66.76,70.15,68.45500000000001,80.7,9.0,53.0,662.2899780273438,0.0410958904109589,1.113092400045956,0.1071420877567434,0.2027212135198458,0.0457435232895598,0.2673556376731396
SPY,2026-03-31,600.0,61.99,65.4,63.69500000000001,71.85,1.0,460.0,662.2899780273438,0.0410958904109589,1.103816630045573,0.0987738380862269,0.2027212135198458,0.0453623272621468,0.2764443892974854
SPY,2026-03-31,605.0,57.3,60.7,59.0,66.77,3.0,81.0,662.2899780273438,0.0410958904109589,1.094694178557593,0.0904750352715317,0.2027212135198458,0.0449874319955175,0.2814393760739565
SPY,2026-03-31,610.0,52.65,56.07,54.36,54.21,13.0,278.0,662.2899780273438,0.0410958904109589,1.085721275454662,0.0822445361350163,0.2027212135198458,0.0446186825529313,0.28287560911571974
SPY,2026-03-31,615.0,48.09,51.52,49.80500000000001,53.04,21.0,205.0,662.2899780273438,0.0410958904109589,1.0768942732151932,0.0740812254958554,0.2027212135198458,0.0442559290362408,0.283005785616517
SPY,2026-03-31,620.0,44.43,46.02,45.225,45.3,14.0,434.0,662.2899780273438,0.0410958904109589,1.0682096419795868,0.065984015263236,0.2027212135198458,0.0438990263827227,0.2772992984325291
SPY,2026-03-31,621.0,43.56,45.13,44.345,52.57,2.0,7.0,662.2899780273438,0.0410958904109589,1.0664894976285728,0.0643724113688944,0.2027212135198458,0.0438283355189824,0.27711503073462856
SPY,2026-03-31,622.0,42.7,44.23,43.465,51.8,3.0,10.0,662.2899780273438,0.0410958904109589,1.064774884288334,0.0627634005631938,0.2027212135198458,0.0437578719570548,0.2767224448726773
SPY,2026-03-31,623.0,41.85,43.35,42.6,59.69,1.0,3.0,662.2899780273438,0.0410958904109589,1.0630657753247894,0.0611569745149201,0.2027212135198458,0.0436876346023886,0.27667438864384597
SPY,2026-03-31,624.0,41.0,42.48,41.739999999999995,42.0,1.0,2.0,662.2899780273438,0.0410958904109589,1.0613621442745893,0.0595531249329455,0.2027212135198458,0.0436176223674488,0.2765839535267055
SPY,2026-03-31,625.0,40.15,41.61,40.879999999999995,41.25,136.0,959.0,662.2899780273438,0.0410958904109589,1.05966396484375,0.0579518435659717,0.2027212135198458,0.0435478341716609,0.27628001464314755
SPY,2026-03-31,626.0,39.32,40.74,40.03,64.95,1.0,3.0,662.2899780273438,0.0410958904109589,1.0579712109063,0.0563531222022747,0.2027212135198458,0.0434782689413547,0.27610312301757944
SPY,2026-03-31,627.0,38.48,39.88,39.18,61.98,,51.0,662.2899780273438,0.0410958904109589,1.0562838565029409,0.0547569526694526,0.2027212135198458,0.0434089256097098,0.27571804733836647
SPY,2026-03-31,628.0,37.66,39.02,38.34,50.6,10.0,86.0,662.2899780273438,0.0410958904109589,1.054601875839719,0.0531633268341745,0.2027212135198458,0.0433398031167007,0.27544607143491506
SPY,2026-03-31,629.0,51.32,53.14,52.23,73.25,5.0,6.0,662.2899780273438,0.0410958904109589,1.052925243286715,0.0515722366019327,0.2027212135198458,0.043270900409043,0.6191056856471597
SPY,2026-03-31,630.0,36.02,37.33,36.675,36.58,35.0,2735.0,662.2899780273438,0.0410958904109589,1.051253933376736,0.0499836739167948,0.2027212135198458,0.0432022164401398,0.2747440034592896
SPY,2026-03-31,631.0,35.21,36.48,35.845,61.04,4.0,4.0,662.2899780273438,0.0410958904109589,1.0495879208040313,0.04839763076116,0.2027212135198458,0.0431337501700286,0.27416817807921773
SPY,2026-03-31,632.0,34.4,35.65,35.025,36.08,6.0,2.0,662.2899780273438,0.0410958904109589,1.0479271804230124,0.0468140991555159,0.2027212135198458,0.0430655005653292,0.2736829666301609
SPY,2026-03-31,633.0,33.61,34.82,34.215,50.43,1.0,1.0,662.2899780273438,0.0410958904109589,1.0462716872469886,0.0452330711581971,0.2027212135198458,0.0429974665991913,0.2732769697276057
SPY,2026-03-31,634.0,32.82,34.0,33.41,61.4,1.0,3.0,662.2899780273438,0.0410958904109589,1.0446214164469143,0.0436545388651474,0.2027212135198458,0.042929647251243,0.2728063316093386
SPY,2026-03-31,635.0,32.03,33.18,32.605000000000004,35.22,446.0,1450.0,662.2899780273438,0.0410958904109589,1.0429763433501476,0.0420784944096815,0.2027212135198458,0.0428620415075403,0.27214038403640695
SPY,2026-03-31,636.0,31.25,32.36,31.805,43.92,2.0,57.0,662.2899780273438,0.0410958904109589,1.0413364434392198,0.0405049299622511,0.2027212135198458,0.0427946483605158,0.27141435500156885
SPY,2026-03-31,637.0,30.48,31.56,31.02,61.38,7.0,7.0,662.2899780273438,0.0410958904109589,1.0397016923506182,0.0389338377302099,0.2027212135198458,0.0427274668089295,0.27087715341843654
SPY,2026-03-31,638.0,29.71,30.75,30.23,51.36,1.0,12.0,662.2899780273438,0.0410958904109589,1.0380720658735796,0.0373652099575834,0.2027212135198458,0.0426604958578183,0.270022959538892
SPY,2026-03-31,639.0,28.95,29.96,29.455,34.81,31.0,32.0,662.2899780273438,0.0410958904109589,1.0364475399488948,0.0357990389248384,0.2027212135198458,0.0425937345184477,0.26934601491266497
SPY,2026-03-31,640.0,28.2,29.17,28.685,28.65,438.0,3663.0,662.2899780273438,0.0410958904109589,1.0348280906677243,0.0342353169486556,0.2027212135198458,0.0425271818082626,0.2685960695220829
SPY,2026-03-31,641.0,27.45,28.39,27.92,43.41,2.0,49.0,662.2899780273438,0.0410958904109589,1.033213694270427,0.0326740363817032,0.2027212135198458,0.0424608367508394,0.2677727210359276
SPY,2026-03-31,642.0,26.71,27.61,27.16,32.72,1.0,9.0,662.2899780273438,0.0410958904109589,1.0316043271453952,0.031115189612412,0.2027212135198458,0.0423946983758381,0.2668752989021689
SPY,2026-03-31,643.0,25.98,26.84,26.41,39.85,6.0,6.0,662.2899780273438,0.0410958904109589,1.0299999658279062,0.0295587690647537,0.2027212135198458,0.042328765718955,0.2660150700543522
SPY,2026-03-31,644.0,25.25,26.08,25.665,25.5,1.0,38.0,662.2899780273438,0.0410958904109589,1.028400586998981,0.0280047671980196,0.2027212135198458,0.0422630378218759,0.26507580547390885
SPY,2026-03-31,645.0,24.53,25.33,24.93,25.42,44.0,625.0,662.2899780273438,0.0410958904109589,1.026806167484254,0.0264531765066007,0.2027212135198458,0.0421975137322296,0.2641653299272955
SPY,2026-03-31,646.0,23.82,24.58,24.2,30.45,1.0,60.0,662.2899780273438,0.0410958904109589,1.025216684252854,0.0249039895197713,0.2027212135198458,0.0421321925035419,0.26317121419078104
SPY,2026-03-31,648.0,22.41,23.1,22.755000000000003,22.67,6.0,2.0,662.2899780273438,0.0410958904109589,1.0220524352273823,0.0218127969500985,0.2027212135198458,0.0420021548723581,0.2609292011260539
SPY,2026-03-31,649.0,21.7,22.39,22.045,21.95,3.0,52.0,662.2899780273438,0.0410958904109589,1.020477624079112,0.0202707765982831,0.2027212135198458,0.0419374366059909,0.2597821995266527
SPY,2026-03-31,650.0,21.0,21.79,21.395,21.6,353.0,1892.0,662.2899780273438,0.0410958904109589,1.018907658503606,0.0187311304126905,0.2027212135198458,0.0418729174727509,0.25966266245140135
SPY,2026-03-31,651.0,20.32,20.98,20.65,32.45,1.0,55.0,662.2899780273438,0.0410958904109589,1.017342516171035,0.017193851093804,0.2027212135198458,0.041808596554974,0.25741830245456854
SPY,2026-03-31,652.0,19.63,20.29,19.96,21.3,2.0,34.0,662.2899780273438,0.0410958904109589,1.015782174888564,0.0156589313757202,0.2027212135198458,0.0417444729406259,0.2560951468368321
SPY,2026-03-31,653.0,18.96,19.61,19.285,22.13,5.0,50.0,662.2899780273438,0.0410958904109589,1.0142266125993014,0.0141263640259422,0.2027212135198458,0.0416805457232589,0.2548729540031106
SPY,2026-03-31,654.0,18.3,18.94,18.62,21.0,5.0,12.0,662.2899780273438,0.0410958904109589,1.0126758073812596,0.0125961418451745,0.2027212135198458,0.0416168140019695,0.2536471401884258
SPY,2026-03-31,655.0,17.64,18.27,17.955,18.42,5.0,838.0,662.2899780273438,0.0410958904109589,1.0111297374463264,0.0110682576671213,0.2027212135198458,0.0415532768813558,0.25222007135774194
SPY,2026-03-31,656.0,16.99,17.6,17.295,22.45,1.0,19.0,662.2899780273438,0.0410958904109589,1.0095883811392434,0.0095427043582841,0.2027212135198458,0.0414899334714757,0.2506883517068773
SPY,2026-03-31,657.0,16.35,16.96,16.655,19.24,3.0,22.0,662.2899780273438,0.0410958904109589,1.0080517169365963,0.0080194748177627,0.2027212135198458,0.0414267828878053,0.2493362058897019
SPY,2026-03-31,658.0,16.01,16.07,16.04,16.5,2.0,4.0,662.2899780273438,0.0410958904109589,1.0065197234458112,0.006498561977056,0.2027212135198458,0.0413638242511977,0.24825102918748557
SPY,2026-03-31,659.0,15.38,15.44,15.41,16.39,3.0,21.0,662.2899780273438,0.0410958904109589,1.0049923794041635,0.004979958799866,0.2027212135198458,0.0413010566878423,0.24666908518955855
SPY,2026-03-31,660.0,14.76,14.82,14.79,14.82,349.0,1660.0,662.2899780273438,0.0410958904109589,1.0034696636777936,0.003463658281902,0.2027212135198458,0.0412384793292243,0.24506364951884002
SPY,2026-03-31,661.0,14.16,14.22,14.19,14.2,741.0,160.0,662.2899780273438,0.0410958904109589,1.001951555260732,0.0019496534506869,0.2027212135198458,0.0411760913120848,0.2436181181555912
SPY,2026-03-31,662.0,13.56,13.62,13.59,13.61,428.0,101.0,662.2899780273438,0.0410958904109589,1.000438033273933,0.0004379373653649,0.2027212135198458,0.0411138917783808,0.2419528021885753
SPY,2026-03-31,663.0,12.97,13.03,13.0,12.92,443.0,278.0,662.2899780273438,0.0410958904109589,0.9989290769643194,-0.0010714968834892,0.2027212135198458,0.041051879875246,0.2402516787431464
SPY,2026-03-31,664.0,12.4,12.45,12.425,12.43,566.0,264.0,662.2899780273438,0.0410958904109589,0.9974246657038308,-0.0025786561740606,0.2027212135198458,0.0409900547549519,0.2386037524254471
SPY,2026-03-31,665.0,11.83,11.88,11.855,11.85,1206.0,1035.0,662.2899780273438,0.0410958904109589,0.9959247789884867,-0.0040835473534808,0.2027212135198458,0.0409284155748693,0.2368179829620719
SPY,2026-03-31,666.0,11.27,11.32,11.295,11.29,358.0,300.0,662.2899780273438,0.0410958904109589,0.9944293964374532,-0.0055861772380158,0.2027212135198458,0.0408669614974295,0.23498317379355432
SPY,2026-03-31,667.0,10.72,10.78,10.75,11.01,835.0,238.0,662.2899780273438,0.0410958904109589,0.9929384977921196,-0.0070865526132505,0.2027212135198458,0.0408056916900871,0.23318828482256831
SPY,2026-03-31,668.0,10.19,10.24,10.215,10.21,763.0,825.0,662.2899780273438,0.0410958904109589,0.9914520629151852,-0.0085846802342724,0.2027212135198458,0.0407446053252815,0.2313351695836261
SPY,2026-03-31,669.0,9.66,9.72,9.69,9.92,588.0,513.0,662.2899780273438,0.0410958904109589,0.9899700717897516,-0.0100805668258552,0.2027212135198458,0.0406837015804007,0.22941879893650113
SPY,2026-03-31,670.0,9.16,9.21,9.185,9.19,2437.0,2671.0,662.2899780273438,0.0410958904109589,0.9884925045184236,-0.0115742190826384,0.2027212135198458,0.0406229796377434,0.22762404407592116
SPY,2026-03-31,671.0,8.65,8.71,8.68,8.7,396.0,966.0,662.2899780273438,0.0410958904109589,0.98701934132242,-0.0130656436693085,0.2027212135198458,0.040562438684483,0.22556585167440774
SPY,2026-03-31,672.0,8.17,8.22,8.195,8.17,256.0,509.0,662.2899780273438,0.0410958904109589,0.98555056254069,-0.0145548472207763,0.2027212135198458,0.040502077912631,0.2236204014209062
SPY,2026-03-31,673.0,7.69,7.74,7.715,7.7,232.0,330.0,662.2899780273438,0.0410958904109589,0.9840861486290398,-0.0160418363423545,0.2027212135198458,0.0404418965190016,0.2214935221397653
SPY,2026-03-31,674.0,7.23,7.28,7.255000000000001,7.26,335.0,765.0,662.2899780273438,0.0410958904109589,0.9826260801592636,-0.0175266176099338,0.2027212135198458,0.0403818937051752,0.2194715171961486
SPY,2026-03-31,675.0,6.78,6.83,6.805,6.82,1262.0,1668.0,662.2899780273438,0.0410958904109589,0.981170337818287,-0.0190091975701566,0.2027212135198458,0.0403220686774638,0.21735382447782153
SPY,2026-03-31,676.0,6.34,6.39,6.365,6.35,605.0,764.0,662.2899780273438,0.0410958904109589,0.9797189024073132,-0.0204895827405909,0.2027212135198458,0.0402624206468758,0.21513250911909337
SPY,2026-03-31,677.0,5.92,5.97,5.945,6.04,173.0,1497.0,662.2899780273438,0.0410958904109589,0.9782717548409804,-0.0219677796099017,0.2027212135198458,0.0402029488290813,0.21300538396887478
SPY,2026-03-31,678.0,5.51,5.56,5.535,5.63,314.0,966.0,662.2899780273438,0.0410958904109589,0.9768288761465248,-0.0234437946380223,0.2027212135198458,0.0401436524443777,0.21076305797986686
SPY,2026-03-31,679.0,5.11,5.16,5.135,5.14,467.0,1275.0,662.2899780273438,0.0410958904109589,0.975390247462951,-0.0249176342563229,0.2027212135198458,0.0400845307176555,0.2083952717060074
SPY,2026-03-31,680.0,4.73,4.78,4.755000000000001,4.74,1918.0,8427.0,662.2899780273438,0.0410958904109589,0.9739558500402112,-0.0263893048677791,0.2027212135198458,0.0400255828783648,0.2061103209596127
SPY,2026-03-31,681.0,4.36,4.41,4.385,4.38,438.0,1089.0,662.2899780273438,0.0410958904109589,0.9725256652383902,-0.0278588128471391,0.2027212135198458,0.0399668081604817,0.20368538130104538
SPY,2026-03-31,682.0,4.01,4.06,4.035,4.0,355.0,2073.0,662.2899780273438,0.0410958904109589,0.9710996745268968,-0.0293261645410889,0.2027212135198458,0.0399082058024752,0.20133862800920008
SPY,2026-03-31,683.0,3.68,3.72,3.7,3.71,365.0,1784.0,662.2899780273438,0.0410958904109589,0.9696778594836658,-0.0307913662684168,0.2027212135198458,0.0398497750472739,0.19895535198344283
SPY,2026-03-31,684.0,3.36,3.4,3.38,3.53,215.0,1944.0,662.2899780273438,0.0410958904109589,0.9682602017943622,-0.0322544243201772,0.2027212135198458,0.039791515142234,0.19653076995262503
SPY,2026-03-31,685.0,3.05,3.09,3.07,3.07,1866.0,4148.0,662.2899780273438,0.0410958904109589,0.9668466832515968,-0.033715344959852,0.2027212135198458,0.0397334253391067,0.19393135265579814
SPY,2026-03-31,686.0,2.76,2.8,2.78,2.91,152.0,1066.0,662.2899780273438,0.0410958904109589,0.9654372857541454,-0.0351741344235119,0.2027212135198458,0.0396755048940059,0.19140390794354675
SPY,2026-03-31,687.0,2.49,2.53,2.51,2.47,175.0,1281.0,662.2899780273438,0.0410958904109589,0.9640319913061772,-0.036630798919976,0.2027212135198458,0.0396177530673771,0.18895894113101064
SPY,2026-03-31,688.0,2.23,2.27,2.25,2.23,588.0,1439.0,662.2899780273438,0.0410958904109589,0.962630782016488,-0.0380853446309704,0.2027212135198458,0.0395601691239652,0.18631812842218573
SPY,2026-03-31,689.0,2.0,2.04,2.02,2.01,465.0,2104.0,662.2899780273438,0.0410958904109589,0.9612336400977411,-0.0395377777112853,0.2027212135198458,0.0395027523327838,0.18407262848690154
SPY,2026-03-31,690.0,1.77,1.81,1.79,1.81,5855.0,6242.0,662.2899780273438,0.0410958904109589,0.9598405478657156,-0.0409881042889318,0.2027212135198458,0.0394455019670842,0.18131809015375377
SPY,2026-03-31,691.0,1.57,1.61,1.59,1.65,935.0,1539.0,662.2899780273438,0.0410958904109589,0.9584514877385584,-0.0424363304652966,0.2027212135198458,0.0393884173043243,0.17900861955478792
SPY,2026-03-31,692.0,1.38,1.42,1.4,1.42,564.0,2476.0,662.2899780273438,0.0410958904109589,0.957066442236046,-0.0438824623152963,0.2027212135198458,0.0393314976261388,0.1765061193780601
SPY,2026-03-31,693.0,1.21,1.24,1.225,1.27,488.0,1164.0,662.2899780273438,0.0410958904109589,0.955685393978851,-0.04532650588753,0.2027212135198458,0.0392747422183089,0.17398207212942834
SPY,2026-03-31,694.0,1.05,1.08,1.065,1.06,306.0,1789.0,662.2899780273438,0.0410958904109589,0.9543083256878152,-0.0467684672044312,0.2027212135198458,0.0392181503707321,0.17145015707030892
SPY,2026-03-31,695.0,0.91,0.94,0.925,0.94,813.0,8167.0,662.2899780273438,0.0410958904109589,0.9529352201832284,-0.0482083522624189,0.2027212135198458,0.0391617213773929,0.1691625911709964
SPY,2026-03-31,696.0,0.78,0.81,0.795,0.81,65.0,1229.0,662.2899780273438,0.0410958904109589,0.9515660603841146,-0.0496461670320463,0.2027212135198458,0.0391054545363334,0.16670962243756654
SPY,2026-03-31,697.0,0.67,0.7,0.685,0.7,212.0,1647.0,662.2899780273438,0.0410958904109589,0.9502008293075234,-0.0510819174581505,0.2027212135198458,0.0390493491496242,0.16462724545949697
SPY,2026-03-31,698.0,0.57,0.6,0.585,0.59,304.0,898.0,662.2899780273438,0.0410958904109589,0.9488395100678276,-0.0525156094599992,0.2027212135198458,0.0389934045233353,0.16246163062274457
SPY,2026-03-31,699.0,0.48,0.51,0.495,0.51,134.0,1563.0,662.2899780273438,0.0410958904109589,0.9474820858760282,-0.053947248931437,0.2027212135198458,0.038937619967508,0.16022878176909683
SPY,2026-03-31,700.0,0.43,0.44,0.435,0.42,2329.0,8851.0,662.2899780273438,0.0410958904109589,0.9461285400390624,-0.0553768417410313,0.2027212135198458,0.0388819947961258,0.15943484816533326
SPY,2026-03-31,701.0,0.35,0.37,0.36,0.36,196.0,2874.0,662.2899780273438,0.0410958904109589,0.9447788559591208,-0.0568043937322168,0.2027212135198458,0.0388265283270871,0.15693842766034602
SPY,2026-03-31,702.0,0.29,0.31,0.3,0.3,150.0,1588.0,662.2899780273438,0.0410958904109589,0.9434330171329685,-0.0582299107234378,0.2027212135198458,0.0387712198821767,0.1549117512042522
SPY,2026-03-31,703.0,0.24,0.26,0.25,0.28,278.0,1700.0,662.2899780273438,0.0410958904109589,0.9420910071512714,-0.0596533985082916,0.2027212135198458,0.0387160687870385,0.15310519462794064
SPY,2026-03-31,704.0,0.2,0.22,0.21,0.25,67.0,2298.0,662.2899780273438,0.0410958904109589,0.9407528096979316,-0.0610748628556691,0.2027212135198458,0.0386610743711478,0.15169131332051752
SPY,2026-03-31,705.0,0.18,0.19,0.185,0.19,5219.0,9218.0,662.2899780273438,0.0410958904109589,0.9394184085494236,-0.0624943095098954,0.2027212135198458,0.0386062359677845,0.15156471309721467
SPY,2026-03-31,706.0,0.14,0.16,0.15,0.16,117.0,1728.0,662.2899780273438,0.0410958904109589,0.9380877875741412,-0.0639117441908689,0.2027212135198458,0.0385515529140058,0.14957880620455738
SPY,2026-03-31,707.0,0.12,0.14,0.13,0.13,116.0,1501.0,662.2899780273438,0.0410958904109589,0.936760930731745,-0.0653271725941995,0.2027212135198458,0.0384970245506196,0.14923834458708762
SPY,2026-03-31,708.0,0.1,0.12,0.11,0.09,423.0,1702.0,662.2899780273438,0.0410958904109589,0.9354378220725196,-0.0667406003913464,0.2027212135198458,0.0384426502221583,0.1484522787938118
SPY,2026-03-31,709.0,0.08,0.1,0.09,0.15,74.0,1259.0,662.2899780273438,0.0410958904109589,0.9341184457367332,-0.0681520332297542,0.2027212135198458,0.038388429276852,0.1470854255354404
SPY,2026-03-31,710.0,0.07,0.09,0.08,0.09,1107.0,12863.0,662.2899780273438,0.0410958904109589,0.9328027859540052,-0.0695614767329879,0.2027212135198458,0.0383343610666029,0.14743911937963963
SPY,2026-03-31,711.0,0.06,0.08,0.07,0.13,45.0,2356.0,662.2899780273438,0.0410958904109589,0.9314908270426776,-0.0709689365008676,0.2027212135198458,0.0382804449469593,0.1475095720462799
SPY,2026-03-31,712.0,0.05,0.07,0.06,0.07,89.0,4071.0,662.2899780273438,0.0410958904109589,0.9301825534091906,-0.0723744181096025,0.2027212135198458,0.03822668027709,0.1472306224017143
SPY,2026-03-31,713.0,0.04,0.06,0.05,0.06,165.0,23401.0,662.2899780273438,0.0410958904109589,0.9288779495474668,-0.0737779271119226,0.2027212135198458,0.0381730664197589,0.14650499569809436
SPY,2026-03-31,714.0,0.04,0.05,0.045,0.05,80.0,2351.0,662.2899780273438,0.0410958904109589,0.9275770000382966,-0.0751794690372111,0.2027212135198458,0.0381196027412998,0.14715981210732454
SPY,2026-03-31,719.0,0.02,0.03,0.025,0.05,5.0,520.0,662.2899780273438,0.0410958904109589,0.9211265341131346,-0.0821578644186734,0.2027212135198458,0.0378545151005397,0.1494607890472412
SPY,2026-03-31,720.0,0.02,0.03,0.025,0.03,200.0,5324.0,662.2899780273438,0.0410958904109589,0.919847191704644,-0.0835477187077277,0.2027212135198458,0.0378019393851223,0.15175532868766783
SPY,2026-04-02,580.0,81.61,84.98,83.295,83.24,1055.0,13.0,662.2899780273438,0.0465753424657534,1.1418792724609377,0.1326753897619081,0.2158132119814572,0.0531834181694135,0.23105856687116622
SPY,2026-04-02,585.0,76.85,80.13,78.49,78.23,22.0,18.0,662.2899780273438,0.0465753424657534,1.132119620559562,0.1240916460705168,0.2158132119814572,0.0527288590397604,0.27386517796850207
SPY,2026-04-02,590.0,71.84,75.34,73.59,74.61,4.0,5.0,662.2899780273438,0.0465753424657534,1.1225253864870233,0.115580956402608,0.2158132119814572,0.0522820043021353,0.2717719827510119
SPY,2026-04-02,600.0,62.42,65.91,64.16499999999999,66.64,3.0,39.0,662.2899780273438,0.0465753424657534,1.103816630045573,0.0987738380862269,0.2158132119814572,0.0514106375637663,0.28761569671377535
SPY,2026-04-02,605.0,57.79,61.28,59.535,71.55,1.0,10.0,662.2899780273438,0.0465753424657534,1.094694178557593,0.0904750352715317,0.2158132119814572,0.0509857562615864,0.28983048536607614
SPY,2026-04-02,610.0,53.2,56.71,54.955,55.22,2.0,10.0,662.2899780273438,0.0465753424657534,1.085721275454662,0.0822445361350163,0.2158132119814572,0.0505678402266554,0.2893614565726816
SPY,2026-04-02,615.0,49.64,51.24,50.44,56.1,8.0,11.0,662.2899780273438,0.0465753424657534,1.0768942732151932,0.0740812254958554,0.2158132119814572,0.0501567195744062,0.287291820083186
SPY,2026-04-02,620.0,45.31,46.79,46.05,58.55,7.0,11.0,662.2899780273438,0.0465753424657534,1.0682096419795868,0.065984015263236,0.2158132119814572,0.049752229900419,0.28567038057067984
SPY,2026-04-02,625.0,41.1,42.46,41.78,47.46,3.0,41.0,662.2899780273438,0.0465753424657534,1.05966396484375,0.0579518435659717,0.2158132119814572,0.0493542120612157,0.28365917151474956
SPY,2026-04-02,630.0,37.01,38.23,37.62,37.88,3.0,6.0,662.2899780273438,0.0465753424657534,1.051253933376736,0.0499836739167948,0.2158132119814572,0.0489625119654917,0.28063703821808106
SPY,2026-04-02,635.0,33.06,34.13,33.595,38.7,5.0,1250.0,662.2899780273438,0.0465753424657534,1.0429763433501476,0.0420784944096815,0.2158132119814572,0.0485769803752123,0.2770299600337297
SPY,2026-04-02,640.0,29.25,30.16,29.705,35.07,9.0,1353.0,662.2899780273438,0.0465753424657534,1.0348280906677243,0.0342353169486556,0.2158132119814572,0.0481974727160309,0.2725580932477564
SPY,2026-04-02,645.0,25.6,26.34,25.97,26.9,4.0,2394.0,662.2899780273438,0.0465753424657534,1.026806167484254,0.0264531765066007,0.2158132119814572,0.0478238488965268,0.2673981953753233
SPY,2026-04-02,650.0,22.07,22.73,22.4,24.15,15.0,184.0,662.2899780273438,0.0465753424657534,1.018907658503606,0.0187311304126905,0.2158132119814572,0.0474559731357843,0.261458043160543
SPY,2026-04-02,655.0,18.69,19.32,19.005000000000003,19.3,8.0,137.0,662.2899780273438,0.0465753424657534,1.0111297374463264,0.0110682576671213,0.2158132119814572,0.0470937137988699,0.2546236874617487
SPY,2026-04-02,656.0,18.04,18.66,18.35,19.1,11.0,24.0,662.2899780273438,0.0465753424657534,1.0095883811392434,0.0095427043582841,0.2158132119814572,0.0470219246010058,0.25317522802130143
SPY,2026-04-02,657.0,17.4,18.0,17.7,19.87,2.0,182.0,662.2899780273438,0.0465753424657534,1.0080517169365963,0.0080194748177627,0.2158132119814572,0.0469503539395126,0.25163879215449103
SPY,2026-04-02,658.0,16.76,17.36,17.060000000000002,17.02,2.0,20.0,662.2899780273438,0.0465753424657534,1.0065197234458112,0.006498561977056,0.2158132119814572,0.046879000818024,0.2501012163492292
SPY,2026-04-02,659.0,16.43,16.49,16.46,16.45,39.0,1.0,662.2899780273438,0.0465753424657534,1.0049923794041635,0.004979958799866,0.2158132119814572,0.0468078642462212,0.24909096266052128
SPY,2026-04-02,660.0,15.81,15.87,15.84,15.84,216.0,306.0,662.2899780273438,0.0465753424657534,1.0034696636777936,0.003463658281902,0.2158132119814572,0.0467369432397876,0.24753809826897086
SPY,2026-04-02,661.0,15.19,15.25,15.22,15.2,64.0,160.0,662.2899780273438,0.0465753424657534,1.001951555260732,0.0019496534506869,0.2158132119814572,0.0466662368203628,0.24579743460549414
SPY,2026-04-02,662.0,14.59,14.65,14.62,14.6,176.0,152.0,662.2899780273438,0.0465753424657534,1.000438033273933,0.0004379373653649,0.2158132119814572,0.0465957440154982,0.2442181951674223
SPY,2026-04-02,663.0,13.99,14.05,14.02,13.99,1033.0,274.0,662.2899780273438,0.0465753424657534,0.9989290769643194,-0.0010714968834892,0.2158132119814572,0.0465254638586121,0.24244462975099684
SPY,2026-04-02,664.0,13.41,13.47,13.44,13.45,1695.0,186.0,662.2899780273438,0.0465753424657534,0.9974246657038308,-0.0025786561740606,0.2158132119814572,0.0464553953889455,0.2408243525286764
SPY,2026-04-02,665.0,12.83,12.89,12.86,12.86,1054.0,293.0,662.2899780273438,0.0465753424657534,0.9959247789884867,-0.0040835473534808,0.2158132119814572,0.0463855376515185,0.23900266382821655
SPY,2026-04-02,666.0,12.26,12.32,12.29,12.31,1019.0,450.0,662.2899780273438,0.0465753424657534,0.9944293964374532,-0.0055861772380158,0.2158132119814572,0.0463158896970868,0.23715097910027208
SPY,2026-04-02,667.0,11.71,11.77,11.74,11.71,388.0,805.0,662.2899780273438,0.0465753424657534,0.9929384977921196,-0.0070865526132505,0.2158132119814572,0.0462464505820986,0.23544107142324747
SPY,2026-04-02,668.0,11.16,11.22,11.19,11.16,817.0,1417.0,662.2899780273438,0.0465753424657534,0.9914520629151852,-0.0085846802342724,0.2158132119814572,0.0461772193686524,0.23351725764858722
SPY,2026-04-02,669.0,10.63,10.68,10.655,10.63,4945.0,3708.0,662.2899780273438,0.0465753424657534,0.9899700717897516,-0.0100805668258552,0.2158132119814572,0.0461081951244541,0.23163922022585573
SPY,2026-04-02,670.0,10.1,10.16,10.13,10.1,3810.0,17391.0,662.2899780273438,0.0465753424657534,0.9884925045184236,-0.0115742190826384,0.2158132119814572,0.0460393769227758,0.22971453473355619
SPY,2026-04-02,671.0,9.59,9.64,9.615,9.64,749.0,335.0,662.2899780273438,0.0465753424657534,0.98701934132242,-0.0130656436693085,0.2158132119814572,0.045970763842414,0.2277385296592116
SPY,2026-04-02,672.0,9.09,9.14,9.115,9.06,592.0,835.0,662.2899780273438,0.0465753424657534,0.98555056254069,-0.0145548472207763,0.2158132119814572,0.0459023549676485,0.22579638746239247
SPY,2026-04-02,673.0,8.59,8.65,8.620000000000001,8.57,216.0,399.0,662.2899780273438,0.0465753424657534,0.9840861486290398,-0.0160418363423545,0.2158132119814572,0.0458341493882018,0.2237030581344962
SPY,2026-04-02,674.0,8.11,8.17,8.14,8.09,474.0,726.0,662.2899780273438,0.0465753424657534,0.9826260801592636,-0.0175266176099338,0.2158132119814572,0.0457661461991985,0.22163422630743682
SPY,2026-04-02,675.0,7.65,7.7,7.675000000000001,7.68,1759.0,1411.0,662.2899780273438,0.0465753424657534,0.981170337818287,-0.0190091975701566,0.2158132119814572,0.0456983445011256,0.21958658392453195
SPY,2026-04-02,676.0,7.19,7.25,7.220000000000001,7.2,185.0,350.0,662.2899780273438,0.0465753424657534,0.9797189024073132,-0.0204895827405909,0.2158132119814572,0.0456307433997926,0.21746303505180772
SPY,2026-04-02,677.0,6.75,6.81,6.779999999999999,6.73,231.0,1068.0,662.2899780273438,0.0465753424657534,0.9782717548409804,-0.0219677796099017,0.2158132119814572,0.0455633420062922,0.21535224901939182
SPY,2026-04-02,678.0,6.32,6.38,6.35,6.31,80.0,333.0,662.2899780273438,0.0465753424657534,0.9768288761465248,-0.0234437946380223,0.2158132119814572,0.0454961394369614,0.21315420181611183
SPY,2026-04-02,679.0,5.91,5.96,5.9350000000000005,5.92,141.0,468.0,662.2899780273438,0.0465753424657534,0.975390247462951,-0.0249176342563229,0.2158132119814572,0.0454291348133428,0.21095975324206054
SPY,2026-04-02,680.0,5.51,5.56,5.535,5.53,1312.0,1679.0,662.2899780273438,0.0465753424657534,0.9739558500402112,-0.0263893048677791,0.2158132119814572,0.0453623272621468,0.2087656622957587
SPY,2026-04-02,681.0,5.12,5.17,5.145,5.11,55.0,764.0,662.2899780273438,0.0465753424657534,0.9725256652383902,-0.0278588128471391,0.2158132119814572,0.0452957159152126,0.20646611586683988
SPY,2026-04-02,682.0,4.75,4.8,4.775,4.74,165.0,668.0,662.2899780273438,0.0465753424657534,0.9710996745268968,-0.0293261645410889,0.2158132119814572,0.0452292999094718,0.2042615643088668
SPY,2026-04-02,683.0,4.39,4.44,4.415,4.38,98.0,1515.0,662.2899780273438,0.0465753424657534,0.9696778594836658,-0.0307913662684168,0.2158132119814572,0.0451630783869104,0.20194069432538742
SPY,2026-04-02,684.0,4.04,4.09,4.0649999999999995,4.04,138.0,1275.0,662.2899780273438,0.0465753424657534,0.9682602017943622,-0.0322544243201772,0.2158132119814572,0.0450970504945319,0.1994917936076075
SPY,2026-04-02,685.0,3.72,3.76,3.74,3.74,1383.0,3853.0,662.2899780273438,0.0465753424657534,0.9668466832515968,-0.033715344959852,0.2158132119814572,0.0450312153843209,0.19724504197520015
SPY,2026-04-02,686.0,3.4,3.45,3.425,3.43,120.0,814.0,662.2899780273438,0.0465753424657534,0.9654372857541454,-0.0351741344235119,0.2158132119814572,0.0449655722132067,0.19486404582634564
SPY,2026-04-02,687.0,3.1,3.15,3.125,3.13,68.0,700.0,662.2899780273438,0.0465753424657534,0.9640319913061772,-0.036630798919976,0.2158132119814572,0.0449001201430274,0.19245689814831315
SPY,2026-04-02,688.0,2.82,2.87,2.845,2.85,151.0,616.0,662.2899780273438,0.0465753424657534,0.962630782016488,-0.0380853446309704,0.2158132119814572,0.0448348583404939,0.1901486792464703
SPY,2026-04-02,689.0,2.56,2.6,2.58,2.58,281.0,745.0,662.2899780273438,0.0465753424657534,0.9612336400977411,-0.0395377777112853,0.2158132119814572,0.044769785977155,0.18782038848719002
SPY,2026-04-02,690.0,2.31,2.35,2.33,2.34,1645.0,1639.0,662.2899780273438,0.0465753424657534,0.9598405478657156,-0.0409881042889318,0.2158132119814572,0.044704902229362,0.18547238349822165
SPY,2026-04-02,691.0,2.07,2.12,2.095,2.11,229.0,497.0,662.2899780273438,0.0465753424657534,0.9584514877385584,-0.0424363304652966,0.2158132119814572,0.0446402062782341,0.183106094790563
SPY,2026-04-02,692.0,1.86,1.9,1.88,1.88,88.0,403.0,662.2899780273438,0.0465753424657534,0.957066442236046,-0.0438824623152963,0.2158132119814572,0.044575697309624,0.1808786550566256
SPY,2026-04-02,693.0,1.65,1.69,1.67,1.69,84.0,420.0,662.2899780273438,0.0465753424657534,0.955685393978851,-0.04532650588753,0.2158132119814572,0.0445113745140834,0.17833283721874651
SPY,2026-04-02,694.0,1.47,1.51,1.49,1.49,236.0,717.0,662.2899780273438,0.0465753424657534,0.9543083256878152,-0.0467684672044312,0.2158132119814572,0.0444472370868297,0.17628564187052848
SPY,2026-04-02,695.0,1.3,1.33,1.315,1.31,710.0,1158.0,662.2899780273438,0.0465753424657534,0.9529352201832284,-0.0482083522624189,0.2158132119814572,0.0443832842277119,0.1739251199103296
SPY,2026-04-02,696.0,1.14,1.18,1.16,1.16,152.0,995.0,662.2899780273438,0.0465753424657534,0.9515660603841146,-0.0496461670320463,0.2158132119814572,0.0443195151411779,0.17179334559936824
SPY,2026-04-02,697.0,1.0,1.03,1.015,1.0,155.0,628.0,662.2899780273438,0.0465753424657534,0.9502008293075234,-0.0510819174581505,0.2158132119814572,0.0442559290362407,0.16953523928591607
SPY,2026-04-02,698.0,0.87,0.9,0.885,0.88,66.0,1277.0,662.2899780273438,0.0465753424657534,0.9488395100678276,-0.0525156094599992,0.2158132119814572,0.0441925251264467,0.16737185962259774
SPY,2026-04-02,699.0,0.75,0.79,0.77,0.76,146.0,596.0,662.2899780273438,0.0465753424657534,0.9474820858760282,-0.053947248931437,0.2158132119814572,0.0441293026298423,0.16535349801167848
SPY,2026-04-02,700.0,0.67,0.68,0.675,0.65,1381.0,3725.0,662.2899780273438,0.0465753424657534,0.9461285400390624,-0.0553768417410313,0.2158132119814572,0.0440662607689426,0.16382052666369074
SPY,2026-04-02,701.0,0.56,0.59,0.575,0.62,104.0,669.0,662.2899780273438,0.0465753424657534,0.9447788559591208,-0.0568043937322168,0.2158132119814572,0.0440033987706987,0.1614584847855568
SPY,2026-04-02,702.0,0.48,0.51,0.495,0.54,205.0,774.0,662.2899780273438,0.0465753424657534,0.9434330171329685,-0.0582299107234378,0.2158132119814572,0.0439407158664669,0.15968536640381814
SPY,2026-04-02,703.0,0.41,0.44,0.425,0.42,263.0,596.0,662.2899780273438,0.0465753424657534,0.9420910071512714,-0.0596533985082916,0.2158132119814572,0.043878211291977,0.15801345667517183
SPY,2026-04-02,704.0,0.35,0.37,0.36,0.37,358.0,851.0,662.2899780273438,0.0465753424657534,0.9407528096979316,-0.0610748628556691,0.2158132119814572,0.0438158842873009,0.1561198177418709
SPY,2026-04-02,705.0,0.3,0.32,0.31,0.3,335.0,1500.0,662.2899780273438,0.0465753424657534,0.9394184085494236,-0.0624943095098954,0.2158132119814572,0.0437537340968224,0.1548727697795629
SPY,2026-04-02,706.0,0.25,0.27,0.26,0.31,143.0,760.0,662.2899780273438,0.0465753424657534,0.9380877875741412,-0.0639117441908689,0.2158132119814572,0.0436917599692065,0.15306281573963165
SPY,2026-04-02,707.0,0.21,0.23,0.22,0.23,253.0,2974.0,662.2899780273438,0.0465753424657534,0.936760930731745,-0.0653271725941995,0.2158132119814572,0.0436299611573689,0.15165412003457548
SPY,2026-04-02,710.0,0.13,0.14,0.135,0.14,708.0,4983.0,662.2899780273438,0.0465753424657534,0.9328027859540052,-0.0695614767329879,0.2158132119814572,0.0434456092088166,0.14849447886824607
SPY,2026-04-02,715.0,0.05,0.07,0.06,0.06,708.0,2248.0,662.2899780273438,0.0465753424657534,0.9262796895487324,-0.0765790493916344,0.2158132119814572,0.0431417937598039,0.1450984457595348
SPY,2026-04-02,720.0,0.03,0.04,0.035,0.04,575.0,3801.0,662.2899780273438,0.0465753424657534,0.919847191704644,-0.0835477187077277,0.2158132119814572,0.0428421979698053,0.14743518547439574
SPY,2026-04-02,735.0,0.02,0.03,0.025,0.02,88.0,5727.0,662.2899780273438,0.0465753424657534,0.9010748000372024,-0.1041670059104633,0.2158132119814572,0.0419678673989929,0.17386101513624191
QQQ,2026-03-17,575.0,17.82,20.89,19.355,20.75,37.0,27.0,593.719970703125,0.0027397260273972,1.0325564707880437,0.032037737614614,0.0523423922590207,0.0028289218377753,0.4567266835582256
QQQ,2026-03-17,580.0,14.29,16.66,15.475,15.0,12.0,3.0,593.719970703125,0.0027397260273972,1.0236551219019396,0.0233796748714994,0.0523423922590207,0.0028045345805531,0.5177419115184545
QQQ,2026-03-17,585.0,10.68,12.04,11.36,11.69,36.0,90.0,593.719970703125,0.0027397260273972,1.0149059328258547,0.014795931180108,0.0523423922590207,0.0027805641995228,0.4853973426033259
QQQ,2026-03-17,588.0,8.98,9.05,9.015,9.25,29.0,14.0,593.719970703125,0.0027397260273972,1.0097278413318451,0.0096808305133377,0.0523423922590207,0.0027663776474844,0.4590450054439902
QQQ,2026-03-17,590.0,7.65,7.73,7.69,8.06,588.0,337.0,593.719970703125,0.0027397260273972,1.0063050350900424,0.0062852415121994,0.0523423922590207,0.002757000096137,0.4530869271382689
QQQ,2026-03-17,592.0,6.43,6.49,6.46,6.5,621.0,50.0,593.719970703125,0.0027397260273972,1.0029053559174408,0.0029011435279587,0.0523423922590207,0.002747685906623,0.4463489521179497
QQQ,2026-03-17,594.0,5.28,5.34,5.3100000000000005,5.3,3321.0,50.0,593.719970703125,0.0027397260273972,0.9995285702072813,-0.0004715409506804,0.0523423922590207,0.0027384344389239,0.4371018608075381
QQQ,2026-03-17,595.0,4.74,4.8,4.77,4.87,3086.0,274.0,593.719970703125,0.0027397260273972,0.9978486902573528,-0.0021536271336652,0.0523423922590207,0.0027338320281022,0.43178125396519884
QQQ,2026-03-17,596.0,4.23,4.29,4.26,4.33,1846.0,45.0,593.719970703125,0.0027397260273972,0.9961744474884648,-0.0038328886533852,0.0523423922590207,0.0027292450616121,0.4264375801330209
QQQ,2026-03-17,597.0,3.74,3.8,3.77,3.96,2054.0,76.0,593.719970703125,0.0027397260273972,0.9945058135730735,-0.0055093349806376,0.0523423922590207,0.0027246734618439,0.42017694875127076
QQQ,2026-03-17,598.0,3.28,3.34,3.3099999999999996,3.39,2064.0,137.0,593.719970703125,0.0027397260273972,0.9928427603731188,-0.0071829755386672,0.0523423922590207,0.0027201171517071,0.4137341060311795
QQQ,2026-03-17,599.0,2.86,2.91,2.885,3.0,3513.0,180.0,593.719970703125,0.0027397260273972,0.9911852599384392,-0.0088538197034848,0.0523423922590207,0.0027155760546258,0.4074734746494293
QQQ,2026-03-17,600.0,2.46,2.51,2.485,2.5,10927.0,1567.0,593.719970703125,0.0027397260273972,0.9895332845052084,-0.0105218768041817,0.0523423922590207,0.0027110500945347,0.40046629534071687
QQQ,2026-03-17,601.0,2.1,2.14,2.12,2.16,2234.0,219.0,593.719970703125,0.0027397260273972,0.9878868064943844,-0.0121871561232431,0.0523423922590207,0.0027065391958749,0.3935386882062555
QQQ,2026-03-17,602.0,1.76,1.81,1.785,1.84,3167.0,418.0,593.719970703125,0.0027397260273972,0.9862457985101744,-0.0138496668968564,0.0523423922590207,0.0027020432835894,0.38619212016332144
QQQ,2026-03-17,603.0,1.48,1.51,1.495,1.49,3647.0,433.0,593.719970703125,0.0027397260273972,0.9846102333385156,-0.0155094183152209,0.0523423922590207,0.0026975622831191,0.3799862058272362
QQQ,2026-03-17,604.0,1.21,1.25,1.23,1.26,7465.0,4297.0,593.719970703125,0.0027397260273972,0.9829800839455712,-0.0171664195228503,0.0523423922590207,0.0026930961203987,0.3729244882867337
QQQ,2026-03-17,605.0,0.98,1.02,1.0,1.02,5185.0,1374.0,593.719970703125,0.0027397260273972,0.9813553234762395,-0.0188206796188769,0.0523423922590207,0.0026886447218526,0.3661765890963673
QQQ,2026-03-17,606.0,0.8,0.82,0.81,0.82,824.0,278.0,593.719970703125,0.0027397260273972,0.9797359252526816,-0.0204722076573499,0.0523423922590207,0.0026842080143908,0.360748336301446
QQQ,2026-03-17,607.0,0.63,0.65,0.64,0.67,3813.0,317.0,593.719970703125,0.0027397260273972,0.9781218627728584,-0.0221210126475337,0.0523423922590207,0.002679785925405,0.35418729761016365
QQQ,2026-03-17,608.0,0.49,0.51,0.5,0.52,2587.0,498.0,593.719970703125,0.0027397260273972,0.9765131097090872,-0.0237671035542024,0.0523423922590207,0.0026753783827645,0.3482091921504735
QQQ,2026-03-17,609.0,0.38,0.4,0.39,0.4,3018.0,748.0,593.719970703125,0.0027397260273972,0.9749096399066092,-0.0254104892979325,0.0523423922590207,0.0026709853148125,0.34357862805068495
QQQ,2026-03-17,610.0,0.28,0.3,0.29,0.3,5343.0,2696.0,593.719970703125,0.0027397260273972,0.973311427382172,-0.0270511787553924,0.0523423922590207,0.002666606650362,0.3365458783578872
QQQ,2026-03-17,611.0,0.21,0.23,0.22,0.24,2242.0,417.0,593.719970703125,0.0027397260273972,0.9717184463226268,-0.0286891807596308,0.0523423922590207,0.002662242318692,0.33247464405822746
QQQ,2026-03-17,612.0,0.15,0.17,0.16,0.18,2940.0,457.0,593.719970703125,0.0027397260273972,0.9701306710835376,-0.0303245041003615,0.0523423922590207,0.0026578922495438,0.32685631211447713
QQQ,2026-03-17,613.0,0.11,0.13,0.12,0.12,2230.0,380.0,593.719970703125,0.0027397260273972,0.968548076187806,-0.0319571575242468,0.0523423922590207,0.0026535563731172,0.32421272779059407
QQQ,2026-03-17,614.0,0.08,0.1,0.09,0.1,1335.0,714.0,593.719970703125,0.0027397260273972,0.9669706363243078,-0.0335871497351779,0.0523423922590207,0.0026492346200665,0.32230514137506483
QQQ,2026-03-17,615.0,0.05,0.08,0.065,0.07,3036.0,939.0,593.719970703125,0.0027397260273972,0.9653983263465448,-0.0352144893945533,0.0523423922590207,0.0026449269214973,0.3192152376198768
QQQ,2026-03-17,616.0,0.04,0.06,0.05,0.06,846.0,788.0,593.719970703125,0.0027397260273972,0.9638311212713068,-0.0368391851215553,0.0523423922590207,0.0026406332089624,0.31963151632022846
QQQ,2026-03-17,619.0,0.02,0.03,0.025,0.04,251.0,458.0,593.719970703125,0.0027397260273972,0.9591598880502828,-0.0416974942726315,0.0523423922590207,0.0026278353097267,0.3258628222265244
QQQ,2026-03-18,565.0,27.53,30.54,29.035,29.37,27.0,55.0,593.719970703125,0.0054794520547945,1.0508318065542035,0.0495820472655235,0.0740233210197603,0.0057579825016668,0.36595146242809296
QQQ,2026-03-18,570.0,23.51,26.14,24.825000000000003,25.04,7.0,22.0,593.719970703125,0.0054794520547945,1.041613983689693,0.0407714175833686,0.0740233210197603,0.0057074738832311,0.44633813387852894
QQQ,2026-03-18,575.0,18.57,21.88,20.225,20.55,30.0,73.0,593.719970703125,0.0054794520547945,1.0325564707880437,0.032037737614614,0.0740233210197603,0.0056578436755509,0.41817280284339187
QQQ,2026-03-18,580.0,14.37,18.15,16.259999999999998,16.58,3.0,41.0,593.719970703125,0.0054794520547945,1.0236551219019396,0.0233796748714994,0.0740233210197603,0.0056090691611064,0.4251631736478805
QQQ,2026-03-18,584.0,13.18,13.28,13.23,13.55,16.0,52.0,593.719970703125,0.0054794520547945,1.0166437854505566,0.0165067955837375,0.0740233210197603,0.0055706508791811,0.41870298598194133
QQQ,2026-03-18,585.0,12.47,12.57,12.52,12.91,53.0,39.0,593.719970703125,0.0054794520547945,1.0149059328258547,0.014795931180108,0.0740233210197603,0.0055611283990457,0.4174001480907201
QQQ,2026-03-18,590.0,9.15,9.23,9.19,9.57,216.0,83.0,593.719970703125,0.0054794520547945,1.0063050350900424,0.0062852415121994,0.0740233210197603,0.0055140001922741,0.4067159296691716
QQQ,2026-03-18,593.0,7.35,7.43,7.39,7.44,391.0,29.0,593.719970703125,0.0054794520547945,1.001214115856872,0.0012133794142391,0.0740233210197603,0.0054861047444211,0.3974578413054646
QQQ,2026-03-18,594.0,6.79,6.86,6.825,6.9,772.0,27.0,593.719970703125,0.0054794520547945,0.9995285702072813,-0.0004715409506804,0.0740233210197603,0.005476868877848,0.3938493773135841
QQQ,2026-03-18,595.0,6.24,6.32,6.28,6.27,994.0,450.0,593.719970703125,0.0054794520547945,0.9978486902573528,-0.0021536271336652,0.0740233210197603,0.0054676640562046,0.3900705931060315
QQQ,2026-03-18,596.0,5.72,5.79,5.755,5.75,589.0,59.0,593.719970703125,0.0054794520547945,0.9961744474884648,-0.0038328886533852,0.0740233210197603,0.0054584901232244,0.3860881398951709
QQQ,2026-03-18,597.0,5.21,5.28,5.245,5.47,1694.0,71.0,593.719970703125,0.0054794520547945,0.9945058135730735,-0.0055093349806376,0.0740233210197603,0.005449346923688,0.38157836456775673
QQQ,2026-03-18,598.0,4.72,4.79,4.755,4.76,1017.0,170.0,593.719970703125,0.0054794520547945,0.9928427603731188,-0.0071829755386672,0.0740233210197603,0.0054402343034143,0.3767865103529692
QQQ,2026-03-18,599.0,4.26,4.33,4.295,4.32,500.0,309.0,593.719970703125,0.0054794520547945,0.9911852599384392,-0.0088538197034848,0.0740233210197603,0.0054311521092517,0.37226520153063536
QQQ,2026-03-18,600.0,3.82,3.88,3.85,3.87,2858.0,853.0,593.719970703125,0.0054794520547945,0.9895332845052084,-0.0105218768041817,0.0740233210197603,0.0054221001890696,0.3670888974851966
QQQ,2026-03-18,601.0,3.4,3.46,3.4299999999999997,3.45,1226.0,248.0,593.719970703125,0.0054794520547945,0.9878868064943844,-0.0121871561232431,0.0740233210197603,0.00541307839175,0.361811027158916
QQQ,2026-03-18,602.0,3.01,3.06,3.035,3.26,984.0,210.0,593.719970703125,0.0054794520547945,0.9862457985101744,-0.0138496668968564,0.0740233210197603,0.005404086567179,0.35639985108903055
QQQ,2026-03-18,603.0,2.64,2.69,2.665,2.75,792.0,433.0,593.719970703125,0.0054794520547945,0.9846102333385156,-0.0155094183152209,0.0740233210197603,0.0053951245662384,0.3508237192197144
QQQ,2026-03-18,604.0,2.3,2.35,2.325,2.35,538.0,92.0,593.719970703125,0.0054794520547945,0.9829800839455712,-0.0171664195228503,0.0740233210197603,0.0053861922407976,0.3454039600838422
QQQ,2026-03-18,605.0,2.0,2.03,2.0149999999999997,2.01,2982.0,470.0,593.719970703125,0.0054794520547945,0.9813553234762395,-0.0188206796188769,0.0740233210197603,0.0053772894437054,0.3401665016932487
QQQ,2026-03-18,606.0,1.69,1.74,1.715,1.76,313.0,371.0,593.719970703125,0.0054794520547945,0.9797359252526816,-0.0204722076573499,0.0740233210197603,0.0053684160287817,0.3335832900815009
QQQ,2026-03-18,607.0,1.43,1.47,1.45,1.48,733.0,722.0,593.719970703125,0.0054794520547945,0.9781218627728584,-0.0221210126475337,0.0740233210197603,0.0053595718508101,0.3275168505676984
QQQ,2026-03-18,608.0,1.19,1.24,1.215,1.22,577.0,363.0,593.719970703125,0.0054794520547945,0.9765131097090872,-0.0237671035542024,0.0740233210197603,0.0053507567655292,0.32167732586091746
QQQ,2026-03-18,609.0,0.98,1.02,1.0,1.1,613.0,189.0,593.719970703125,0.0054794520547945,0.9749096399066092,-0.0254104892979325,0.0740233210197603,0.0053419706296252,0.3151956805300117
QQQ,2026-03-18,610.0,0.81,0.84,0.825,0.89,1867.0,1140.0,593.719970703125,0.0054794520547945,0.973311427382172,-0.0270511787553924,0.0740233210197603,0.0053332133007242,0.31020909800565233
QQQ,2026-03-18,611.0,0.65,0.68,0.665,0.68,754.0,638.0,593.719970703125,0.0054794520547945,0.9717184463226268,-0.0286891807596308,0.0740233210197603,0.0053244846373842,0.3042810604308842
QQQ,2026-03-18,612.0,0.51,0.54,0.525,0.52,398.0,482.0,593.719970703125,0.0054794520547945,0.9701306710835376,-0.0303245041003615,0.0740233210197603,0.0053157844990878,0.2979353136447667
QQQ,2026-03-18,613.0,0.39,0.43,0.41,0.4,690.0,400.0,593.719970703125,0.0054794520547945,0.968548076187806,-0.0319571575242468,0.0740233210197603,0.0053071127462345,0.2920666422764062
QQQ,2026-03-18,614.0,0.3,0.33,0.315,0.33,389.0,249.0,593.719970703125,0.0054794520547945,0.9669706363243078,-0.0335871497351779,0.0740233210197603,0.0052984692401331,0.28631026602137083
QQQ,2026-03-18,615.0,0.23,0.26,0.245,0.25,1224.0,2878.0,593.719970703125,0.0054794520547945,0.9653983263465448,-0.0352144893945533,0.0740233210197603,0.0052898538429947,0.2823216437318325
QQQ,2026-03-18,616.0,0.17,0.19,0.18,0.21,726.0,269.0,593.719970703125,0.0054794520547945,0.9638311212713068,-0.0368391851215553,0.0740233210197603,0.0052812664179249,0.2762054939608575
QQQ,2026-03-18,617.0,0.12,0.15,0.135,0.14,819.0,714.0,593.719970703125,0.0054794520547945,0.96226899627735,-0.0384612454934233,0.0740233210197603,0.0052727068289169,0.27215643258166317
QQQ,2026-03-18,618.0,0.1,0.11,0.105,0.11,625.0,596.0,593.719970703125,0.0054794520547945,0.9607119267040858,-0.0400806790457262,0.0740233210197603,0.0052641749408442,0.27040262609839444
QQQ,2026-03-18,619.0,0.06,0.09,0.075,0.08,504.0,593.0,593.719970703125,0.0054794520547945,0.9591598880502828,-0.0416974942726315,0.0740233210197603,0.0052556706194535,0.2656998211932182
QQQ,2026-03-18,620.0,0.06,0.07,0.065,0.07,764.0,1469.0,593.719970703125,0.0054794520547945,0.9576128559727822,-0.0433116996271727,0.0740233210197603,0.0052471937313576,0.26891847093820576
QQQ,2026-03-18,622.0,0.03,0.04,0.035,0.04,383.0,866.0,593.719970703125,0.0054794520547945,0.9545337149567926,-0.0465323143272149,0.0740233210197603,0.0052303217257906,0.2637800754342079
QQQ,2026-03-18,624.0,0.02,0.03,0.025,0.03,379.0,411.0,593.719970703125,0.0054794520547945,0.9514743120242388,-0.0497425899574631,0.0740233210197603,0.0052135578741053,0.2687654062614441
QQQ,2026-03-19,570.0,23.75,26.91,25.33,38.16,2.0,35.0,593.719970703125,0.0082191780821917,1.041613983689693,0.0407714175833686,0.0906596827823244,0.0085612108248467,0.407550722243309
QQQ,2026-03-19,575.0,20.27,22.74,21.505,21.7,18.0,53.0,593.719970703125,0.0082191780821917,1.0325564707880437,0.032037737614614,0.0906596827823244,0.0084867655133263,0.43111266888761524
QQQ,2026-03-19,580.0,15.32,19.12,17.22,18.7,4.0,23.0,593.719970703125,0.0082191780821917,1.0236551219019396,0.0233796748714994,0.0906596827823244,0.0084136037416596,0.4022462980566323
QQQ,2026-03-19,588.0,11.49,11.58,11.535,12.97,11.0,26.0,593.719970703125,0.0082191780821917,1.0097278413318451,0.0096808305133377,0.0906596827823244,0.0082991329424534,0.38638497092720864
QQQ,2026-03-19,590.0,10.22,10.3,10.260000000000002,10.82,244.0,102.0,593.719970703125,0.0082191780821917,1.0063050350900424,0.0062852415121994,0.0906596827823244,0.0082710002884112,0.3815222170110941
QQQ,2026-03-19,593.0,8.42,8.5,8.46,8.79,457.0,34.0,593.719970703125,0.0082191780821917,1.001214115856872,0.0012133794142391,0.0906596827823244,0.0082291571166317,0.3730501944406628
QQQ,2026-03-19,594.0,7.85,7.93,7.89,8.13,332.0,21.0,593.719970703125,0.0082191780821917,0.9995285702072813,-0.0004715409506804,0.0906596827823244,0.008215303316772,0.36983529978704455
QQQ,2026-03-19,595.0,7.29,7.37,7.33,7.48,689.0,209.0,593.719970703125,0.0082191780821917,0.9978486902573528,-0.0021536271336652,0.0906596827823244,0.0082014960843069,0.3661571877909601
QQQ,2026-03-19,596.0,6.76,6.84,6.8,7.01,201.0,25.0,593.719970703125,0.0082191780821917,0.9961744474884648,-0.0038328886533852,0.0906596827823244,0.0081877351848366,0.3629255740400553
QQQ,2026-03-19,597.0,6.24,6.32,6.28,6.36,193.0,66.0,593.719970703125,0.0082191780821917,0.9945058135730735,-0.0055093349806376,0.0906596827823244,0.008174020385532,0.35918451956006886
QQQ,2026-03-19,598.0,5.74,5.82,5.78,5.93,523.0,382.0,593.719970703125,0.0082191780821917,0.9928427603731188,-0.0071829755386672,0.0906596827823244,0.0081603514551214,0.35537739335337276
QQQ,2026-03-19,599.0,5.26,5.33,5.295,5.33,328.0,676.0,593.719970703125,0.0082191780821917,0.9911852599384392,-0.0088538197034848,0.0906596827823244,0.0081467281638775,0.3512413390241266
QQQ,2026-03-19,600.0,4.8,4.87,4.835,4.83,951.0,299.0,593.719970703125,0.0082191780821917,0.9895332845052084,-0.0105218768041817,0.0906596827823244,0.0081331502836043,0.3472309908488095
QQQ,2026-03-19,601.0,4.36,4.42,4.390000000000001,4.5,407.0,159.0,593.719970703125,0.0082191780821917,0.9878868064943844,-0.0121871561232431,0.0906596827823244,0.0081196175876249,0.3428367292844653
QQQ,2026-03-19,602.0,3.94,4.0,3.97,4.15,172.0,452.0,593.719970703125,0.0082191780821917,0.9862457985101744,-0.0138496668968564,0.0906596827823244,0.0081061298507684,0.33852677846205237
QQQ,2026-03-19,603.0,3.53,3.6,3.565,3.62,244.0,318.0,593.719970703125,0.0082191780821917,0.9846102333385156,-0.0155094183152209,0.0906596827823244,0.0080926868493575,0.3337684518487751
QQQ,2026-03-19,604.0,3.16,3.21,3.185,3.24,277.0,241.0,593.719970703125,0.0082191780821917,0.9829800839455712,-0.0171664195228503,0.0906596827823244,0.0080792883611963,0.3290490172532498
QQQ,2026-03-19,605.0,2.8,2.86,2.83,2.87,1397.0,529.0,593.719970703125,0.0082191780821917,0.9813553234762395,-0.0188206796188769,0.0906596827823244,0.008065934165558,0.32436248441067334
QQQ,2026-03-19,606.0,2.46,2.52,2.49,2.53,173.0,160.0,593.719970703125,0.0082191780821917,0.9797359252526816,-0.0204722076573499,0.0906596827823244,0.0080526240431726,0.31912118152177327
QQQ,2026-03-19,607.0,2.15,2.21,2.1799999999999997,2.25,327.0,191.0,593.719970703125,0.0082191780821917,0.9781218627728584,-0.0221210126475337,0.0906596827823244,0.0080393577762151,0.31417018295848365
QQQ,2026-03-19,608.0,1.87,1.92,1.895,1.89,379.0,182.0,593.719970703125,0.0082191780821917,0.9765131097090872,-0.0237671035542024,0.0906596827823244,0.0080261351482937,0.3092381386659145
QQQ,2026-03-19,609.0,1.6,1.65,1.625,1.83,113.0,320.0,593.719970703125,0.0082191780821917,0.9749096399066092,-0.0254104892979325,0.0906596827823244,0.0080129559444378,0.30365074152249094
QQQ,2026-03-19,610.0,1.36,1.41,1.385,1.5,1543.0,1382.0,593.719970703125,0.0082191780821917,0.973311427382172,-0.0270511787553924,0.0906596827823244,0.0079998199510862,0.2984160547469555
QQQ,2026-03-19,611.0,1.14,1.19,1.165,1.34,176.0,197.0,593.719970703125,0.0082191780821917,0.9717184463226268,-0.0286891807596308,0.0906596827823244,0.0079867269560763,0.2928510987448095
QQQ,2026-03-19,612.0,0.95,1.0,0.975,1.05,194.0,333.0,593.719970703125,0.0082191780821917,0.9701306710835376,-0.0303245041003615,0.0906596827823244,0.0079736767486317,0.2878151635910272
QQQ,2026-03-19,613.0,0.78,0.82,0.8,0.86,284.0,552.0,593.719970703125,0.0082191780821917,0.968548076187806,-0.0319571575242468,0.0906596827823244,0.0079606691193517,0.2820848941617011
QQQ,2026-03-19,614.0,0.63,0.67,0.65,0.8,201.0,438.0,593.719970703125,0.0082191780821917,0.9669706363243078,-0.0335871497351779,0.0906596827823244,0.0079477038601997,0.27663035572719574
QQQ,2026-03-19,615.0,0.5,0.54,0.52,0.57,919.0,2710.0,593.719970703125,0.0082191780821917,0.9653983263465448,-0.0352144893945533,0.0906596827823244,0.007934780764492,0.271089986632824
QQQ,2026-03-19,616.0,0.4,0.43,0.415,0.4,418.0,355.0,593.719970703125,0.0082191780821917,0.9638311212713068,-0.0368391851215553,0.0906596827823244,0.0079218996268873,0.2663460545364619
QQQ,2026-03-19,617.0,0.31,0.34,0.325,0.38,271.0,313.0,593.719970703125,0.0082191780821917,0.96226899627735,-0.0384612454934233,0.0906596827823244,0.0079090602433754,0.261371452541709
QQQ,2026-03-19,618.0,0.23,0.27,0.25,0.24,714.0,1533.0,593.719970703125,0.0082191780821917,0.9607119267040858,-0.0400806790457262,0.0906596827823244,0.0078962624112663,0.256340345362544
QQQ,2026-03-19,619.0,0.18,0.21,0.195,0.27,449.0,899.0,593.719970703125,0.0082191780821917,0.9591598880502828,-0.0416974942726315,0.0906596827823244,0.0078835059291803,0.2527744390728474
QQQ,2026-03-19,620.0,0.13,0.16,0.145,0.16,1528.0,1231.0,593.719970703125,0.0082191780821917,0.9576128559727822,-0.0433116996271727,0.0906596827823244,0.0078707905970364,0.2478094930273295
QQQ,2026-03-19,621.0,0.1,0.13,0.115,0.12,316.0,619.0,593.719970703125,0.0082191780821917,0.9560708062852254,-0.0449233035215142,0.0906596827823244,0.0078581162160428,0.24611970191121102
QQQ,2026-03-19,622.0,0.07,0.1,0.085,0.08,223.0,326.0,593.719970703125,0.0082191780821917,0.9545337149567926,-0.0465323143272149,0.0906596827823244,0.0078454825886858,0.2422229899532795
QQQ,2026-03-19,623.0,0.05,0.08,0.065,0.11,172.0,456.0,593.719970703125,0.0082191780821917,0.9530015581109552,-0.0481387403754885,0.0906596827823244,0.0078328895187201,0.2400650641131401
QQQ,2026-03-19,624.0,0.04,0.06,0.05,0.08,482.0,639.0,593.719970703125,0.0082191780821917,0.9514743120242388,-0.0497425899574631,0.0906596827823244,0.007820336811158,0.23845573924064634
QQQ,2026-03-19,626.0,0.03,0.04,0.035,0.04,4828.0,341.0,593.719970703125,0.0082191780821917,0.9484344579922124,-0.0529425926881339,0.0906596827823244,0.0077953517095249,0.2408361095409393
QQQ,2026-03-20,235.0,388.98,392.75,390.865,361.37,1.0,3.0,593.719970703125,0.010958904109589,2.5264679604388296,0.9268222642678056,0.1046847845180425,0.027687320114398,3.0
QQQ,2026-03-20,245.0,354.42,358.25,356.33500000000004,316.4,2.0,8.0,593.719970703125,0.010958904109589,2.4233468191964285,0.8851495678672375,0.1046847845180425,0.0265572254158511,3.0
QQQ,2026-03-20,250.0,362.35,365.96,364.155,366.72,1.0,9.0,593.719970703125,0.010958904109589,2.3748798828125,0.864946860549718,0.1046847845180425,0.0260260809075341,3.0
QQQ,2026-03-20,290.0,334.39,337.76,336.075,321.08,1.0,1.0,593.719970703125,0.010958904109589,2.0473102438038793,0.7165268554314448,0.1046847845180425,0.0224362766444259,3.0
QQQ,2026-03-20,545.0,47.15,50.98,49.065,50.14,10.0,1521.0,593.719970703125,0.010958904109589,1.0893944416571102,0.0856219837487205,0.1046847845180425,0.0119385692236395,0.3830253264420032
QQQ,2026-03-20,550.0,42.35,46.18,44.265,44.28,16.0,4501.0,593.719970703125,0.010958904109589,1.0794908558238636,0.0764895001854479,0.1046847845180425,0.0118300367761518,0.4036590170738697
QQQ,2026-03-20,555.0,38.45,41.45,39.95,39.7,49.0,1086.0,593.719970703125,0.010958904109589,1.0697657129786036,0.0674396646655299,0.1046847845180425,0.0117234598682586,0.4619163986442685
QQQ,2026-03-20,560.0,34.25,35.24,34.745000000000005,35.01,66.0,9872.0,593.719970703125,0.010958904109589,1.0602142333984377,0.0584709946827695,0.1046847845180425,0.0116187861194348,0.39206615594792366
QQQ,2026-03-20,565.0,29.64,32.01,30.825,32.03,9.0,7520.0,593.719970703125,0.010958904109589,1.0508318065542035,0.0495820472655235,0.1046847845180425,0.0115159650033336,0.4397989104799628
QQQ,2026-03-20,570.0,24.98,26.63,25.805,26.2,130.0,19835.0,593.719970703125,0.010958904109589,1.041613983689693,0.0407714175833686,0.1046847845180425,0.0114149477664623,0.38400495825466513
QQQ,2026-03-20,575.0,21.26,22.36,21.81,22.02,172.0,6663.0,593.719970703125,0.010958904109589,1.0325564707880437,0.032037737614614,0.1046847845180425,0.0113156873511018,0.3882069949036837
QQQ,2026-03-20,578.0,17.82,21.6,19.71,19.68,1.0,140.0,593.719970703125,0.010958904109589,1.027197181147275,0.026833909739587,0.1046847845180425,0.0112569554098331,0.397649529779166
QQQ,2026-03-20,579.0,17.02,20.84,18.93,19.3,18.0,27.0,593.719970703125,0.010958904109589,1.0254230927515111,0.0251053008389693,0.1046847845180425,0.011237513345222,0.3951624075956643
QQQ,2026-03-20,580.0,17.51,19.74,18.625,18.62,2228.0,8731.0,593.719970703125,0.010958904109589,1.0236551219019396,0.0233796748714994,0.1046847845180425,0.0112181383222129,0.41484632833194734
QQQ,2026-03-20,581.0,15.53,19.36,17.445,22.0,1.0,25.0,593.719970703125,0.010958904109589,1.0218932370105422,0.0216570215600533,0.1046847845180425,0.011198829994636,0.3920926204013824
QQQ,2026-03-20,582.0,16.62,16.73,16.675,17.03,35.0,23.0,593.719970703125,0.010958904109589,1.0201374067064004,0.0199373306805267,0.1046847845180425,0.0111795880187002,0.38838813335877653
QQQ,2026-03-20,583.0,15.91,16.02,15.965,16.53,90.0,11.0,593.719970703125,0.010958904109589,1.0183875998338336,0.0182205920614721,0.1046847845180425,0.0111604120529734,0.3868713446664512
QQQ,2026-03-20,584.0,15.21,15.31,15.260000000000002,15.63,67.0,6.0,593.719970703125,0.010958904109589,1.0166437854505566,0.0165067955837375,0.1046847845180425,0.0111413017583622,0.3849548175571858
QQQ,2026-03-20,585.0,14.52,14.62,14.57,15.14,599.0,5398.0,593.719970703125,0.010958904109589,1.0149059328258547,0.014795931180108,0.1046847845180425,0.0111222567980915,0.3830788811974823
QQQ,2026-03-20,586.0,13.84,13.94,13.89,14.5,71.0,253.0,593.719970703125,0.010958904109589,1.01317401143878,0.0130879888349519,0.1046847845180425,0.0111032768376852,0.3810090211906433
QQQ,2026-03-20,587.0,13.17,13.27,13.22,13.23,114.0,176.0,593.719970703125,0.010958904109589,1.011447990976363,0.0113829585838681,0.1046847845180425,0.0110843615449464,0.3787367438776196
QQQ,2026-03-20,588.0,12.52,12.61,12.565,13.2,135.0,146.0,593.719970703125,0.010958904109589,1.0097278413318451,0.0096808305133377,0.1046847845180425,0.0110655105899379,0.37646205257728693
QQQ,2026-03-20,589.0,11.87,11.97,11.92,12.1,196.0,102.0,593.719970703125,0.010958904109589,1.0080135326029287,0.0079815947603778,0.1046847845180425,0.0110467236449635,0.37396080409768223
QQQ,2026-03-20,590.0,11.25,11.33,11.29,11.25,2007.0,16074.0,593.719970703125,0.010958904109589,1.0063050350900424,0.0062852415121994,0.1046847845180425,0.0110280003845483,0.37142817378306386
QQQ,2026-03-20,591.0,10.63,10.72,10.675,11.26,462.0,407.0,593.719970703125,0.010958904109589,1.0046023192946278,0.0045917610058664,0.1046847845180425,0.0110093404854205,0.3688479789777697
QQQ,2026-03-20,592.0,10.03,10.11,10.07,10.07,1466.0,141.0,593.719970703125,0.010958904109589,1.0029053559174408,0.0029011435279587,0.1046847845180425,0.0109907436264924,0.36600197734770173
QQQ,2026-03-20,593.0,9.44,9.52,9.48,9.46,1730.0,214.0,593.719970703125,0.010958904109589,1.001214115856872,0.0012133794142391,0.1046847845180425,0.0109722094888423,0.36307953278619054
QQQ,2026-03-20,594.0,8.86,8.95,8.905,8.97,2021.0,475.0,593.719970703125,0.010958904109589,0.9995285702072813,-0.0004715409506804,0.1046847845180425,0.0109537377556961,0.36006455204451093
QQQ,2026-03-20,595.0,8.3,8.39,8.345,8.39,6596.0,7068.0,593.719970703125,0.010958904109589,0.9978486902573528,-0.0021536271336652,0.1046847845180425,0.0109353281124093,0.35694094187393777
QQQ,2026-03-20,596.0,7.76,7.84,7.8,8.38,3113.0,1156.0,593.719970703125,0.010958904109589,0.9961744474884648,-0.0038328886533852,0.1046847845180425,0.0109169802464488,0.3536921619910598
QQQ,2026-03-20,597.0,7.23,7.32,7.275,7.24,1185.0,2458.0,593.719970703125,0.010958904109589,0.9945058135730735,-0.0055093349806376,0.1046847845180425,0.0108986938473761,0.35050417882558704
QQQ,2026-03-20,598.0,6.72,6.8,6.76,6.79,2144.0,4082.0,593.719970703125,0.010958904109589,0.9928427603731188,-0.0071829755386672,0.1046847845180425,0.0108804686068286,0.3469537846395224
QQQ,2026-03-20,599.0,6.23,6.31,6.27,6.38,1732.0,2057.0,593.719970703125,0.010958904109589,0.9911852599384392,-0.0088538197034848,0.1046847845180425,0.0108623042185034,0.3436364743391574
QQQ,2026-03-20,600.0,5.75,5.83,5.79,5.8,16020.0,43289.0,593.719970703125,0.010958904109589,0.9895332845052084,-0.0105218768041817,0.1046847845180425,0.0108442003781392,0.33991884447675946
QQQ,2026-03-20,601.0,5.29,5.37,5.33,5.33,1647.0,2313.0,593.719970703125,0.010958904109589,0.9878868064943844,-0.0121871561232431,0.1046847845180425,0.0108261567835,0.33619513494262093
QQQ,2026-03-20,602.0,4.85,4.92,4.885,4.87,2656.0,2646.0,593.719970703125,0.010958904109589,0.9862457985101744,-0.0138496668968564,0.1046847845180425,0.010808173134358,0.3322358381285369
QQQ,2026-03-20,603.0,4.43,4.49,4.46,4.46,1895.0,3179.0,593.719970703125,0.010958904109589,0.9846102333385156,-0.0155094183152209,0.1046847845180425,0.0107902491324768,0.3282347882747053
QQQ,2026-03-20,604.0,4.02,4.09,4.055,4.09,1718.0,3238.0,593.719970703125,0.010958904109589,0.9829800839455712,-0.0171664195228503,0.1046847845180425,0.0107723844815952,0.32417732264339927
QQQ,2026-03-20,605.0,3.64,3.7,3.67,3.68,7960.0,17633.0,593.719970703125,0.010958904109589,0.9813553234762395,-0.0188206796188769,0.1046847845180425,0.0107545788874108,0.3200490467177034
QQQ,2026-03-20,606.0,3.27,3.33,3.3,3.3,1781.0,5661.0,593.719970703125,0.010958904109589,0.9797359252526816,-0.0204722076573499,0.1046847845180425,0.0107368320575635,0.3155959553885757
QQQ,2026-03-20,607.0,2.92,2.98,2.95,3.06,2012.0,5222.0,593.719970703125,0.010958904109589,0.9781218627728584,-0.0221210126475337,0.1046847845180425,0.0107191437016203,0.3110259197853803
QQQ,2026-03-20,608.0,2.6,2.65,2.625,2.67,1766.0,6658.0,593.719970703125,0.010958904109589,0.9765131097090872,-0.0237671035542024,0.1046847845180425,0.0107015135310584,0.30658042804592844
QQQ,2026-03-20,609.0,2.3,2.35,2.325,2.49,1672.0,2766.0,593.719970703125,0.010958904109589,0.9749096399066092,-0.0254104892979325,0.1046847845180425,0.0106839412592504,0.30227736155769225
QQQ,2026-03-20,610.0,2.01,2.06,2.035,2.03,16055.0,35796.0,593.719970703125,0.010958904109589,0.973311427382172,-0.0270511787553924,0.1046847845180425,0.0106664266014484,0.29728568283790335
QQQ,2026-03-20,611.0,1.75,1.79,1.77,1.78,1408.0,3187.0,593.719970703125,0.010958904109589,0.9717184463226268,-0.0286891807596308,0.1046847845180425,0.0106489692747684,0.2924085344048738
QQQ,2026-03-20,612.0,1.5,1.55,1.525,1.57,1727.0,3986.0,593.719970703125,0.010958904109589,0.9701306710835376,-0.0303245041003615,0.1046847845180425,0.0106315689981757,0.2873607975353597
QQQ,2026-03-20,613.0,1.3,1.33,1.315,1.37,1597.0,3025.0,593.719970703125,0.010958904109589,0.968548076187806,-0.0319571575242468,0.1046847845180425,0.010614225492469,0.28318334779411547
QQQ,2026-03-20,614.0,1.09,1.12,1.105,1.11,1429.0,3653.0,593.719970703125,0.010958904109589,0.9669706363243078,-0.0335871497351779,0.1046847845180425,0.0105969384802663,0.2774765029823781
QQQ,2026-03-20,615.0,0.91,0.95,0.93,0.94,14453.0,28872.0,593.719970703125,0.010958904109589,0.9653983263465448,-0.0352144893945533,0.1046847845180425,0.0105797076859894,0.27277977774894235
QQQ,2026-03-20,616.0,0.75,0.79,0.77,0.78,2091.0,2759.0,593.719970703125,0.010958904109589,0.9638311212713068,-0.0368391851215553,0.1046847845180425,0.0105625328358498,0.26764317038369184
QQQ,2026-03-20,617.0,0.62,0.66,0.64,0.64,1583.0,3409.0,593.719970703125,0.010958904109589,0.96226899627735,-0.0384612454934233,0.1046847845180425,0.0105454136578339,0.26355316062718626
QQQ,2026-03-20,618.0,0.5,0.54,0.52,0.54,1706.0,3465.0,593.719970703125,0.010958904109589,0.9607119267040858,-0.0400806790457262,0.1046847845180425,0.0105283498816885,0.25871964277958875
QQQ,2026-03-20,619.0,0.4,0.43,0.415,0.42,1847.0,1999.0,593.719970703125,0.010958904109589,0.9591598880502828,-0.0416974942726315,0.1046847845180425,0.0105113412389071,0.25363489143800744
QQQ,2026-03-20,620.0,0.33,0.35,0.3399999999999999,0.34,17075.0,41592.0,593.719970703125,0.010958904109589,0.9576128559727822,-0.0433116996271727,0.1046847845180425,0.0104943874627153,0.2506572827961446
QQQ,2026-03-20,621.0,0.26,0.28,0.27,0.28,1458.0,3733.0,593.719970703125,0.010958904109589,0.9560708062852254,-0.0449233035215142,0.1046847845180425,0.0104774882880572,0.24666115032386782
QQQ,2026-03-20,622.0,0.19,0.22,0.205,0.22,1672.0,6917.0,593.719970703125,0.010958904109589,0.9545337149567926,-0.0465323143272149,0.1046847845180425,0.0104606434515812,0.24132141039693353
QQQ,2026-03-20,623.0,0.15,0.16,0.155,0.17,4094.0,2514.0,593.719970703125,0.010958904109589,0.9530015581109552,-0.0481387403754885,0.1046847845180425,0.0104438526916268,0.23662504279124738
QQQ,2026-03-20,624.0,0.12,0.14,0.13,0.13,1745.0,2428.0,593.719970703125,0.010958904109589,0.9514743120242388,-0.0497425899574631,0.1046847845180425,0.0104271157482107,0.23642548650705816
QQQ,2026-03-20,625.0,0.1,0.11,0.105,0.1,8909.0,31399.0,593.719970703125,0.010958904109589,0.949951953125,-0.0513438713244369,0.1046847845180425,0.0104104323630136,0.2350189365684986
QQQ,2026-03-20,626.0,0.07,0.1,0.085,0.08,1007.0,2551.0,593.719970703125,0.010958904109589,0.9484344579922124,-0.0529425926881339,0.1046847845180425,0.0103938022793666,0.23392960244369507
QQQ,2026-03-20,627.0,0.06,0.07,0.065,0.07,1507.0,3320.0,593.719970703125,0.010958904109589,0.9469218033542663,-0.0545387622209561,0.1046847845180425,0.0103772252422384,0.23125311636686324
QQQ,2026-03-20,628.0,0.05,0.06,0.055,0.06,3224.0,5892.0,593.719970703125,0.010958904109589,0.9454139660877786,-0.0561323880562342,0.1046847845180425,0.0103607009982221,0.23194977522277832
QQQ,2026-03-27,525.0,67.46,71.28,69.37,69.47,10.0,27.0,593.719970703125,0.0301369863013698,1.1308951822916666,0.1230095158203407,0.1736000757527766,0.034081772617009,0.2988862458305358
QQQ,2026-03-27,530.0,62.68,66.49,64.585,76.51,1.0,13.0,593.719970703125,0.0301369863013698,1.120226359817217,0.113530771865797,0.1736000757527766,0.0337602464602448,0.3334012575570344
QQQ,2026-03-27,535.0,57.92,61.75,59.835,67.5,7.0,9.0,593.719970703125,0.0301369863013698,1.1097569545852803,0.1041410315159579,0.1736000757527766,0.0334447301381864,0.34484784893345827
QQQ,2026-03-27,540.0,53.26,57.07,55.165,60.22,5.0,19.0,593.719970703125,0.0301369863013698,1.0994814272280091,0.0948386388536445,0.1736000757527766,0.033135056710981,0.35173218311023713
QQQ,2026-03-27,545.0,49.07,52.47,50.77,55.7,1.0,32.0,593.719970703125,0.0301369863013698,1.0893944416571102,0.0856219837487205,0.1736000757527766,0.0328310653650087,0.36782650471842293
QQQ,2026-03-27,550.0,44.44,47.94,46.19,52.25,2.0,53.0,593.719970703125,0.0301369863013698,1.0794908558238636,0.0764895001854479,0.1736000757527766,0.0325326011344177,0.3619298489786685
QQQ,2026-03-27,555.0,39.83,43.52,41.675,47.66,2.0,231.0,593.719970703125,0.0301369863013698,1.0697657129786036,0.0674396646655299,0.1736000757527766,0.0322395146377112,0.3542665121566654
QQQ,2026-03-27,560.0,35.43,39.21,37.32,38.85,2.0,270.0,593.719970703125,0.0301369863013698,1.0602142333984377,0.0584709946827695,0.1736000757527766,0.031951661828446,0.34855975675186507
QQQ,2026-03-27,565.0,31.19,35.03,33.11,33.13,7.0,171.0,593.719970703125,0.0301369863013698,1.0508318065542035,0.0495820472655235,0.1736000757527766,0.0316689037591677,0.34278402389489115
QQQ,2026-03-27,570.0,27.41,30.51,28.96,29.44,19.0,107.0,593.719970703125,0.0301369863013698,1.041613983689693,0.0407714175833686,0.1736000757527766,0.0313911063577715,0.3334270961619317
QQQ,2026-03-27,575.0,23.77,27.11,25.44,25.5,14.0,51.0,593.719970703125,0.0301369863013698,1.0325564707880437,0.032037737614614,0.1736000757527766,0.03111814021553,0.3373432094252705
QQQ,2026-03-27,580.0,21.4,23.15,22.275,21.5,29.0,59.0,593.719970703125,0.0301369863013698,1.0236551219019396,0.0233796748714994,0.1736000757527766,0.0308498803860857,0.3432703976341338
QQQ,2026-03-27,585.0,16.17,19.97,18.07,18.45,14.0,75.0,593.719970703125,0.0301369863013698,1.0149059328258547,0.014795931180108,0.1736000757527766,0.0305862061947517,0.3151565649949164
QQQ,2026-03-27,588.0,15.27,16.87,16.07,16.28,1.0,20.0,593.719970703125,0.0301369863013698,1.0097278413318451,0.0096808305133377,0.1736000757527766,0.0304301541223295,0.3090360789874791
QQQ,2026-03-27,589.0,15.31,15.5,15.405,15.68,4.0,32.0,593.719970703125,0.0301369863013698,1.0080135326029287,0.0079815947603778,0.1736000757527766,0.0303784900236498,0.3064863719478249
QQQ,2026-03-27,590.0,14.69,14.87,14.78,14.95,150.0,633.0,593.719970703125,0.0301369863013698,1.0063050350900424,0.0062852415121994,0.1736000757527766,0.030327001057508,0.3046438737826943
QQQ,2026-03-27,591.0,14.12,14.22,14.17,14.23,10.0,25.0,593.719970703125,0.0301369863013698,1.0046023192946278,0.0045917610058664,0.1736000757527766,0.0302756863349065,0.30287737151432026
QQQ,2026-03-27,592.0,13.51,13.61,13.56,14.51,34.0,34.0,593.719970703125,0.0301369863013698,1.0029053559174408,0.0029011435279587,0.1736000757527766,0.0302245449728543,0.3008134570688157
QQQ,2026-03-27,593.0,12.95,13.01,12.98,13.0,146.0,221.0,593.719970703125,0.0301369863013698,1.001214115856872,0.0012133794142391,0.1736000757527766,0.0301735760943166,0.29918066287526485
QQQ,2026-03-27,594.0,12.32,12.42,12.37,12.4,146.0,76.0,593.719970703125,0.0301369863013698,0.9995285702072813,-0.0004715409506804,0.1736000757527766,0.0301227788281645,0.2965103458771109
QQQ,2026-03-27,595.0,11.74,11.84,11.79,11.8,646.0,281.0,593.719970703125,0.0301369863013698,0.9978486902573528,-0.0021536271336652,0.1736000757527766,0.0300721523091256,0.29425925800824154
QQQ,2026-03-27,596.0,11.17,11.28,11.225,11.67,396.0,61.0,593.719970703125,0.0301369863013698,0.9961744474884648,-0.0038328886533852,0.1736000757527766,0.0300216956777344,0.29205519818842407
QQQ,2026-03-27,597.0,10.62,10.72,10.67,10.85,179.0,121.0,593.719970703125,0.0301369863013698,0.9945058135730735,-0.0055093349806376,0.1736000757527766,0.0299714080802843,0.28977022509029504
QQQ,2026-03-27,598.0,10.07,10.17,10.12,10.25,240.0,422.0,593.719970703125,0.0301369863013698,0.9928427603731188,-0.0071829755386672,0.1736000757527766,0.0299212886687788,0.2872755480205863
QQQ,2026-03-27,599.0,9.54,9.64,9.59,10.13,1010.0,106.0,593.719970703125,0.0301369863013698,0.9911852599384392,-0.0088538197034848,0.1736000757527766,0.0298713366008844,0.28493062757095683
QQQ,2026-03-27,600.0,9.02,9.12,9.07,9.11,1455.0,1068.0,593.719970703125,0.0301369863013698,0.9895332845052084,-0.0105218768041817,0.1736000757527766,0.0298215510398829,0.2824844984682351
QQQ,2026-03-27,601.0,8.51,8.61,8.559999999999999,8.97,176.0,276.0,593.719970703125,0.0301369863013698,0.9878868064943844,-0.0121871561232431,0.1736000757527766,0.0297719311546252,0.2799293823088705
QQQ,2026-03-27,602.0,8.02,8.11,8.065,8.06,498.0,894.0,593.719970703125,0.0301369863013698,0.9862457985101744,-0.0138496668968564,0.1736000757527766,0.0297224761194846,0.27738168692530696
QQQ,2026-03-27,603.0,7.53,7.63,7.58,7.84,102.0,460.0,593.719970703125,0.0301369863013698,0.9846102333385156,-0.0155094183152209,0.1736000757527766,0.0296731851143113,0.2747090900502503
QQQ,2026-03-27,604.0,7.07,7.16,7.115,7.23,168.0,426.0,593.719970703125,0.0301369863013698,0.9829800839455712,-0.0171664195228503,0.1736000757527766,0.029624057324387,0.2721572372440994
QQQ,2026-03-27,605.0,6.63,6.7,6.665,6.71,1516.0,2325.0,593.719970703125,0.0301369863013698,0.9813553234762395,-0.0188206796188769,0.1736000757527766,0.0295750919403797,0.26959523675055796
QQQ,2026-03-27,606.0,6.17,6.26,6.215,6.27,130.0,326.0,593.719970703125,0.0301369863013698,0.9797359252526816,-0.0204722076573499,0.1736000757527766,0.0295262881582999,0.2666230819318741
QQQ,2026-03-27,607.0,5.75,5.83,5.79,6.17,557.0,878.0,593.719970703125,0.0301369863013698,0.9781218627728584,-0.0221210126475337,0.1736000757527766,0.0294776451794559,0.2638838768884838
QQQ,2026-03-27,608.0,5.33,5.42,5.375,5.66,2904.0,686.0,593.719970703125,0.0301369863013698,0.9765131097090872,-0.0237671035542024,0.1736000757527766,0.0294291622104107,0.2609758268438876
QQQ,2026-03-27,609.0,4.94,5.02,4.98,5.37,424.0,934.0,593.719970703125,0.0301369863013698,0.9749096399066092,-0.0254104892979325,0.1736000757527766,0.0293808384629388,0.25816205641473833
QQQ,2026-03-27,610.0,4.6,4.64,4.619999999999999,4.68,1359.0,4588.0,593.719970703125,0.0301369863013698,0.973311427382172,-0.0270511787553924,0.1736000757527766,0.0293326731539832,0.25587207652811716
QQQ,2026-03-27,611.0,4.19,4.27,4.23,4.26,183.0,349.0,593.719970703125,0.0301369863013698,0.9717184463226268,-0.0286891807596308,0.1736000757527766,0.0292846655056133,0.25224269131289423
QQQ,2026-03-27,612.0,3.84,3.92,3.88,3.99,180.0,863.0,593.719970703125,0.0301369863013698,0.9701306710835376,-0.0303245041003615,0.1736000757527766,0.0292368147449832,0.24926472504328195
QQQ,2026-03-27,613.0,3.51,3.59,3.55,3.7,122.0,612.0,593.719970703125,0.0301369863013698,0.968548076187806,-0.0319571575242468,0.1736000757527766,0.0291891201042899,0.2463731705786288
QQQ,2026-03-27,614.0,3.19,3.27,3.23,3.36,168.0,318.0,593.719970703125,0.0301369863013698,0.9669706363243078,-0.0335871497351779,0.1736000757527766,0.0291415808207325,0.24325420956879856
QQQ,2026-03-27,615.0,2.9,2.97,2.935,2.95,965.0,3171.0,593.719970703125,0.0301369863013698,0.9653983263465448,-0.0352144893945533,0.1736000757527766,0.0290941961364711,0.2403836210309565
QQQ,2026-03-27,616.0,2.61,2.68,2.645,2.72,164.0,1214.0,593.719970703125,0.0301369863013698,0.9638311212713068,-0.0368391851215553,0.1736000757527766,0.0290469652985872,0.23709720082744956
QQQ,2026-03-27,617.0,2.35,2.42,2.385,2.49,218.0,403.0,593.719970703125,0.0301369863013698,0.96226899627735,-0.0384612454934233,0.1736000757527766,0.0289998875590433,0.23425271911531692
QQQ,2026-03-27,618.0,2.1,2.17,2.135,2.39,500.0,759.0,593.719970703125,0.0301369863013698,0.9607119267040858,-0.0400806790457262,0.1736000757527766,0.0289529621746436,0.23115566280514
QQQ,2026-03-27,619.0,1.87,1.94,1.905,2.17,190.0,372.0,593.719970703125,0.0301369863013698,0.9591598880502828,-0.0416974942726315,0.1736000757527766,0.0289061884069947,0.2281772047973722
QQQ,2026-03-27,620.0,1.66,1.72,1.69,1.7,1657.0,2190.0,593.719970703125,0.0301369863013698,0.9576128559727822,-0.0433116996271727,0.1736000757527766,0.0288595655224673,0.22513549138142167
QQQ,2026-03-27,621.0,1.47,1.52,1.495,1.52,211.0,636.0,593.719970703125,0.0301369863013698,0.9560708062852254,-0.0449233035215142,0.1736000757527766,0.0288130927921574,0.2222600301654935
QQQ,2026-03-27,622.0,1.29,1.34,1.315,1.35,462.0,734.0,593.719970703125,0.0301369863013698,0.9545337149567926,-0.0465323143272149,0.1736000757527766,0.0287667694918484,0.2193607420007586
QQQ,2026-03-27,623.0,1.13,1.18,1.1549999999999998,1.23,660.0,664.0,593.719970703125,0.0301369863013698,0.9530015581109552,-0.0481387403754885,0.1736000757527766,0.0287205949019739,0.21671510131731625
QQQ,2026-03-27,624.0,0.99,1.03,1.01,1.03,516.0,778.0,593.719970703125,0.0301369863013698,0.9514743120242388,-0.0497425899574631,0.1736000757527766,0.0286745683075797,0.21412998913046716
QQQ,2026-03-27,625.0,0.86,0.9,0.88,0.88,3626.0,2009.0,593.719970703125,0.0301369863013698,0.949951953125,-0.0513438713244369,0.1736000757527766,0.0286286889982876,0.21165279111701246
QQQ,2026-03-27,626.0,0.74,0.78,0.76,0.81,253.0,450.0,593.719970703125,0.0301369863013698,0.9484344579922124,-0.0529425926881339,0.1736000757527766,0.0285829562682584,0.20902118732273575
QQQ,2026-03-27,627.0,0.64,0.68,0.66,0.77,326.0,586.0,593.719970703125,0.0301369863013698,0.9469218033542663,-0.0545387622209561,0.1736000757527766,0.0285373694161559,0.20695356248933078
QQQ,2026-03-27,628.0,0.55,0.59,0.5700000000000001,0.58,138.0,850.0,593.719970703125,0.0301369863013698,0.9454139660877786,-0.0561323880562342,0.1736000757527766,0.028491927745111,0.20487833806625005
QQQ,2026-03-27,629.0,0.47,0.51,0.49,0.54,103.0,1179.0,593.719970703125,0.0301369863013698,0.9439109232164148,-0.057723478288476,0.1736000757527766,0.0284466305626864,0.20284567134535306
QQQ,2026-03-27,630.0,0.41,0.44,0.425,0.42,2610.0,3158.0,593.719970703125,0.0301369863013698,0.9424126519097222,-0.0593120409736138,0.1736000757527766,0.0284014771808408,0.2014017493069768
QQQ,2026-03-27,635.0,0.19,0.22,0.205,0.2,1487.0,3507.0,593.719970703125,0.0301369863013698,0.9349920798474408,-0.0672172204807271,0.1736000757527766,0.0281778435022515,0.19585619461023804
QQQ,2026-03-27,640.0,0.1,0.13,0.115,0.11,805.0,4431.0,593.719970703125,0.0301369863013698,0.9276874542236327,-0.0750603979417529,0.1736000757527766,0.0279577040998902,0.19717119184494017
QQQ,2026-03-27,650.0,0.05,0.07,0.06,0.05,141.0,4123.0,593.719970703125,0.0301369863013698,0.9134153395432691,-0.0905645844777182,0.1736000757527766,0.0275275855752765,0.21351549524998664
QQQ,2026-03-31,325.0,299.76,303.62,301.69,303.42,6.0,9.0,593.719970703125,0.0410958904109589,1.8268306790865383,0.6025825960822271,0.2027212135198458,0.075075233387118,3.0
QQQ,2026-03-31,345.0,277.36,281.1,279.23,271.86,1.0,2.0,593.719970703125,0.0410958904109589,1.720927451313406,0.5428633613806048,0.2027212135198458,0.0707230459443865,3.0
QQQ,2026-03-31,380.0,223.79,227.53,225.66,199.27,1.0,2.0,593.719970703125,0.0410958904109589,1.5624209755345395,0.4462365256915331,0.2027212135198458,0.0642090811863509,1.9228224470624622
QQQ,2026-03-31,385.0,219.0,222.74,220.87,202.25,1.0,6.0,593.719970703125,0.0410958904109589,1.542129794034091,0.4331644441241803,0.2027212135198458,0.0633751970150996,1.8896539932195546
QQQ,2026-03-31,415.0,190.88,194.76,192.82,211.58,2.0,25.0,593.719970703125,0.0410958904109589,1.430650531814759,0.3581292581812663,0.2027212135198458,0.0587938574718394,1.7220774082340902
QQQ,2026-03-31,425.0,180.92,184.8,182.86,213.87,1.0,18.0,593.719970703125,0.0410958904109589,1.396988166360294,0.3343186094875476,0.2027212135198458,0.057410472590149,1.6396241848334974
QQQ,2026-03-31,445.0,158.29,161.83,160.06,185.02,1.0,26.0,593.719970703125,0.0410958904109589,1.334202181355337,0.2883334962457243,0.2027212135198458,0.0548302266310412,1.3623299991200861
QQQ,2026-03-31,510.0,96.83,100.7,98.765,116.22,1.0,284.0,593.719970703125,0.0410958904109589,1.1641568053002451,0.1519970526935931,0.2027212135198458,0.0478420604917908,0.9967157961834073
QQQ,2026-03-31,515.0,77.73,81.36,79.545,91.4,7.0,165.0,593.719970703125,0.0410958904109589,1.1528543120449029,0.1422408777482283,0.2027212135198458,0.0473775744675987,0.28359980530834195
QQQ,2026-03-31,520.0,72.91,76.55,74.72999999999999,81.36,11.0,567.0,593.719970703125,0.0410958904109589,1.1417691744290863,0.1325789668364914,0.2027212135198458,0.0469220208669487,0.3173090817153454
QQQ,2026-03-31,525.0,68.13,71.79,69.96000000000001,88.7,2.0,207.0,593.719970703125,0.0410958904109589,1.1308951822916666,0.1230095158203407,0.2027212135198458,0.0464751444777397,0.33095579900634287
QQQ,2026-03-31,530.0,63.25,67.08,65.16499999999999,67.44,1.0,1945.0,593.719970703125,0.0410958904109589,1.120226359817217,0.113530771865797,0.2027212135198458,0.0460366997185157,0.33071583078646655
QQQ,2026-03-31,535.0,59.03,62.42,60.725,68.02,1.0,725.0,593.719970703125,0.0410958904109589,1.1097569545852803,0.1041410315159579,0.2027212135198458,0.0456064501884361,0.3508520612188577
QQQ,2026-03-31,540.0,55.0,57.83,56.415,58.0,8.0,828.0,593.719970703125,0.0410958904109589,1.0994814272280091,0.0948386388536445,0.2027212135198458,0.0451841682422469,0.3649231038345695
QQQ,2026-03-31,545.0,49.77,53.32,51.545,69.3,4.0,1524.0,593.719970703125,0.0410958904109589,1.0893944416571102,0.0856219837487205,0.2027212135198458,0.0447696345886483,0.34451239410448076
QQQ,2026-03-31,550.0,45.23,48.9,47.065,48.51,2.0,1916.0,593.719970703125,0.0410958904109589,1.0794908558238636,0.0764895001854479,0.2027212135198458,0.0443626379105697,0.3397841976290942
QQQ,2026-03-31,555.0,40.73,44.57,42.65,43.12,8.0,445.0,593.719970703125,0.0410958904109589,1.0697657129786036,0.0674396646655299,0.2027212135198458,0.04396297450597,0.33340161518478384
QQQ,2026-03-31,560.0,36.52,40.36,38.44,38.92,6.0,819.0,593.719970703125,0.0410958904109589,1.0602142333984377,0.0584709946827695,0.2027212135198458,0.0435704479478809,0.3298356194881498
QQQ,2026-03-31,561.0,49.49,52.05,50.77,74.25,1.0,3.0,593.719970703125,0.0410958904109589,1.0583243684547683,0.0566868728892682,0.2027212135198458,0.0434927822652644,0.6686103515672832
QQQ,2026-03-31,563.0,34.07,37.89,35.980000000000004,49.67,1.0,18.0,593.719970703125,0.0410958904109589,1.0545647792240231,0.0531281502722741,0.2027212135198458,0.0433382785982475,0.3274587360584139
QQQ,2026-03-31,564.0,33.24,37.04,35.14,41.44,1.0,4.0,593.719970703125,0.0410958904109589,1.0526949835161792,0.0513535269139057,0.2027212135198458,0.043261437678747,0.32569303845247627
QQQ,2026-03-31,565.0,33.33,36.27,34.8,39.0,2.0,2120.0,593.719970703125,0.0410958904109589,1.0508318065542035,0.0495820472655235,0.2027212135198458,0.0431848687625015,0.3380497924512326
QQQ,2026-03-31,566.0,31.63,35.44,33.535,48.04,1.0,4.0,593.719970703125,0.0410958904109589,1.0489752132564043,0.0478137002087815,0.2027212135198458,0.0431085704077974,0.32381576098871234
QQQ,2026-03-31,567.0,30.86,34.64,32.75,45.08,1.0,1.0,593.719970703125,0.0410958904109589,1.0471251687885803,0.0460484746842125,0.2027212135198458,0.0430325411830923,0.3230763656167388
QQQ,2026-03-31,568.0,30.55,33.85,32.2,43.22,2.0,16.0,593.719970703125,0.0410958904109589,1.0452816385618398,0.0442863596908131,0.2027212135198458,0.0429567796669249,0.3285100722348392
QQQ,2026-03-31,570.0,29.35,32.29,30.82,30.8,5.0,7459.0,593.719970703125,0.0410958904109589,1.041613983689693,0.0407714175833686,0.2027212135198458,0.0428060541242339,0.33078315421029925
QQQ,2026-03-31,571.0,40.88,43.27,42.075,63.33,5.0,7.0,593.719970703125,0.0410958904109589,1.039789791073774,0.0390185687559543,0.2027212135198458,0.0427310873044016,0.6117882642658052
QQQ,2026-03-31,572.0,27.25,30.75,29.0,34.26,1.0,9.0,593.719970703125,0.0410958904109589,1.037971976753715,0.0372687870321665,0.2027212135198458,0.042656382606317,0.32092778280155365
QQQ,2026-03-31,573.0,26.43,29.99,28.21,32.37,2.0,5.0,593.719970703125,0.0410958904109589,1.0361605073352966,0.0355220616972249,0.2027212135198458,0.0425819386576149,0.3188710656145065
QQQ,2026-03-31,574.0,25.62,29.24,27.43,37.56,2.0,5.0,593.719970703125,0.0410958904109589,1.034355349657012,0.033778382092398,0.2027212135198458,0.0425077540954936,0.3168936523808986
QQQ,2026-03-31,575.0,25.63,28.49,27.06,27.14,5.0,1509.0,593.719970703125,0.0410958904109589,1.0325564707880437,0.032037737614614,0.2027212135198458,0.0424338275666319,0.32467496165674925
QQQ,2026-03-31,577.0,23.23,27.02,25.125,40.3,1.0,1.0,593.719970703125,0.0410958904109589,1.0289774188962304,0.0285655119038648,0.2027212135198458,0.0422867432423108,0.31076503034216163
QQQ,2026-03-31,578.0,22.47,26.29,24.38,37.5,1.0,1.0,593.719970703125,0.0410958904109589,1.027197181147275,0.026833909739587,0.2027212135198458,0.0422135827868743,0.30891734657466396
QQQ,2026-03-31,579.0,23.16,24.0,23.58,24.0,200.0,4.0,593.719970703125,0.0410958904109589,1.0254230927515111,0.0251053008389693,0.2027212135198458,0.0421406750445826,0.30561036277556414
QQQ,2026-03-31,580.0,22.1,23.91,23.005000000000003,23.37,18.0,1043.0,593.719970703125,0.0410958904109589,1.0236551219019396,0.0233796748714994,0.2027212135198458,0.0420680187082988,0.3072930013366938
QQQ,2026-03-31,581.0,20.34,24.16,22.25,22.7,8.0,28.0,593.719970703125,0.0410958904109589,1.0218932370105422,0.0216570215600533,0.2027212135198458,0.0419956124798852,0.3046358271583318
QQQ,2026-03-31,582.0,19.65,23.46,21.555,31.84,4.0,2.0,593.719970703125,0.0410958904109589,1.0201374067064004,0.0199373306805267,0.2027212135198458,0.041923455070126,0.3031436700772493
QQQ,2026-03-31,583.0,18.99,22.75,20.869999999999997,22.62,1.0,144.0,593.719970703125,0.0410958904109589,1.0183875998338336,0.0182205920614721,0.2027212135198458,0.0418515451986507,0.3016689473489522
QQQ,2026-03-31,584.0,18.26,22.07,20.165,33.61,14.0,19.0,593.719970703125,0.0410958904109589,1.0166437854505566,0.0165067955837375,0.2027212135198458,0.0417798815938584,0.2995479018704742
QQQ,2026-03-31,585.0,17.58,21.4,19.49,19.89,4.0,294.0,593.719970703125,0.0410958904109589,1.0149059328258547,0.014795931180108,0.2027212135198458,0.0417084629928433,0.2978816247788816
QQQ,2026-03-31,586.0,18.04,19.58,18.81,31.59,4.0,28.0,593.719970703125,0.0410958904109589,1.01317401143878,0.0130879888349519,0.2027212135198458,0.0416372881413197,0.2958977742457837
QQQ,2026-03-31,587.0,17.39,18.92,18.155,19.29,1.0,23.0,593.719970703125,0.0410958904109589,1.011447990976363,0.0113829585838681,0.2027212135198458,0.0415663557935491,0.2942425836144238
QQQ,2026-03-31,588.0,16.74,18.27,17.505,18.64,1.0,107.0,593.719970703125,0.0410958904109589,1.0097278413318451,0.0096808305133377,0.2027212135198458,0.0414956647122676,0.29247813770560904
QQQ,2026-03-31,589.0,16.1,17.62,16.86,21.83,1.0,8.0,593.719970703125,0.0410958904109589,1.0080135326029287,0.0079815947603778,0.2027212135198458,0.0414252136686135,0.2906020672354996
QQQ,2026-03-31,590.0,16.09,16.28,16.185000000000002,16.24,71.0,1036.0,593.719970703125,0.0410958904109589,1.0063050350900424,0.0062852415121994,0.2027212135198458,0.0413550014420565,0.2878729204725623
QQQ,2026-03-31,591.0,15.53,15.66,15.595,16.88,7.0,85.0,593.719970703125,0.0410958904109589,1.0046023192946278,0.0045917610058664,0.2027212135198458,0.0412850268203271,0.2867132230880558
QQQ,2026-03-31,592.0,14.91,15.04,14.975,15.26,50.0,110.0,593.719970703125,0.0410958904109589,1.0029053559174408,0.0029011435279587,0.2027212135198458,0.0412152885993468,0.2846921345655471
QQQ,2026-03-31,593.0,14.3,14.44,14.37,14.48,59.0,28.0,593.719970703125,0.0410958904109589,1.001214115856872,0.0012133794142391,0.2027212135198458,0.0411457855831591,0.28275334512887895
QQQ,2026-03-31,594.0,13.71,13.84,13.775,14.15,91.0,61.0,593.719970703125,0.0410958904109589,0.9995285702072813,-0.0004715409506804,0.2027212135198458,0.0410765165838608,0.2807873759832531
QQQ,2026-03-31,595.0,13.14,13.25,13.195,13.19,623.0,729.0,593.719970703125,0.0410958904109589,0.9978486902573528,-0.0021536271336652,0.2027212135198458,0.041007480421535,0.2788938488086239
QQQ,2026-03-31,596.0,12.55,12.67,12.61,12.85,34.0,148.0,593.719970703125,0.0410958904109589,0.9961744474884648,-0.0038328886533852,0.2027212135198458,0.0409386759241834,0.27665158987481897
QQQ,2026-03-31,597.0,11.98,12.1,12.04,12.06,57.0,225.0,593.719970703125,0.0410958904109589,0.9945058135730735,-0.0055093349806376,0.2027212135198458,0.0408701019276605,0.27447229577665033
QQQ,2026-03-31,598.0,11.42,11.55,11.485,11.75,48.0,161.0,593.719970703125,0.0410958904109589,0.9928427603731188,-0.0071829755386672,0.2027212135198458,0.0408017572756076,0.272351160891235
QQQ,2026-03-31,599.0,10.88,11.0,10.94,11.28,45.0,163.0,593.719970703125,0.0410958904109589,0.9911852599384392,-0.0088538197034848,0.2027212135198458,0.0407336408193879,0.27017901934805516
QQQ,2026-03-31,600.0,10.35,10.46,10.405,10.39,1352.0,4661.0,593.719970703125,0.0410958904109589,0.9895332845052084,-0.0105218768041817,0.2027212135198458,0.0406657514180222,0.2679505961378067
QQQ,2026-03-31,601.0,9.82,9.94,9.88,10.23,120.0,163.0,593.719970703125,0.0410958904109589,0.9878868064943844,-0.0121871561232431,0.2027212135198458,0.0405980879381253,0.2656603480303734
QQQ,2026-03-31,602.0,9.31,9.43,9.37,9.79,104.0,265.0,593.719970703125,0.0410958904109589,0.9862457985101744,-0.0138496668968564,0.2027212135198458,0.0405306492538427,0.2634087684233487
QQQ,2026-03-31,603.0,8.81,8.92,8.865,9.16,163.0,182.0,593.719970703125,0.0410958904109589,0.9846102333385156,-0.0155094183152209,0.2027212135198458,0.0404634342467883,0.2609775255756974
QQQ,2026-03-31,604.0,8.32,8.44,8.379999999999999,8.82,90.0,641.0,593.719970703125,0.0410958904109589,0.9829800839455712,-0.0171664195228503,0.2027212135198458,0.0403964418059823,0.25868168953467907
QQQ,2026-03-31,605.0,7.84,7.96,7.9,7.99,1198.0,2236.0,593.719970703125,0.0410958904109589,0.9813553234762395,-0.0188206796188769,0.2027212135198458,0.0403296708277906,0.25619273450896146
QQQ,2026-03-31,606.0,7.38,7.49,7.435,7.59,295.0,801.0,593.719970703125,0.0410958904109589,0.9797359252526816,-0.0204722076573499,0.2027212135198458,0.0402631202158636,0.25372067739440507
QQQ,2026-03-31,607.0,6.94,7.04,6.99,7.31,625.0,684.0,593.719970703125,0.0410958904109589,0.9781218627728584,-0.0221210126475337,0.2027212135198458,0.0401967888810763,0.2513731194401234
QQQ,2026-03-31,608.0,6.5,6.6,6.55,6.86,33.0,683.0,593.719970703125,0.0410958904109589,0.9765131097090872,-0.0237671035542024,0.2027212135198458,0.0401306757414693,0.24881049309802056
QQQ,2026-03-31,609.0,6.08,6.18,6.13,6.17,250.0,681.0,593.719970703125,0.0410958904109589,0.9749096399066092,-0.0254104892979325,0.2027212135198458,0.0400647797221894,0.24636472162304823
QQQ,2026-03-31,610.0,5.67,5.77,5.72,5.8,3412.0,3508.0,593.719970703125,0.0410958904109589,0.973311427382172,-0.0270511787553924,0.2027212135198458,0.0399990997554317,0.24380289994338156
QQQ,2026-03-31,611.0,5.27,5.37,5.32,5.5,76.0,963.0,593.719970703125,0.0410958904109589,0.9717184463226268,-0.0286891807596308,0.2027212135198458,0.0399336347803819,0.2411145674473494
QQQ,2026-03-31,612.0,4.89,4.99,4.9399999999999995,5.15,142.0,431.0,593.719970703125,0.0410958904109589,0.9701306710835376,-0.0303245041003615,0.2027212135198458,0.039868383743159,0.2385331209449321
QQQ,2026-03-31,613.0,4.53,4.62,4.575,4.79,72.0,217.0,593.719970703125,0.0410958904109589,0.968548076187806,-0.0319571575242468,0.2027212135198458,0.0398033455967591,0.235937235222131
QQQ,2026-03-31,614.0,4.18,4.27,4.225,4.53,121.0,400.0,593.719970703125,0.0410958904109589,0.9669706363243078,-0.0335871497351779,0.2027212135198458,0.0397385193009989,0.23332333400145172
QQQ,2026-03-31,615.0,3.84,3.93,3.885,4.04,433.0,1854.0,593.719970703125,0.0410958904109589,0.9653983263465448,-0.0352144893945533,0.2027212135198458,0.0396739038224607,0.23055511640688775
QQQ,2026-03-31,616.0,3.53,3.61,3.57,3.75,371.0,387.0,593.719970703125,0.0410958904109589,0.9638311212713068,-0.0368391851215553,0.2027212135198458,0.0396094981344372,0.22802807402585448
QQQ,2026-03-31,617.0,3.23,3.3,3.2649999999999997,3.43,124.0,589.0,593.719970703125,0.0410958904109589,0.96226899627735,-0.0384612454934233,0.2027212135198458,0.0395453012168773,0.2253406803026646
QQQ,2026-03-31,618.0,2.94,3.01,2.9749999999999996,3.23,48.0,560.0,593.719970703125,0.0410958904109589,0.9607119267040858,-0.0400806790457262,0.2027212135198458,0.0394813120563322,0.22262333525545897
QQQ,2026-03-31,619.0,2.67,2.74,2.705,2.93,38.0,443.0,593.719970703125,0.0410958904109589,0.9591598880502828,-0.0416974942726315,0.2027212135198458,0.039417529645902,0.22002731542225182
QQQ,2026-03-31,620.0,2.41,2.48,2.4450000000000003,2.45,2224.0,2633.0,593.719970703125,0.0410958904109589,0.9576128559727822,-0.0433116996271727,0.2027212135198458,0.0393539529851828,0.2172514535345435
QQQ,2026-03-31,621.0,2.17,2.24,2.205,2.31,253.0,328.0,593.719970703125,0.0410958904109589,0.9560708062852254,-0.0449233035215142,0.2027212135198458,0.0392905810802147,0.21461046201184392
QQQ,2026-03-31,622.0,1.95,2.02,1.985,2.33,122.0,553.0,593.719970703125,0.0410958904109589,0.9545337149567926,-0.0465323143272149,0.2027212135198458,0.0392274129434298,0.21213120763882992
QQQ,2026-03-31,623.0,1.75,1.81,1.78,1.95,150.0,239.0,593.719970703125,0.0410958904109589,0.9530015581109552,-0.0481387403754885,0.2027212135198458,0.0391644475936008,0.2096630844295174
QQQ,2026-03-31,624.0,1.56,1.61,1.585,1.57,133.0,1199.0,593.719970703125,0.0410958904109589,0.9514743120242388,-0.0497425899574631,0.2027212135198458,0.0391016840557906,0.2070224952380359
QQQ,2026-03-31,625.0,1.38,1.43,1.4049999999999998,1.41,2583.0,3793.0,593.719970703125,0.0410958904109589,0.949951953125,-0.0513438713244369,0.2027212135198458,0.0390391213613013,0.20440001095137
QQQ,2026-03-31,626.0,1.22,1.27,1.245,1.36,89.0,839.0,593.719970703125,0.0410958904109589,0.9484344579922124,-0.0529425926881339,0.2027212135198458,0.0389767585476251,0.20203948899117108
QQQ,2026-03-31,627.0,1.07,1.13,1.1,1.29,105.0,505.0,593.719970703125,0.0410958904109589,0.9469218033542663,-0.0545387622209561,0.2027212135198458,0.0389145946583945,0.19977776169675582
QQQ,2026-03-31,628.0,0.94,0.99,0.965,0.97,96.0,282.0,593.719970703125,0.0410958904109589,0.9454139660877786,-0.0561323880562342,0.2027212135198458,0.0388526287433333,0.19740311344045397
QQQ,2026-03-31,629.0,0.82,0.87,0.845,0.86,145.0,594.0,593.719970703125,0.0410958904109589,0.9439109232164148,-0.057723478288476,0.2027212135198458,0.0387908598582088,0.19519351039052008
QQQ,2026-03-31,630.0,0.72,0.77,0.745,0.75,1605.0,5988.0,593.719970703125,0.0410958904109589,0.9424126519097222,-0.0593120409736138,0.2027212135198458,0.0387292870647831,0.19352249473124739
QQQ,2026-03-31,631.0,0.63,0.67,0.65,0.66,112.0,476.0,593.719970703125,0.0410958904109589,0.9409191294819732,-0.0608980841292486,0.2027212135198458,0.038667909430766,0.1915857616541385
QQQ,2026-03-31,632.0,0.54,0.59,0.565,0.59,49.0,795.0,593.719970703125,0.0410958904109589,0.9394303333910206,-0.0624816157348929,0.2027212135198458,0.0386067260297679,0.18970177867007254
QQQ,2026-03-31,633.0,0.47,0.52,0.495,0.52,93.0,395.0,593.719970703125,0.0410958904109589,0.9379462412371644,-0.0640626437322116,0.2027212135198458,0.0385457359412533,0.1883150770716071
QQQ,2026-03-31,634.0,0.41,0.45,0.43,0.42,101.0,403.0,593.719970703125,0.0410958904109589,0.9364668307620267,-0.0656411760252613,0.2027212135198458,0.0384849382504942,0.18676547603327037
QQQ,2026-03-31,635.0,0.36,0.39,0.375,0.37,508.0,3856.0,593.719970703125,0.0410958904109589,0.9349920798474408,-0.0672172204807271,0.2027212135198458,0.0384243320485249,0.18551270602697134
QQQ,2026-03-31,636.0,0.31,0.35,0.3299999999999999,0.42,87.0,407.0,593.719970703125,0.0410958904109589,0.9335219665143476,-0.0687907849281576,0.2027212135198458,0.0383639164320964,0.1846940961084962
QQQ,2026-03-31,637.0,0.27,0.31,0.29,0.4,117.0,445.0,593.719970703125,0.0410958904109589,0.9320564689217034,-0.0703618771601987,0.2027212135198458,0.0383036905036316,0.18392680577206616
QQQ,2026-03-31,638.0,0.23,0.27,0.25,0.26,432.0,333.0,593.719970703125,0.0410958904109589,0.9305955653653996,-0.0719305049328253,0.2027212135198458,0.0382436533711808,0.18265740607541797
QQQ,2026-03-31,639.0,0.2,0.24,0.22,0.28,266.0,536.0,593.719970703125,0.0410958904109589,0.9291392342771908,-0.0734966759655702,0.2027212135198458,0.0381838041483777,0.18212471954262258
QQQ,2026-03-31,640.0,0.18,0.21,0.195,0.22,327.0,4536.0,593.719970703125,0.0410958904109589,0.9276874542236327,-0.0750603979417529,0.2027212135198458,0.0381241419543958,0.1818686580740214
QQQ,2026-03-31,641.0,0.15,0.2,0.175,0.26,16.0,412.0,593.719970703125,0.0410958904109589,0.9262402039050311,-0.0766216785087054,0.2027212135198458,0.0380646659139053,0.18200992103505137
QQQ,2026-03-31,642.0,0.14,0.17,0.155,0.26,12.0,1793.0,593.719970703125,0.0410958904109589,0.9247974621544004,-0.0781805252779966,0.2027212135198458,0.0380053751570301,0.1818218088388443
QQQ,2026-03-31,643.0,0.12,0.16,0.14,0.17,19.0,1805.0,593.719970703125,0.0410958904109589,0.9233592079364308,-0.0797369458256548,0.2027212135198458,0.0379462688193053,0.18219517220926285
QQQ,2026-03-31,644.0,0.11,0.14,0.125,0.15,24.0,924.0,593.719970703125,0.0410958904109589,0.9219254203464674,-0.081290947692389,0.2027212135198458,0.0378873460416356,0.18228493677437305
QQQ,2026-03-31,645.0,0.09,0.13,0.11,0.11,71.0,2197.0,593.719970703125,0.0410958904109589,0.920496078609496,-0.0828425383838079,0.2027212135198458,0.0378286059702532,0.18203888888275624
QQQ,2026-03-31,646.0,0.08,0.12,0.1,0.3,3.0,670.0,593.719970703125,0.0410958904109589,0.9190711620791407,-0.0843917253706373,0.2027212135198458,0.037770047756677,0.18263147806358337
QQQ,2026-03-31,647.0,0.07,0.11,0.09,0.12,1.0,263.0,593.719970703125,0.0410958904109589,0.9176506502366693,-0.085938516088936,0.2027212135198458,0.0377116705576713,0.1829869600465298
QQQ,2026-03-31,648.0,0.07,0.11,0.09,0.14,2.0,568.0,593.719970703125,0.0410958904109589,0.9162345226900076,-0.0874829179403101,0.2027212135198458,0.0376534735352057,0.18587230072903638
QQQ,2026-03-31,653.0,0.06,0.08,0.07,0.08,66.0,1214.0,593.719970703125,0.0410958904109589,0.9092189444151992,-0.0951693508644665,0.2027212135198458,0.0373651620992547,0.19393179969048496
QQQ,2026-04-02,515.0,78.04,81.85,79.945,85.86,10.0,13.0,593.719970703125,0.0465753424657534,1.1528543120449029,0.1422408777482283,0.2158132119814572,0.0536945843966118,0.337208026135981
QQQ,2026-04-02,520.0,73.31,77.1,75.205,88.1,2.0,10.0,593.719970703125,0.0465753424657534,1.1417691744290863,0.1325789668364914,0.2158132119814572,0.0531782903158752,0.34801821893227103
QQQ,2026-04-02,530.0,64.35,67.74,66.04499999999999,74.53,17.0,32.0,593.719970703125,0.0465753424657534,1.120226359817217,0.113530771865797,0.2158132119814572,0.0521749263476511,0.36676962531188134
QQQ,2026-04-02,535.0,59.63,63.15,61.39,67.0,1.0,3.0,593.719970703125,0.0465753424657534,1.1097569545852803,0.1041410315159579,0.2158132119814572,0.0516873102135609,0.3616289946344494
QQQ,2026-04-02,540.0,55.09,58.62,56.855,58.68,1.0,13.0,593.719970703125,0.0465753424657534,1.0994814272280091,0.0948386388536445,0.2158132119814572,0.0512087240078798,0.35874597853231427
QQQ,2026-04-02,545.0,50.49,54.16,52.325,54.18,1.0,5.0,593.719970703125,0.0465753424657534,1.0893944416571102,0.0856219837487205,0.2158132119814572,0.0507389192004681,0.3522937480838001
QQQ,2026-04-02,550.0,45.94,49.77,47.855,48.97,2.0,8.0,593.719970703125,0.0465753424657534,1.0794908558238636,0.0764895001854479,0.2158132119814572,0.0502776562986456,0.34488571277143054
QQQ,2026-04-02,555.0,41.67,45.5,43.585,44.08,3.0,126.0,593.719970703125,0.0465753424657534,1.0697657129786036,0.0674396646655299,0.2158132119814572,0.0498247044400993,0.3408001286583245
QQQ,2026-04-02,560.0,37.5,41.32,39.41,39.67,5.0,27.0,593.719970703125,0.0465753424657534,1.0602142333984377,0.0584709946827695,0.2158132119814572,0.0493798410075984,0.3356428682905436
QQQ,2026-04-02,565.0,33.97,37.26,35.614999999999995,35.8,3.0,16.0,593.719970703125,0.0465753424657534,1.0508318065542035,0.0495820472655235,0.2158132119814572,0.0489428512641683,0.3366351958883107
QQQ,2026-04-02,570.0,29.81,33.33,31.57,33.44,1.0,43.0,593.719970703125,0.0465753424657534,1.041613983689693,0.0407714175833686,0.2158132119814572,0.0485135280074651,0.32688903505355116
QQQ,2026-04-02,575.0,26.48,29.4,27.94,29.57,11.0,47.0,593.719970703125,0.0465753424657534,1.0325564707880437,0.032037737614614,0.2158132119814572,0.0480916712421828,0.32306214991369836
QQQ,2026-04-02,580.0,22.77,25.34,24.055,26.39,2.0,19.0,593.719970703125,0.0465753424657534,1.0236551219019396,0.0233796748714994,0.2158132119814572,0.0476770878694053,0.30952017284981914
QQQ,2026-04-02,585.0,20.33,21.7,21.015,23.61,1.0,50.0,593.719970703125,0.0465753424657534,1.0149059328258547,0.014795931180108,0.2158132119814572,0.0472695913918891,0.30953595317426325
QQQ,2026-04-02,588.0,17.63,19.52,18.575,19.76,3.0,5.0,593.719970703125,0.0465753424657534,1.0097278413318451,0.0096808305133377,0.2158132119814572,0.0470284200072366,0.2948528306653797
QQQ,2026-04-02,590.0,17.15,17.33,17.24,17.47,89.0,1125.0,593.719970703125,0.0465753424657534,1.0063050350900424,0.0062852415121994,0.2158132119814572,0.0468690016343307,0.2900722417246997
QQQ,2026-04-02,591.0,16.58,16.72,16.65,17.21,4.0,18.0,593.719970703125,0.0465753424657534,1.0046023192946278,0.0045917610058664,0.2158132119814572,0.0467896970630374,0.28892626830507817
QQQ,2026-04-02,592.0,15.96,16.1,16.03,16.13,4.0,125.0,593.719970703125,0.0465753424657534,1.0029053559174408,0.0029011435279587,0.2158132119814572,0.0467106604125931,0.28698618246781815
QQQ,2026-04-02,593.0,15.35,15.49,15.42,15.95,49.0,136.0,593.719970703125,0.0465753424657534,1.001214115856872,0.0012133794142391,0.2158132119814572,0.0466318903275803,0.28504041929003593
QQQ,2026-04-02,594.0,14.75,14.88,14.815,15.2,92.0,116.0,593.719970703125,0.0465753424657534,0.9995285702072813,-0.0004715409506804,0.2158132119814572,0.0465533854617089,0.2829870101596713
QQQ,2026-04-02,595.0,14.16,14.29,14.225,14.28,519.0,338.0,593.719970703125,0.0465753424657534,0.9978486902573528,-0.0021536271336652,0.2158132119814572,0.0464751444777397,0.28101800117817516
QQQ,2026-04-02,596.0,13.57,13.7,13.635,14.1,35.0,82.0,593.719970703125,0.0465753424657534,0.9961744474884648,-0.0038328886533852,0.2158132119814572,0.0463971660474079,0.2788356895958707
QQQ,2026-04-02,597.0,13.0,13.12,13.06,13.15,53.0,49.0,593.719970703125,0.0465753424657534,0.9945058135730735,-0.0055093349806376,0.2158132119814572,0.0463194488513486,0.2767294186137914
QQQ,2026-04-02,598.0,12.44,12.56,12.5,12.75,91.0,128.0,593.719970703125,0.0465753424657534,0.9928427603731188,-0.0071829755386672,0.2158132119814572,0.0462419915790219,0.27469505316108467
QQQ,2026-04-02,599.0,11.89,12.01,11.95,11.95,156.0,121.0,593.719970703125,0.0465753424657534,0.9911852599384392,-0.0088538197034848,0.2158132119814572,0.0461647929286396,0.2726306916808934
QQQ,2026-04-02,600.0,11.4,11.46,11.43,11.61,816.0,1016.0,593.719970703125,0.0465753424657534,0.9895332845052084,-0.0105218768041817,0.2158132119814572,0.0460878516070918,0.2709263495857194
QQQ,2026-04-02,601.0,10.81,10.93,10.87,11.34,353.0,259.0,593.719970703125,0.0465753424657534,0.9878868064943844,-0.0121871561232431,0.2158132119814572,0.0460111663298754,0.2681971804710479
QQQ,2026-04-02,602.0,10.28,10.4,10.34,10.35,134.0,405.0,593.719970703125,0.0465753424657534,0.9862457985101744,-0.0138496668968564,0.2158132119814572,0.0459347358210218,0.2658171230950356
QQQ,2026-04-02,603.0,9.77,9.89,9.83,9.88,123.0,170.0,593.719970703125,0.0465753424657534,0.9846102333385156,-0.0155094183152209,0.2158132119814572,0.0458585588130267,0.263586777635634
QQQ,2026-04-02,604.0,9.27,9.39,9.33,10.7,14.0,247.0,593.719970703125,0.0465753424657534,0.9829800839455712,-0.0171664195228503,0.2158132119814572,0.04578263404678,0.2613032350485027
QQQ,2026-04-02,605.0,8.79,8.9,8.844999999999999,8.93,843.0,1881.0,593.719970703125,0.0465753424657534,0.9813553234762395,-0.0188206796188769,0.2158132119814572,0.045706960271496,0.2590627419017105
QQQ,2026-04-02,606.0,8.3,8.42,8.36,8.62,51.0,210.0,593.719970703125,0.0465753424657534,0.9797359252526816,-0.0204722076573499,0.2158132119814572,0.0456315362446454,0.2565545643844605
QQQ,2026-04-02,607.0,7.85,7.96,7.904999999999999,8.15,112.0,384.0,593.719970703125,0.0465753424657534,0.9781218627728584,-0.0221210126475337,0.2158132119814572,0.0455563607318865,0.25438894954770797
QQQ,2026-04-02,608.0,7.4,7.5,7.45,7.7,67.0,258.0,593.719970703125,0.0465753424657534,0.9765131097090872,-0.0237671035542024,0.2158132119814572,0.0454814325069985,0.25194346864528216
QQQ,2026-04-02,609.0,6.96,7.06,7.01,7.1,120.0,266.0,593.719970703125,0.0465753424657534,0.9749096399066092,-0.0254104892979325,0.2158132119814572,0.0454067503518146,0.2495231557957232
QQQ,2026-04-02,610.0,6.54,6.63,6.585,6.68,377.0,2181.0,593.719970703125,0.0465753424657534,0.973311427382172,-0.0270511787553924,0.2158132119814572,0.0453323130561559,0.24712526173570754
QQQ,2026-04-02,611.0,6.12,6.22,6.17,6.56,80.0,220.0,593.719970703125,0.0465753424657534,0.9717184463226268,-0.0286891807596308,0.2158132119814572,0.0452581194177661,0.24463729018630087
QQQ,2026-04-02,612.0,5.72,5.81,5.765,5.9,177.0,364.0,593.719970703125,0.0465753424657534,0.9701306710835376,-0.0303245041003615,0.2158132119814572,0.0451841682422469,0.24205110511620345
QQQ,2026-04-02,613.0,5.33,5.43,5.38,5.75,182.0,102.0,593.719970703125,0.0465753424657534,0.968548076187806,-0.0319571575242468,0.2158132119814572,0.0451104583429936,0.2395862005566359
QQQ,2026-04-02,614.0,5.0,5.05,5.025,5.02,34.0,337.0,593.719970703125,0.0465753424657534,0.9669706363243078,-0.0335871497351779,0.2158132119814572,0.0450369885411321,0.23748129303035143
QQQ,2026-04-02,615.0,4.61,4.69,4.65,4.64,969.0,1317.0,593.719970703125,0.0465753424657534,0.9653983263465448,-0.0352144893945533,0.2158132119814572,0.0449637576654554,0.23456264826367798
QQQ,2026-04-02,616.0,4.26,4.35,4.305,4.39,60.0,127.0,593.719970703125,0.0465753424657534,0.9638311212713068,-0.0368391851215553,0.2158132119814572,0.0448907645523622,0.23199483631920814
QQQ,2026-04-02,617.0,3.93,4.02,3.975,4.02,56.0,111.0,593.719970703125,0.0465753424657534,0.96226899627735,-0.0384612454934233,0.2158132119814572,0.0448180080457943,0.22942545975333456
QQQ,2026-04-02,618.0,3.62,3.7,3.66,3.79,95.0,162.0,593.719970703125,0.0465753424657534,0.9607119267040858,-0.0400806790457262,0.2158132119814572,0.0447454869971765,0.22685331157240274
QQQ,2026-04-02,619.0,3.33,3.4,3.365,3.65,60.0,167.0,593.719970703125,0.0465753424657534,0.9591598880502828,-0.0416974942726315,0.2158132119814572,0.0446732002653556,0.22441285981020337
QQQ,2026-04-02,620.0,3.04,3.12,3.08,3.08,551.0,1650.0,593.719970703125,0.0465753424657534,0.9576128559727822,-0.0433116996271727,0.2158132119814572,0.0446011467165405,0.22183923641480502
QQQ,2026-04-02,621.0,2.78,2.85,2.815,2.87,95.0,123.0,593.719970703125,0.0465753424657534,0.9560708062852254,-0.0449233035215142,0.2158132119814572,0.0445293252242433,0.21940960289202627
QQQ,2026-04-02,622.0,2.53,2.6,2.565,2.84,52.0,173.0,593.719970703125,0.0465753424657534,0.9545337149567926,-0.0465323143272149,0.2158132119814572,0.0444577346692204,0.2169932462994456
QQQ,2026-04-02,623.0,2.3,2.36,2.33,2.62,195.0,321.0,593.719970703125,0.0465753424657534,0.9530015581109552,-0.0481387403754885,0.2158132119814572,0.0443863739394143,0.2145965145296156
QQQ,2026-04-02,624.0,2.08,2.14,2.1100000000000003,2.17,31.0,198.0,593.719970703125,0.0465753424657534,0.9514743120242388,-0.0497425899574631,0.2158132119814572,0.044315241929896,0.2122279012415856
QQQ,2026-04-02,625.0,1.87,1.93,1.9,1.92,988.0,1501.0,593.719970703125,0.0465753424657534,0.949951953125,-0.0513438713244369,0.2158132119814572,0.0442443375428081,0.2097250881405771
QQQ,2026-04-02,626.0,1.68,1.74,1.71,2.05,68.0,438.0,593.719970703125,0.0465753424657534,0.9484344579922124,-0.0529425926881339,0.2158132119814572,0.0441736596873085,0.2074427078436315
QQQ,2026-04-02,627.0,1.51,1.57,1.54,1.56,63.0,586.0,593.719970703125,0.0465753424657534,0.9469218033542663,-0.0545387622209561,0.2158132119814572,0.0441032072795137,0.2054298894628286
QQQ,2026-04-02,628.0,1.35,1.4,1.375,1.55,279.0,643.0,593.719970703125,0.0465753424657534,0.9454139660877786,-0.0561323880562342,0.2158132119814572,0.0440329792424444,0.20313150532409546
QQQ,2026-04-02,629.0,1.2,1.26,1.23,1.23,203.0,380.0,593.719970703125,0.0465753424657534,0.9439109232164148,-0.057723478288476,0.2158132119814572,0.0439629745059699,0.20116508914378284
QQQ,2026-04-02,630.0,1.07,1.12,1.0950000000000002,1.11,804.0,2944.0,593.719970703125,0.0465753424657534,0.9424126519097222,-0.0593120409736138,0.2158132119814572,0.0438931920067541,0.19914896270629762
QQQ,2026-04-02,635.0,0.59,0.62,0.605,0.6,847.0,5179.0,593.719970703125,0.0465753424657534,0.9349920798474408,-0.0672172204807271,0.2158132119814572,0.0435475763216616,0.1912238423717022
QQQ,2026-04-02,640.0,0.3,0.34,0.32,0.32,782.0,2277.0,593.719970703125,0.0465753424657534,0.9276874542236327,-0.0750603979417529,0.2158132119814572,0.0432073608816486,0.18512485873270035
QQQ,2026-04-02,645.0,0.16,0.2,0.18,0.17,393.0,4384.0,593.719970703125,0.0465753424657534,0.920496078609496,-0.0828425383838079,0.2158132119814572,0.0428724200996203,0.18321619943392278
QQQ,2026-04-02,650.0,0.09,0.13,0.11,0.13,452.0,1221.0,593.719970703125,0.0465753424657534,0.9134153395432691,-0.0905645844777182,0.2158132119814572,0.0425426322527001,0.184480413528204
QQQ,2026-04-02,655.0,0.07,0.1,0.085,0.09,17.0,4329.0,593.719970703125,0.0465753424657534,0.9064427033635496,-0.0982274572232874,0.2158132119814572,0.0422178793347406,0.19157288705515857
AAPL,2026-03-18,220.0,28.9,31.85,30.375,37.53,153.0,23.0,250.1199951171875,0.0054794520547945,1.1369090687144887,0.128313236824856,0.0740233210197603,0.0062296387326821,0.9438235461101532
AAPL,2026-03-18,222.5,26.25,29.55,27.9,34.22,152.0,23.0,250.1199951171875,0.0054794520547945,1.1241348095154495,0.1170136815709226,0.0740233210197603,0.0061596427918654,0.8917085999503137
AAPL,2026-03-18,225.0,23.95,27.05,25.5,30.9,1.0,57.0,250.1199951171875,0.0054794520547945,1.1116444227430555,0.1058403809727973,0.0740233210197603,0.0060912023164002,0.8797538195419312
AAPL,2026-03-18,227.5,21.45,24.45,22.95,28.22,2.0,34.0,250.1199951171875,0.0054794520547945,1.0994285499656593,0.0947905447862123,0.0740233210197603,0.006024266027209,0.7787297023682594
AAPL,2026-03-18,230.0,19.1,22.15,20.625,21.63,187.0,33.0,250.1199951171875,0.0054794520547945,1.0874782396399456,0.083861474254022,0.0740233210197603,0.0059587848747394,0.7845940822036266
AAPL,2026-03-18,232.5,17.0,19.2,18.1,19.59,186.0,32.0,250.1199951171875,0.0054794520547945,1.075784925235215,0.0730505581498063,0.0740233210197603,0.005894711919097,0.6960354378645421
AAPL,2026-03-18,235.0,14.3,16.65,15.475,20.62,63.0,60.0,250.1199951171875,0.0054794520547945,1.0643404047539893,0.0623552690330584,0.0740233210197603,0.00583200221783,0.5686520097904204
AAPL,2026-03-18,237.5,12.15,14.1,13.125,14.6,26.0,44.0,250.1199951171875,0.0054794520547945,1.0531368215460526,0.0517731597025215,0.0740233210197603,0.0057706127208002,0.544771059193611
AAPL,2026-03-18,240.0,10.05,11.8,10.925,11.03,1.0,41.0,250.1199951171875,0.0054794520547945,1.0421666463216146,0.0413018598352261,0.0740233210197603,0.0057105021716252,0.5398847912529707
AAPL,2026-03-18,245.0,6.6,6.9,6.75,6.7,200.0,66.0,250.1199951171875,0.0054794520547945,1.0208979392538264,0.0206825726324904,0.0740233210197603,0.0055939613109798,0.4910723585453629
AAPL,2026-03-18,250.0,3.35,3.5,3.425,3.4,1139.0,302.0,250.1199951171875,0.0054794520547945,1.00047998046875,0.0004798653149711,0.0740233210197603,0.0054820820847602,0.4523171334075927
AAPL,2026-03-18,252.5,2.18,2.28,2.23,2.19,1790.0,87.0,250.1199951171875,0.0054794520547945,0.9905742380878712,-0.009470465538197,0.0740233210197603,0.005427804044317,0.4398176859368085
AAPL,2026-03-18,255.0,1.28,1.36,1.32,1.32,2383.0,210.0,250.1199951171875,0.0054794520547945,0.9808627259497548,-0.0193227619812086,0.0740233210197603,0.0053745902791767,0.42456289547044035
AAPL,2026-03-18,257.5,0.7,0.75,0.725,0.68,1977.0,378.0,250.1199951171875,0.0054794520547945,0.971339786862864,-0.0290789369265733,0.0740233210197603,0.0053224097910293,0.4146131550393105
AAPL,2026-03-18,260.0,0.35,0.4,0.375,0.36,3233.0,863.0,250.1199951171875,0.0054794520547945,0.961999981219952,-0.0387408478383102,0.0740233210197603,0.0052712327738079,0.40988460093617446
AAPL,2026-03-18,262.5,0.17,0.21,0.19,0.2,2604.0,1229.0,250.1199951171875,0.0054794520547945,0.9528380766369048,-0.0483102988544609,0.0740233210197603,0.0052210305569145,0.41135516624188423
AAPL,2026-03-18,265.0,0.1,0.12,0.11,0.11,1251.0,1598.0,250.1199951171875,0.0054794520547945,0.943849038178066,-0.0577890428090046,0.0740233210197603,0.0051717755516606,0.42710437707185733
AAPL,2026-03-18,267.5,0.05,0.07,0.06,0.06,528.0,503.0,250.1199951171875,0.0054794520547945,0.9350280191296728,-0.0671787831588437,0.0740233210197603,0.0051234412007105,0.4384855225701332
AAPL,2026-03-20,95.0,163.1,167.0,165.05,165.52,7.0,1.0,250.1199951171875,0.010958904109589,2.6328420538651316,0.9680638915766766,0.1046847845180425,0.0288530636040013,3.0
AAPL,2026-03-20,100.0,148.3,152.05,150.175,160.45,10.0,51.0,250.1199951171875,0.010958904109589,2.501199951171875,0.9167705971891262,0.1046847845180425,0.0274104104238012,2.880386392410278
AAPL,2026-03-20,105.0,153.1,157.0,155.05,143.15,1.0,27.0,250.1199951171875,0.010958904109589,2.3820951915922617,0.867980433019694,0.1046847845180425,0.0261051527845726,3.0
AAPL,2026-03-20,125.0,123.3,127.1,125.2,139.5,3.0,114.0,250.1199951171875,0.010958904109589,2.0009599609375,0.6936270458749164,0.1046847845180425,0.021928328339041,2.350502230659485
AAPL,2026-03-20,150.0,98.35,102.05,100.2,105.88,2.0,530.0,250.1199951171875,0.010958904109589,1.6674666341145834,0.5113054890809617,0.1046847845180425,0.0182736069492008,1.704494908153534
AAPL,2026-03-20,160.0,88.5,91.95,90.225,99.75,7.0,447.0,250.1199951171875,0.010958904109589,1.5632499694824218,0.4467669679433905,0.1046847845180425,0.0171315065148757,1.61161469009018
AAPL,2026-03-20,170.0,78.35,82.1,80.225,81.29,11.0,737.0,250.1199951171875,0.010958904109589,1.4712940889246324,0.3861423461269557,0.1046847845180425,0.0161237708375301,1.3954187019748687
AAPL,2026-03-20,180.0,69.35,71.8,70.57499999999999,72.62,38.0,522.0,250.1199951171875,0.010958904109589,1.3895555284288197,0.3289839322870071,0.1046847845180425,0.0152280057910007,1.6410431623363495
AAPL,2026-03-20,185.0,64.25,66.85,65.55,66.36,1.0,869.0,250.1199951171875,0.010958904109589,1.351999973606419,0.3015849580988927,0.1046847845180425,0.0148164380669196,1.5044994570879937
AAPL,2026-03-20,190.0,59.15,61.95,60.55,60.6,7.0,614.0,250.1199951171875,0.010958904109589,1.3164210269325658,0.2749167110167313,0.1046847845180425,0.0144265318020006,1.3885923034934997
AAPL,2026-03-20,195.0,54.3,56.9,55.599999999999994,56.01,23.0,1530.0,250.1199951171875,0.010958904109589,1.2826666416266026,0.2489412246134707,0.1046847845180425,0.0140566207301544,1.3048115658869741
AAPL,2026-03-20,200.0,49.1,51.8,50.45,51.63,63.0,6383.0,250.1199951171875,0.010958904109589,1.2505999755859376,0.2236234166291809,0.1046847845180425,0.0137052052119006,1.0990482944784163
AAPL,2026-03-20,205.0,44.0,46.9,45.45,46.57,40.0,121.0,250.1199951171875,0.010958904109589,1.2200975371570122,0.1989308040388093,0.1046847845180425,0.0133709319140493,0.9935495389037133
AAPL,2026-03-20,210.0,39.85,41.4,40.625,40.82,28.0,4409.0,250.1199951171875,0.010958904109589,1.1910475957961308,0.1748332524597487,0.1046847845180425,0.0130525763922863,0.9804589327630997
AAPL,2026-03-20,215.0,34.15,36.95,35.55,36.33,142.0,1412.0,250.1199951171875,0.010958904109589,1.1633488144985464,0.1513027550495546,0.1046847845180425,0.0127490281040936,0.8376181181025505
AAPL,2026-03-20,220.0,30.0,30.9,30.45,30.54,152.0,5964.0,250.1199951171875,0.010958904109589,1.1369090687144887,0.128313236824856,0.1046847845180425,0.0124592774653642,0.6850698558111192
AAPL,2026-03-20,225.0,25.05,25.95,25.5,25.6,41.0,1979.0,250.1199951171875,0.010958904109589,1.1116444227430555,0.1058403809727973,0.1046847845180425,0.0121824046328005,0.6054669255735874
AAPL,2026-03-20,230.0,20.65,21.1,20.875,20.9,214.0,6322.0,250.1199951171875,0.010958904109589,1.0874782396399456,0.083861474254022,0.1046847845180425,0.0119175697494788,0.6089623791966439
AAPL,2026-03-20,235.0,15.6,16.4,16.0,16.54,3628.0,1084.0,250.1199951171875,0.010958904109589,1.0643404047539893,0.0623552690330584,0.1046847845180425,0.0116640044356601,0.5146906315602062
AAPL,2026-03-20,237.5,13.4,14.5,13.95,14.0,17.0,130.0,250.1199951171875,0.010958904109589,1.0531368215460526,0.0517731597025215,0.1046847845180425,0.0115412254416005,0.5263281961548327
AAPL,2026-03-20,240.0,11.25,11.85,11.55,11.6,288.0,9596.0,250.1199951171875,0.010958904109589,1.0421666463216146,0.0413018598352261,0.1046847845180425,0.0114210043432505,0.4705708113669157
AAPL,2026-03-20,242.5,9.1,9.85,9.475,9.6,38.0,232.0,250.1199951171875,0.010958904109589,1.0314226602770618,0.0309390727996794,0.1046847845180425,0.0113032620304335,0.450271145053029
AAPL,2026-03-20,245.0,7.5,8.7,8.1,7.6,626.0,2642.0,250.1199951171875,0.010958904109589,1.0208979392538264,0.0206825726324904,0.1046847845180425,0.0111879226219597,0.49059617719697945
AAPL,2026-03-20,247.5,5.55,6.6,6.074999999999999,6.05,442.0,79.0,250.1199951171875,0.010958904109589,1.0105858388573232,0.0105302011684724,0.1046847845180425,0.0110749133025459,0.44172992151308055
AAPL,2026-03-20,250.0,4.3,4.45,4.375,4.3,4360.0,13329.0,250.1199951171875,0.010958904109589,1.00047998046875,0.0004798653149711,0.1046847845180425,0.0109641641695205,0.40848877983009824
AAPL,2026-03-20,252.5,2.95,3.15,3.05,2.98,4659.0,441.0,250.1199951171875,0.010958904109589,0.9905742380878712,-0.009470465538197,0.1046847845180425,0.0108556080886341,0.3897428272736668
AAPL,2026-03-20,255.0,1.93,2.02,1.975,1.96,8374.0,7407.0,250.1199951171875,0.010958904109589,0.9808627259497548,-0.0193227619812086,0.1046847845180425,0.0107491805583534,0.3706769766953588
AAPL,2026-03-20,257.5,1.19,1.29,1.24,1.2,5884.0,2232.0,250.1199951171875,0.010958904109589,0.971339786862864,-0.0290789369265733,0.1046847845180425,0.0106448195820587,0.3612361405516863
AAPL,2026-03-20,260.0,0.7,0.76,0.73,0.75,15044.0,30741.0,250.1199951171875,0.010958904109589,0.961999981219952,-0.0387408478383102,0.1046847845180425,0.0105424655476158,0.3529731514008045
AAPL,2026-03-20,262.5,0.4,0.44,0.42,0.42,3225.0,3110.0,250.1199951171875,0.010958904109589,0.9528380766369048,-0.0483102988544609,0.1046847845180425,0.010442061113829,0.34993403078603735
AAPL,2026-03-20,265.0,0.23,0.25,0.24,0.24,11776.0,11904.0,250.1199951171875,0.010958904109589,0.943849038178066,-0.0577890428090046,0.1046847845180425,0.0103435511033212,0.3509164342137575
AAPL,2026-03-20,267.5,0.15,0.16,0.155,0.15,2075.0,4452.0,250.1199951171875,0.010958904109589,0.9350280191296728,-0.0671787831588437,0.1046847845180425,0.010246882401421,0.3625590055968761
AAPL,2026-03-20,270.0,0.1,0.11,0.105,0.1,5765.0,31712.0,250.1199951171875,0.010958904109589,0.9263703522858796,-0.0764811758211573,0.1046847845180425,0.0101520038606671,0.3767761391482354
AAPL,2026-03-20,272.5,0.06,0.08,0.07,0.06,520.0,3194.0,250.1199951171875,0.010958904109589,0.9178715417144496,-0.0856978309260813,0.1046847845180425,0.0100588662105692,0.38921014074087135
AAPL,2026-03-20,275.0,0.04,0.05,0.045,0.05,4116.0,25832.0,250.1199951171875,0.010958904109589,0.9095272549715908,-0.0948303144893537,0.1046847845180425,0.0099674219722913,0.399079236114502
AAPL,2026-03-20,280.0,0.02,0.03,0.025,0.03,2799.0,60788.0,250.1199951171875,0.010958904109589,0.8932856968470982,-0.1128488199920321,0.1046847845180425,0.0097894322942147,0.4320210433712005
AAPL,2026-03-27,175.0,73.5,77.15,75.325,84.75,,2.0,250.1199951171875,0.0301369863013698,1.4292571149553572,0.3571548092537034,0.1736000757527766,0.0430735020945449,0.7173049906349183
AAPL,2026-03-27,180.0,69.35,72.15,70.75,83.05,,2.0,250.1199951171875,0.0301369863013698,1.3895555284288197,0.3289839322870071,0.1736000757527766,0.041877015925252,1.0123986670658587
AAPL,2026-03-27,185.0,64.05,67.2,65.625,76.18,1.0,5.0,250.1199951171875,0.0301369863013698,1.351999973606419,0.3015849580988927,0.1736000757527766,0.0407452046840289,0.8856189146327973
AAPL,2026-03-27,190.0,59.1,62.1,60.6,61.97,1.0,18.0,250.1199951171875,0.0301369863013698,1.3164210269325658,0.2749167110167313,0.1736000757527766,0.0396729624555019,0.8041284251337051
AAPL,2026-03-27,195.0,54.25,57.3,55.775,64.01,1.0,8.0,250.1199951171875,0.0301369863013698,1.2826666416266026,0.2489412246134707,0.1736000757527766,0.0386557070079249,0.8023374253644944
AAPL,2026-03-27,200.0,49.35,52.35,50.85,57.77,58.0,18.0,250.1199951171875,0.0301369863013698,1.2505999755859376,0.2236234166291809,0.1736000757527766,0.0376893143327268,0.7540784215991496
AAPL,2026-03-27,205.0,44.65,47.25,45.95,48.3,8.0,28.0,250.1199951171875,0.0301369863013698,1.2200975371570122,0.1989308040388093,0.1736000757527766,0.0367700627636359,0.7086264380391838
AAPL,2026-03-27,210.0,39.65,41.95,40.8,41.74,4.0,29.0,250.1199951171875,0.0301369863013698,1.1910475957961308,0.1748332524597487,0.1736000757527766,0.0358945850787874,0.601180399368763
AAPL,2026-03-27,215.0,35.2,37.15,36.175,37.71,1.0,27.0,250.1199951171875,0.0301369863013698,1.1633488144985464,0.1513027550495546,0.1736000757527766,0.0350598272862574,0.6095327954570056
AAPL,2026-03-27,220.0,29.75,32.15,30.95,31.37,455.0,480.0,250.1199951171875,0.0301369863013698,1.1369090687144887,0.128313236824856,0.1736000757527766,0.0342630130297516,0.4967534541591405
AAPL,2026-03-27,225.0,25.3,27.2,26.25,26.65,9.0,16.0,250.1199951171875,0.0301369863013698,1.1116444227430555,0.1058403809727973,0.1736000757527766,0.0335016127402016,0.47360492519319053
AAPL,2026-03-27,230.0,21.15,22.55,21.85,22.0,9.0,15.0,250.1199951171875,0.0301369863013698,1.0874782396399456,0.083861474254022,0.1736000757527766,0.0327733168110667,0.46744907874202735
AAPL,2026-03-27,235.0,16.25,18.2,17.225,17.72,25.0,62.0,250.1199951171875,0.0301369863013698,1.0643404047539893,0.0623552690330584,0.1736000757527766,0.0320760121980653,0.41801204917001733
AAPL,2026-03-27,240.0,12.2,14.2,13.2,13.8,69.0,337.0,250.1199951171875,0.0301369863013698,1.0421666463216146,0.0413018598352261,0.1736000757527766,0.031407761943939,0.4000557386843563
AAPL,2026-03-27,245.0,9.25,9.5,9.375,9.45,172.0,65.0,250.1199951171875,0.0301369863013698,1.0208979392538264,0.0206825726324904,0.1736000757527766,0.0307667872103892,0.3689202197831571
AAPL,2026-03-27,250.0,6.05,6.2,6.125,6.1,832.0,439.0,250.1199951171875,0.0301369863013698,1.00047998046875,0.0004798653149711,0.1736000757527766,0.0301514514661814,0.3424995757236779
AAPL,2026-03-27,255.0,3.35,3.85,3.6,3.65,1791.0,532.0,250.1199951171875,0.0301369863013698,0.9808627259497548,-0.0193227619812086,0.1736000757527766,0.029560246535472,0.3205804815533756
AAPL,2026-03-27,260.0,1.76,1.91,1.835,1.87,2483.0,4365.0,250.1199951171875,0.0301369863013698,0.961999981219952,-0.0387408478383102,0.1736000757527766,0.0289917802559436,0.3008604404143988
AAPL,2026-03-27,265.0,0.84,0.89,0.865,0.87,2950.0,2913.0,250.1199951171875,0.0301369863013698,0.943849038178066,-0.0577890428090046,0.1736000757527766,0.0284447655341334,0.29227263586008545
AAPL,2026-03-27,270.0,0.36,0.4,0.38,0.38,1252.0,3499.0,250.1199951171875,0.0301369863013698,0.9263703522858796,-0.0764811758211573,0.1736000757527766,0.0279180106168346,0.28910852434688805
AAPL,2026-03-27,275.0,0.16,0.19,0.175,0.18,1873.0,3868.0,250.1199951171875,0.0301369863013698,0.9095272549715908,-0.0948303144893537,0.1736000757527766,0.0274104104238013,0.2943068224989175
AAPL,2026-03-27,280.0,0.08,0.11,0.095,0.09,459.0,5492.0,250.1199951171875,0.0301369863013698,0.8932856968470982,-0.1128488199920321,0.1736000757527766,0.0269209388090905,0.30851286959004404
AAPL,2026-03-27,285.0,0.05,0.06,0.055,0.06,191.0,6801.0,250.1199951171875,0.0301369863013698,0.8776140179550439,-0.130548397091433,0.1736000757527766,0.0264486416370012,0.32425635837602607
AAPL,2026-03-27,290.0,0.02,0.03,0.025,0.02,55.0,3140.0,250.1199951171875,0.0301369863013698,0.8624827417834052,-0.1479401398033021,0.1736000757527766,0.0259926305742943,0.3295163473148345
AAPL,2026-04-02,165.0,83.6,87.25,85.425,92.03,1.0,5.0,250.1199951171875,0.0465753424657534,1.515878758285985,0.4159953092766369,0.2158132119814572,0.0706025723037307,0.7060611741924288
AAPL,2026-04-02,175.0,74.2,77.3,75.75,77.45,1.0,2.0,250.1199951171875,0.0465753424657534,1.4292571149553572,0.3571548092537034,0.2158132119814572,0.0665681396006604,0.839190964944601
AAPL,2026-04-02,185.0,64.15,67.25,65.7,80.27,2.0,2.0,250.1199951171875,0.0465753424657534,1.351999973606419,0.3015849580988927,0.2158132119814572,0.0629698617844085,0.7001774824585915
AAPL,2026-04-02,190.0,59.05,62.5,60.775,73.8,1.0,1.0,250.1199951171875,0.0465753424657534,1.3164210269325658,0.2749167110167313,0.2158132119814572,0.061312760158503,0.6702354567642212
AAPL,2026-04-02,195.0,54.15,57.55,55.849999999999994,67.32,2.0,3.0,250.1199951171875,0.0465753424657534,1.2826666416266026,0.2489412246134707,0.2158132119814572,0.0597406381031568,0.6357415450749397
AAPL,2026-04-02,205.0,44.8,47.75,46.275,70.42,1.0,3.0,250.1199951171875,0.0465753424657534,1.2200975371570122,0.1989308040388093,0.2158132119814572,0.0568264606347101,0.6077435838265418
AAPL,2026-04-02,210.0,40.1,42.55,41.325,47.0,16.0,21.0,250.1199951171875,0.0465753424657534,1.1910475957961308,0.1748332524597487,0.2158132119814572,0.055473449667217,0.5551447673217058
AAPL,2026-04-02,215.0,35.95,37.8,36.875,42.92,2.0,3.0,250.1199951171875,0.0465753424657534,1.1633488144985464,0.1513027550495546,0.2158132119814572,0.054183369442398,0.5629083293204902
AAPL,2026-04-02,220.0,30.4,32.65,31.525,32.6,5.0,3.0,250.1199951171875,0.0465753424657534,1.1369090687144887,0.128313236824856,0.2158132119814572,0.052951929227798,0.4598818543776869
AAPL,2026-04-02,225.0,25.8,28.1,26.950000000000003,27.0,2.0,8.0,250.1199951171875,0.0465753424657534,1.1116444227430555,0.1058403809727973,0.2158132119814572,0.0517752196894025,0.44052668295007935
AAPL,2026-04-02,230.0,21.35,23.55,22.450000000000003,23.45,1.0,12.0,250.1199951171875,0.0465753424657534,1.0874782396399456,0.083861474254022,0.2158132119814572,0.0506496714352851,0.4149489674960376
AAPL,2026-04-02,235.0,18.05,19.25,18.65,18.2,9.0,50.0,250.1199951171875,0.0465753424657534,1.0643404047539893,0.0623552690330584,0.2158132119814572,0.0495720188515556,0.42214998104494816
AAPL,2026-04-02,240.0,14.05,14.9,14.475,14.78,26.0,60.0,250.1199951171875,0.0465753424657534,1.0421666463216146,0.0413018598352261,0.2158132119814572,0.0485392684588149,0.38710156753015523
AAPL,2026-04-02,245.0,10.4,11.55,10.975,10.5,47.0,51.0,250.1199951171875,0.0465753424657534,1.0208979392538264,0.0206825726324904,0.2158132119814572,0.0475486711433288,0.3712467671071589
AAPL,2026-04-02,250.0,7.25,8.3,7.775,7.45,94.0,272.0,250.1199951171875,0.0465753424657534,1.00047998046875,0.0004798653149711,0.2158132119814572,0.0465976977204623,0.348851670402348
AAPL,2026-04-02,255.0,4.6,4.9,4.75,4.75,424.0,516.0,250.1199951171875,0.0465753424657534,0.9808627259497548,-0.0193227619812086,0.2158132119814572,0.0456840173730022,0.3104635501493811
AAPL,2026-04-02,260.0,2.76,3.05,2.905,2.8,704.0,2247.0,250.1199951171875,0.0465753424657534,0.961999981219952,-0.0387408478383102,0.2158132119814572,0.0448054785773676,0.2998192966288328
AAPL,2026-04-02,265.0,1.49,1.76,1.625,1.54,466.0,1029.0,250.1199951171875,0.0465753424657534,0.943849038178066,-0.0577890428090046,0.2158132119814572,0.0439600921891153,0.28989244437366724
AAPL,2026-04-02,270.0,0.77,0.82,0.7949999999999999,0.79,891.0,1598.0,250.1199951171875,0.0465753424657534,0.9263703522858796,-0.0764811758211573,0.2158132119814572,0.0431460164078354,0.2781899703425169
AAPL,2026-04-02,275.0,0.4,0.43,0.415,0.4,2056.0,3291.0,250.1199951171875,0.0465753424657534,0.9095272549715908,-0.0948303144893537,0.2158132119814572,0.0423615433822384,0.2790232429987193
AAPL,2026-04-02,280.0,0.22,0.24,0.2299999999999999,0.23,457.0,3121.0,250.1199951171875,0.0465753424657534,0.8932856968470982,-0.1128488199920321,0.2158132119814572,0.0416050872504127,0.2855041730741261
AAPL,2026-04-02,285.0,0.14,0.15,0.145,0.13,304.0,4227.0,250.1199951171875,0.0465753424657534,0.8776140179550439,-0.130548397091433,0.2158132119814572,0.040875173439002,0.29828543121147144
AAPL,2026-04-02,290.0,0.07,0.1,0.085,0.09,167.0,1859.0,250.1199951171875,0.0465753424657534,0.8624827417834052,-0.1479401398033021,0.2158132119814572,0.040170429069364,0.3068870938410758
AAPL,2026-04-10,170.0,79.35,82.35,80.85,92.92,,1.0,250.1199951171875,0.0684931506849315,1.4712940889246324,0.3861423461269557,0.2617119612951068,0.1007735677345638,0.7328052925512791
AAPL,2026-04-10,180.0,69.45,72.6,71.025,83.64,,5.0,250.1199951171875,0.0684931506849315,1.3895555284288197,0.3289839322870071,0.2617119612951068,0.0951750361937547,0.6809628587365152
AAPL,2026-04-10,195.0,54.85,57.9,56.375,67.52,2.0,3.0,250.1199951171875,0.0684931506849315,1.2826666416266026,0.2489412246134707,0.2617119612951068,0.0878538795634659,0.5958134797328711
AAPL,2026-04-10,200.0,49.95,52.6,51.275000000000006,61.67,10.0,6.0,250.1199951171875,0.0684931506849315,1.2505999755859376,0.2236234166291809,0.2617119612951068,0.0856575325743792,0.5288405310946702
AAPL,2026-04-10,205.0,45.45,47.05,46.25,47.61,40.0,2.0,250.1199951171875,0.0684931506849315,1.2200975371570122,0.1989308040388093,0.2617119612951068,0.083568324462809,0.47545707930755615
AAPL,2026-04-10,210.0,40.3,42.9,41.599999999999994,48.6,17.0,16.0,250.1199951171875,0.0684931506849315,1.1910475957961308,0.1748332524597487,0.2617119612951068,0.0815786024517897,0.47262359464871884
AAPL,2026-04-10,215.0,35.65,38.15,36.9,37.29,1.0,3.0,250.1199951171875,0.0684931506849315,1.1633488144985464,0.1513027550495546,0.2617119612951068,0.0796814256505853,0.4524190573161839
AAPL,2026-04-10,220.0,31.65,32.65,32.15,32.64,1.0,23.0,250.1199951171875,0.0684931506849315,1.1369090687144887,0.128313236824856,0.2617119612951068,0.0778704841585266,0.4211902869793177
AAPL,2026-04-10,225.0,26.6,28.8,27.700000000000003,31.08,11.0,23.0,250.1199951171875,0.0684931506849315,1.1116444227430555,0.1058403809727973,0.2617119612951068,0.0761400289550038,0.40641990329957006
AAPL,2026-04-10,230.0,22.25,24.2,23.225,26.57,13.0,28.0,250.1199951171875,0.0684931506849315,1.0874782396399456,0.083861474254022,0.2617119612951068,0.0744848109342428,0.3802583605445623
AAPL,2026-04-10,235.0,18.95,20.3,19.625,19.54,12.0,12.0,250.1199951171875,0.0684931506849315,1.0643404047539893,0.0623552690330584,0.2617119612951068,0.0729000277228759,0.38966388094797727
AAPL,2026-04-10,240.0,15.1,16.3,15.7,16.01,42.0,63.0,250.1199951171875,0.0684931506849315,1.0421666463216146,0.0413018598352261,0.2617119612951068,0.071381277145316,0.36757893690887095
AAPL,2026-04-10,245.0,11.55,12.15,11.85,11.66,20.0,25.0,250.1199951171875,0.0684931506849315,1.0208979392538264,0.0206825726324904,0.2617119612951068,0.0699245163872483,0.33674302065476774
AAPL,2026-04-10,250.0,8.45,8.9,8.675,8.65,104.0,109.0,250.1199951171875,0.0684931506849315,1.00047998046875,0.0004798653149711,0.2617119612951068,0.0685260260595034,0.31846708036804194
AAPL,2026-04-10,255.0,5.8,6.15,5.975,6.01,419.0,244.0,250.1199951171875,0.0684931506849315,0.9808627259497548,-0.0193227619812086,0.2617119612951068,0.0671823784897092,0.3008097466809153
AAPL,2026-04-10,260.0,3.75,3.9,3.825,3.88,198.0,816.0,250.1199951171875,0.0684931506849315,0.961999981219952,-0.0387408478383102,0.2617119612951068,0.0658904096725994,0.2844933382403254
AAPL,2026-04-10,265.0,2.26,2.37,2.315,2.38,913.0,587.0,250.1199951171875,0.0684931506849315,0.943849038178066,-0.0577890428090046,0.2617119612951068,0.0646471943957579,0.2732890396641493
AAPL,2026-04-10,270.0,1.29,1.37,1.33,1.3,1070.0,1668.0,250.1199951171875,0.0684931506849315,0.9263703522858796,-0.0764811758211573,0.2617119612951068,0.0634500241291698,0.2658546740087271
AAPL,2026-04-10,275.0,0.71,0.77,0.74,0.76,917.0,3880.0,250.1199951171875,0.0684931506849315,0.9095272549715908,-0.0948303144893537,0.2617119612951068,0.0622963873268212,0.2620929665262103
AAPL,2026-04-10,280.0,0.4,0.45,0.425,0.44,1016.0,2604.0,250.1199951171875,0.0684931506849315,0.8932856968470982,-0.1128488199920321,0.2617119612951068,0.0611839518388423,0.2637872279891968
AAPL,2026-04-10,285.0,0.23,0.28,0.255,0.26,330.0,3299.0,250.1199951171875,0.0684931506849315,0.8776140179550439,-0.130548397091433,0.2617119612951068,0.060110549175003,0.26898034053885933
AAPL,2026-04-10,290.0,0.16,0.19,0.175,0.19,145.0,1031.0,250.1199951171875,0.0684931506849315,0.8624827417834052,-0.1479401398033021,0.2617119612951068,0.0590741603961236,0.2802484756683111
AAPL,2026-04-10,295.0,0.09,0.12,0.105,0.1,106.0,667.0,250.1199951171875,0.0684931506849315,0.8478643902277543,-0.1650345731626022,0.2617119612951068,0.0580729034402571,0.28510041134500497
AAPL,2026-04-17,120.0,128.7,132.35,130.52499999999998,151.0,1.0,14.0,250.1199951171875,0.0876712328767123,2.084333292643229,0.7344490403951714,0.296093284079042,0.182736069492009,0.8690707634105683
AAPL,2026-04-17,125.0,133.9,136.6,135.25,123.33,1.0,6.0,250.1199951171875,0.0876712328767123,2.0009599609375,0.6936270458749164,0.296093284079042,0.1754266267123287,2.3426337049162393
AAPL,2026-04-17,130.0,118.75,122.4,120.575,147.95,3.0,145.0,250.1199951171875,0.0876712328767123,1.923999962439904,0.6544063327216351,0.296093284079042,0.1686794487618545,0.8209827057094574
AAPL,2026-04-17,135.0,113.85,117.3,115.575,129.1,1.0,1288.0,250.1199951171875,0.0876712328767123,1.8527407045717592,0.616666004738788,0.296093284079042,0.1624320617706747,0.7448795206279755
AAPL,2026-04-17,140.0,108.8,112.6,110.7,123.36,18.0,43.0,250.1199951171875,0.0876712328767123,1.7865713936941965,0.5802983605679132,0.296093284079042,0.1566309167074363,0.8335239956269264
AAPL,2026-04-17,145.0,103.8,107.65,105.725,117.65,4.0,76.0,250.1199951171875,0.0876712328767123,1.7249654835668105,0.5452070407566432,0.296093284079042,0.1512298506140764,0.7941119871273041
AAPL,2026-04-17,150.0,98.85,102.5,100.675,111.5,9.0,25.0,250.1199951171875,0.0876712328767123,1.6674666341145834,0.5113054890809617,0.296093284079042,0.1461888555936072,0.6978858038401604
AAPL,2026-04-17,155.0,93.9,97.55,95.725,101.52,1.0,354.0,250.1199951171875,0.0876712328767123,1.6136773878528226,0.4785156662579708,0.296093284079042,0.1414730860583296,0.6850555507011415
AAPL,2026-04-17,160.0,88.95,92.6,90.775,98.27,1.0,52.0,250.1199951171875,0.0876712328767123,1.5632499694824218,0.4467669679433905,0.296093284079042,0.1370520521190068,0.6655533942685129
AAPL,2026-04-17,165.0,84.0,87.65,85.825,106.78,2.0,20.0,250.1199951171875,0.0876712328767123,1.515878758285985,0.4159953092766369,0.296093284079042,0.132898959630552,0.6419857255802155
AAPL,2026-04-17,170.0,79.1,82.8,80.94999999999999,92.71,3.0,559.0,250.1199951171875,0.0876712328767123,1.4712940889246324,0.3861423461269557,0.296093284079042,0.1289901667002417,0.6431358564224243
AAPL,2026-04-17,175.0,74.1,77.75,75.925,90.99,1.0,103.0,250.1199951171875,0.0876712328767123,1.4292571149553572,0.3571548092537034,0.296093284079042,0.125304733365949,0.5874875480980873
AAPL,2026-04-17,180.0,69.45,72.5,70.975,71.54,54.0,128.0,250.1199951171875,0.0876712328767123,1.3895555284288197,0.3289839322870071,0.296093284079042,0.121824046328006,0.5578402076692581
AAPL,2026-04-17,185.0,65.25,67.8,66.525,76.18,2.0,121.0,250.1199951171875,0.0876712328767123,1.351999973606419,0.3015849580988927,0.296093284079042,0.1185315045353572,0.6246915628726482
AAPL,2026-04-17,190.0,59.85,63.1,61.475,66.75,10.0,124.0,250.1199951171875,0.0876712328767123,1.3164210269325658,0.2749167110167313,0.296093284079042,0.1154122544160057,0.5693719144500495
AAPL,2026-04-17,195.0,55.45,58.25,56.85,57.62,1.0,218.0,250.1199951171875,0.0876712328767123,1.2826666416266026,0.2489412246134707,0.296093284079042,0.1124529658412363,0.5714053858333825
AAPL,2026-04-17,200.0,51.0,52.15,51.575,52.66,4.0,570.0,250.1199951171875,0.0876712328767123,1.2505999755859376,0.2236234166291809,0.296093284079042,0.1096416416952054,0.49067932564872496
AAPL,2026-04-17,205.0,46.2,47.35,46.775000000000006,50.65,4.0,659.0,250.1199951171875,0.0876712328767123,1.2200975371570122,0.1989308040388093,0.296093284079042,0.1069674553123955,0.4682018851546048
AAPL,2026-04-17,210.0,41.5,42.6,42.05,42.54,6.0,967.0,250.1199951171875,0.0876712328767123,1.1910475957961308,0.1748332524597487,0.296093284079042,0.1044206111382908,0.44860370567125074
AAPL,2026-04-17,215.0,37.0,37.75,37.375,38.45,102.0,3674.0,250.1199951171875,0.0876712328767123,1.1633488144985464,0.1513027550495546,0.296093284079042,0.1019922248327492,0.42769786032205814
AAPL,2026-04-17,220.0,32.55,33.2,32.875,33.04,55.0,3984.0,250.1199951171875,0.0876712328767123,1.1369090687144887,0.128313236824856,0.296093284079042,0.099674219722914,0.4130149166270495
AAPL,2026-04-17,225.0,28.05,28.7,28.375,28.5,17.0,1167.0,250.1199951171875,0.0876712328767123,1.1116444227430555,0.1058403809727973,0.296093284079042,0.0974592370624048,0.39087883181977273
AAPL,2026-04-17,230.0,23.8,24.4,24.1,24.24,24.0,1360.0,250.1199951171875,0.0876712328767123,1.0874782396399456,0.083861474254022,0.296093284079042,0.0953405579958308,0.37350894143626096
AAPL,2026-04-17,235.0,19.7,20.25,19.975,20.05,46.0,1534.0,250.1199951171875,0.0876712328767123,1.0643404047539893,0.0623552690330584,0.296093284079042,0.0933120354852812,0.3543987450170219
AAPL,2026-04-17,240.0,16.05,16.9,16.475,16.05,75.0,3570.0,250.1199951171875,0.0876712328767123,1.0421666463216146,0.0413018598352261,0.296093284079042,0.0913680347460045,0.35037865148553254
AAPL,2026-04-17,245.0,12.35,12.75,12.55,12.6,170.0,3928.0,250.1199951171875,0.0876712328767123,1.0208979392538264,0.0206825726324904,0.296093284079042,0.0895033809756779,0.31895765623334044
AAPL,2026-04-17,250.0,9.45,9.95,9.7,9.5,945.0,4508.0,250.1199951171875,0.0876712328767123,1.00047998046875,0.0004798653149711,0.296093284079042,0.0877133133561643,0.3133887216224819
AAPL,2026-04-17,255.0,6.8,7.0,6.9,6.8,1410.0,4163.0,250.1199951171875,0.0876712328767123,0.9808627259497548,-0.0193227619812086,0.296093284079042,0.0859934444668278,0.2951446549089252
AAPL,2026-04-17,260.0,4.65,4.8,4.725,4.7,2264.0,12995.0,250.1199951171875,0.0876712328767123,0.961999981219952,-0.0387408478383102,0.296093284079042,0.0843397243809272,0.282620888751179
AAPL,2026-04-17,265.0,3.0,3.1,3.05,3.09,3272.0,6416.0,250.1199951171875,0.0876712328767123,0.943849038178066,-0.0577890428090046,0.296093284079042,0.0827484088265701,0.271318242543906
AAPL,2026-04-17,270.0,1.87,1.95,1.91,1.9,4241.0,18230.0,250.1199951171875,0.0876712328767123,0.9263703522858796,-0.0764811758211573,0.296093284079042,0.0812160308853373,0.2646140633459092
AAPL,2026-04-17,275.0,1.07,1.17,1.12,1.17,3433.0,17489.0,250.1199951171875,0.0876712328767123,0.9095272549715908,-0.0948303144893537,0.296093284079042,0.0797393757783312,0.25789513200324776
AAPL,2026-04-17,280.0,0.67,0.72,0.6950000000000001,0.68,3174.0,20517.0,250.1199951171875,0.0876712328767123,0.8932856968470982,-0.1128488199920321,0.296093284079042,0.0783154583537181,0.2590615349080562
AAPL,2026-04-17,285.0,0.4,0.45,0.425,0.44,1061.0,13970.0,250.1199951171875,0.0876712328767123,0.8776140179550439,-0.130548397091433,0.296093284079042,0.0769415029440038,0.26081587783294924
AAPL,2026-04-17,290.0,0.27,0.3,0.285,0.29,845.0,16905.0,250.1199951171875,0.0876712328767123,0.8624827417834052,-0.1479401398033021,0.296093284079042,0.0756149253070382,0.26781483170342446
AAPL,2026-04-17,295.0,0.19,0.2,0.195,0.19,789.0,9298.0,250.1199951171875,0.0876712328767123,0.8478643902277543,-0.1650345731626022,0.296093284079042,0.0743333164035291,0.2753453992234469
AAPL,2026-04-17,300.0,0.14,0.16,0.15,0.15,1198.0,28733.0,250.1199951171875,0.0876712328767123,0.8337333170572917,-0.1818416914789835,0.296093284079042,0.0730944277968036,0.28725261514115324
AAPL,2026-04-17,305.0,0.1,0.11,0.105,0.1,198.0,9289.0,250.1199951171875,0.0876712328767123,0.8200655577612705,-0.198370993430194,0.296093284079042,0.0718961584886593,0.29445738378143305
AAPL,2026-04-17,310.0,0.06,0.09,0.075,0.07,202.0,5143.0,250.1199951171875,0.0876712328767123,0.8068386939264113,-0.2146315143019744,0.296093284079042,0.0707365430291648,0.301968997030735
AAPL,2026-04-17,320.0,0.04,0.05,0.045,0.04,1470.0,10154.0,250.1199951171875,0.0876712328767123,0.7816249847412109,-0.2463802126165548,0.296093284079042,0.0685260260595034,0.3212336886377334
AAPL,2026-04-24,195.0,55.8,58.45,57.125,66.23,,1.0,250.1199951171875,0.1068493150684931,1.2826666416266026,0.2489412246134707,0.3268781348889722,0.1370520521190067,0.5332230803502201
AAPL,2026-04-24,205.0,46.3,48.7,47.5,52.0,2.0,43.0,250.1199951171875,0.1068493150684931,1.2200975371570122,0.1989308040388093,0.3268781348889722,0.130366586161982,0.4765034981024265
AAPL,2026-04-24,215.0,37.05,39.55,38.3,41.91,1.0,4.0,250.1199951171875,0.1068493150684931,1.1633488144985464,0.1513027550495546,0.3268781348889722,0.1243030240149131,0.4386067583771943
AAPL,2026-04-24,220.0,32.3,35.45,33.875,38.16,1.0,30.0,250.1199951171875,0.1068493150684931,1.1369090687144887,0.128313236824856,0.3268781348889722,0.1214779552873014,0.4221140394561291
AAPL,2026-04-24,230.0,24.05,26.45,25.25,25.9,1.0,4.0,250.1199951171875,0.1068493150684931,1.0874782396399456,0.083861474254022,0.3268781348889722,0.1161963050574187,0.3819242353049368
AAPL,2026-04-24,235.0,19.9,22.85,21.375,21.81,25.0,28.0,250.1199951171875,0.1068493150684931,1.0643404047539893,0.0623552690330584,0.3268781348889722,0.1137240432476864,0.3694667643912434
AAPL,2026-04-24,240.0,16.6,17.9,17.25,17.5,17.0,17.0,250.1199951171875,0.1068493150684931,1.0421666463216146,0.0413018598352261,0.3268781348889722,0.111354792346693,0.34029533708998566
AAPL,2026-04-24,245.0,13.4,13.85,13.625,13.65,26.0,58.0,250.1199951171875,0.1068493150684931,1.0208979392538264,0.0206825726324904,0.3268781348889722,0.1090822455641074,0.3202106944604516
AAPL,2026-04-24,250.0,10.25,10.75,10.5,10.66,59.0,29.0,250.1199951171875,0.1068493150684931,1.00047998046875,0.0004798653149711,0.3268781348889722,0.1069006006528253,0.30586713949966426
AAPL,2026-04-24,255.0,7.6,8.1,7.85,7.8,162.0,151.0,250.1199951171875,0.1068493150684931,0.9808627259497548,-0.0193227619812086,0.3268781348889722,0.1048045104439463,0.2944672185445427
AAPL,2026-04-24,260.0,5.35,5.85,5.6,5.7,88.0,408.0,250.1199951171875,0.1068493150684931,0.961999981219952,-0.0387408478383102,0.3268781348889722,0.102789039089255,0.28267596342459317
AAPL,2026-04-24,265.0,3.6,3.95,3.775,3.9,636.0,274.0,250.1199951171875,0.1068493150684931,0.943849038178066,-0.0577890428090046,0.3268781348889722,0.1008496232573823,0.270753190699786
AAPL,2026-04-24,270.0,2.31,2.74,2.5250000000000004,2.57,163.0,330.0,250.1199951171875,0.1068493150684931,0.9263703522858796,-0.0764811758211573,0.3268781348889722,0.0989820376415049,0.2651778634929062
AAPL,2026-04-24,275.0,1.42,1.82,1.62,1.72,327.0,347.0,250.1199951171875,0.1068493150684931,0.9095272549715908,-0.0948303144893537,0.3268781348889722,0.0971823642298411,0.26017500890594725
AAPL,2026-04-24,280.0,1.02,1.1,1.06,1.1,243.0,629.0,250.1199951171875,0.1068493150684931,0.8932856968470982,-0.1128488199920321,0.3268781348889722,0.095446964868594,0.260010142513454
AAPL,2026-04-24,285.0,0.61,0.82,0.715,0.74,276.0,237.0,250.1199951171875,0.1068493150684931,0.8776140179550439,-0.130548397091433,0.3268781348889722,0.0937724567130046,0.263253468573153
AAPL,2026-05-15,5.0,243.3,247.1,245.2,258.75,3.0,16.0,250.1199951171875,0.1643835616438356,50.0239990234375,3.912502870743117,0.4054424270396916,8.22312312714041,3.0
AAPL,2026-05-15,10.0,238.3,242.1,240.2,256.5,1.0,9.0,250.1199951171875,0.1643835616438356,25.01199951171875,3.2193556901831717,0.4054424270396916,4.111561563570205,2.6871872990951537
AAPL,2026-05-15,15.0,233.35,237.1,235.225,246.63,1.0,3.0,250.1199951171875,0.1643835616438356,16.674666341145834,2.8138905820750075,0.4054424270396916,2.741041042380137,2.2807161821441655
AAPL,2026-05-15,30.0,226.25,230.1,228.175,243.47,2.0,3.0,250.1199951171875,0.1643835616438356,8.337333170572917,2.120743401515062,0.4054424270396916,1.3705205211900684,3.0
AAPL,2026-05-15,40.0,234.5,237.95,236.225,223.13,,1.0,250.1199951171875,0.1643835616438356,6.252999877929687,1.8330613290632811,0.4054424270396916,1.0278903908925512,3.0
AAPL,2026-05-15,50.0,198.55,202.35,200.45,225.41,1.0,2.0,250.1199951171875,0.1643835616438356,5.00239990234375,1.6099177777490714,0.4054424270396916,0.8223123127140411,1.3834310198135373
AAPL,2026-05-15,80.0,168.7,172.5,170.6,198.78,1.0,1.0,250.1199951171875,0.1643835616438356,3.1264999389648436,1.1399141485033355,0.4054424270396916,0.5139451954462756,0.8733222420959472
AAPL,2026-05-15,85.0,163.75,167.55,165.65,192.67,1.0,2.0,250.1199951171875,0.1643835616438356,2.942588177849265,1.0792895266869011,0.4054424270396916,0.4837131251259065,0.9213530793571474
AAPL,2026-05-15,90.0,158.75,162.6,160.675,188.71,1.0,35.0,250.1199951171875,0.1643835616438356,2.779111056857639,1.0221311128469523,0.4054424270396916,0.4568401737300228,0.861271617450714
AAPL,2026-05-15,100.0,148.85,152.7,150.77499999999998,151.95,1.0,20.0,250.1199951171875,0.1643835616438356,2.501199951171875,0.9167705971891262,0.4054424270396916,0.4111561563570206,0.8552205559301376
AAPL,2026-05-15,115.0,133.95,137.8,135.875,162.1,3.0,4.0,250.1199951171875,0.1643835616438356,2.174956479279891,0.7770086548139674,0.4054424270396916,0.3575270924843656,0.7455318336429595
AAPL,2026-05-15,125.0,124.05,127.7,125.875,138.07,9.0,92.0,250.1199951171875,0.1643835616438356,2.0009599609375,0.6936270458749164,0.4054424270396916,0.3289249250856164,0.5807426887435913
AAPL,2026-05-15,130.0,119.2,122.75,120.975,133.72,6.0,93.0,250.1199951171875,0.1643835616438356,1.923999962439904,0.6544063327216351,0.4054424270396916,0.3162739664284773,0.6461799838256836
AAPL,2026-05-15,135.0,114.2,117.85,116.025,129.95,8.0,7.0,250.1199951171875,0.1643835616438356,1.8527407045717592,0.616666004738788,0.4054424270396916,0.3045601158200152,0.6270068449225427
AAPL,2026-05-15,140.0,109.25,112.9,111.075,125.02,42.0,63.0,250.1199951171875,0.1643835616438356,1.7865713936941965,0.5802983605679132,0.4054424270396916,0.2936829688264432,0.6058052414245605
AAPL,2026-05-15,145.0,104.3,107.95,106.125,116.81,8.0,22.0,250.1199951171875,0.1643835616438356,1.7249654835668105,0.5452070407566432,0.4054424270396916,0.2835559699013935,0.583276123720646
AAPL,2026-05-15,150.0,99.35,103.05,101.2,114.0,6.0,105.0,250.1199951171875,0.1643835616438356,1.6674666341145834,0.5113054890809617,0.4054424270396916,0.2741041042380137,0.5701597683820725
AAPL,2026-05-15,155.0,94.5,98.25,96.375,108.85,7.0,483.0,250.1199951171875,0.1643835616438356,1.6136773878528226,0.4785156662579708,0.4054424270396916,0.265262036359368,0.5823741865365504
AAPL,2026-05-15,160.0,89.6,93.25,91.425,100.85,7.0,79.0,250.1199951171875,0.1643835616438356,1.5632499694824218,0.4467669679433905,0.4054424270396916,0.2569725977231378,0.5534667779213187
AAPL,2026-05-15,165.0,86.05,87.85,86.94999999999999,87.25,2.0,454.0,250.1199951171875,0.1643835616438356,1.515878758285985,0.4159953092766369,0.4054424270396916,0.2491855493072851,0.6044827340071204
AAPL,2026-05-15,170.0,80.1,83.55,81.82499999999999,95.54,20.0,32.0,250.1199951171875,0.1643835616438356,1.4712940889246324,0.3861423461269557,0.4054424270396916,0.2418565625629532,0.5469547342317103
AAPL,2026-05-15,175.0,75.65,78.7,77.17500000000001,89.4,3.0,139.0,250.1199951171875,0.1643835616438356,1.4292571149553572,0.3571548092537034,0.4054424270396916,0.2349463750611546,0.5517644698339701
AAPL,2026-05-15,180.0,70.85,73.9,72.375,77.75,4.0,134.0,250.1199951171875,0.1643835616438356,1.3895555284288197,0.3289839322870071,0.4054424270396916,0.2284200868650114,0.5332921025058627
AAPL,2026-05-15,185.0,66.05,68.55,67.3,71.84,1.0,140.0,250.1199951171875,0.1643835616438356,1.351999973606419,0.3015849580988927,0.4054424270396916,0.2222465710037948,0.48746282167023425
AAPL,2026-05-15,190.0,61.3,63.7,62.5,73.4,1.0,59.0,250.1199951171875,0.1643835616438356,1.3164210269325658,0.2749167110167313,0.4054424270396916,0.2163979770300108,0.4678555226792692
AAPL,2026-05-15,195.0,56.7,59.05,57.875,64.0,4.0,182.0,250.1199951171875,0.1643835616438356,1.2826666416266026,0.2489412246134707,0.4054424270396916,0.2108493109523182,0.4592068320006132
AAPL,2026-05-15,200.0,52.8,53.75,53.275,53.06,9.0,600.0,250.1199951171875,0.1643835616438356,1.2505999755859376,0.2236234166291809,0.4054424270396916,0.2055780781785103,0.4473542437216342
AAPL,2026-05-15,205.0,47.8,49.6,48.7,58.4,1.0,70.0,250.1199951171875,0.1643835616438356,1.2200975371570122,0.1989308040388093,0.4054424270396916,0.2005639787107417,0.4328609321407675
AAPL,2026-05-15,210.0,43.65,45.0,44.325,44.9,2.0,894.0,250.1199951171875,0.1643835616438356,1.1910475957961308,0.1748332524597487,0.4054424270396916,0.1957886458842954,0.42439811848488446
AAPL,2026-05-15,215.0,38.95,40.65,39.8,40.61,3.0,306.0,250.1199951171875,0.1643835616438356,1.1633488144985464,0.1513027550495546,0.4054424270396916,0.1912354215614048,0.40461415138569473
AAPL,2026-05-15,220.0,35.2,35.9,35.55,36.02,5.0,1869.0,250.1199951171875,0.1643835616438356,1.1369090687144887,0.128313236824856,0.4054424270396916,0.1868891619804638,0.39244917526757717
AAPL,2026-05-15,225.0,30.7,32.25,31.475,33.46,35.0,276.0,250.1199951171875,0.1643835616438356,1.1116444227430555,0.1058403809727973,0.4054424270396916,0.1827360694920091,0.3816806461040974
AAPL,2026-05-15,230.0,27.15,27.8,27.475,27.82,23.0,1567.0,250.1199951171875,0.1643835616438356,1.0874782396399456,0.083861474254022,0.4054424270396916,0.1787635462421828,0.3681703190960437
AAPL,2026-05-15,235.0,23.45,24.0,23.725,24.6,86.0,1778.0,250.1199951171875,0.1643835616438356,1.0643404047539893,0.0623552690330584,0.4054424270396916,0.1749600665349023,0.35690723545855285
AAPL,2026-05-15,240.0,19.9,20.4,20.15,20.2,53.0,41167.0,250.1199951171875,0.1643835616438356,1.0421666463216146,0.0413018598352261,0.4054424270396916,0.1713150651487585,0.34472804363739495
AAPL,2026-05-15,245.0,16.75,17.1,16.925,17.1,64.0,1899.0,250.1199951171875,0.1643835616438356,1.0208979392538264,0.0206825726324904,0.4054424270396916,0.1678188393293961,0.3355727285481841
AAPL,2026-05-15,250.0,13.75,13.95,13.85,13.9,496.0,6103.0,250.1199951171875,0.1643835616438356,1.00047998046875,0.0004798653149711,0.4054424270396916,0.1644624625428082,0.3235098551525324
AAPL,2026-05-15,255.0,11.0,11.25,11.125,11.3,567.0,4521.0,250.1199951171875,0.1643835616438356,0.9808627259497548,-0.0193227619812086,0.4054424270396916,0.1612377083753021,0.3130504057715088
AAPL,2026-05-15,260.0,8.65,8.95,8.8,8.75,869.0,7586.0,250.1199951171875,0.1643835616438356,0.961999981219952,-0.0387408478383102,0.4054424270396916,0.1581369832142386,0.30493471454992876
AAPL,2026-05-15,265.0,6.6,6.85,6.725,6.7,616.0,5003.0,250.1199951171875,0.1643835616438356,0.943849038178066,-0.0577890428090046,0.4054424270396916,0.155153266549819,0.29515887061196555
AAPL,2026-05-15,270.0,4.95,5.15,5.050000000000001,5.03,6233.0,8641.0,250.1199951171875,0.1643835616438356,0.9263703522858796,-0.0764811758211573,0.4054424270396916,0.1522800579100076,0.28763156644515686
AAPL,2026-05-15,275.0,3.6,3.75,3.675,3.7,1447.0,11297.0,250.1199951171875,0.1643835616438356,0.9095272549715908,-0.0948303144893537,0.4054424270396916,0.1495113295843711,0.2801039046505987
AAPL,2026-05-15,280.0,2.59,2.76,2.675,2.68,675.0,9764.0,250.1199951171875,0.1643835616438356,0.8932856968470982,-0.1128488199920321,0.4054424270396916,0.1468414844132216,0.27608810265210276
AAPL,2026-05-15,285.0,1.85,1.99,1.92,1.85,2111.0,28638.0,250.1199951171875,0.1643835616438356,0.8776140179550439,-0.130548397091433,0.4054424270396916,0.1442653180200072,0.27307920158216364
AAPL,2026-05-15,290.0,1.29,1.4,1.345,1.35,1893.0,16669.0,250.1199951171875,0.1643835616438356,0.8624827417834052,-0.1479401398033021,0.4054424270396916,0.1417779849506967,0.27003051442509896
AAPL,2026-05-15,295.0,0.9,0.99,0.945,0.94,382.0,13751.0,250.1199951171875,0.1643835616438356,0.8478643902277543,-0.1650345731626022,0.4054424270396916,0.1393749682566171,0.2687351867166162
AAPL,2026-05-15,300.0,0.63,0.7,0.665,0.65,2011.0,22380.0,250.1199951171875,0.1643835616438356,0.8337333170572917,-0.1818416914789835,0.4054424270396916,0.1370520521190068,0.26853419992142913
AAPL,2026-05-15,305.0,0.45,0.49,0.47,0.48,252.0,6739.0,250.1199951171875,0.1643835616438356,0.8200655577612705,-0.198370993430194,0.4054424270396916,0.1348052971662362,0.26921691129511605
AAPL,2026-05-15,310.0,0.34,0.36,0.35,0.36,101.0,16056.0,250.1199951171875,0.1643835616438356,0.8068386939264113,-0.2146315143019744,0.4054424270396916,0.132631018179684,0.2727139742430449
AAPL,2026-05-15,315.0,0.25,0.27,0.26,0.26,32.0,1986.0,250.1199951171875,0.1643835616438356,0.7940317305307539,-0.2306318556484156,0.4054424270396916,0.1305257639228636,0.2760252495751382
AAPL,2026-05-15,320.0,0.18,0.22,0.2,0.21,103.0,9160.0,250.1199951171875,0.1643835616438356,0.7816249847412109,-0.2463802126165548,0.4054424270396916,0.1284862988615689,0.28067619845664493
AAPL,2026-05-15,325.0,0.13,0.18,0.155,0.15,8.0,1997.0,250.1199951171875,0.1643835616438356,0.7695999849759615,-0.26188439915252,0.4054424270396916,0.1265095865713909,0.28537363894557943
AAPL,2026-05-15,330.0,0.1,0.14,0.12,0.11,4.0,4348.0,250.1199951171875,0.1643835616438356,0.7579393791429925,-0.2771518712833083,0.4054424270396916,0.1245927746536425,0.28978175858521454
AAPL,2026-05-15,340.0,0.07,0.09,0.08,0.11,7.0,2950.0,250.1199951171875,0.1643835616438356,0.7356470444623162,-0.3070048344329895,0.4054424270396916,0.1209282812814766,0.3016328269462585
AAPL,2026-05-15,370.0,0.02,0.03,0.025,0.03,2.0,1909.0,250.1199951171875,0.1643835616438356,0.6759999868032095,-0.3915622224610526,0.4054424270396916,0.1111232855018974,0.3321370434627533
AAPL,2026-05-15,380.0,0.02,0.03,0.025,0.03,18.0,1198.0,250.1199951171875,0.1643835616438356,0.6582105134662829,-0.4182304695432139,0.4054424270396916,0.1081989885150054,0.3524932149610519
NVDA,2026-03-18,150.0,29.15,31.45,30.299999999999997,31.47,42.0,107.0,180.25,0.0054794520547945,1.2016666666666669,0.1837094820688027,0.0740233210197603,0.0065844748858447,0.974785526145935
NVDA,2026-03-18,155.0,23.4,27.35,25.375,26.56,2.0,66.0,180.25,0.0054794520547945,1.1629032258064516,0.1509196592458118,0.0740233210197603,0.0063720724701723,1.000892351855278
NVDA,2026-03-18,160.0,20.1,20.85,20.475,20.75,50.0,195.0,180.25,0.0054794520547945,1.1265625,0.1191709609312314,0.0740233210197603,0.0061729452054794,0.9271294827661516
NVDA,2026-03-18,165.0,15.6,16.0,15.8,15.85,119.0,1363.0,180.25,0.0054794520547945,1.0924242424242423,0.0883993022644779,0.0740233210197603,0.0059858862598588,0.9126663013231755
NVDA,2026-03-18,170.0,10.7,11.35,11.025,11.45,283.0,435.0,180.25,0.0054794520547945,1.0602941176470588,0.0585463391147967,0.0740233210197603,0.0058098307816276,0.7559817164816854
NVDA,2026-03-18,175.0,7.2,7.3,7.25,7.25,1231.0,1500.0,180.25,0.0054794520547945,1.03,0.0295588022415444,0.0740233210197603,0.0056438356164383,0.7769379873435496
NVDA,2026-03-18,180.0,4.0,4.05,4.025,4.03,11157.0,2681.0,180.25,0.0054794520547945,1.0013888888888889,0.001387925274848,0.0740233210197603,0.0054870624048706,0.729691785364628
NVDA,2026-03-18,185.0,1.83,1.85,1.84,1.84,22159.0,4329.0,180.25,0.0054794520547945,0.9743243243243244,-0.0260110489132663,0.0740233210197603,0.0053387634209551,0.6923447194902899
NVDA,2026-03-18,190.0,0.72,0.73,0.725,0.72,10326.0,6916.0,180.25,0.0054794520547945,0.9486842105263158,-0.0526792959954276,0.0740233210197603,0.0051982696467195,0.6831794355275631
NVDA,2026-03-18,195.0,0.27,0.29,0.28,0.27,4126.0,7023.0,180.25,0.0054794520547945,0.9243589743589744,-0.0786547823986883,0.0740233210197603,0.005064980681419,0.7025192289619446
NVDA,2026-03-18,200.0,0.12,0.13,0.125,0.13,4836.0,5795.0,180.25,0.0054794520547945,0.90125,-0.1039725903829782,0.0740233210197603,0.0049383561643835,0.748850619157791
NVDA,2026-03-18,205.0,0.06,0.07,0.065,0.07,2298.0,1261.0,180.25,0.0054794520547945,0.8792682926829268,-0.1286652029733497,0.0740233210197603,0.0048179084530571,0.8078935300798415
NVDA,2026-03-18,210.0,0.04,0.05,0.045,0.04,229.0,1066.0,180.25,0.0054794520547945,0.8583333333333333,-0.1527627545524102,0.0740233210197603,0.0047031963470319,0.8905513165531158
NVDA,2026-03-18,220.0,0.02,0.03,0.025,0.02,806.0,170.0,180.25,0.0054794520547945,0.8193181818181818,-0.199282770187303,0.0740233210197603,0.0044894146948941,1.047341043952942
NVDA,2026-03-20,5.0,174.45,176.1,175.27499999999998,179.35,2.0,2507.0,180.25,0.010958904109589,36.05,3.584906863730958,0.1046847845180425,0.3950684931506834,3.0
NVDA,2026-03-20,10.0,168.65,172.0,170.325,177.85,2.0,41.0,180.25,0.010958904109589,18.025,2.8917596831710126,0.1046847845180425,0.1975342465753417,3.0
NVDA,2026-03-20,15.0,163.65,167.0,165.325,170.43,2.0,308.0,180.25,0.010958904109589,12.016666666666667,2.4862945750628485,0.1046847845180425,0.1316894977168944,3.0
NVDA,2026-03-20,20.0,158.65,162.0,160.325,163.74,1.0,359.0,180.25,0.010958904109589,9.0125,2.198612502611067,0.1046847845180425,0.0987671232876708,3.0
NVDA,2026-03-20,25.0,153.65,156.95,155.3,156.05,8.0,402.0,180.25,0.010958904109589,7.21,1.9754689512968575,0.1046847845180425,0.0790136986301366,3.0
NVDA,2026-03-20,30.0,148.65,152.0,150.325,154.55,1.0,228.0,180.25,0.010958904109589,6.008333333333334,1.793147394502903,0.1046847845180425,0.0658447488584472,3.0
NVDA,2026-03-20,35.0,143.65,147.0,145.325,147.31,10.0,253.0,180.25,0.010958904109589,5.15,1.6389967146756448,0.1046847845180425,0.0564383561643833,3.0
NVDA,2026-03-20,40.0,138.65,142.05,140.35000000000002,140.76,2.0,124.0,180.25,0.010958904109589,4.50625,1.505465322051122,0.1046847845180425,0.0493835616438354,3.0
NVDA,2026-03-20,45.0,134.5,136.15,135.325,135.64,79.0,156.0,180.25,0.010958904109589,4.0055555555555555,1.387682286394739,0.1046847845180425,0.0438964992389648,3.0
NVDA,2026-03-20,50.0,128.65,132.05,130.35000000000002,137.4,1.0,469.0,180.25,0.010958904109589,3.605,1.2823217707369123,0.1046847845180425,0.0395068493150683,3.0
NVDA,2026-03-20,55.0,123.7,127.05,125.375,126.56,5.0,299.0,180.25,0.010958904109589,3.2772727272727273,1.1870115909325876,0.1046847845180425,0.035915317559153,3.0
NVDA,2026-03-20,60.0,118.7,122.0,120.35,120.57,61.0,712.0,180.25,0.010958904109589,3.004166666666667,1.100000213942958,0.1046847845180425,0.0329223744292236,3.0
NVDA,2026-03-20,70.0,108.7,112.05,110.375,111.7,30.0,415.0,180.25,0.010958904109589,2.575,0.9458495341156996,0.1046847845180425,0.0282191780821916,3.0
NVDA,2026-03-20,75.0,104.55,106.15,105.35,106.72,2.0,930.0,180.25,0.010958904109589,2.4033333333333333,0.8768566626287481,0.1046847845180425,0.0263378995433788,3.0
NVDA,2026-03-20,80.0,99.55,101.15,100.35,100.61,5.0,1506.0,180.25,0.010958904109589,2.253125,0.8123181414911768,0.1046847845180425,0.0246917808219177,3.0
NVDA,2026-03-20,85.0,94.55,96.2,95.375,95.59,14.0,2151.0,180.25,0.010958904109589,2.1205882352941177,0.751693519674742,0.1046847845180425,0.0232393231265107,2.946098345603943
NVDA,2026-03-20,90.0,89.55,91.2,90.375,90.76,55.0,9470.0,180.25,0.010958904109589,2.0027777777777778,0.6945351058347934,0.1046847845180425,0.0219482496194824,2.7310410442428594
NVDA,2026-03-20,95.0,84.55,86.1,85.32499999999999,89.17,1.0,3244.0,180.25,0.010958904109589,1.8973684210526316,0.6404678845645176,0.1046847845180425,0.020793078586878,2.299541706874848
NVDA,2026-03-20,105.0,74.6,76.05,75.32499999999999,75.89,157.0,4031.0,180.25,0.010958904109589,1.7166666666666666,0.540384426007535,0.1046847845180425,0.0188127853881277,1.9418224047279358
NVDA,2026-03-20,120.0,60.15,60.55,60.349999999999994,60.15,207.0,33929.0,180.25,0.010958904109589,1.5020833333333334,0.4068530333830125,0.1046847845180425,0.0164611872146118,1.5733170496578217
NVDA,2026-03-20,125.0,55.15,56.0,55.575,55.7,19.0,23182.0,180.25,0.010958904109589,1.442,0.3660310388627573,0.1046847845180425,0.0158027397260273,1.7983764839153293
NVDA,2026-03-20,130.0,50.15,50.6,50.375,50.7,79.0,22985.0,180.25,0.010958904109589,1.3865384615384615,0.326810325709476,0.1046847845180425,0.015194942044257,1.3457341940002439
NVDA,2026-03-20,131.0,48.0,50.9,49.45,49.87,2.0,19.0,180.25,0.010958904109589,1.3759541984732824,0.3191474529639068,0.1046847845180425,0.015078950120255,1.4499183099679946
NVDA,2026-03-20,134.0,45.0,47.75,46.375,47.19,2.0,2.0,180.25,0.010958904109589,1.3451492537313432,0.296504976214147,0.1046847845180425,0.0147413616847269,1.2305322823276517
NVDA,2026-03-20,135.0,44.65,46.05,45.349999999999994,46.21,178.0,26187.0,180.25,0.010958904109589,1.3351851851851853,0.289069997726629,0.1046847845180425,0.0146321664129882,1.1398436071128843
NVDA,2026-03-20,140.0,40.15,40.6,40.375,40.2,100.0,23942.0,180.25,0.010958904109589,1.2875,0.2527023535557542,0.1046847845180425,0.0141095890410958,1.0632712144241334
NVDA,2026-03-20,142.0,37.05,40.2,38.625,43.14,2.0,9.0,180.25,0.010958904109589,1.2693661971830985,0.2385177185637976,0.1046847845180425,0.0139108624348832,1.2801481257743834
NVDA,2026-03-20,144.0,35.1,38.05,36.575,35.25,1.0,1.0,180.25,0.010958904109589,1.2517361111111112,0.2245314765890578,0.1046847845180425,0.0137176560121765,1.1793071140084268
NVDA,2026-03-20,148.0,31.15,34.1,32.625,36.27,202.0,113.0,180.25,0.010958904109589,1.2179054054054057,0.1971325024009434,0.1046847845180425,0.0133469085523879,1.0908013985762595
NVDA,2026-03-20,149.0,30.3,32.9,31.6,37.05,89.0,43.0,180.25,0.010958904109589,1.2097315436241611,0.1903984702195993,0.1046847845180425,0.0132573319849222,1.0432311858563423
NVDA,2026-03-20,150.0,30.45,30.65,30.549999999999997,30.72,1412.0,41756.0,180.25,0.010958904109589,1.2016666666666669,0.1837094820688027,0.1046847845180425,0.0131689497716894,0.9777895992412569
NVDA,2026-03-20,155.0,25.5,25.75,25.625,25.6,377.0,14832.0,180.25,0.010958904109589,1.1629032258064516,0.1509196592458118,0.1046847845180425,0.0127441449403446,0.8748042514896393
NVDA,2026-03-20,160.0,20.75,21.0,20.875,20.71,604.0,62315.0,180.25,0.010958904109589,1.1265625,0.1191709609312314,0.1046847845180425,0.0123458904109588,0.8271439165768625
NVDA,2026-03-20,165.0,16.2,16.4,16.299999999999997,16.16,1410.0,20482.0,180.25,0.010958904109589,1.0924242424242423,0.0883993022644779,0.1046847845180425,0.0119717725197176,0.7787747634646891
NVDA,2026-03-20,167.5,14.0,14.1,14.05,13.85,85.0,488.0,180.25,0.010958904109589,1.0761194029850747,0.0733614248999374,0.1046847845180425,0.0117930893477815,0.7415585893466474
NVDA,2026-03-20,170.0,11.9,12.0,11.95,11.95,2540.0,25511.0,180.25,0.010958904109589,1.0602941176470588,0.0585463391147967,0.1046847845180425,0.0116196615632553,0.7194346638828515
NVDA,2026-03-20,172.5,9.9,10.0,9.95,9.85,471.0,1551.0,180.25,0.010958904109589,1.0449275362318842,0.0439475396936441,0.1046847845180425,0.0114512606710343,0.6953772239916921
NVDA,2026-03-20,175.0,8.0,8.1,8.05,8.11,4925.0,40499.0,180.25,0.010958904109589,1.03,0.0295588022415444,0.1046847845180425,0.0112876712328766,0.666484299300313
NVDA,2026-03-20,177.5,6.3,6.4,6.35,6.41,2743.0,8003.0,180.25,0.010958904109589,1.0154929577464789,0.0153741672495879,0.1046847845180425,0.0111286899479065,0.6440022096454502
NVDA,2026-03-20,180.0,4.85,4.9,4.875,4.85,14564.0,60965.0,180.25,0.010958904109589,1.0013888888888889,0.001387925274848,0.1046847845180425,0.0109741248097412,0.6267168088177442
NVDA,2026-03-20,182.5,3.55,3.65,3.5999999999999996,3.57,16872.0,8020.0,180.25,0.010958904109589,0.9876712328767124,-0.0124053968574877,0.1046847845180425,0.0108237943328954,0.6084735020631551
NVDA,2026-03-20,185.0,2.55,2.57,2.5599999999999996,2.57,82668.0,67983.0,180.25,0.010958904109589,0.9743243243243244,-0.0260110489132663,0.1046847845180425,0.0106775268419103,0.5927021183127166
NVDA,2026-03-20,187.5,1.76,1.78,1.77,1.75,16706.0,42164.0,180.25,0.010958904109589,0.9613333333333334,-0.039434069245407,0.1046847845180425,0.0105351598173515,0.5825909089527128
NVDA,2026-03-20,190.0,1.19,1.21,1.2,1.19,98218.0,129896.0,180.25,0.010958904109589,0.9486842105263158,-0.0526792959954276,0.1046847845180425,0.010396539293439,0.578008624599099
NVDA,2026-03-20,192.5,0.79,0.81,0.8,0.79,25726.0,17225.0,180.25,0.010958904109589,0.9363636363636364,-0.0657513775627804,0.1046847845180425,0.0102615193026151,0.5771063297872543
NVDA,2026-03-20,195.0,0.53,0.54,0.535,0.54,50948.0,149038.0,180.25,0.010958904109589,0.9243589743589744,-0.0786547823986883,0.1046847845180425,0.010129961362838,0.5813756898601055
NVDA,2026-03-20,197.5,0.36,0.37,0.365,0.37,20946.0,21697.0,180.25,0.010958904109589,0.9126582278481012,-0.0913938081761181,0.1046847845180425,0.0100017340038147,0.5908885879952905
NVDA,2026-03-20,200.0,0.25,0.26,0.255,0.25,25274.0,239823.0,180.25,0.010958904109589,0.90125,-0.1039725903829782,0.1046847845180425,0.009876712328767,0.6041215299801826
NVDA,2026-03-20,202.5,0.18,0.19,0.185,0.19,4829.0,15342.0,180.25,0.010958904109589,0.8901234567901235,-0.1163951103815353,0.1046847845180425,0.0097547776086588,0.6214378656082153
NVDA,2026-03-20,205.0,0.13,0.15,0.14,0.14,6967.0,49397.0,180.25,0.010958904109589,0.8792682926829268,-0.1286652029733497,0.1046847845180425,0.0096358169061142,0.6423276177086831
NVDA,2026-03-20,207.5,0.1,0.12,0.11,0.11,4545.0,9777.0,180.25,0.010958904109589,0.8686746987951808,-0.1407865635056944,0.1046847845180425,0.0095197227265224,0.665727916610241
NVDA,2026-03-20,210.0,0.08,0.09,0.0849999999999999,0.09,10444.0,110653.0,180.25,0.010958904109589,0.8583333333333333,-0.1527627545524102,0.1046847845180425,0.0094063926940638,0.6859567726297378
NVDA,2026-03-20,212.5,0.07,0.08,0.075,0.07,412.0,9229.0,180.25,0.010958904109589,0.8482352941176471,-0.164597212199413,0.1046847845180425,0.0092957292506043,0.7179401375179293
NVDA,2026-03-20,215.0,0.05,0.07,0.06,0.07,4360.0,14042.0,180.25,0.010958904109589,0.8383720930232558,-0.1762932519626044,0.1046847845180425,0.0091876393755972,0.7387397674255372
NVDA,2026-03-20,217.5,0.05,0.06,0.055,0.06,1132.0,1973.0,180.25,0.010958904109589,0.828735632183908,-0.1878540743636803,0.1046847845180425,0.009082034325303,0.771515635406494
NVDA,2026-03-20,220.0,0.04,0.05,0.045,0.04,2816.0,75928.0,180.25,0.010958904109589,0.8193181818181818,-0.199282770187303,0.1046847845180425,0.0089788293897882,0.7919318883666993
NVDA,2026-03-20,225.0,0.03,0.04,0.035,0.02,4533.0,10503.0,180.25,0.010958904109589,0.8011111111111111,-0.2217556260393617,0.1046847845180425,0.0087792998477929,0.8439052139377594
NVDA,2026-03-20,230.0,0.02,0.03,0.025,0.03,5353.0,59185.0,180.25,0.010958904109589,0.783695652173913,-0.2437345327581369,0.1046847845180425,0.0085884455032757,0.883736362159729
NVDA,2026-03-20,232.5,0.02,0.03,0.025,0.02,60.0,568.0,180.25,0.010958904109589,0.7752688172043011,-0.2545454488623525,0.1046847845180425,0.0084960966268964,0.9182574535579682
NVDA,2026-03-27,50.0,127.55,133.1,130.325,147.45,20.0,25.0,180.25,0.0301369863013698,3.605,1.2823217707369123,0.1736000757527766,0.1086438356164381,2.5332986479988104
NVDA,2026-03-27,55.0,122.55,128.1,125.325,137.15,1.0,4.0,180.25,0.0301369863013698,3.2772727272727273,1.1870115909325876,0.1736000757527766,0.098767123287671,2.288566826499939
NVDA,2026-03-27,60.0,117.55,123.1,120.325,120.73,40.0,63.0,180.25,0.0301369863013698,3.004166666666667,1.100000213942958,0.1736000757527766,0.0905365296803651,2.049568493080139
NVDA,2026-03-27,65.0,112.6,118.1,115.35,122.8,1.0,6.0,180.25,0.0301369863013698,2.773076923076923,1.0199575062694213,0.1736000757527766,0.0835721812434139,2.0999911447296142
NVDA,2026-03-27,70.0,107.6,113.1,110.35,117.9,,23.0,180.25,0.0301369863013698,2.575,0.9458495341156996,0.1736000757527766,0.0776027397260272,1.9169429574546815
NVDA,2026-03-27,75.0,102.6,108.15,105.375,110.73,7.0,8.0,180.25,0.0301369863013698,2.4033333333333333,0.8768566626287481,0.1736000757527766,0.072429223744292,1.8919376252136229
NVDA,2026-03-27,80.0,97.6,103.15,100.375,102.02,4.0,10.0,180.25,0.0301369863013698,2.253125,0.8123181414911768,0.1736000757527766,0.0679023972602738,1.7367100158233648
NVDA,2026-03-27,85.0,92.6,98.15,95.375,95.67,1.0,51.0,180.25,0.0301369863013698,2.1205882352941177,0.751693519674742,0.1736000757527766,0.0639081385979047,1.589956753583908
NVDA,2026-03-27,90.0,87.65,93.15,90.4,92.98,1.0,24.0,180.25,0.0301369863013698,2.0027777777777778,0.6945351058347934,0.1736000757527766,0.0603576864535767,1.5507893624649047
NVDA,2026-03-27,95.0,82.65,88.2,85.42500000000001,94.93,3.0,3.0,180.25,0.0301369863013698,1.8973684210526316,0.6404678845645176,0.1736000757527766,0.0571809661139148,1.4910111688899996
NVDA,2026-03-27,100.0,77.65,83.2,80.42500000000001,81.29,2.0,41.0,180.25,0.0301369863013698,1.8025,0.589174590176967,0.1736000757527766,0.054321917808219,1.3683648779850004
NVDA,2026-03-27,105.0,72.7,78.2,75.45,79.55,2.0,29.0,180.25,0.0301369863013698,1.7166666666666666,0.540384426007535,0.1736000757527766,0.0517351598173514,1.3037000588417054
NVDA,2026-03-27,115.0,63.95,67.15,65.55000000000001,67.25,1.0,4.0,180.25,0.0301369863013698,1.567391304347826,0.4494126478018083,0.1736000757527766,0.0472364502680165,1.2133747334203722
NVDA,2026-03-27,120.0,59.9,62.0,60.95,61.25,9.0,73.0,180.25,0.0301369863013698,1.5020833333333334,0.4068530333830125,0.1736000757527766,0.0452682648401825,1.3511772883467672
NVDA,2026-03-27,125.0,54.2,57.05,55.625,56.58,1.0,57.0,180.25,0.0301369863013698,1.442,0.3660310388627573,0.1736000757527766,0.0434575342465752,1.061903645910263
NVDA,2026-03-27,130.0,49.15,52.05,50.599999999999994,50.76,7.0,81.0,180.25,0.0301369863013698,1.3865384615384615,0.326810325709476,0.1736000757527766,0.0417860906217069,0.9420253937859534
NVDA,2026-03-27,135.0,44.25,47.0,45.625,46.01,25.0,14.0,180.25,0.0301369863013698,1.3351851851851853,0.289069997726629,0.1736000757527766,0.0402384576357178,0.8596737366662025
NVDA,2026-03-27,140.0,40.45,41.0,40.725,40.58,804.0,119.0,180.25,0.0301369863013698,1.2875,0.2527023535557542,0.1736000757527766,0.0388013698630136,0.814114107153654
NVDA,2026-03-27,145.0,35.55,37.05,36.3,36.44,34.0,42.0,180.25,0.0301369863013698,1.243103448275862,0.217611033744484,0.1736000757527766,0.0374633915918752,0.8924292198654413
NVDA,2026-03-27,150.0,30.8,31.3,31.05,31.17,81.0,11055.0,180.25,0.0301369863013698,1.2016666666666669,0.1837094820688027,0.1736000757527766,0.036214611872146,0.7215807880072597
NVDA,2026-03-27,155.0,26.0,26.6,26.3,26.52,23.0,405.0,180.25,0.0301369863013698,1.1629032258064516,0.1509196592458118,0.1736000757527766,0.0350463985859477,0.67225891457057
NVDA,2026-03-27,160.0,21.55,22.0,21.775,22.31,656.0,1921.0,180.25,0.0301369863013698,1.1265625,0.1191709609312314,0.1736000757527766,0.0339511986301369,0.6420003883179426
NVDA,2026-03-27,165.0,17.05,17.65,17.35,17.1,71.0,435.0,180.25,0.0301369863013698,1.0924242424242423,0.0883993022644779,0.1736000757527766,0.0329223744292236,0.5976200363091827
NVDA,2026-03-27,170.0,13.2,13.35,13.275,13.15,209.0,1142.0,180.25,0.0301369863013698,1.0602941176470588,0.0585463391147967,0.1736000757527766,0.0319540692989523,0.5635409728092551
NVDA,2026-03-27,175.0,9.55,9.65,9.6,9.65,444.0,2323.0,180.25,0.0301369863013698,1.03,0.0295588022415444,0.1736000757527766,0.0310410958904108,0.5307157521988749
NVDA,2026-03-27,180.0,6.45,6.55,6.5,6.46,2816.0,6808.0,180.25,0.0301369863013698,1.0013888888888889,0.001387925274848,0.1736000757527766,0.0301788432267883,0.5034384108656048
NVDA,2026-03-27,185.0,4.0,4.05,4.025,4.0,4358.0,10438.0,180.25,0.0301369863013698,0.9743243243243244,-0.0260110489132663,0.1736000757527766,0.0293631988152535,0.4770645266343653
NVDA,2026-03-27,190.0,2.27,2.3,2.285,2.28,7171.0,16128.0,180.25,0.0301369863013698,0.9486842105263158,-0.0526792959954276,0.1736000757527766,0.0285904830569574,0.45770783528882264
NVDA,2026-03-27,195.0,1.19,1.21,1.2,1.2,3214.0,18402.0,180.25,0.0301369863013698,0.9243589743589744,-0.0786547823986883,0.1736000757527766,0.0278573937478046,0.4455057552917003
NVDA,2026-03-27,200.0,0.6,0.62,0.61,0.61,5538.0,47592.0,180.25,0.0301369863013698,0.90125,-0.1039725903829782,0.1736000757527766,0.0271609589041095,0.4425531805922985
NVDA,2026-03-27,205.0,0.31,0.33,0.32,0.31,1445.0,13953.0,180.25,0.0301369863013698,0.8792682926829268,-0.1286652029733497,0.1736000757527766,0.0264984964918141,0.4493431010432243
NVDA,2026-03-27,210.0,0.18,0.19,0.185,0.19,792.0,12230.0,180.25,0.0301369863013698,0.8583333333333333,-0.1527627545524102,0.1736000757527766,0.0258675799086757,0.4658154351825714
NVDA,2026-03-27,215.0,0.12,0.13,0.125,0.12,404.0,7928.0,180.25,0.0301369863013698,0.8383720930232558,-0.1762932519626044,0.1736000757527766,0.0252660082828925,0.4925287975549697
NVDA,2026-03-27,220.0,0.08,0.09,0.0849999999999999,0.08,296.0,5219.0,180.25,0.0301369863013698,0.8193181818181818,-0.199282770187303,0.1736000757527766,0.0246917808219177,0.5168446234951019
NVDA,2026-03-27,225.0,0.06,0.07,0.065,0.07,260.0,3314.0,180.25,0.0301369863013698,0.8011111111111111,-0.2217556260393617,0.1736000757527766,0.0241430745814306,0.5467995237884521
NVDA,2026-03-27,230.0,0.05,0.06,0.055,0.05,328.0,2315.0,180.25,0.0301369863013698,0.783695652173913,-0.2437345327581369,0.1736000757527766,0.0236182251340082,0.5812333540158273
NVDA,2026-03-27,235.0,0.04,0.05,0.045,0.03,189.0,1648.0,180.25,0.0301369863013698,0.7670212765957447,-0.2652407379791004,0.1736000757527766,0.0231157097056251,0.6110094404344559
NVDA,2026-03-27,240.0,0.03,0.04,0.035,0.03,36.0,3216.0,180.25,0.0301369863013698,0.7510416666666667,-0.2862941471769328,0.1736000757527766,0.0226341324200912,0.6352222695827483
NVDA,2026-03-27,245.0,0.02,0.03,0.025,0.03,10.0,1076.0,180.25,0.0301369863013698,0.7357142857142858,-0.3069134343796684,0.1736000757527766,0.0221722113502935,0.6519821364326477
NVDA,2026-03-27,250.0,0.02,0.03,0.025,0.03,40.0,3423.0,180.25,0.0301369863013698,0.721,-0.327116141697188,0.1736000757527766,0.0217287671232876,0.6898849558296203
NVDA,2026-04-02,55.0,122.55,128.2,125.375,129.9,1.0,3.0,180.25,0.0465753424657534,3.2772727272727273,1.1870115909325876,0.2158132119814572,0.1526400996264009,1.974987371700287
NVDA,2026-04-02,60.0,117.55,123.2,120.375,119.77,3.0,4.0,180.25,0.0465753424657534,3.004166666666667,1.100000213942958,0.2158132119814572,0.1399200913242008,1.7849354025802615
NVDA,2026-04-02,65.0,112.6,118.25,115.425,118.22,1.0,5.0,180.25,0.0465753424657534,2.773076923076923,1.0199575062694213,0.2158132119814572,0.1291570073761853,1.836027533376694
NVDA,2026-04-02,70.0,107.6,113.25,110.425,112.66,1.0,3.0,180.25,0.0465753424657534,2.575,0.9458495341156996,0.2158132119814572,0.119931506849315,1.6845421407566072
NVDA,2026-04-02,75.0,102.6,108.25,105.425,108.26,4.0,9.0,180.25,0.0465753424657534,2.4033333333333333,0.8768566626287481,0.2158132119814572,0.1119360730593606,1.5424294561939242
NVDA,2026-04-02,80.0,97.65,103.3,100.475,101.3,1.0,5.0,180.25,0.0465753424657534,2.253125,0.8123181414911768,0.2158132119814572,0.1049400684931506,1.5372223961620333
NVDA,2026-04-02,85.0,92.65,98.3,95.475,95.79,1.0,4.0,180.25,0.0465753424657534,2.1205882352941177,0.751693519674742,0.2158132119814572,0.0987671232876711,1.4142241995515825
NVDA,2026-04-02,90.0,87.65,93.35,90.5,93.66,1.0,4.0,180.25,0.0465753424657534,2.0027777777777778,0.6945351058347934,0.2158132119814572,0.0932800608828005,1.3436027326135636
NVDA,2026-04-02,100.0,77.7,83.4,80.55000000000001,83.03,3.0,17.0,180.25,0.0465753424657534,1.8025,0.589174590176967,0.2158132119814572,0.0839520547945205,1.1989494605188369
NVDA,2026-04-02,105.0,72.75,78.4,75.575,75.0,11.0,11.0,180.25,0.0465753424657534,1.7166666666666666,0.540384426007535,0.2158132119814572,0.0799543378995433,1.1264440105967521
NVDA,2026-04-02,115.0,64.05,67.25,65.65,67.74,1.0,3.0,180.25,0.0465753424657534,1.567391304347826,0.4494126478018083,0.2158132119814572,0.0730017867778439,1.0014173493914602
NVDA,2026-04-02,120.0,59.1,62.2,60.650000000000006,64.95,3.0,17.0,180.25,0.0465753424657534,1.5020833333333334,0.4068530333830125,0.2158132119814572,0.0699600456621004,0.9117786692490578
NVDA,2026-04-02,125.0,54.4,56.65,55.525,57.3,4.0,4.0,180.25,0.0465753424657534,1.442,0.3660310388627573,0.2158132119814572,0.0671616438356164,0.7143123616275788
NVDA,2026-04-02,130.0,49.25,52.5,50.875,52.12,3.0,19.0,180.25,0.0465753424657534,1.3865384615384615,0.326810325709476,0.2158132119814572,0.0645785036880926,0.8494362847106456
NVDA,2026-04-02,135.0,44.4,47.55,45.974999999999994,47.14,2.0,9.0,180.25,0.0465753424657534,1.3351851851851853,0.289069997726629,0.2158132119814572,0.0621867072552003,0.7964723302736283
NVDA,2026-04-02,140.0,39.75,42.25,41.0,41.57,3.0,86.0,180.25,0.0465753424657534,1.2875,0.2527023535557542,0.2158132119814572,0.0599657534246575,0.7176597573623658
NVDA,2026-04-02,145.0,35.45,36.95,36.2,41.85,2.0,122.0,180.25,0.0465753424657534,1.243103448275862,0.217611033744484,0.2158132119814572,0.0578979688238072,0.6810086350884438
NVDA,2026-04-02,150.0,30.8,32.0,31.4,32.54,10.0,236.0,180.25,0.0465753424657534,1.2016666666666669,0.1837094820688027,0.2158132119814572,0.0559680365296803,0.6323211932792665
NVDA,2026-04-02,155.0,26.35,27.35,26.85,27.97,4.0,98.0,180.25,0.0465753424657534,1.1629032258064516,0.1509196592458118,0.2158132119814572,0.0541626159964648,0.6102451899338961
NVDA,2026-04-02,160.0,22.0,22.5,22.25,22.5,102.0,525.0,180.25,0.0465753424657534,1.1265625,0.1191709609312314,0.2158132119814572,0.0524700342465753,0.562839843606472
NVDA,2026-04-02,165.0,18.05,18.25,18.15,18.31,66.0,516.0,180.25,0.0465753424657534,1.0924242424242423,0.0883993022644779,0.2158132119814572,0.0508800332088003,0.5485940998351573
NVDA,2026-04-02,170.0,14.15,14.3,14.225,14.5,47.0,1415.0,180.25,0.0465753424657534,1.0602941176470588,0.0585463391147967,0.2158132119814572,0.0493835616438355,0.5221564684575797
NVDA,2026-04-02,175.0,10.6,10.7,10.65,10.5,111.0,1251.0,180.25,0.0465753424657534,1.03,0.0295588022415444,0.2158132119814572,0.047972602739726,0.49484103976899374
NVDA,2026-04-02,180.0,7.55,7.6,7.574999999999999,7.6,1554.0,4466.0,180.25,0.0465753424657534,1.0013888888888889,0.001387925274848,0.2158132119814572,0.0466400304414002,0.47105110543441764
NVDA,2026-04-02,185.0,5.05,5.1,5.074999999999999,5.15,6197.0,9029.0,180.25,0.0465753424657534,0.9743243243243244,-0.0260110489132663,0.2158132119814572,0.0453794890781191,0.4505096827619075
NVDA,2026-04-02,190.0,3.15,3.25,3.2,3.2,11726.0,8366.0,180.25,0.0465753424657534,0.9486842105263158,-0.0526792959954276,0.2158132119814572,0.044185291997116,0.4345973936781883
NVDA,2026-04-02,195.0,1.88,1.91,1.895,1.9,1743.0,8292.0,180.25,0.0465753424657534,0.9243589743589744,-0.0786547823986883,0.2158132119814572,0.0430523357920618,0.4223479280042648
NVDA,2026-04-02,200.0,1.06,1.09,1.0750000000000002,1.08,67864.0,75809.0,180.25,0.0465753424657534,0.90125,-0.1039725903829782,0.2158132119814572,0.0419760273972602,0.4154446395567656
NVDA,2026-04-02,205.0,0.59,0.62,0.605,0.58,2009.0,15988.0,180.25,0.0465753424657534,0.8792682926829268,-0.1286652029733497,0.2158132119814572,0.0409522218509856,0.4148502622371913
NVDA,2026-04-02,210.0,0.34,0.36,0.35,0.34,1647.0,6564.0,180.25,0.0465753424657534,0.8583333333333333,-0.1527627545524102,0.2158132119814572,0.0399771689497716,0.42025795143651967
NVDA,2026-04-02,215.0,0.21,0.23,0.22,0.22,429.0,3061.0,180.25,0.0465753424657534,0.8383720930232558,-0.1762932519626044,0.2158132119814572,0.0390474673462886,0.4329415771982669
NVDA,2026-04-02,220.0,0.14,0.15,0.145,0.15,1110.0,10854.0,180.25,0.0465753424657534,0.8193181818181818,-0.199282770187303,0.2158132119814572,0.0381600249066002,0.44800414274930955
NVDA,2026-04-02,225.0,0.1,0.11,0.105,0.11,40.0,1891.0,180.25,0.0465753424657534,0.8011111111111111,-0.2217556260393617,0.2158132119814572,0.0373120243531202,0.46780742174696915
NVDA,2026-04-02,230.0,0.07,0.08,0.075,0.08,52.0,2764.0,180.25,0.0465753424657534,0.783695652173913,-0.2437345327581369,0.2158132119814572,0.0365008933889219,0.4849528113107682
NVDA,2026-04-02,235.0,0.05,0.07,0.06,0.07,28.0,1282.0,180.25,0.0465753424657534,0.7670212765957447,-0.2652407379791004,0.2158132119814572,0.0357242786359661,0.5074776374816894
NVDA,2026-04-02,240.0,0.04,0.06,0.05,0.04,77.0,2326.0,180.25,0.0465753424657534,0.7510416666666667,-0.2862941471769328,0.2158132119814572,0.0349800228310502,0.5308335905423164
NVDA,2026-04-02,250.0,0.03,0.04,0.035,0.04,10.0,1009.0,180.25,0.0465753424657534,0.721,-0.327116141697188,0.2158132119814572,0.0335808219178082,0.573630188062668
NVDA,2026-04-02,255.0,0.02,0.03,0.025,0.03,500.0,1054.0,180.25,0.0465753424657534,0.7068627450980393,-0.3469187689933676,0.2158132119814572,0.0329223744292237,0.5837353177509308
NVDA,2026-04-10,55.0,122.5,128.35,125.425,130.1,1.0,0.0,180.25,0.0684931506849315,3.2772727272727273,1.1870115909325876,0.2617119612951068,0.2244707347447073,1.6596798596153262
NVDA,2026-04-10,60.0,117.55,123.35,120.45,122.0,2.0,0.0,180.25,0.0684931506849315,3.004166666666667,1.100000213942958,0.2617119612951068,0.2057648401826484,1.5874791085357667
NVDA,2026-04-10,65.0,112.55,118.4,115.475,117.65,,1.0,180.25,0.0684931506849315,2.773076923076923,1.0199575062694213,0.2617119612951068,0.1899367755532139,1.5121541214370726
NVDA,2026-04-10,75.0,102.6,108.45,105.525,109.0,,1.0,180.25,0.0684931506849315,2.4033333333333333,0.8768566626287481,0.2617119612951068,0.1646118721461187,1.3613267638759616
NVDA,2026-04-10,85.0,92.65,98.5,95.575,97.41,,95.0,180.25,0.0684931506849315,2.1205882352941177,0.751693519674742,0.2617119612951068,0.145245769540693,1.2155948864889143
NVDA,2026-04-10,100.0,79.25,82.2,80.725,81.92,4.0,11.0,180.25,0.0684931506849315,1.8025,0.589174590176967,0.2617119612951068,0.123458904109589,1.0673624758777618
NVDA,2026-04-10,120.0,59.05,62.8,60.925,61.31,1.0,5.0,180.25,0.0684931506849315,1.5020833333333334,0.4068530333830125,0.2617119612951068,0.1028824200913242,0.8352913919646741
NVDA,2026-04-10,125.0,54.35,57.7,56.025000000000006,60.0,5.0,19.0,180.25,0.0684931506849315,1.442,0.3660310388627573,0.2617119612951068,0.0987671232876712,0.7920234410705567
NVDA,2026-04-10,130.0,49.5,52.75,51.125,56.1,1.0,6.0,180.25,0.0684931506849315,1.3865384615384615,0.326810325709476,0.2617119612951068,0.0949683877766069,0.744119561660409
NVDA,2026-04-10,135.0,44.8,47.55,46.175,51.04,1.0,10.0,180.25,0.0684931506849315,1.3351851851851853,0.289069997726629,0.2617119612951068,0.091451040081177,0.6813272814131976
NVDA,2026-04-10,140.0,40.85,42.15,41.5,43.47,5.0,140.0,180.25,0.0684931506849315,1.2875,0.2527023535557542,0.2617119612951068,0.0881849315068493,0.6709496393798591
NVDA,2026-04-10,145.0,35.85,37.4,36.625,37.0,1.0,118.0,180.25,0.0684931506849315,1.243103448275862,0.217611033744484,0.2617119612951068,0.0851440717997165,0.6144864762284158
NVDA,2026-04-10,150.0,31.4,32.45,31.925,32.07,50.0,156.0,180.25,0.0684931506849315,1.2016666666666669,0.1837094820688027,0.2617119612951068,0.0823059360730593,0.578006121204853
NVDA,2026-04-10,155.0,27.1,28.0,27.55,27.62,10.0,239.0,180.25,0.0684931506849315,1.1629032258064516,0.1509196592458118,0.2617119612951068,0.0796509058771542,0.565690315583408
NVDA,2026-04-10,160.0,22.95,23.5,23.225,22.98,67.0,1055.0,180.25,0.0684931506849315,1.1265625,0.1191709609312314,0.2617119612951068,0.0771618150684931,0.539921805725038
NVDA,2026-04-10,165.0,18.95,19.1,19.025,19.46,10.0,494.0,180.25,0.0684931506849315,1.0924242424242423,0.0883993022644779,0.2617119612951068,0.0748235782482357,0.5085806508679089
NVDA,2026-04-10,170.0,15.15,15.25,15.2,15.27,146.0,304.0,180.25,0.0684931506849315,1.0602941176470588,0.0585463391147967,0.2617119612951068,0.0726228847703465,0.48578134539929024
NVDA,2026-04-10,175.0,11.7,11.8,11.75,11.55,148.0,1275.0,180.25,0.0684931506849315,1.03,0.0295588022415444,0.2617119612951068,0.0705479452054794,0.4653195843079685
NVDA,2026-04-10,180.0,8.65,8.75,8.7,8.7,1719.0,2719.0,180.25,0.0684931506849315,1.0013888888888889,0.001387925274848,0.2617119612951068,0.0685882800608828,0.44472898781990994
NVDA,2026-04-10,185.0,6.15,6.2,6.175000000000001,6.15,2652.0,6169.0,180.25,0.0684931506849315,0.9743243243243244,-0.0260110489132663,0.2617119612951068,0.06673454276194,0.4278186490944325
NVDA,2026-04-10,190.0,4.15,4.2,4.175000000000001,4.18,2576.0,4838.0,180.25,0.0684931506849315,0.9486842105263158,-0.0526792959954276,0.2617119612951068,0.0649783705839942,0.41320812501868615
NVDA,2026-04-10,195.0,2.67,2.7,2.685,2.68,528.0,6303.0,180.25,0.0684931506849315,0.9243589743589744,-0.0786547823986883,0.2617119612951068,0.0633122585177379,0.40105629172036056
NVDA,2026-04-10,200.0,1.65,1.68,1.665,1.66,5264.0,17612.0,180.25,0.0684931506849315,0.90125,-0.1039725903829782,0.2617119612951068,0.0617294520547945,0.39303863520559673
NVDA,2026-04-10,205.0,0.99,1.02,1.005,0.99,825.0,10184.0,180.25,0.0684931506849315,0.8792682926829268,-0.1286652029733497,0.2617119612951068,0.0602238556632141,0.38851258781558273
NVDA,2026-04-10,210.0,0.59,0.62,0.605,0.61,803.0,5537.0,180.25,0.0684931506849315,0.8583333333333333,-0.1527627545524102,0.2617119612951068,0.0587899543378995,0.3880825404468775
NVDA,2026-04-10,215.0,0.37,0.38,0.375,0.36,3092.0,4510.0,180.25,0.0684931506849315,0.8383720930232558,-0.1762932519626044,0.2617119612951068,0.0574227460974832,0.3922853817583324
NVDA,2026-04-10,220.0,0.24,0.26,0.25,0.25,120.0,3768.0,180.25,0.0684931506849315,0.8193181818181818,-0.199282770187303,0.2617119612951068,0.0561176836861768,0.4022142009661198
NVDA,2026-04-10,225.0,0.17,0.18,0.175,0.18,931.0,831.0,180.25,0.0684931506849315,0.8011111111111111,-0.2217556260393617,0.2617119612951068,0.0548706240487062,0.41462459912729277
NVDA,2026-04-10,230.0,0.12,0.13,0.125,0.12,12.0,1675.0,180.25,0.0684931506849315,0.783695652173913,-0.2437345327581369,0.2617119612951068,0.0536777843954734,0.4272116653966903
NVDA,2026-04-10,235.0,0.09,0.11,0.1,0.09,15.0,897.0,180.25,0.0684931506849315,0.7670212765957447,-0.2652407379791004,0.2617119612951068,0.0525357038764208,0.4453534058704376
NVDA,2026-04-10,240.0,0.07,0.09,0.08,0.08,600.0,695.0,180.25,0.0684931506849315,0.7510416666666667,-0.2862941471769328,0.2617119612951068,0.0514412100456621,0.46211041169834133
NVDA,2026-04-10,245.0,0.06,0.08,0.07,0.06,16.0,194.0,180.25,0.0684931506849315,0.7357142857142858,-0.3069134343796684,0.2617119612951068,0.0503913894324853,0.48280132277011867
NVDA,2026-04-10,250.0,0.05,0.06,0.055,0.06,3.0,271.0,180.25,0.0684931506849315,0.721,-0.327116141697188,0.2617119612951068,0.0493835616438356,0.49611079709339134
NVDA,2026-04-10,255.0,0.04,0.06,0.05,0.05,46.0,410.0,180.25,0.0684931506849315,0.7068627450980393,-0.3469187689933676,0.2617119612951068,0.0484152565135643,0.5167130164833069
NVDA,2026-04-17,20.0,158.6,162.15,160.375,165.27,15.0,54.0,180.25,0.0876712328767123,9.0125,2.198612502611067,0.296093284079042,0.7901369863013695,2.827251491909027
NVDA,2026-04-17,30.0,148.65,152.2,150.425,153.79,38.0,69.0,180.25,0.0876712328767123,6.008333333333334,1.793147394502903,0.296093284079042,0.5267579908675798,2.3670503818817146
NVDA,2026-04-17,45.0,133.7,137.25,135.475,136.03,1.0,57.0,180.25,0.0876712328767123,4.0055555555555555,1.387682286394739,0.296093284079042,0.3511719939117198,1.8462699921207433
NVDA,2026-04-17,50.0,128.75,132.25,130.5,135.85,26.0,202.0,180.25,0.0876712328767123,3.605,1.2823217707369123,0.296093284079042,0.3160547945205478,1.7310966906681062
NVDA,2026-04-17,55.0,123.75,127.1,125.425,127.3,20.0,176.0,180.25,0.0876712328767123,3.2772727272727273,1.1870115909325876,0.296093284079042,0.2873225404732253,1.1372686873168942
NVDA,2026-04-17,60.0,118.8,122.1,120.45,123.75,10.0,337.0,180.25,0.0876712328767123,3.004166666666667,1.100000213942958,0.296093284079042,0.2633789954337899,1.2133260960464476
NVDA,2026-04-17,65.0,113.8,117.2,115.5,122.2,20.0,66.0,180.25,0.0876712328767123,2.773076923076923,1.0199575062694213,0.296093284079042,0.2431190727081137,1.2869916903877257
NVDA,2026-04-17,70.0,108.85,112.15,110.5,115.77,6.0,57.0,180.25,0.0876712328767123,2.575,0.9458495341156996,0.296093284079042,0.2257534246575342,1.1478773568763732
NVDA,2026-04-17,75.0,103.9,107.2,105.55,110.9,7.0,52.0,180.25,0.0876712328767123,2.4033333333333333,0.8768566626287481,0.296093284079042,0.2107031963470318,1.157341617637634
NVDA,2026-04-17,80.0,98.9,102.3,100.6,106.0,13.0,78.0,180.25,0.0876712328767123,2.253125,0.8123181414911768,0.296093284079042,0.1975342465753423,1.1321474579448698
NVDA,2026-04-17,85.0,93.95,97.25,95.6,98.5,2.0,61.0,180.25,0.0876712328767123,2.1205882352941177,0.751693519674742,0.296093284079042,0.1859145850120869,1.0320088270788192
NVDA,2026-04-17,90.0,89.6,91.85,90.725,91.08,27.0,195.0,180.25,0.0876712328767123,2.0027777777777778,0.6945351058347934,0.296093284079042,0.1755859969558599,1.0682279350314143
NVDA,2026-04-17,95.0,84.05,87.35,85.69999999999999,89.53,10.0,170.0,180.25,0.0876712328767123,1.8973684210526316,0.6404678845645176,0.296093284079042,0.1663446286950251,0.9608280303406717
NVDA,2026-04-17,110.0,69.6,72.35,70.975,72.25,5.0,993.0,180.25,0.0876712328767123,1.6386363636363637,0.4938644103726422,0.296093284079042,0.1436612702366126,0.8738737040855886
NVDA,2026-04-17,115.0,64.35,67.5,65.925,66.23,3.0,343.0,180.25,0.0876712328767123,1.567391304347826,0.4494126478018083,0.296093284079042,0.1374151280524121,0.7801308878905773
NVDA,2026-04-17,120.0,60.5,61.45,60.975,61.6,5.0,474.0,180.25,0.0876712328767123,1.5020833333333334,0.4068530333830125,0.296093284079042,0.1316894977168949,0.7281532707865239
NVDA,2026-04-17,125.0,54.85,57.15,56.0,56.47,66.0,484.0,180.25,0.0876712328767123,1.442,0.3660310388627573,0.296093284079042,0.1264219178082191,0.6680625105586052
NVDA,2026-04-17,130.0,50.8,51.7,51.25,51.82,5.0,2040.0,180.25,0.0876712328767123,1.3865384615384615,0.326810325709476,0.296093284079042,0.1215595363540568,0.6669864086605308
NVDA,2026-04-17,135.0,46.15,46.75,46.45,46.4,3.0,2885.0,180.25,0.0876712328767123,1.3351851851851853,0.289069997726629,0.296093284079042,0.1170573313039066,0.6385396245865823
NVDA,2026-04-17,140.0,41.45,42.0,41.725,42.35,4.0,6409.0,180.25,0.0876712328767123,1.2875,0.2527023535557542,0.296093284079042,0.1128767123287671,0.6135049668700694
NVDA,2026-04-17,145.0,36.55,37.65,37.099999999999994,37.15,14.0,762.0,180.25,0.0876712328767123,1.243103448275862,0.217611033744484,0.296093284079042,0.1089844119036371,0.5912462157447338
NVDA,2026-04-17,150.0,32.4,32.6,32.5,32.53,268.0,10899.0,180.25,0.0876712328767123,1.2016666666666669,0.1837094820688027,0.296093284079042,0.1053515981735159,0.5610599302974937
NVDA,2026-04-17,155.0,27.95,28.15,28.049999999999997,28.0,56.0,1895.0,180.25,0.0876712328767123,1.1629032258064516,0.1509196592458118,0.296093284079042,0.1019531595227573,0.5347072355104088
NVDA,2026-04-17,160.0,23.75,23.9,23.825,23.76,469.0,10142.0,180.25,0.0876712328767123,1.1265625,0.1191709609312314,0.296093284079042,0.0987671232876711,0.5136318746079801
NVDA,2026-04-17,165.0,19.75,19.9,19.825,19.71,279.0,4030.0,180.25,0.0876712328767123,1.0924242424242423,0.0883993022644779,0.296093284079042,0.0957741801577417,0.4933532189243733
NVDA,2026-04-17,170.0,16.05,16.15,16.1,15.95,489.0,13331.0,180.25,0.0876712328767123,1.0602941176470588,0.0585463391147967,0.296093284079042,0.0929572925060434,0.47379849121257656
NVDA,2026-04-17,175.0,12.65,12.75,12.7,12.57,1034.0,9954.0,180.25,0.0876712328767123,1.03,0.0295588022415444,0.296093284079042,0.0903013698630136,0.45478208267062903
NVDA,2026-04-17,180.0,9.7,9.75,9.725,9.69,5219.0,24174.0,180.25,0.0876712328767123,1.0013888888888889,0.001387925274848,0.296093284079042,0.0877929984779299,0.43859048631459463
NVDA,2026-04-17,185.0,7.15,7.2,7.175000000000001,7.11,7767.0,33831.0,180.25,0.0876712328767123,0.9743243243243244,-0.0260110489132663,0.296093284079042,0.0854202147352832,0.42313900058603293
NVDA,2026-04-17,190.0,5.05,5.15,5.1,5.11,6762.0,40438.0,180.25,0.0876712328767123,0.9486842105263158,-0.0526792959954276,0.296093284079042,0.0831723143475125,0.40983775170099745
NVDA,2026-04-17,195.0,3.45,3.55,3.5,3.49,4207.0,25774.0,180.25,0.0876712328767123,0.9243589743589744,-0.0786547823986883,0.296093284079042,0.0810396909027045,0.3992540266770423
NVDA,2026-04-17,200.0,2.31,2.33,2.3200000000000003,2.31,10150.0,59016.0,180.25,0.0876712328767123,0.90125,-0.1039725903829782,0.296093284079042,0.0790136986301369,0.3908568377131819
NVDA,2026-04-17,210.0,0.94,0.96,0.95,0.96,5725.0,56639.0,180.25,0.0876712328767123,0.8583333333333333,-0.1527627545524102,0.296093284079042,0.0752511415525113,0.3817965174949169
NVDA,2026-04-17,220.0,0.39,0.41,0.4,0.4,2816.0,49525.0,180.25,0.0876712328767123,0.8193181818181818,-0.199282770187303,0.296093284079042,0.0718306351183063,0.38616172180461883
NVDA,2026-04-17,230.0,0.18,0.2,0.19,0.18,1072.0,37137.0,180.25,0.0876712328767123,0.783695652173913,-0.2437345327581369,0.296093284079042,0.068707564026206,0.40076366281437875
NVDA,2026-04-17,240.0,0.1,0.12,0.11,0.11,537.0,24659.0,180.25,0.0876712328767123,0.7510416666666667,-0.2862941471769328,0.296093284079042,0.0658447488584474,0.4247511864805221
NVDA,2026-04-17,250.0,0.06,0.08,0.07,0.07,3213.0,24054.0,180.25,0.0876712328767123,0.721,-0.327116141697188,0.296093284079042,0.0632109589041095,0.4501999771308899
NVDA,2026-04-17,260.0,0.05,0.06,0.055,0.05,528.0,17796.0,180.25,0.0876712328767123,0.6932692307692307,-0.3663368548504693,0.296093284079042,0.0607797681770284,0.48333347286129
NVDA,2026-04-17,280.0,0.02,0.03,0.025,0.02,277.0,6343.0,180.25,0.0876712328767123,0.64375,-0.4404448270041911,0.296093284079042,0.0564383561643835,0.5243405011234281
NVDA,2026-04-17,290.0,0.02,0.03,0.025,0.01,11.0,6540.0,180.25,0.0876712328767123,0.621551724137931,-0.4755361468154612,0.296093284079042,0.0544922059518185,0.5613850139217376
NVDA,2026-04-24,105.0,72.0,80.65,76.325,72.5,1.0,1.0,180.25,0.1068493150684931,1.7166666666666666,0.540384426007535,0.3268781348889722,0.1834246575342464,0.9481165096144676
NVDA,2026-04-24,125.0,54.65,58.05,56.349999999999994,55.96,1.0,0.0,180.25,0.1068493150684931,1.442,0.3660310388627573,0.3268781348889722,0.154076712328767,0.6713605536639691
NVDA,2026-04-24,130.0,49.85,53.4,51.625,52.92,1.0,37.0,180.25,0.1068493150684931,1.3865384615384615,0.326810325709476,0.3268781348889722,0.1481506849315067,0.6572739542411568
NVDA,2026-04-24,135.0,45.2,47.4,46.3,47.8,2.0,14.0,180.25,0.1068493150684931,1.3351851851851853,0.289069997726629,0.3268781348889722,0.1426636225266361,0.5358203518805503
NVDA,2026-04-24,140.0,40.5,43.8,42.15,42.76,4.0,8.0,180.25,0.1068493150684931,1.2875,0.2527023535557542,0.3268781348889722,0.1375684931506848,0.5971924923347236
NVDA,2026-04-24,145.0,36.1,38.85,37.475,37.62,1.0,14.0,180.25,0.1068493150684931,1.243103448275862,0.217611033744484,0.3268781348889722,0.1328247520075578,0.564820743710637
NVDA,2026-04-24,155.0,28.4,29.8,29.1,29.7,3.0,76.0,180.25,0.1068493150684931,1.1629032258064516,0.1509196592458118,0.3268781348889722,0.1242554131683605,0.5518888348838389
NVDA,2026-04-24,160.0,24.4,24.7,24.549999999999997,24.3,34.0,189.0,180.25,0.1068493150684931,1.1265625,0.1191709609312314,0.3268781348889722,0.1203724315068492,0.504559931487858
NVDA,2026-04-24,165.0,20.5,20.65,20.575,20.7,133.0,89.0,180.25,0.1068493150684931,1.0924242424242423,0.0883993022644779,0.3268781348889722,0.1167247820672477,0.48285335760766257
NVDA,2026-04-24,170.0,16.85,17.0,16.925,16.76,426.0,242.0,180.25,0.1068493150684931,1.0602941176470588,0.0585463391147967,0.3268781348889722,0.1132917002417404,0.46531377285704006
NVDA,2026-04-24,175.0,13.55,13.65,13.6,13.55,530.0,360.0,180.25,0.1068493150684931,1.03,0.0295588022415444,0.3268781348889722,0.1100547945205479,0.4490338424468934
NVDA,2026-04-24,180.0,10.6,10.7,10.65,10.68,674.0,1310.0,180.25,0.1068493150684931,1.0013888888888889,0.001387925274848,0.3268781348889722,0.1069977168949771,0.4342693149215431
NVDA,2026-04-24,185.0,8.05,8.15,8.100000000000001,8.1,1245.0,2009.0,180.25,0.1068493150684931,0.9743243243243244,-0.0260110489132663,0.3268781348889722,0.1041058867086263,0.4206505372984707
NVDA,2026-04-24,190.0,5.9,6.0,5.95,5.95,645.0,2516.0,180.25,0.1068493150684931,0.9486842105263158,-0.0526792959954276,0.3268781348889722,0.1013662581110309,0.4074308275403082
NVDA,2026-04-24,195.0,4.2,4.3,4.25,4.26,528.0,595.0,180.25,0.1068493150684931,0.9243589743589744,-0.0786547823986883,0.3268781348889722,0.0987671232876711,0.3969978426127434
NVDA,2026-04-24,200.0,2.95,3.0,2.975,3.0,1310.0,2068.0,180.25,0.1068493150684931,0.90125,-0.1039725903829782,0.3268781348889722,0.0962979452054794,0.3899511454377175
NVDA,2026-04-24,205.0,2.0,2.05,2.025,2.01,281.0,1663.0,180.25,0.1068493150684931,0.8792682926829268,-0.1286652029733497,0.3268781348889722,0.093949214834614,0.38397572218614817
NVDA,2026-04-24,210.0,1.33,1.38,1.355,1.37,588.0,1088.0,180.25,0.1068493150684931,0.8583333333333333,-0.1527627545524102,0.3268781348889722,0.0917123287671232,0.38003412794566155
NVDA,2026-04-24,215.0,0.87,0.92,0.895,0.87,248.0,1030.0,180.25,0.1068493150684931,0.8383720930232558,-0.1762932519626044,0.3268781348889722,0.0895794839120738,0.37773601202774054
NVDA,2026-04-24,220.0,0.58,0.62,0.6,0.59,139.0,1820.0,180.25,0.1068493150684931,0.8193181818181818,-0.199282770187303,0.3268781348889722,0.0875435865504358,0.3786722814757824
NVDA,2026-04-24,225.0,0.39,0.43,0.41,0.4,156.0,1487.0,180.25,0.1068493150684931,0.8011111111111111,-0.2217556260393617,0.3268781348889722,0.0855981735159816,0.3819549465879202
NVDA,2026-04-24,230.0,0.27,0.31,0.29,0.28,24.0,1283.0,180.25,0.1068493150684931,0.783695652173913,-0.2437345327581369,0.3268781348889722,0.0837373436569386,0.3878039484300614
NVDA,2026-04-24,235.0,0.2,0.23,0.215,0.22,4.0,36.0,180.25,0.1068493150684931,0.7670212765957447,-0.2652407379791004,0.3268781348889722,0.0819556980472165,0.396296892223835
NVDA,2026-04-24,240.0,0.15,0.18,0.1649999999999999,0.16,12.0,168.0,180.25,0.1068493150684931,0.7510416666666667,-0.2862941471769328,0.3268781348889722,0.0802482876712328,0.4061867300069332
NVDA,2026-04-24,245.0,0.11,0.14,0.125,0.14,1.0,136.0,180.25,0.1068493150684931,0.7357142857142858,-0.3069134343796684,0.3268781348889722,0.078610567514677,0.41460242620682725
NVDA,2026-04-24,250.0,0.09,0.12,0.105,0.14,15.0,117.0,180.25,0.1068493150684931,0.721,-0.327116141697188,0.3268781348889722,0.0770383561643835,0.4280077447669505
NVDA,2026-04-24,255.0,0.08,0.1,0.09,0.09,1.0,8.0,180.25,0.1068493150684931,0.7068627450980393,-0.3469187689933676,0.3268781348889722,0.0755278001611603,0.4416412298312187
NVDA,2026-05-15,20.0,158.6,162.35,160.475,160.48,10.0,32.0,180.25,0.1643835616438356,9.0125,2.198612502611067,0.4054424270396916,1.4815068493150685,2.198524742256164
NVDA,2026-05-15,25.0,153.6,157.2,155.39999999999998,156.23,1.0,100.0,180.25,0.1643835616438356,7.21,1.9754689512968575,0.4054424270396916,1.1852054794520548,1.410828166442871
NVDA,2026-05-15,30.0,148.65,152.45,150.55,149.96,1.0,22.0,180.25,0.1643835616438356,6.008333333333334,1.793147394502903,0.4054424270396916,0.9876712328767124,1.8182577257623678
NVDA,2026-05-15,35.0,143.7,147.45,145.575,144.98,1.0,408.0,180.25,0.1643835616438356,5.15,1.6389967146756448,0.4054424270396916,0.8465753424657534,1.6557345102834704
NVDA,2026-05-15,40.0,138.75,142.5,140.625,149.6,1.0,83.0,180.25,0.1643835616438356,4.50625,1.505465322051122,0.4054424270396916,0.7407534246575341,1.5528807695436482
NVDA,2026-05-15,45.0,133.75,137.55,135.65,152.04,20.0,6.0,180.25,0.1643835616438356,4.0055555555555555,1.387682286394739,0.4054424270396916,0.6584474885844749,1.4289298526086809
NVDA,2026-05-15,50.0,128.8,132.4,130.60000000000002,136.0,2.0,51.0,180.25,0.1643835616438356,3.605,1.2823217707369123,0.4054424270396916,0.5926027397260274,1.1967665007362362
NVDA,2026-05-15,55.0,123.85,127.5,125.675,125.9,5.0,20.0,180.25,0.1643835616438356,3.2772727272727273,1.1870115909325876,0.4054424270396916,0.5387297633872976,1.187920220726013
NVDA,2026-05-15,60.0,118.9,122.5,120.7,124.25,50.0,107.0,180.25,0.1643835616438356,3.004166666666667,1.100000213942958,0.4054424270396916,0.4938356164383561,1.0990997928743365
NVDA,2026-05-15,65.0,113.95,117.6,115.775,119.14,10.0,68.0,180.25,0.1643835616438356,2.773076923076923,1.0199575062694213,0.4054424270396916,0.4558482613277133,1.0724908578047754
NVDA,2026-05-15,70.0,109.0,112.6,110.8,116.55,5.0,154.0,180.25,0.1643835616438356,2.575,0.9458495341156996,0.4054424270396916,0.4232876712328767,0.9953763014478685
NVDA,2026-05-15,75.0,104.1,107.7,105.9,115.08,15.0,72.0,180.25,0.1643835616438356,2.4033333333333333,0.8768566626287481,0.4054424270396916,0.3950684931506849,0.9795276701035501
NVDA,2026-05-15,85.0,94.75,97.75,96.25,96.34,10.0,127.0,180.25,0.1643835616438356,2.1205882352941177,0.751693519674742,0.4054424270396916,0.3485898468976631,0.9716655816597938
NVDA,2026-05-15,90.0,89.55,92.8,91.175,93.37,1.0,251.0,180.25,0.1643835616438356,2.0027777777777778,0.6945351058347934,0.4054424270396916,0.3292237442922374,0.8713052215890884
NVDA,2026-05-15,95.0,84.45,87.9,86.17500000000001,90.16,10.0,34.0,180.25,0.1643835616438356,1.8973684210526316,0.6404678845645176,0.4054424270396916,0.3118961788031723,0.8006859004175664
NVDA,2026-05-15,100.0,80.1,82.55,81.32499999999999,81.6,39.0,414.0,180.25,0.1643835616438356,1.8025,0.589174590176967,0.4054424270396916,0.2963013698630137,0.779742504154682
NVDA,2026-05-15,105.0,74.8,77.85,76.32499999999999,77.05,3.0,340.0,180.25,0.1643835616438356,1.7166666666666666,0.540384426007535,0.4054424270396916,0.2821917808219177,0.7154303059723377
NVDA,2026-05-15,110.0,70.05,72.95,71.5,74.53,19.0,392.0,180.25,0.1643835616438356,1.6386363636363637,0.4938644103726422,0.4054424270396916,0.2693648816936488,0.6954678826261758
NVDA,2026-05-15,115.0,65.4,67.95,66.67500000000001,70.79,1.0,256.0,180.25,0.1643835616438356,1.567391304347826,0.4494126478018083,0.4054424270396916,0.2576533650982727,0.6693070551266672
NVDA,2026-05-15,120.0,60.85,62.35,61.6,61.8,16.0,465.0,180.25,0.1643835616438356,1.5020833333333334,0.4068530333830125,0.4054424270396916,0.246917808219178,0.5978612562261818
NVDA,2026-05-15,125.0,56.45,57.75,57.1,57.48,18.0,250.0,180.25,0.1643835616438356,1.442,0.3660310388627573,0.4054424270396916,0.2370410958904109,0.6155259212821722
NVDA,2026-05-15,130.0,52.1,52.8,52.45,53.67,2.0,4710.0,180.25,0.1643835616438356,1.3865384615384615,0.326810325709476,0.4054424270396916,0.2279241306638566,0.5978607197845577
NVDA,2026-05-15,135.0,47.05,48.6,47.825,47.72,3.0,792.0,180.25,0.1643835616438356,1.3351851851851853,0.289069997726629,0.4054424270396916,0.2194824961948249,0.5759309861887097
NVDA,2026-05-15,140.0,43.1,43.6,43.35,43.13,110.0,19311.0,180.25,0.1643835616438356,1.2875,0.2527023535557542,0.4054424270396916,0.2116438356164383,0.5600519564856886
NVDA,2026-05-15,145.0,38.7,39.3,39.0,39.15,116.0,2191.0,180.25,0.1643835616438356,1.243103448275862,0.217611033744484,0.4054424270396916,0.2043457723193197,0.5452055769091844
NVDA,2026-05-15,150.0,34.35,34.9,34.625,34.5,37.0,7516.0,180.25,0.1643835616438356,1.2016666666666669,0.1837094820688027,0.4054424270396916,0.1975342465753424,0.521520695726007
NVDA,2026-05-15,155.0,30.25,30.8,30.525,30.54,160.0,1232.0,180.25,0.1643835616438356,1.1629032258064516,0.1509196592458118,0.4054424270396916,0.1911621741051701,0.5060194103333352
NVDA,2026-05-15,160.0,26.25,26.8,26.525,26.68,111.0,7101.0,180.25,0.1643835616438356,1.1265625,0.1191709609312314,0.4054424270396916,0.1851883561643835,0.4873193235357702
NVDA,2026-05-15,165.0,22.7,23.1,22.9,23.0,142.0,2118.0,180.25,0.1643835616438356,1.0924242424242423,0.0883993022644779,0.4054424270396916,0.1795765877957658,0.47649509385031463
NVDA,2026-05-15,170.0,19.4,19.55,19.475,19.55,322.0,8549.0,180.25,0.1643835616438356,1.0602941176470588,0.0585463391147967,0.4054424270396916,0.1742949234488315,0.4641426313845515
NVDA,2026-05-15,175.0,16.25,16.35,16.3,16.3,431.0,6165.0,180.25,0.1643835616438356,1.03,0.0295588022415444,0.4054424270396916,0.1693150684931506,0.45155511808046694
NVDA,2026-05-15,180.0,13.35,13.45,13.4,13.4,1953.0,23864.0,180.25,0.1643835616438356,1.0013888888888889,0.001387925274848,0.4054424270396916,0.1646118721461187,0.43891628519433723
NVDA,2026-05-15,185.0,10.85,10.9,10.875,10.85,1962.0,24741.0,180.25,0.1643835616438356,0.9743243243243244,-0.0260110489132663,0.4054424270396916,0.160162902628656,0.42906073497171693
NVDA,2026-05-15,190.0,8.6,8.7,8.649999999999999,8.68,3240.0,44715.0,180.25,0.1643835616438356,0.9486842105263158,-0.0526792959954276,0.4054424270396916,0.1559480894015861,0.4190700014598072
NVDA,2026-05-15,195.0,6.7,6.8,6.75,6.75,1522.0,64440.0,180.25,0.1643835616438356,0.9243589743589744,-0.0786547823986883,0.4054424270396916,0.1519494204425711,0.40982532413670425
NVDA,2026-05-15,200.0,5.15,5.25,5.2,5.2,2152.0,78657.0,180.25,0.1643835616438356,0.90125,-0.1039725903829782,0.4054424270396916,0.1481506849315068,0.402726502717197
NVDA,2026-05-15,210.0,2.94,2.98,2.96,2.97,7058.0,39033.0,180.25,0.1643835616438356,0.8583333333333333,-0.1527627545524102,0.4054424270396916,0.1410958904109588,0.39214572812217474
NVDA,2026-05-15,220.0,1.62,1.64,1.63,1.62,2164.0,22573.0,180.25,0.1643835616438356,0.8193181818181818,-0.199282770187303,0.4054424270396916,0.1346824408468244,0.38690093836271766
NVDA,2026-05-15,230.0,0.88,0.91,0.895,0.91,1039.0,34912.0,180.25,0.1643835616438356,0.783695652173913,-0.2437345327581369,0.4054424270396916,0.1288266825491363,0.3866443404524922
NVDA,2026-05-15,240.0,0.5,0.52,0.51,0.51,449.0,18771.0,180.25,0.1643835616438356,0.7510416666666667,-0.2862941471769328,0.4054424270396916,0.123458904109589,0.39150450156742345
NVDA,2026-05-15,250.0,0.31,0.33,0.32,0.31,844.0,17787.0,180.25,0.1643835616438356,0.721,-0.327116141697188,0.4054424270396916,0.1185205479452054,0.4028346851114035
NVDA,2026-05-15,260.0,0.2,0.22,0.21,0.21,3379.0,18580.0,180.25,0.1643835616438356,0.6932692307692307,-0.3663368548504693,0.4054424270396916,0.1139620653319283,0.4154521497395039
NVDA,2026-05-15,270.0,0.14,0.16,0.15,0.15,77.0,17276.0,180.25,0.1643835616438356,0.6675925925925926,-0.4040771828333162,0.4054424270396916,0.1097412480974124,0.43123140130043025
NVDA,2026-05-15,280.0,0.1,0.12,0.11,0.1,1316.0,8459.0,180.25,0.1643835616438356,0.64375,-0.4404448270041911,0.4054424270396916,0.1058219178082191,0.4465793537955284
NVDA,2026-05-15,290.0,0.08,0.09,0.0849999999999999,0.08,90.0,6189.0,180.25,0.1643835616438356,0.621551724137931,-0.4755361468154612,0.4054424270396916,0.1021728861596598,0.4630009047944545
NVDA,2026-05-15,300.0,0.06,0.08,0.07,0.06,506.0,6316.0,180.25,0.1643835616438356,0.6008333333333333,-0.5094376984911426,0.4054424270396916,0.0987671232876712,0.4811319164357185
NVDA,2026-05-15,310.0,0.04,0.06,0.05,0.06,1302.0,4027.0,180.25,0.1643835616438356,0.5814516129032258,-0.5422275213141335,0.4054424270396916,0.095581087052585,0.4904974719381332
TSLA,2026-03-18,337.5,53.05,55.3,54.175,72.0,,1.0,391.2000122070313,0.0054794520547945,1.1591111472800928,0.147653459052145,0.0740233210197603,0.0063512939576991,1.1013700138278009
TSLA,2026-03-18,342.5,48.4,50.15,49.275,58.3,2.0,2.0,391.2000122070313,0.0054794520547945,1.1421898166628652,0.1329473116624496,0.0740233210197603,0.0062585743378786,1.0515124140224459
TSLA,2026-03-18,360.0,31.85,33.2,32.525000000000006,34.82,2.0,23.0,391.2000122070313,0.0054794520547945,1.086666700575087,0.0831149379145738,0.0740233210197603,0.0059543380853429,0.8982753606855871
TSLA,2026-03-18,365.0,27.4,28.55,27.975,27.3,6.0,22.0,391.2000122070313,0.0054794520547945,1.0717808553617296,0.069321615782238,0.0740233210197603,0.0058727718102012,0.8643618788336516
TSLA,2026-03-18,370.0,23.15,24.15,23.65,24.01,36.0,21.0,391.2000122070313,0.0054794520547945,1.057297330289274,0.0557159637264594,0.0740233210197603,0.0057934100289823,0.839829151663482
TSLA,2026-03-18,372.5,20.75,22.05,21.4,20.7,20.0,109.0,391.2000122070313,0.0054794520547945,1.050201375052433,0.0489819315451153,0.0740233210197603,0.005754528082479,0.8066167990143298
TSLA,2026-03-18,377.5,17.25,17.45,17.35,16.65,37.0,169.0,391.2000122070313,0.0054794520547945,1.0362914230649836,0.0356484006756501,0.0740233210197603,0.0056783091674793,0.7756480240513084
TSLA,2026-03-18,380.0,15.35,15.5,15.425,15.0,759.0,197.0,391.2000122070313,0.0054794520547945,1.0294737163342929,0.029047716644298,0.0740233210197603,0.0056409518703248,0.7592178899863959
TSLA,2026-03-18,382.5,13.45,13.65,13.55,13.3,222.0,77.0,391.2000122070313,0.0054794520547945,1.022745129953023,0.022490316098139,0.0740233210197603,0.0056040829038521,0.7395991469074488
TSLA,2026-03-18,385.0,11.7,11.85,11.775,12.3,1303.0,239.0,391.2000122070313,0.0054794520547945,1.0161039278104709,0.0159756350769452,0.0740233210197603,0.0055676927551258,0.7209173885320426
TSLA,2026-03-18,387.5,10.1,10.2,10.15,10.3,729.0,158.0,391.2000122070313,0.0054794520547945,1.0095484185987904,0.0095031205713277,0.0740233210197603,0.0055317721567056,0.706584383589864
TSLA,2026-03-18,390.0,8.55,8.65,8.600000000000001,8.7,2256.0,495.0,391.2000122070313,0.0054794520547945,1.0030769543770033,0.0030722302410373,0.0740233210197603,0.005496312078778,0.6889449312902094
TSLA,2026-03-18,392.5,7.2,7.25,7.225,7.25,4984.0,194.0,391.2000122070313,0.0054794520547945,0.9966879291898888,-0.0033175678577335,0.0740233210197603,0.0054613037215884,0.676015972892344
TSLA,2026-03-18,395.0,5.95,6.05,6.0,6.0,6218.0,849.0,391.2000122070313,0.0054794520547945,0.9903797777393196,-0.0096667955363923,0.0740233210197603,0.0054267385081606,0.6650428806561829
TSLA,2026-03-18,397.5,4.85,4.95,4.9,4.89,4084.0,1194.0,391.2000122070313,0.0054794520547945,0.9841509741057392,-0.015975964729657,0.0740233210197603,0.0053926080772917,0.6535714341511728
TSLA,2026-03-18,400.0,3.95,4.0,3.975,3.95,7164.0,1402.0,391.2000122070313,0.0054794520547945,0.9780000305175782,-0.0222455777432524,0.0740233210197603,0.0053589042768086,0.646208594045639
TSLA,2026-03-18,402.5,3.1,3.2,3.1500000000000004,3.2,1612.0,1580.0,391.2000122070313,0.0054794520547945,0.9719254961665376,-0.0284761274938884,0.0740233210197603,0.0053256191570768,0.6363251935620308
TSLA,2026-03-18,405.0,2.49,2.53,2.51,2.51,3880.0,945.0,391.2000122070313,0.0054794520547945,0.965925956066744,-0.0346680977418096,0.0740233210197603,0.0052927449647492,0.6333447238981724
TSLA,2026-03-18,407.5,1.96,1.98,1.97,2.04,2400.0,1225.0,391.2000122070313,0.0054794520547945,0.960000029955905,-0.0408219633161878,0.0740233210197603,0.0052602741367446,0.6299361738182305
TSLA,2026-03-18,410.0,1.53,1.54,1.535,1.55,4275.0,1759.0,391.2000122070313,0.0054794520547945,0.9541463712366616,-0.0469381903336239,0.0740233210197603,0.0052281992944474,0.6280539789729119
TSLA,2026-03-18,412.5,1.19,1.2,1.1949999999999998,1.21,1380.0,549.0,391.2000122070313,0.0054794520547945,0.9483636659564396,-0.0530172364100061,0.0740233210197603,0.0051965132381174,0.6284981526377202
TSLA,2026-03-18,415.0,0.92,0.93,0.925,0.93,4444.0,1547.0,391.2000122070313,0.0054794520547945,0.942650631824172,-0.0590595508659687,0.0740233210197603,0.0051652089415022,0.6297552141770124
TSLA,2026-03-18,417.5,0.71,0.73,0.72,0.76,1110.0,442.0,391.2000122070313,0.0054794520547945,0.9370060172623504,-0.0650655749261806,0.0740233210197603,0.0051342795466429,0.6333568832416534
TSLA,2026-03-18,420.0,0.55,0.57,0.56,0.57,3047.0,1342.0,391.2000122070313,0.0054794520547945,0.9314286004929316,-0.0710357419126845,0.0740233210197603,0.0051037183588653,0.6377667910200355
TSLA,2026-03-18,422.5,0.43,0.45,0.44,0.47,1303.0,421.0,391.2000122070313,0.0054794520547945,0.9259171886556954,-0.076970477432499,0.0740233210197603,0.0050735188419489,0.6442148193424941
TSLA,2026-03-18,425.0,0.34,0.36,0.35,0.37,1425.0,863.0,391.2000122070313,0.0054794520547945,0.9204706169577208,-0.0828701995596873,0.0740233210197603,0.0050436746134669,0.6525150017793178
TSLA,2026-03-18,427.5,0.27,0.29,0.28,0.31,396.0,454.0,391.2000122070313,0.0054794520547945,0.9150877478527047,-0.0887353190120853,0.0740233210197603,0.0050141794402887,0.6615129159553051
TSLA,2026-03-18,430.0,0.22,0.24,0.2299999999999999,0.25,640.0,1641.0,391.2000122070313,0.0054794520547945,0.90976747024891,-0.0945662393228785,0.0740233210197603,0.0049850272342405,0.6734154827122689
TSLA,2026-03-18,432.5,0.18,0.2,0.19,0.2,250.0,419.0,391.2000122070313,0.0054794520547945,0.9045086987445812,-0.1003633570072044,0.0740233210197603,0.0049562120479154,0.6855619515943527
TSLA,2026-03-18,435.0,0.16,0.17,0.165,0.16,256.0,482.0,391.2000122070313,0.0054794520547945,0.8993103728897271,-0.1061270617239545,0.0740233210197603,0.0049277280706286,0.7026508359737398
TSLA,2026-03-18,437.5,0.13,0.15,0.14,0.15,100.0,403.0,391.2000122070313,0.0054794520547945,0.8941714564732144,-0.1118577364329396,0.0740233210197603,0.0048995696245107,0.7166440945539476
TSLA,2026-03-18,440.0,0.12,0.13,0.125,0.12,450.0,519.0,391.2000122070313,0.0054794520547945,0.8890909368341621,-0.1175557575475773,0.0740233210197603,0.0048717311607351,0.7354109683337212
TSLA,2026-03-18,442.5,0.1,0.11,0.105,0.11,32.0,150.0,391.2000122070313,0.0054794520547945,0.884067824196681,-0.1232214950832546,0.0740233210197603,0.0048442072558722,0.7473028062582017
TSLA,2026-03-18,445.0,0.08,0.1,0.09,0.1,1198.0,2385.0,391.2000122070313,0.0054794520547945,0.8791011510270367,-0.1288553128015106,0.0740233210197603,0.0048169926083673,0.7608254267201421
TSLA,2026-03-18,447.5,0.07,0.09,0.08,0.1,26.0,36.0,391.2000122070313,0.0054794520547945,0.8741899714123604,-0.1344575683501805,0.0740233210197603,0.0047900820351362,0.7774708526902198
TSLA,2026-03-18,450.0,0.07,0.09,0.08,0.09,124.0,847.0,391.2000122070313,0.0054794520547945,0.8693333604600696,-0.1400286133996358,0.0740233210197603,0.0047634704682743,0.8053100272178648
TSLA,2026-03-18,452.5,0.06,0.08,0.07,0.09,4.0,161.0,391.2000122070313,0.0054794520547945,0.8645304137171963,-0.1455687937752512,0.0740233210197603,0.004737152951875,0.8192803976221084
TSLA,2026-03-18,455.0,0.05,0.07,0.06,0.06,24.0,101.0,391.2000122070313,0.0054794520547945,0.85978024660886,-0.1510784495862209,0.0740233210197603,0.0047111246389526,0.8308160383081435
TSLA,2026-03-18,457.5,0.05,0.07,0.06,0.07,2.0,26.0,391.2000122070313,0.0054794520547945,0.8550819938951504,-0.1565579153508464,0.0740233210197603,0.0046853807884665,0.8571231355571747
TSLA,2026-03-18,460.0,0.05,0.06,0.055,0.07,2.0,54.0,391.2000122070313,0.0054794520547945,0.8504348091457202,-0.1620075201184111,0.0740233210197603,0.0046599167624422,0.8743808202342989
TSLA,2026-03-18,462.5,0.04,0.06,0.05,0.06,3.0,63.0,391.2000122070313,0.0054794520547945,0.845837864231419,-0.1674275875877503,0.0740233210197603,0.0046347280231858,0.8903853772773742
TSLA,2026-03-18,465.0,0.04,0.05,0.045,0.06,3.0,33.0,391.2000122070313,0.0054794520547945,0.8412903488323253,-0.1728184362226268,0.0740233210197603,0.004609810130588,0.9049994776306152
TSLA,2026-03-18,475.0,0.03,0.04,0.035,0.04,13.0,244.0,391.2000122070313,0.0054794520547945,0.8235789730674343,-0.1940958346699116,0.0740233210197603,0.0045127614962598,0.9766280243110657
TSLA,2026-03-20,5.0,385.0,387.5,386.25,394.6,3.0,34.0,391.2000122070313,0.010958904109589,78.24000244140626,4.359781056930629,0.1046847845180425,0.8574246842893805,3.0
TSLA,2026-03-20,10.0,416.9,419.7,418.2999999999999,420.7,,1.0,391.2000122070313,0.010958904109589,39.12000122070313,3.666633876370684,0.1046847845180425,0.4287123421446902,3.0
TSLA,2026-03-20,15.0,411.95,414.75,413.35,432.5,58.0,22.0,391.2000122070313,0.010958904109589,26.080000813802087,3.261168768262519,0.1046847845180425,0.2858082280964601,3.0
TSLA,2026-03-20,25.0,408.15,411.45,409.7999999999999,463.4,2.0,2.0,391.2000122070313,0.010958904109589,15.648000488281252,2.750343144496529,0.1046847845180425,0.171484936857876,3.0
TSLA,2026-03-20,40.0,387.05,389.85,388.4500000000001,414.43,7.0,17.0,391.2000122070313,0.010958904109589,9.780000305175784,2.2803395152507933,0.1046847845180425,0.1071780855361725,3.0
TSLA,2026-03-20,60.0,373.2,376.8,375.0,377.6,7.0,3.0,391.2000122070313,0.010958904109589,6.520000203450522,1.8748744071426289,0.1046847845180425,0.071452057024115,3.0
TSLA,2026-03-20,65.0,366.75,369.6,368.175,335.55,,1.0,391.2000122070313,0.010958904109589,6.01846172626202,1.7948316994690925,0.1046847845180425,0.0659557449453369,3.0
TSLA,2026-03-20,80.0,310.0,312.55,311.275,321.64,3.0,29.0,391.2000122070313,0.010958904109589,4.890000152587891,1.587192334690848,0.1046847845180425,0.0535890427680862,3.0
TSLA,2026-03-20,85.0,305.05,307.5,306.275,312.12,1.0,203.0,391.2000122070313,0.010958904109589,4.602353084788604,1.526567712874413,0.1046847845180425,0.0504367461346694,3.0
TSLA,2026-03-20,90.0,299.95,302.6,301.275,325.1,1.0,1.0,391.2000122070313,0.010958904109589,4.346666802300348,1.4694092990344645,0.1046847845180425,0.0476347046827433,3.0
TSLA,2026-03-20,110.0,280.05,282.55,281.3,295.95,5.0,107.0,391.2000122070313,0.010958904109589,3.5563637473366483,1.2687386035723134,0.1046847845180425,0.0389738492858809,3.0
TSLA,2026-03-20,115.0,275.05,277.6,276.32500000000005,283.07,32.0,76.0,391.2000122070313,0.010958904109589,3.401739236582881,1.2242868410014796,0.1046847845180425,0.0372793340995382,3.0
TSLA,2026-03-20,120.0,270.05,272.55,271.3,287.48,60.0,520.0,391.2000122070313,0.010958904109589,3.260000101725261,1.1817272265826837,0.1046847845180425,0.0357260285120575,3.0
TSLA,2026-03-20,125.0,265.1,267.5,266.3,268.4,25.0,123.0,391.2000122070313,0.010958904109589,3.1296000976562506,1.1409052320624284,0.1046847845180425,0.0342969873715752,3.0
TSLA,2026-03-20,130.0,260.05,262.5,261.275,260.4,18.0,101.0,391.2000122070313,0.010958904109589,3.00923086313101,1.101684518909147,0.1046847845180425,0.0329778724726684,3.0
TSLA,2026-03-20,140.0,250.05,252.85,251.45,260.52,6.0,152.0,391.2000122070313,0.010958904109589,2.7942858014787952,1.0275765467554252,0.1046847845180425,0.0306223101531921,3.0
TSLA,2026-03-20,145.0,245.1,247.9,246.5,261.06,1.0,131.0,391.2000122070313,0.010958904109589,2.6979311186691812,0.9924852269441552,0.1046847845180425,0.0295663684237717,3.0
TSLA,2026-03-20,150.0,240.5,242.2,241.35,244.99,11.0,785.0,391.2000122070313,0.010958904109589,2.608000081380209,0.958583675268474,0.1046847845180425,0.028580822809646,3.0
TSLA,2026-03-20,155.0,240.75,247.1,243.925,286.14,1.0,129.0,391.2000122070313,0.010958904109589,2.523871046496976,0.925793852445483,0.1046847845180425,0.0276588607835284,3.0
TSLA,2026-03-20,160.0,235.75,242.1,238.925,281.19,2.0,123.0,391.2000122070313,0.010958904109589,2.4450000762939457,0.8940451541309026,0.1046847845180425,0.0267945213840431,3.0
TSLA,2026-03-20,165.0,225.1,227.55,226.325,218.48,1.0,175.0,391.2000122070313,0.010958904109589,2.3709091648910987,0.8632734954641489,0.1046847845180425,0.0259825661905872,2.950675980796814
TSLA,2026-03-20,170.0,220.1,222.65,221.375,225.62,1.0,134.0,391.2000122070313,0.010958904109589,2.301176542394302,0.8334205323144678,0.1046847845180425,0.0252183730673347,3.0
TSLA,2026-03-20,175.0,215.15,217.5,216.325,230.96,20.0,506.0,391.2000122070313,0.010958904109589,2.235428641183036,0.8044329954412156,0.1046847845180425,0.0244978481225537,2.7421646977615355
TSLA,2026-03-20,180.0,210.6,212.35,211.475,214.14,27.0,729.0,391.2000122070313,0.010958904109589,2.173333401150174,0.7762621184745192,0.1046847845180425,0.0238173523413716,3.0
TSLA,2026-03-20,185.0,205.05,207.55,206.3,214.8,3.0,299.0,391.2000122070313,0.010958904109589,2.1145946605785477,0.7488631442864048,0.1046847845180425,0.0231736401159292,2.3977434258499146
TSLA,2026-03-20,190.0,200.15,202.9,201.525,207.65,2.0,182.0,391.2000122070313,0.010958904109589,2.0589474326685857,0.7221948972042433,0.1046847845180425,0.0225638074812994,2.9197941093769075
TSLA,2026-03-20,195.0,195.05,197.9,196.475,210.5,2.0,357.0,391.2000122070313,0.010958904109589,2.0061539087540066,0.6962194108009827,0.1046847845180425,0.0219852483151123,2.7435522934293743
TSLA,2026-03-20,200.0,190.3,192.4,191.35,191.55,373.0,1314.0,391.2000122070313,0.010958904109589,1.9560000610351564,0.6709016028166929,0.1046847845180425,0.0214356171072345,2.3679029664363864
TSLA,2026-03-20,210.0,179.9,182.7,181.3,182.62,23.0,282.0,391.2000122070313,0.010958904109589,1.8628572009858633,0.6221114386472608,0.1046847845180425,0.0204148734354614,1.9362949102325442
TSLA,2026-03-20,215.0,175.1,177.6,176.35,180.58,2.0,131.0,391.2000122070313,0.010958904109589,1.81953494049782,0.5985809412370667,0.1046847845180425,0.0199401089369623,2.1105826481571195
TSLA,2026-03-20,220.0,170.3,172.3,171.3,171.63,5.0,900.0,391.2000122070313,0.010958904109589,1.778181873668324,0.575591423012368,0.1046847845180425,0.0194869246429404,1.7613834695129398
TSLA,2026-03-20,225.0,165.15,167.85,166.5,169.46,2.0,350.0,391.2000122070313,0.010958904109589,1.7386667209201392,0.5531185671603094,0.1046847845180425,0.0190538818730973,2.2392199191207895
TSLA,2026-03-20,230.0,160.15,162.95,161.55,163.35,2.0,412.0,391.2000122070313,0.010958904109589,1.7008696182914405,0.5311396604415342,0.1046847845180425,0.0186396670497691,2.21530034472704
TSLA,2026-03-20,235.0,155.6,157.4,156.5,156.28,5.0,320.0,391.2000122070313,0.010958904109589,1.6646809030086438,0.5096334552205706,0.1046847845180425,0.0182430783891357,2.0737426984314915
TSLA,2026-03-20,240.0,150.65,152.3,151.47500000000002,150.89,3.0,932.0,391.2000122070313,0.010958904109589,1.6300000508626304,0.4885800460227382,0.1046847845180425,0.0178630142560287,1.9616063718271255
TSLA,2026-03-20,245.0,145.35,147.35,146.35,153.19,1.0,1037.0,391.2000122070313,0.010958904109589,1.5967347437021686,0.4679607588200025,0.1046847845180425,0.0174984629446812,1.6467137079315188
TSLA,2026-03-20,250.0,140.4,142.35,141.375,141.73,226.0,4524.0,391.2000122070313,0.010958904109589,1.5648000488281253,0.4477580515024831,0.1046847845180425,0.0171484936857876,1.6413464306678773
TSLA,2026-03-20,255.0,135.2,137.9,136.55,139.92,6.0,164.0,391.2000122070313,0.010958904109589,1.5341176949295343,0.4279554242063034,0.1046847845180425,0.0168122487115564,1.8145040649042132
TSLA,2026-03-20,260.0,130.4,132.35,131.375,132.25,5.0,861.0,391.2000122070313,0.010958904109589,1.504615431565505,0.4085373383492017,0.1046847845180425,0.0164889362363342,1.5006699791469575
TSLA,2026-03-20,265.0,125.25,127.95,126.6,133.0,21.0,180.0,391.2000122070313,0.010958904109589,1.476226461158609,0.3894891433785073,0.1046847845180425,0.0161778242318751,1.7073230283961296
TSLA,2026-03-20,270.0,120.45,122.35,121.4,120.77,6.0,1098.0,391.2000122070313,0.010958904109589,1.448888934100116,0.3707970103663547,0.1046847845180425,0.0158782348942477,1.4132514520730972
TSLA,2026-03-20,275.0,115.45,117.6,116.525,117.2,9.0,307.0,391.2000122070313,0.010958904109589,1.422545498934659,0.3524478716981583,0.1046847845180425,0.0155895397143523,1.497356915676117
TSLA,2026-03-20,280.0,110.45,112.4,111.425,114.98,5.0,1475.0,391.2000122070313,0.010958904109589,1.3971429007393976,0.33442936619548,0.1046847845180425,0.015311155076596,1.3182826879529952
TSLA,2026-03-20,285.0,105.4,107.5,106.45,107.1,28.0,202.0,391.2000122070313,0.010958904109589,1.3726316217790573,0.3167297890960791,0.1046847845180425,0.0150425383208663,1.283901786632538
TSLA,2026-03-20,290.0,100.55,102.4,101.475,102.87,4.0,674.0,391.2000122070313,0.010958904109589,1.3489655593345906,0.2993380463842097,0.1046847845180425,0.0147831842118858,1.2450548299770356
TSLA,2026-03-20,295.0,95.55,97.6,96.575,99.57,7.0,119.0,391.2000122070313,0.010958904109589,1.3261017362950214,0.2822436130249097,0.1046847845180425,0.0145326217676166,1.2612453534498214
TSLA,2026-03-20,300.0,90.7,92.4,91.55,92.3,109.0,3189.0,391.2000122070313,0.010958904109589,1.3040000406901044,0.2654364947085285,0.1046847845180425,0.014290411404823,1.1765819905576704
TSLA,2026-03-20,305.0,85.65,87.5,86.575,86.36,91.0,276.0,391.2000122070313,0.010958904109589,1.2826229908427256,0.2489071927573179,0.1046847845180425,0.0140561423653996,1.127556948153019
TSLA,2026-03-20,310.0,81.15,82.4,81.775,81.45,106.0,710.0,391.2000122070313,0.010958904109589,1.261935523248488,0.2326466718855376,0.1046847845180425,0.0138294303917642,1.1637252729651926
TSLA,2026-03-20,315.0,75.7,77.45,76.575,79.23,56.0,290.0,391.2000122070313,0.010958904109589,1.2419048006572422,0.2166463305390964,0.1046847845180425,0.0136099156236409,0.9971916199040415
TSLA,2026-03-20,320.0,71.1,72.45,71.775,72.05,53.0,2956.0,391.2000122070313,0.010958904109589,1.2225000381469728,0.2008979735709573,0.1046847845180425,0.0133972606920215,1.0260679149050715
TSLA,2026-03-20,325.0,66.1,67.9,67.0,66.83,57.0,374.0,391.2000122070313,0.010958904109589,1.203692345252404,0.185393787034992,0.1046847845180425,0.0131911489890673,1.0323922040262221
TSLA,2026-03-20,330.0,61.45,62.4,61.925,61.0,19.0,1769.0,391.2000122070313,0.010958904109589,1.1854545824455494,0.1701263149042035,0.1046847845180425,0.0129912830952936,0.9396772099831106
TSLA,2026-03-20,335.0,56.7,57.45,57.075,58.92,90.0,1729.0,391.2000122070313,0.010958904109589,1.16776123046875,0.1550884375396631,0.1046847845180425,0.0127973833476026,0.91022334616673
TSLA,2026-03-20,340.0,51.9,52.65,52.275,56.09,92.0,1317.0,391.2000122070313,0.010958904109589,1.150588271197151,0.1402733517545224,0.1046847845180425,0.0126091865336673,0.883381237804532
TSLA,2026-03-20,345.0,47.1,47.7,47.400000000000006,47.0,5.0,646.0,391.2000122070313,0.010958904109589,1.1339130788609604,0.1256745523333698,0.1046847845180425,0.012426444699846,0.8336448738062383
TSLA,2026-03-20,350.0,42.45,42.95,42.7,43.25,67.0,4282.0,391.2000122070313,0.010958904109589,1.117714320591518,0.1112858148812702,0.1046847845180425,0.0122489240612768,0.8077780163167714
TSLA,2026-03-20,355.0,37.8,38.3,38.05,39.5,8.0,421.0,391.2000122070313,0.010958904109589,1.1019718653719193,0.0971011798893138,0.1046847845180425,0.0120764040040757,0.7777683989777563
TSLA,2026-03-20,360.0,33.3,33.8,33.55,33.8,418.0,2585.0,391.2000122070313,0.010958904109589,1.086666700575087,0.0831149379145738,0.1046847845180425,0.0119086761706858,0.7542588447987436
TSLA,2026-03-20,365.0,29.0,29.4,29.2,29.44,27.0,512.0,391.2000122070313,0.010958904109589,1.0717808553617296,0.069321615782238,0.1046847845180425,0.0117455436204024,0.7321490456310511
TSLA,2026-03-20,370.0,24.85,25.1,24.975,25.62,626.0,1001.0,391.2000122070313,0.010958904109589,1.057297330289274,0.0557159637264594,0.1046847845180425,0.0115868200579646,0.7061070399512948
TSLA,2026-03-20,375.0,20.85,21.05,20.950000000000003,21.08,1219.0,438.0,391.2000122070313,0.010958904109589,1.0432000325520834,0.0422929433943186,0.1046847845180425,0.0114323291238584,0.680235980335772
TSLA,2026-03-20,380.0,17.05,17.25,17.15,17.11,8902.0,1407.0,391.2000122070313,0.010958904109589,1.0294737163342929,0.029047716644298,0.1046847845180425,0.0112819037406497,0.6532445623881815
TSLA,2026-03-20,385.0,13.65,13.75,13.7,14.23,9424.0,2419.0,391.2000122070313,0.010958904109589,1.0161039278104709,0.0159756350769452,0.1046847845180425,0.0111353855102516,0.6302528531903625
TSLA,2026-03-20,387.5,12.05,12.2,12.125,11.7,2057.0,579.0,391.2000122070313,0.010958904109589,1.0095484185987904,0.0095031205713277,0.1046847845180425,0.0110635443134113,0.6202428524834512
TSLA,2026-03-20,390.0,10.55,10.65,10.6,10.5,28101.0,4038.0,391.2000122070313,0.010958904109589,1.0030769543770033,0.0030722302410373,0.1046847845180425,0.0109926241575561,0.6076243149721027
TSLA,2026-03-20,392.5,9.15,9.25,9.2,9.2,3375.0,558.0,391.2000122070313,0.010958904109589,0.9966879291898888,-0.0033175678577335,0.1046847845180425,0.0109226074431768,0.5967293643991947
TSLA,2026-03-20,395.0,7.9,8.0,7.95,7.95,11929.0,2843.0,391.2000122070313,0.010958904109589,0.9903797777393196,-0.0096667955363923,0.1046847845180425,0.0108534770163212,0.5888031711813508
TSLA,2026-03-20,397.5,6.75,6.85,6.8,6.78,5838.0,2440.0,391.2000122070313,0.010958904109589,0.9841509741057392,-0.015975964729657,0.1046847845180425,0.0107852161545834,0.5806379038130043
TSLA,2026-03-20,400.0,5.7,5.8,5.75,5.7,35779.0,9518.0,391.2000122070313,0.010958904109589,0.9780000305175782,-0.0222455777432524,0.1046847845180425,0.0107178085536172,0.5721423672180472
TSLA,2026-03-20,402.5,4.8,4.9,4.85,4.95,7187.0,2647.0,391.2000122070313,0.010958904109589,0.9719254961665376,-0.0284761274938884,0.1046847845180425,0.0106512383141537,0.5666503672767875
TSLA,2026-03-20,405.0,4.0,4.1,4.05,4.1,17404.0,5778.0,391.2000122070313,0.010958904109589,0.965925956066744,-0.0346680977418096,0.1046847845180425,0.0105854899294985,0.5611852788236736
TSLA,2026-03-20,407.5,3.3,3.4,3.3499999999999996,3.33,6125.0,1684.0,391.2000122070313,0.010958904109589,0.960000029955905,-0.0408219633161878,0.1046847845180425,0.0105205482734893,0.5560329358374475
TSLA,2026-03-20,410.0,2.75,2.79,2.77,2.78,12083.0,18236.0,391.2000122070313,0.010958904109589,0.9541463712366616,-0.0469381903336239,0.1046847845180425,0.0104563985888948,0.5533162166388035
TSLA,2026-03-20,412.5,2.26,2.29,2.275,2.3,4484.0,1076.0,391.2000122070313,0.010958904109589,0.9483636659564396,-0.0530172364100061,0.1046847845180425,0.0103930264762349,0.5510839042267798
TSLA,2026-03-20,415.0,1.84,1.88,1.86,1.89,11317.0,6778.0,391.2000122070313,0.010958904109589,0.942650631824172,-0.0590595508659687,0.1046847845180425,0.0103304178830045,0.5496605457839965
TSLA,2026-03-20,417.5,1.5,1.54,1.52,1.55,13091.0,1641.0,391.2000122070313,0.010958904109589,0.9370060172623504,-0.0650655749261806,0.1046847845180425,0.0102685590932859,0.5495496811816691
TSLA,2026-03-20,420.0,1.23,1.25,1.24,1.24,11960.0,11640.0,391.2000122070313,0.010958904109589,0.9314286004929316,-0.0710357419126845,0.1046847845180425,0.0102074367177307,0.5502373993438483
TSLA,2026-03-20,422.5,1.0,1.02,1.01,1.01,4709.0,1483.0,391.2000122070313,0.010958904109589,0.9259171886556954,-0.076970477432499,0.1046847845180425,0.0101470376838979,0.5515570457392931
TSLA,2026-03-20,425.0,0.82,0.84,0.83,0.84,5466.0,10031.0,391.2000122070313,0.010958904109589,0.9204706169577208,-0.0828701995596873,0.1046847845180425,0.0100873492269338,0.5547513767973182
TSLA,2026-03-20,427.5,0.68,0.69,0.685,0.68,1143.0,1500.0,391.2000122070313,0.010958904109589,0.9150877478527047,-0.0887353190120853,0.1046847845180425,0.0100283588805775,0.5588594467551706
TSLA,2026-03-20,430.0,0.56,0.57,0.565,0.57,12289.0,18122.0,391.2000122070313,0.010958904109589,0.90976747024891,-0.0945662393228785,0.1046847845180425,0.0099700544684811,0.5631212966452837
TSLA,2026-03-20,432.5,0.45,0.47,0.4599999999999999,0.47,1175.0,1826.0,391.2000122070313,0.010958904109589,0.9045086987445812,-0.1003633570072044,0.1046847845180425,0.0099124240958309,0.5661039120756386
TSLA,2026-03-20,435.0,0.38,0.4,0.39,0.41,1665.0,5380.0,391.2000122070313,0.010958904109589,0.8993103728897271,-0.1061270617239545,0.1046847845180425,0.0098554561412572,0.5736523609831334
TSLA,2026-03-20,440.0,0.27,0.29,0.28,0.28,2644.0,17795.0,391.2000122070313,0.010958904109589,0.8890909368341621,-0.1175557575475773,0.1046847845180425,0.0097434623214702,0.5881105356376171
TSLA,2026-03-20,445.0,0.2,0.21,0.205,0.21,782.0,5824.0,391.2000122070313,0.010958904109589,0.8791011510270367,-0.1288553128015106,0.1046847845180425,0.0096339852167346,0.6037395835437773
TSLA,2026-03-20,450.0,0.15,0.16,0.155,0.16,3463.0,16838.0,391.2000122070313,0.010958904109589,0.8693333604600696,-0.1400286133996358,0.1046847845180425,0.0095269409365486,0.621389228234291
TSLA,2026-03-20,455.0,0.12,0.13,0.125,0.13,529.0,10439.0,391.2000122070313,0.010958904109589,0.85978024660886,-0.1510784495862209,0.1046847845180425,0.0094222492779052,0.6435549961447714
TSLA,2026-03-20,460.0,0.1,0.11,0.105,0.1,1207.0,10633.0,391.2000122070313,0.010958904109589,0.8504348091457202,-0.1620075201184111,0.1046847845180425,0.0093198335248845,0.6679423476347924
TSLA,2026-03-20,465.0,0.09,0.1,0.095,0.09,1418.0,3534.0,391.2000122070313,0.010958904109589,0.8412903488323253,-0.1728184362226268,0.1046847845180425,0.0092196202611761,0.6974623725848198
TSLA,2026-03-20,470.0,0.07,0.09,0.08,0.08,214.0,5842.0,391.2000122070313,0.010958904109589,0.8323404515043219,-0.1835137253393747,0.1046847845180425,0.0091215391945678,0.7196252794733047
TSLA,2026-03-20,475.0,0.06,0.07,0.065,0.06,531.0,3927.0,391.2000122070313,0.010958904109589,0.8235789730674343,-0.1940958346699116,0.1046847845180425,0.0090255229925197,0.7377269656391146
TSLA,2026-03-20,480.0,0.05,0.07,0.06,0.07,1375.0,8566.0,391.2000122070313,0.010958904109589,0.8150000254313152,-0.204567134537207,0.1046847845180425,0.0089315071280143,0.7656419572496413
TSLA,2026-03-20,485.0,0.05,0.06,0.055,0.06,1075.0,1676.0,391.2000122070313,0.010958904109589,0.8065979633134666,-0.2149299215727537,0.1046847845180425,0.008839429734942,0.7920806615104676
TSLA,2026-03-20,490.0,0.04,0.06,0.05,0.06,148.0,7713.0,391.2000122070313,0.010958904109589,0.7983673718510843,-0.2251864217399427,0.1046847845180425,0.0087492314723406,0.8169543867397306
TSLA,2026-03-20,515.0,0.02,0.03,0.025,0.03,3578.0,2432.0,391.2000122070313,0.010958904109589,0.7596116741884104,-0.2749479312990065,0.1046847845180425,0.0083245114979551,0.9113280582847596
TSLA,2026-03-20,520.0,0.02,0.03,0.025,0.04,1817.0,4629.0,391.2000122070313,0.010958904109589,0.7523077157827525,-0.2846098422107436,0.1046847845180425,0.0082444681181671,0.9399954986801147
TSLA,2026-03-20,525.0,0.02,0.03,0.025,0.03,219.0,1729.0,391.2000122070313,0.010958904109589,0.7451428803943454,-0.2941792932268941,0.1046847845180425,0.0081659493741845,0.9682967282600403
TSLA,2026-03-20,530.0,0.02,0.03,0.025,0.02,1247.0,5474.0,391.2000122070313,0.010958904109589,0.7381132305793043,-0.303658037181438,0.1046847845180425,0.0080889121159375,0.9962317470245362
TSLA,2026-03-20,535.0,0.02,0.03,0.025,0.03,998.0,1913.0,391.2000122070313,0.010958904109589,0.731214976087909,-0.313047777531277,0.1046847845180425,0.0080133148064428,1.0238234431495665
TSLA,2026-03-27,270.0,120.2,123.15,121.675,123.62,37.0,2.0,391.2000122070313,0.0301369863013698,1.448888934100116,0.3707970103663547,0.1736000757527766,0.0436651459591814,0.9252583743810654
TSLA,2026-03-27,275.0,115.05,118.2,116.625,121.83,1.0,7.0,391.2000122070313,0.0301369863013698,1.422545498934659,0.3524478716981583,0.1736000757527766,0.042871234214469,0.8451254398188591
TSLA,2026-03-27,280.0,110.1,113.3,111.7,118.46,3.0,13.0,391.2000122070313,0.0301369863013698,1.3971429007393976,0.33442936619548,0.1736000757527766,0.0421056764606392,0.8522179133458136
TSLA,2026-03-27,285.0,105.3,108.35,106.825,120.8,29.0,29.0,391.2000122070313,0.0301369863013698,1.3726316217790573,0.3167297890960791,0.1736000757527766,0.0413669803823824,0.867803330666542
TSLA,2026-03-27,290.0,100.45,103.4,101.925,105.39,10.0,12.0,391.2000122070313,0.0301369863013698,1.3489655593345906,0.2993380463842097,0.1736000757527766,0.0406537565826862,0.8595178109674453
TSLA,2026-03-27,295.0,95.65,98.4,97.025,115.98,1.0,8.0,391.2000122070313,0.0301369863013698,1.3261017362950214,0.2822436130249097,0.1736000757527766,0.0399647098609457,0.8447227509729864
TSLA,2026-03-27,300.0,91.5,93.05,92.275,94.25,71.0,116.0,391.2000122070313,0.0301369863013698,1.3040000406901044,0.2654364947085285,0.1736000757527766,0.0392986313632633,0.8587274536411764
TSLA,2026-03-27,305.0,86.2,88.5,87.35,94.47,1.0,5.0,391.2000122070313,0.0301369863013698,1.2826229908427256,0.2489071927573179,0.1736000757527766,0.0386543915048491,0.8273352474228144
TSLA,2026-03-27,310.0,81.8,83.45,82.625,83.25,71.0,8.0,391.2000122070313,0.0301369863013698,1.261935523248488,0.2326466718855376,0.1736000757527766,0.0380309335773516,0.8276478140758277
TSLA,2026-03-27,315.0,76.95,78.35,77.65,79.45,20.0,63.0,391.2000122070313,0.0301369863013698,1.2419048006572422,0.2166463305390964,0.1736000757527766,0.0374272679650127,0.7839778895913361
TSLA,2026-03-27,320.0,72.15,73.5,72.825,75.28,66.0,93.0,391.2000122070313,0.0301369863013698,1.2225000381469728,0.2008979735709573,0.1736000757527766,0.0368424669030593,0.7608189894206521
TSLA,2026-03-27,325.0,67.4,68.7,68.05000000000001,72.18,10.0,16.0,391.2000122070313,0.0301369863013698,1.203692345252404,0.185393787034992,0.1736000757527766,0.0362756597199353,0.7403428338124157
TSLA,2026-03-27,330.0,62.85,63.8,63.325,63.4,79.0,29.0,391.2000122070313,0.0301369863013698,1.1854545824455494,0.1701263149042035,0.1736000757527766,0.0357260285120575,0.7211353626453282
TSLA,2026-03-27,335.0,57.9,59.3,58.599999999999994,75.02,2.0,23.0,391.2000122070313,0.0301369863013698,1.16776123046875,0.1550884375396631,0.1736000757527766,0.0351928042059074,0.697584860089004
TSLA,2026-03-27,340.0,53.3,54.7,54.0,56.35,9.0,39.0,391.2000122070313,0.0301369863013698,1.150588271197151,0.1402733517545224,0.1736000757527766,0.0346752629675853,0.6806120259143116
TSLA,2026-03-27,345.0,48.85,50.0,49.425,50.61,51.0,47.0,391.2000122070313,0.0301369863013698,1.1339130788609604,0.1256745523333698,0.1736000757527766,0.0341727229245768,0.6602281382654308
TSLA,2026-03-27,350.0,44.35,45.5,44.925,44.07,35.0,112.0,391.2000122070313,0.0301369863013698,1.117714320591518,0.1112858148812702,0.1736000757527766,0.0336845411685114,0.6399394690048399
TSLA,2026-03-27,355.0,39.95,41.15,40.55,41.19,8.0,18.0,391.2000122070313,0.0301369863013698,1.1019718653719193,0.0971011798893138,0.1736000757527766,0.0332101110112084,0.6218770324845314
TSLA,2026-03-27,360.0,35.65,36.85,36.25,38.25,3.0,51.0,391.2000122070313,0.0301369863013698,1.086666700575087,0.0831149379145738,0.1736000757527766,0.0327488594693861,0.6019228345766068
TSLA,2026-03-27,365.0,32.1,32.35,32.225,33.42,25.0,40.0,391.2000122070313,0.0301369863013698,1.0717808553617296,0.069321615782238,0.1736000757527766,0.0323002449561068,0.5893980849425495
TSLA,2026-03-27,370.0,28.15,28.4,28.275,27.96,49.0,114.0,391.2000122070313,0.0301369863013698,1.057297330289274,0.0557159637264594,0.1736000757527766,0.0318637551594027,0.5726557418523728
TSLA,2026-03-27,375.0,24.4,24.65,24.525,24.9,73.0,209.0,391.2000122070313,0.0301369863013698,1.0432000325520834,0.0422929433943186,0.1736000757527766,0.0314389050906106,0.5568767585122585
TSLA,2026-03-27,380.0,20.9,21.1,21.0,21.49,204.0,230.0,391.2000122070313,0.0301369863013698,1.0294737163342929,0.029047716644298,0.1736000757527766,0.0310252352867868,0.5419248787496685
TSLA,2026-03-27,385.0,17.65,17.8,17.725,17.15,210.0,284.0,391.2000122070313,0.0301369863013698,1.0161039278104709,0.0159756350769452,0.1736000757527766,0.0306223101531922,0.5277091757093071
TSLA,2026-03-27,390.0,14.65,14.8,14.725,14.73,1019.0,606.0,391.2000122070313,0.0301369863013698,1.0030769543770033,0.0030722302410373,0.1736000757527766,0.0302297164332794,0.5142268330726474
TSLA,2026-03-27,395.0,12.0,12.1,12.05,12.03,2197.0,1511.0,391.2000122070313,0.0301369863013698,0.9903797777393196,-0.0096667955363923,0.1736000757527766,0.0298470617948835,0.5025430897948739
TSLA,2026-03-27,400.0,9.65,9.75,9.7,9.85,3441.0,2694.0,391.2000122070313,0.0301369863013698,0.9780000305175782,-0.0222455777432524,0.1736000757527766,0.0294739735224475,0.49214711933937655
TSLA,2026-03-27,405.0,7.65,7.75,7.7,7.66,1200.0,1246.0,391.2000122070313,0.0301369863013698,0.965925956066744,-0.0346680977418096,0.1736000757527766,0.0291100973061209,0.4838832361191214
TSLA,2026-03-27,410.0,5.95,6.05,6.0,6.1,1364.0,2491.0,391.2000122070313,0.0301369863013698,0.9541463712366616,-0.0469381903336239,0.1736000757527766,0.0287550961194609,0.4761364826245606
TSLA,2026-03-27,415.0,4.55,4.65,4.6,4.73,1526.0,1412.0,391.2000122070313,0.0301369863013698,0.942650631824172,-0.0590595508659687,0.1736000757527766,0.0284086491782626,0.46957294053903226
TSLA,2026-03-27,420.0,3.45,3.55,3.5,3.5,2389.0,3126.0,391.2000122070313,0.0301369863013698,0.9314286004929316,-0.0710357419126845,0.1736000757527766,0.0280704509737595,0.46556992373257877
TSLA,2026-03-27,425.0,2.6,2.64,2.62,2.67,898.0,1284.0,391.2000122070313,0.0301369863013698,0.9204706169577208,-0.0828701995596873,0.1736000757527766,0.0277402103740682,0.46193624698436253
TSLA,2026-03-27,430.0,1.93,1.98,1.955,1.95,2002.0,2379.0,391.2000122070313,0.0301369863013698,0.90976747024891,-0.0945662393228785,0.1736000757527766,0.0274176497883232,0.46042795195108654
TSLA,2026-03-27,435.0,1.43,1.48,1.455,1.49,914.0,7339.0,391.2000122070313,0.0301369863013698,0.8993103728897271,-0.1061270617239545,0.1736000757527766,0.0271025043884574,0.4604345680644512
TSLA,2026-03-27,440.0,1.06,1.1,1.08,1.08,852.0,3328.0,391.2000122070313,0.0301369863013698,0.8890909368341621,-0.1175557575475773,0.1736000757527766,0.0267945213840431,0.4614711520962119
TSLA,2026-03-27,445.0,0.8,0.83,0.815,0.83,533.0,1176.0,391.2000122070313,0.0301369863013698,0.8791011510270367,-0.1288553128015106,0.1736000757527766,0.0264934593460202,0.4651001796836852
TSLA,2026-03-27,450.0,0.6,0.62,0.61,0.62,2411.0,4786.0,391.2000122070313,0.0301369863013698,0.8693333604600696,-0.1400286133996358,0.1736000757527766,0.0261990875755088,0.46838928209531305
TSLA,2026-03-27,455.0,0.45,0.48,0.4649999999999999,0.46,133.0,1119.0,391.2000122070313,0.0301369863013698,0.85978024660886,-0.1510784495862209,0.1736000757527766,0.0259111855142395,0.47358883194446566
TSLA,2026-03-27,460.0,0.35,0.37,0.36,0.37,188.0,1652.0,391.2000122070313,0.0301369863013698,0.8504348091457202,-0.1620075201184111,0.1736000757527766,0.0256295421934326,0.4800533111433982
TSLA,2026-03-27,465.0,0.26,0.28,0.27,0.28,100.0,739.0,391.2000122070313,0.0301369863013698,0.8412903488323253,-0.1728184362226268,0.1736000757527766,0.0253539557182344,0.484011535074234
TSLA,2026-03-27,470.0,0.21,0.23,0.22,0.22,350.0,1073.0,391.2000122070313,0.0301369863013698,0.8323404515043219,-0.1835137253393747,0.1736000757527766,0.0250842327850617,0.49391281694531436
TSLA,2026-03-27,475.0,0.16,0.18,0.1699999999999999,0.17,26.0,1052.0,391.2000122070313,0.0301369863013698,0.8235789730674343,-0.1940958346699116,0.1736000757527766,0.0248201882294294,0.4997185458297729
TSLA,2026-03-27,480.0,0.13,0.15,0.14,0.15,155.0,1326.0,391.2000122070313,0.0301369863013698,0.8150000254313152,-0.204567134537207,0.1736000757527766,0.0245616446020395,0.5095347122964857
TSLA,2026-03-27,485.0,0.12,0.13,0.125,0.16,53.0,582.0,391.2000122070313,0.0301369863013698,0.8065979633134666,-0.2149299215727537,0.1736000757527766,0.0243084317710907,0.5241502431607244
TSLA,2026-03-27,490.0,0.09,0.12,0.105,0.09,307.0,881.0,391.2000122070313,0.0301369863013698,0.7983673718510843,-0.2251864217399427,0.1736000757527766,0.0240603865489367,0.5342432135055064
TSLA,2026-03-27,495.0,0.09,0.1,0.095,0.1,139.0,548.0,391.2000122070313,0.0301369863013698,0.7903030549636996,-0.2353387932039608,0.1736000757527766,0.0238173523413717,0.5486291473546028
TSLA,2026-03-27,500.0,0.07,0.09,0.08,0.08,473.0,1966.0,391.2000122070313,0.0301369863013698,0.7824000244140626,-0.2453891290574621,0.1736000757527766,0.023579178817958,0.5579503570160865
TSLA,2026-03-27,505.0,0.06,0.08,0.07,0.08,42.0,664.0,391.2000122070313,0.0301369863013698,0.7746534895188739,-0.2553394599106302,0.1736000757527766,0.0233457216019386,0.5692757125854493
TSLA,2026-03-27,510.0,0.05,0.07,0.06,0.09,6.0,197.0,391.2000122070313,0.0301369863013698,0.7670588474647673,-0.2651917563536419,0.1736000757527766,0.0231168419783901,0.5789116346664427
TSLA,2026-03-27,520.0,0.05,0.06,0.055,0.06,7.0,391.0,391.2000122070313,0.0301369863013698,0.7523077157827525,-0.2846098422107436,0.1736000757527766,0.0226722873249596,0.610676131371975
TSLA,2026-03-27,555.0,0.02,0.03,0.025,0.03,5.0,61.0,391.2000122070313,0.0301369863013698,0.7048648868595159,-0.3497491443817049,0.1736000757527766,0.0212425034396018,0.6807468515758517
TSLA,2026-03-27,560.0,0.02,0.03,0.025,0.03,108.0,287.0,391.2000122070313,0.0301369863013698,0.6985714503696988,-0.3587178143644653,0.1736000757527766,0.0210528382303196,0.6964195300674438
TSLA,2026-03-27,565.0,0.02,0.03,0.025,0.04,2.0,443.0,391.2000122070313,0.0301369863013698,0.6923894021363386,-0.3676067617817114,0.1736000757527766,0.0208665299273964,0.7119148251953126
TSLA,2026-03-27,570.0,0.02,0.03,0.025,0.03,1.0,450.0,391.2000122070313,0.0301369863013698,0.6863158108895286,-0.3764173914638662,0.1736000757527766,0.0206834901911912,0.7272355979814531
TSLA,2026-03-27,575.0,0.02,0.03,0.025,0.05,12.0,279.0,391.2000122070313,0.0301369863013698,0.6803478473165762,-0.3851510714326209,0.1736000757527766,0.020503633754746,0.7423847094478608
TSLA,2026-03-27,580.0,0.02,0.03,0.025,0.02,15.0,63.0,391.2000122070313,0.0301369863013698,0.6744827796672953,-0.3938091341757355,0.1736000757527766,0.0203268782913431,0.7573707426605224
TSLA,2026-04-02,220.0,170.2,173.3,171.75,193.64,,1.0,391.2000122070313,0.0465753424657534,1.778181873668324,0.575591423012368,0.2158132119814572,0.0828194297324972,1.1078359235377313
TSLA,2026-04-02,250.0,139.85,143.4,141.625,151.77,4.0,22.0,391.2000122070313,0.0465753424657534,1.5648000488281253,0.4477580515024831,0.2158132119814572,0.0728810981645975,0.6372535951995849
TSLA,2026-04-02,260.0,130.05,133.55,131.8,137.62,1.0,4.0,391.2000122070313,0.0465753424657534,1.504615431565505,0.4085373383492017,0.2158132119814572,0.0700779790044207,0.8024618798213005
TSLA,2026-04-02,265.0,125.2,128.6,126.9,128.36,3.0,31.0,391.2000122070313,0.0465753424657534,1.476226461158609,0.3894891433785073,0.2158132119814572,0.0687557529854694,0.8143923415427207
TSLA,2026-04-02,270.0,120.4,123.65,122.025,121.52,1.0,18.0,391.2000122070313,0.0465753424657534,1.448888934100116,0.3707970103663547,0.2158132119814572,0.0674824983005533,0.8222737418849466
TSLA,2026-04-02,275.0,116.4,118.65,117.525,119.86,1.0,8.0,391.2000122070313,0.0465753424657534,1.422545498934659,0.3524478716981583,0.2158132119814572,0.0662555437859978,0.9019478400446177
TSLA,2026-04-02,280.0,110.8,113.75,112.275,114.98,1.0,8.0,391.2000122070313,0.0465753424657534,1.3971429007393976,0.33442936619548,0.2158132119814572,0.0650724090755335,0.811206593550682
TSLA,2026-04-02,285.0,106.1,108.8,107.45,110.5,3.0,8.0,391.2000122070313,0.0465753424657534,1.3726316217790573,0.3167297890960791,0.2158132119814572,0.063930787863682,0.807450786926031
TSLA,2026-04-02,290.0,101.4,103.9,102.65,125.22,1.0,1.0,391.2000122070313,0.0465753424657534,1.3489655593345906,0.2993380463842097,0.2158132119814572,0.0628285329005151,0.8018664296184776
TSLA,2026-04-02,295.0,96.75,98.95,97.85,103.98,1.0,4.0,391.2000122070313,0.0465753424657534,1.3261017362950214,0.2822436130249097,0.2158132119814572,0.0617636425123708,0.7910610647968053
TSLA,2026-04-02,300.0,92.2,93.8,93.0,99.77,2.0,10.0,391.2000122070313,0.0465753424657534,1.3040000406901044,0.2654364947085285,0.2158132119814572,0.0607342484704979,0.7701992076607942
TSLA,2026-04-02,305.0,87.4,88.95,88.17500000000001,83.64,1.0,3.0,391.2000122070313,0.0465753424657534,1.2826229908427256,0.2489071927573179,0.2158132119814572,0.0597386050529488,0.7502096046056748
TSLA,2026-04-02,310.0,82.6,84.15,83.375,83.62,3.0,10.0,391.2000122070313,0.0465753424657534,1.261935523248488,0.2326466718855376,0.2158132119814572,0.058775079164998,0.7306008751037121
TSLA,2026-04-02,315.0,77.85,79.4,78.625,90.7,10.0,21.0,391.2000122070313,0.0465753424657534,1.2419048006572422,0.2166463305390964,0.2158132119814572,0.0578421414004742,0.7132654063910843
TSLA,2026-04-02,320.0,73.15,74.7,73.92500000000001,75.73,1.0,2.0,391.2000122070313,0.0465753424657534,1.2225000381469728,0.2008979735709573,0.2158132119814572,0.0569383579410918,0.6972361730332972
TSLA,2026-04-02,325.0,68.55,69.95,69.25,73.5,2.0,52.0,391.2000122070313,0.0465753424657534,1.203692345252404,0.185393787034992,0.2158132119814572,0.0560623832035365,0.6799272581810654
TSLA,2026-04-02,330.0,63.85,65.4,64.625,65.55,15.0,10.0,391.2000122070313,0.0465753424657534,1.1854545824455494,0.1701263149042035,0.2158132119814572,0.0552129531549981,0.6629663151290417
TSLA,2026-04-02,335.0,59.45,60.7,60.075,60.15,1.0,27.0,391.2000122070313,0.0465753424657534,1.16776123046875,0.1550884375396631,0.2158132119814572,0.0543888792273116,0.6473741028810738
TSLA,2026-04-02,340.0,54.95,56.25,55.6,58.05,1.0,24.0,391.2000122070313,0.0465753424657534,1.150588271197151,0.1402733517545224,0.2158132119814572,0.0535890427680864,0.6323608899594546
TSLA,2026-04-02,345.0,50.5,51.85,51.175,52.63,2.0,18.0,391.2000122070313,0.0465753424657534,1.1339130788609604,0.1256745523333698,0.2158132119814572,0.052812389974346,0.6160670120670797
TSLA,2026-04-02,350.0,46.45,47.45,46.95,52.97,5.0,27.0,391.2000122070313,0.0465753424657534,1.117714320591518,0.1112858148812702,0.2158132119814572,0.0520579272604268,0.605221682344407
TSLA,2026-04-02,355.0,42.25,43.3,42.775,42.55,1.0,53.0,391.2000122070313,0.0465753424657534,1.1019718653719193,0.0971011798893138,0.2158132119814572,0.0513247170173222,0.5917149763173162
TSLA,2026-04-02,360.0,38.5,38.8,38.65,39.25,34.0,29.0,391.2000122070313,0.0465753424657534,1.086666700575087,0.0831149379145738,0.2158132119814572,0.0506118737254149,0.5756253485733418
TSLA,2026-04-02,365.0,34.6,34.85,34.725,36.42,1.0,36.0,391.2000122070313,0.0465753424657534,1.0717808553617296,0.069321615782238,0.2158132119814572,0.0499185603867106,0.5624380488299726
TSLA,2026-04-02,370.0,30.85,31.1,30.975,31.5,45.0,104.0,391.2000122070313,0.0465753424657534,1.057297330289274,0.0557159637264594,0.2158132119814572,0.0492439852463497,0.5502392768895328
TSLA,2026-04-02,375.0,27.3,27.5,27.4,27.8,19.0,56.0,391.2000122070313,0.0465753424657534,1.0432000325520834,0.0422929433943186,0.2158132119814572,0.0485873987763983,0.5383612076334059
TSLA,2026-04-02,380.0,23.9,24.1,24.0,23.7,46.0,244.0,391.2000122070313,0.0465753424657534,1.0294737163342929,0.029047716644298,0.2158132119814572,0.0479480908977615,0.5262710651218592
TSLA,2026-04-02,385.0,20.8,20.95,20.875,20.91,113.0,198.0,391.2000122070313,0.0465753424657534,1.0161039278104709,0.0159756350769452,0.2158132119814572,0.0473253884185698,0.5165565543429255
TSLA,2026-04-02,390.0,17.85,18.0,17.925,18.18,424.0,494.0,391.2000122070313,0.0465753424657534,1.0030769543770033,0.0030722302410373,0.2158132119814572,0.0467186526696138,0.5056542276976854
TSLA,2026-04-02,395.0,15.2,15.35,15.275,15.45,1002.0,782.0,391.2000122070313,0.0465753424657534,0.9903797777393196,-0.0096667955363923,0.2158132119814572,0.0461272773193655,0.4969689248781799
TSLA,2026-04-02,400.0,12.85,12.95,12.9,13.0,1030.0,1434.0,391.2000122070313,0.0465753424657534,0.9780000305175782,-0.0222455777432524,0.2158132119814572,0.0455506863528734,0.4895036244224309
TSLA,2026-04-02,405.0,10.7,10.85,10.775,10.85,606.0,1399.0,391.2000122070313,0.0465753424657534,0.965925956066744,-0.0346680977418096,0.2158132119814572,0.0449883322003688,0.48244619841492176
TSLA,2026-04-02,410.0,8.85,9.0,8.925,9.05,1353.0,1391.0,391.2000122070313,0.0465753424657534,0.9541463712366616,-0.0469381903336239,0.2158132119814572,0.0444396940028034,0.4766682303845138
TSLA,2026-04-02,415.0,7.25,7.4,7.325,7.55,298.0,1469.0,391.2000122070313,0.0465753424657534,0.942650631824172,-0.0590595508659687,0.2158132119814572,0.0439042760027696,0.4717031502285897
TSLA,2026-04-02,420.0,5.9,6.0,5.95,6.07,894.0,1187.0,391.2000122070313,0.0465753424657534,0.9314286004929316,-0.0710357419126845,0.2158132119814572,0.0433816060503556,0.4671678939240276
TSLA,2026-04-02,425.0,4.75,4.85,4.8,4.85,498.0,1148.0,391.2000122070313,0.0465753424657534,0.9204706169577208,-0.0828701995596873,0.2158132119814572,0.0428712342144691,0.4636963119532467
TSLA,2026-04-02,430.0,3.8,3.9,3.85,3.95,717.0,2565.0,391.2000122070313,0.0465753424657534,0.90976747024891,-0.0945662393228785,0.2158132119814572,0.0423727314910451,0.4612105308738052
TSLA,2026-04-02,435.0,3.0,3.1,3.05,3.1,265.0,814.0,391.2000122070313,0.0465753424657534,0.8993103728897271,-0.1061270617239545,0.2158132119814572,0.0418856886003434,0.4584565289822816
TSLA,2026-04-02,440.0,2.39,2.45,2.42,2.38,562.0,1623.0,391.2000122070313,0.0465753424657534,0.8890909368341621,-0.1175557575475773,0.2158132119814572,0.0414097148662486,0.45743478650212294
TSLA,2026-04-02,445.0,1.89,1.94,1.915,1.93,234.0,1067.0,391.2000122070313,0.0465753424657534,0.8791011510270367,-0.1288553128015106,0.2158132119814572,0.0409444371711222,0.4571590555073023
TSLA,2026-04-02,450.0,1.5,1.54,1.52,1.56,809.0,9132.0,391.2000122070313,0.0465753424657534,0.8693333604600696,-0.1400286133996358,0.2158132119814572,0.0404894989803319,0.45807198974469304
TSLA,2026-04-02,455.0,1.19,1.23,1.21,1.23,194.0,842.0,391.2000122070313,0.0465753424657534,0.85978024660886,-0.1510784495862209,0.2158132119814572,0.0400445594310975,0.4598625424792171
TSLA,2026-04-02,460.0,0.94,0.99,0.965,1.0,258.0,1092.0,391.2000122070313,0.0465753424657534,0.8504348091457202,-0.1620075201184111,0.2158132119814572,0.0396092924807595,0.4622135873040556
TSLA,2026-04-02,465.0,0.75,0.79,0.77,0.78,122.0,544.0,391.2000122070313,0.0465753424657534,0.8412903488323253,-0.1728184362226268,0.2158132119814572,0.0391833861099986,0.46486772164654727
TSLA,2026-04-02,470.0,0.6,0.64,0.62,0.65,101.0,594.0,391.2000122070313,0.0465753424657534,0.8323404515043219,-0.1835137253393747,0.2158132119814572,0.0387665415769136,0.4684684966418148
TSLA,2026-04-02,475.0,0.49,0.52,0.505,0.51,110.0,722.0,391.2000122070313,0.0465753424657534,0.8235789730674343,-0.1940958346699116,0.2158132119814572,0.0383584727182092,0.4730334360495806
TSLA,2026-04-02,480.0,0.4,0.43,0.415,0.42,67.0,925.0,391.2000122070313,0.0465753424657534,0.8150000254313152,-0.204567134537207,0.2158132119814572,0.0379589052940612,0.47820079940128324
TSLA,2026-04-02,485.0,0.32,0.35,0.3349999999999999,0.37,12.0,565.0,391.2000122070313,0.0465753424657534,0.8065979633134666,-0.2149299215727537,0.2158132119814572,0.0375675763735039,0.48190832627975944
TSLA,2026-04-02,490.0,0.27,0.3,0.285,0.3,81.0,433.0,391.2000122070313,0.0465753424657534,0.7983673718510843,-0.2251864217399427,0.2158132119814572,0.0371842337574477,0.48928940540051463
TSLA,2026-04-02,495.0,0.23,0.25,0.24,0.29,16.0,531.0,391.2000122070313,0.0465753424657534,0.7903030549636996,-0.2353387932039608,0.2158132119814572,0.0368086354366654,0.4956601861290931
TSLA,2026-04-02,500.0,0.19,0.21,0.2,0.19,458.0,5711.0,391.2000122070313,0.0465753424657534,0.7824000244140626,-0.2453891290574621,0.2158132119814572,0.0364405490822987,0.501086829599142
TSLA,2026-04-02,505.0,0.16,0.19,0.175,0.21,44.0,216.0,391.2000122070313,0.0465753424657534,0.7746534895188739,-0.2553394599106302,0.2158132119814572,0.0360797515666324,0.5095039563100336
TSLA,2026-04-02,510.0,0.15,0.17,0.16,0.16,10.0,377.0,391.2000122070313,0.0465753424657534,0.7670588474647673,-0.2651917563536419,0.2158132119814572,0.0357260285120576,0.5204459349319934
TSLA,2026-04-02,515.0,0.12,0.15,0.135,0.19,10.0,358.0,391.2000122070313,0.0465753424657534,0.7596116741884104,-0.2749479312990065,0.2158132119814572,0.0353791738663095,0.5258582732920646
TSLA,2026-04-02,520.0,0.11,0.13,0.12,0.12,13.0,204.0,391.2000122070313,0.0465753424657534,0.7523077157827525,-0.2846098422107436,0.2158132119814572,0.0350389895022103,0.5343347662093638
TSLA,2026-04-02,525.0,0.09,0.12,0.105,0.13,104.0,135.0,391.2000122070313,0.0465753424657534,0.7451428803943454,-0.2941792932268941,0.2158132119814572,0.0347052848402845,0.5415381043386458
TSLA,2026-04-02,530.0,0.08,0.11,0.095,0.1,4.0,457.0,391.2000122070313,0.0465753424657534,0.7381132305793043,-0.303658037181438,0.2158132119814572,0.0343778764927347,0.5505317269816398
TSLA,2026-04-02,535.0,0.07,0.1,0.085,0.09,60.0,24.0,391.2000122070313,0.0465753424657534,0.731214976087909,-0.313047777531277,0.2158132119814572,0.034056587927382,0.5585611852121353
TSLA,2026-04-02,540.0,0.06,0.09,0.075,0.12,1.0,200.0,391.2000122070313,0.0465753424657534,0.7244444670500579,-0.3223501701935906,0.2158132119814572,0.0337412491502766,0.5654920109963416
TSLA,2026-04-02,550.0,0.05,0.08,0.065,0.07,11.0,385.0,391.2000122070313,0.0465753424657534,0.7112727494673297,-0.340699308861787,0.2158132119814572,0.0331277718929989,0.5850313607149122
TSLA,2026-04-02,565.0,0.04,0.06,0.05,0.04,1.0,429.0,391.2000122070313,0.0465753424657534,0.6923894021363386,-0.3676067617817114,0.2158132119814572,0.0322482735241582,0.6096561770305633
TSLA,2026-04-10,150.0,238.7,244.65,241.675,248.15,1.0,1.0,391.2000122070313,0.0684931506849315,2.608000081380209,0.958583675268474,0.2617119612951068,0.1786301425602882,1.38254982503891
TSLA,2026-04-10,220.0,170.15,174.8,172.47500000000002,187.03,,2.0,391.2000122070313,0.0684931506849315,1.778181873668324,0.575591423012368,0.2617119612951068,0.1217932790183783,1.109219942928076
TSLA,2026-04-10,255.0,136.15,139.75,137.95,143.33,1.0,1.0,391.2000122070313,0.0684931506849315,1.5341176949295343,0.4279554242063034,0.2617119612951068,0.1050765544472283,0.9214641227733494
TSLA,2026-04-10,270.0,121.05,124.7,122.875,121.61,1.0,2.0,391.2000122070313,0.0684931506849315,1.448888934100116,0.3707970103663547,0.2617119612951068,0.099238968089049,0.8001848639405966
TSLA,2026-04-10,285.0,107.1,109.55,108.325,118.74,1.0,1.0,391.2000122070313,0.0684931506849315,1.3726316217790573,0.3167297890960791,0.2617119612951068,0.0940158645054148,0.749816392895162
TSLA,2026-04-10,300.0,93.05,94.9,93.975,104.9,2.0,6.0,391.2000122070313,0.0684931506849315,1.3040000406901044,0.2654364947085285,0.2617119612951068,0.0893150712801441,0.703396132203579
TSLA,2026-04-10,310.0,83.85,85.55,84.69999999999999,84.79,2.0,2.0,391.2000122070313,0.0684931506849315,1.261935523248488,0.2326466718855376,0.2617119612951068,0.0864339399485265,0.6832989726028145
TSLA,2026-04-10,315.0,78.85,80.95,79.9,90.4,,1.0,391.2000122070313,0.0684931506849315,1.2419048006572422,0.2166463305390964,0.2617119612951068,0.0850619726477563,0.659070318426609
TSLA,2026-04-10,320.0,74.55,76.25,75.4,84.15,4.0,3.0,391.2000122070313,0.0684931506849315,1.2225000381469728,0.2008979735709573,0.2617119612951068,0.0837328793251351,0.6508969150269628
TSLA,2026-04-10,330.0,65.4,67.1,66.25,74.2,21.0,57.0,391.2000122070313,0.0684931506849315,1.1854545824455494,0.1701263149042035,0.2617119612951068,0.0811955193455855,0.6178888572296797
TSLA,2026-04-10,335.0,61.15,62.7,61.925,63.73,6.0,21.0,391.2000122070313,0.0684931506849315,1.16776123046875,0.1550884375396631,0.2617119612951068,0.0799836459225171,0.6091204506618977
TSLA,2026-04-10,345.0,52.6,54.15,53.375,59.97,1.0,7.0,391.2000122070313,0.0684931506849315,1.1339130788609604,0.1256745523333698,0.2617119612951068,0.0776652793740383,0.5854657890235484
TSLA,2026-04-10,350.0,48.2,49.95,49.075,50.0,6.0,26.0,391.2000122070313,0.0684931506849315,1.117714320591518,0.1112858148812702,0.2617119612951068,0.0765557753829806,0.568204349255055
TSLA,2026-04-10,355.0,44.65,45.35,45.0,48.29,1.0,22.0,391.2000122070313,0.0684931506849315,1.1019718653719193,0.0971011798893138,0.2617119612951068,0.0754775250254739,0.5556981068570315
TSLA,2026-04-10,360.0,40.7,41.45,41.075,44.75,4.0,92.0,391.2000122070313,0.0684931506849315,1.086666700575087,0.0831149379145738,0.2617119612951068,0.0744292260667867,0.5444926906941383
TSLA,2026-04-10,365.0,37.05,37.5,37.275,42.09,2.0,30.0,391.2000122070313,0.0684931506849315,1.0717808553617296,0.069321615782238,0.2617119612951068,0.0734096476275157,0.5333315756687074
TSLA,2026-04-10,370.0,33.5,33.9,33.7,33.49,7.0,83.0,391.2000122070313,0.0684931506849315,1.057297330289274,0.0557159637264594,0.2617119612951068,0.072417625362279,0.5246598627036811
TSLA,2026-04-10,375.0,30.05,30.45,30.25,30.07,10.0,16.0,391.2000122070313,0.0684931506849315,1.0432000325520834,0.0422929433943186,0.2617119612951068,0.0714520570241152,0.5152101752732097
TSLA,2026-04-10,380.0,26.8,27.1,26.950000000000003,26.6,29.0,75.0,391.2000122070313,0.0684931506849315,1.0294737163342929,0.029047716644298,0.2617119612951068,0.0705118983790611,0.505439606344551
TSLA,2026-04-10,385.0,23.7,24.05,23.875,23.6,78.0,806.0,391.2000122070313,0.0684931506849315,1.0161039278104709,0.0159756350769452,0.2617119612951068,0.0695961594390733,0.496987387410745
TSLA,2026-04-10,390.0,20.85,21.15,21.0,20.99,804.0,379.0,391.2000122070313,0.0684931506849315,1.0030769543770033,0.0030722302410373,0.2617119612951068,0.0687039009847262,0.488925697979331
TSLA,2026-04-10,395.0,18.25,18.45,18.35,18.36,401.0,234.0,391.2000122070313,0.0684931506849315,0.9903797777393196,-0.0096667955363923,0.2617119612951068,0.0678342313520082,0.48166800043213365
TSLA,2026-04-10,400.0,15.8,16.0,15.9,16.0,849.0,529.0,391.2000122070313,0.0684931506849315,0.9780000305175782,-0.0222455777432524,0.2617119612951068,0.066986303460108,0.4744626506467611
TSLA,2026-04-10,405.0,13.65,13.8,13.725,13.25,141.0,468.0,391.2000122070313,0.0684931506849315,0.965925956066744,-0.0346680977418096,0.2617119612951068,0.066159312059366,0.46910306237973265
TSLA,2026-04-10,410.0,11.65,11.85,11.75,11.85,432.0,1445.0,391.2000122070313,0.0684931506849315,0.9541463712366616,-0.0469381903336239,0.2617119612951068,0.0653524911805932,0.46378084621252114
TSLA,2026-04-10,415.0,9.9,10.05,9.975,10.18,197.0,353.0,391.2000122070313,0.0684931506849315,0.942650631824172,-0.0590595508659687,0.2617119612951068,0.0645651117687789,0.45858156458418076
TSLA,2026-04-10,420.0,8.35,8.55,8.45,8.46,309.0,647.0,391.2000122070313,0.0684931506849315,0.9314286004929316,-0.0710357419126845,0.2617119612951068,0.0637964794858172,0.4550648768135011
TSLA,2026-04-10,425.0,7.05,7.2,7.125,7.3,241.0,448.0,391.2000122070313,0.0684931506849315,0.9204706169577208,-0.0828701995596873,0.2617119612951068,0.063045932668337,0.45226858544060583
TSLA,2026-04-10,430.0,5.9,6.05,5.975,6.1,403.0,678.0,391.2000122070313,0.0684931506849315,0.90976747024891,-0.0945662393228785,0.2617119612951068,0.0623128404280075,0.44987377591992916
TSLA,2026-04-10,435.0,4.9,5.05,4.975,5.05,121.0,348.0,391.2000122070313,0.0684931506849315,0.8993103728897271,-0.1061270617239545,0.2617119612951068,0.061596600882858,0.44751607027825707
TSLA,2026-04-10,440.0,4.05,4.2,4.125,4.0,192.0,715.0,391.2000122070313,0.0684931506849315,0.8890909368341621,-0.1175557575475773,0.2617119612951068,0.0608966395091891,0.44566825240035346
TSLA,2026-04-10,445.0,3.4,3.5,3.45,3.52,81.0,528.0,391.2000122070313,0.0684931506849315,0.8791011510270367,-0.1288553128015106,0.2617119612951068,0.0602124076045915,0.44604572848989066
TSLA,2026-04-10,450.0,2.83,2.9,2.865,2.91,495.0,1303.0,391.2000122070313,0.0684931506849315,0.8693333604600696,-0.1400286133996358,0.2617119612951068,0.0595433808534294,0.44604970709860325
TSLA,2026-04-10,455.0,2.35,2.42,2.385,2.3,140.0,634.0,391.2000122070313,0.0684931506849315,0.85978024660886,-0.1510784495862209,0.2617119612951068,0.0588890579869082,0.4469127522649467
TSLA,2026-04-10,460.0,1.96,2.02,1.99,2.05,536.0,1160.0,391.2000122070313,0.0684931506849315,0.8504348091457202,-0.1620075201184111,0.2617119612951068,0.0582489595305287,0.4484286468878984
TSLA,2026-04-10,465.0,1.62,1.68,1.65,1.59,86.0,287.0,391.2000122070313,0.0684931506849315,0.8412903488323253,-0.1728184362226268,0.2617119612951068,0.057622626632351,0.44954194207191456
TSLA,2026-04-10,470.0,1.36,1.4,1.38,1.38,140.0,503.0,391.2000122070313,0.0684931506849315,0.8323404515043219,-0.1835137253393747,0.2617119612951068,0.0570096199660494,0.45180107656514645
TSLA,2026-04-10,475.0,1.13,1.19,1.16,1.2,61.0,341.0,391.2000122070313,0.0684931506849315,0.8235789730674343,-0.1940958346699116,0.2617119612951068,0.0564095187032489,0.4546544095640779
TSLA,2026-04-10,480.0,0.95,1.0,0.975,0.99,200.0,507.0,391.2000122070313,0.0684931506849315,0.8150000254313152,-0.204567134537207,0.2617119612951068,0.05582191955009,0.4575370680384636
TSLA,2026-04-10,485.0,0.8,0.85,0.825,0.83,31.0,329.0,391.2000122070313,0.0684931506849315,0.8065979633134666,-0.2149299215727537,0.2617119612951068,0.0552464358433881,0.4610085606023073
TSLA,2026-04-10,490.0,0.68,0.72,0.7,0.79,36.0,262.0,391.2000122070313,0.0684931506849315,0.7983673718510843,-0.2251864217399427,0.2617119612951068,0.054682696702129,0.46465636364662655
TSLA,2026-04-10,495.0,0.57,0.61,0.59,0.56,26.0,135.0,391.2000122070313,0.0684931506849315,0.7903030549636996,-0.2353387932039608,0.2617119612951068,0.0541303462303903,0.4677056766522526
TSLA,2026-04-10,500.0,0.49,0.53,0.51,0.5,140.0,471.0,391.2000122070313,0.0684931506849315,0.7824000244140626,-0.2453891290574621,0.2617119612951068,0.0535890427680864,0.4726357539921999
TSLA,2026-04-10,505.0,0.42,0.46,0.44,0.44,6.0,143.0,391.2000122070313,0.0684931506849315,0.7746534895188739,-0.2553394599106302,0.2617119612951068,0.0530584581862242,0.47725058247101315
TSLA,2026-04-10,510.0,0.36,0.4,0.38,0.37,14.0,215.0,391.2000122070313,0.0684931506849315,0.7670588474647673,-0.2651917563536419,0.2617119612951068,0.0525382772236141,0.48178458707845206
TSLA,2026-04-10,515.0,0.31,0.35,0.3299999999999999,0.33,6.0,57.0,391.2000122070313,0.0684931506849315,0.7596116741884104,-0.2749479312990065,0.2617119612951068,0.0520281968622198,0.48655248023402686
TSLA,2026-04-10,520.0,0.27,0.31,0.29,0.34,20.0,128.0,391.2000122070313,0.0684931506849315,0.7523077157827525,-0.2846098422107436,0.2617119612951068,0.0515279257385446,0.49196374571084966
TSLA,2026-04-10,525.0,0.24,0.28,0.26,0.23,20.0,35.0,391.2000122070313,0.0684931506849315,0.7451428803943454,-0.2941792932268941,0.2617119612951068,0.0510371835886537,0.4985212081246375
TSLA,2026-04-10,530.0,0.21,0.24,0.2249999999999999,0.26,6.0,64.0,391.2000122070313,0.0684931506849315,0.7381132305793043,-0.303658037181438,0.2617119612951068,0.0505557007246098,0.5025212745021581
TSLA,2026-04-10,535.0,0.19,0.22,0.205,0.38,1.0,14.0,391.2000122070313,0.0684931506849315,0.731214976087909,-0.313047777531277,0.2617119612951068,0.0500832175402677,0.5097049431052206
TSLA,2026-04-10,540.0,0.17,0.2,0.185,0.24,1.0,21.0,391.2000122070313,0.0684931506849315,0.7244444670500579,-0.3223501701935906,0.2617119612951068,0.0496194840445245,0.5160442525918483
TSLA,2026-04-10,545.0,0.14,0.19,0.165,0.17,6.0,8.0,391.2000122070313,0.0684931506849315,0.7177981875358372,-0.3315668252985145,0.2617119612951068,0.0491642594202628,0.5214351332869528
TSLA,2026-04-10,550.0,0.13,0.18,0.155,0.15,5.0,97.0,391.2000122070313,0.0684931506849315,0.7112727494673297,-0.340699308861787,0.2617119612951068,0.0487173116073513,0.5298880227727889
TSLA,2026-04-10,555.0,0.11,0.15,0.13,0.13,2.0,129.0,391.2000122070313,0.0684931506849315,0.7048648868595159,-0.3497491443817049,0.2617119612951068,0.048278416908186,0.5311139706978797
TSLA,2026-04-10,560.0,0.11,0.15,0.13,0.13,9.0,4.0,391.2000122070313,0.0684931506849315,0.6985714503696988,-0.3587178143644653,0.2617119612951068,0.0478473596143629,0.5429743373804092
TSLA,2026-04-10,585.0,0.07,0.11,0.09,0.11,4.0,5.0,391.2000122070313,0.0684931506849315,0.6687179695846689,-0.4023928778671269,0.2617119612951068,0.0458026006564841,0.5768459767856597
TSLA,2026-04-17,5.0,385.2,388.05,386.625,386.64,1846.0,71.0,391.2000122070313,0.0876712328767123,78.24000244140626,4.359781056930629,0.296093284079042,6.859397474315068,3.0
TSLA,2026-04-17,25.0,408.0,411.8,409.9,463.62,,1.0,391.2000122070313,0.0876712328767123,15.648000488281252,2.750343144496529,0.296093284079042,1.3718794948630133,3.0
TSLA,2026-04-17,30.0,365.0,372.75,368.875,410.87,1.0,2.0,391.2000122070313,0.0876712328767123,13.040000406901044,2.568021587702574,0.296093284079042,1.1432329123858445,3.0
TSLA,2026-04-17,35.0,397.9,402.0,399.95,447.8,5.0,5.0,391.2000122070313,0.0876712328767123,11.17714320591518,2.413870907875316,0.296093284079042,0.9799139249021526,3.0
TSLA,2026-04-17,40.0,392.95,397.05,395.0,437.5,,3.0,391.2000122070313,0.0876712328767123,9.780000305175784,2.2803395152507933,0.296093284079042,0.8574246842893835,3.0
TSLA,2026-04-17,50.0,339.4,344.25,341.825,349.58,88.0,88.0,391.2000122070313,0.0876712328767123,7.824000244140626,2.0571959639365835,0.296093284079042,0.6859397474315067,3.0
TSLA,2026-04-17,55.0,372.25,375.2,373.725,399.63,1.0,1.0,391.2000122070313,0.0876712328767123,7.112727494673297,1.9618857841322583,0.296093284079042,0.6235815885740971,3.0
TSLA,2026-04-17,75.0,358.6,362.15,360.375,420.87,4.0,2.0,391.2000122070313,0.0876712328767123,5.216000162760418,1.6517308558284192,0.296093284079042,0.4572931649543378,3.0
TSLA,2026-04-17,100.0,290.45,293.05,291.75,291.31,120.0,4789.0,391.2000122070313,0.0876712328767123,3.912000122070313,1.3640487833766382,0.296093284079042,0.3429698737157533,1.8713640160436633
TSLA,2026-04-17,105.0,322.85,325.6,324.225,344.6,1.0,23.0,391.2000122070313,0.0876712328767123,3.7257144019717265,1.3152586192072062,0.296093284079042,0.3266379749673841,3.0
TSLA,2026-04-17,110.0,285.5,291.7,288.6,331.84,3.0,6.0,391.2000122070313,0.0876712328767123,3.5563637473366483,1.2687386035723134,0.296093284079042,0.3117907942870485,3.0
TSLA,2026-04-17,115.0,316.15,319.8,317.975,327.2,,2.0,391.2000122070313,0.0876712328767123,3.401739236582881,1.2242868410014796,0.296093284079042,0.2982346727963073,3.0
TSLA,2026-04-17,120.0,307.95,310.7,309.325,330.13,,34.0,391.2000122070313,0.0876712328767123,3.260000101725261,1.1817272265826837,0.296093284079042,0.2858082280964611,3.0
TSLA,2026-04-17,125.0,264.75,269.55,267.15,262.42,3.0,4.0,391.2000122070313,0.0876712328767123,3.1296000976562506,1.1409052320624284,0.296093284079042,0.2743758989726027,1.7607626277399067
TSLA,2026-04-17,130.0,259.75,264.6,262.175,290.73,1.0,7.0,391.2000122070313,0.0876712328767123,3.00923086313101,1.101684518909147,0.296093284079042,0.2638229797813487,1.7075125711033343
TSLA,2026-04-17,135.0,254.75,259.55,257.15,280.57,1.0,32.0,391.2000122070313,0.0876712328767123,2.897777868200232,1.0639441909263,0.296093284079042,0.2540517583079654,1.6353339929442408
TSLA,2026-04-17,140.0,249.8,253.75,251.775,284.05,1.0,10.0,391.2000122070313,0.0876712328767123,2.7942858014787952,1.0275765467554252,0.296093284079042,0.2449784812255381,1.3393655590381623
TSLA,2026-04-17,145.0,290.1,292.25,291.175,348.3,5.0,6.0,391.2000122070313,0.0876712328767123,2.6979311186691812,0.9924852269441552,0.296093284079042,0.2365309473901747,3.0
TSLA,2026-04-17,150.0,239.9,244.55,242.225,248.65,1.0,6.0,391.2000122070313,0.0876712328767123,2.608000081380209,0.958583675268474,0.296093284079042,0.2286465824771689,1.4942183745470048
TSLA,2026-04-17,155.0,273.6,276.05,274.82500000000005,295.9,1.0,9.0,391.2000122070313,0.0876712328767123,2.523871046496976,0.925793852445483,0.296093284079042,0.221270886268228,3.0
TSLA,2026-04-17,160.0,229.95,233.9,231.925,238.03,50.0,212.0,391.2000122070313,0.0876712328767123,2.4450000762939457,0.8940451541309026,0.296093284079042,0.2143561710723458,1.2435570849623678
TSLA,2026-04-17,165.0,225.0,229.65,227.325,245.45,1.0,14.0,391.2000122070313,0.0876712328767123,2.3709091648910987,0.8632734954641489,0.296093284079042,0.207860529524699,1.374130552561522
TSLA,2026-04-17,170.0,220.05,224.7,222.375,244.07,6.0,11.0,391.2000122070313,0.0876712328767123,2.301176542394302,0.8334205323144678,0.296093284079042,0.2017469845386784,1.3412001893928052
TSLA,2026-04-17,175.0,220.95,227.05,224.0,262.14,5.0,13.0,391.2000122070313,0.0876712328767123,2.235428641183036,0.8044329954412156,0.296093284079042,0.1959827849804305,2.106113552986204
TSLA,2026-04-17,180.0,210.15,214.7,212.425,230.89,2.0,84.0,391.2000122070313,0.0876712328767123,2.173333401150174,0.7762621184745192,0.296093284079042,0.190538818730974,1.2623182366981505
TSLA,2026-04-17,185.0,205.2,209.5,207.35,211.8,1.0,96.0,391.2000122070313,0.0876712328767123,2.1145946605785477,0.7488631442864048,0.296093284079042,0.1853891209274342,1.195348864337444
TSLA,2026-04-17,190.0,200.3,204.55,202.425,208.45,2.0,44.0,391.2000122070313,0.0876712328767123,2.0589474326685857,0.7221948972042433,0.296093284079042,0.1805104598503965,1.1736880668091776
TSLA,2026-04-17,195.0,194.85,199.55,197.2,211.53,1.0,70.0,391.2000122070313,0.0876712328767123,2.0061539087540066,0.6962194108009827,0.296093284079042,0.1758819865208991,1.0597271234271526
TSLA,2026-04-17,200.0,190.5,194.6,192.55,198.34,4.0,75.0,391.2000122070313,0.0876712328767123,1.9560000610351564,0.6709016028166929,0.296093284079042,0.1714849368578766,1.1217512192685604
TSLA,2026-04-17,205.0,185.5,189.65,187.575,196.8,1.0,38.0,391.2000122070313,0.0876712328767123,1.9082927424733231,0.6462089902263213,0.296093284079042,0.1673023774223187,1.0868732153763774
TSLA,2026-04-17,210.0,180.05,184.7,182.375,198.99,1.0,39.0,391.2000122070313,0.0876712328767123,1.8628572009858633,0.6221114386472608,0.296093284079042,0.163318987483692,0.9964323761919738
TSLA,2026-04-17,215.0,175.75,179.75,177.75,195.1,1.0,66.0,391.2000122070313,0.0876712328767123,1.81953494049782,0.5985809412370667,0.296093284079042,0.1595208714956992,1.0449334939436916
TSLA,2026-04-17,225.0,165.4,169.7,167.55,170.53,2.0,29.0,391.2000122070313,0.0876712328767123,1.7386667209201392,0.5531185671603094,0.296093284079042,0.1524310549847792,0.9277134888809919
TSLA,2026-04-17,230.0,161.15,164.8,162.97500000000002,178.39,1.0,78.0,391.2000122070313,0.0876712328767123,1.7008696182914405,0.5311396604415342,0.296093284079042,0.1491173363981536,0.9708144276161195
TSLA,2026-04-17,235.0,155.8,159.8,157.8,162.4,1.0,10.0,391.2000122070313,0.0876712328767123,1.6646809030086438,0.5096334552205706,0.296093284079042,0.1459446271130865,0.9050084183243512
TSLA,2026-04-17,240.0,151.95,154.3,153.125,155.44,8.0,60.0,391.2000122070313,0.0876712328767123,1.6300000508626304,0.4885800460227382,0.296093284079042,0.1429041140482305,0.9203814047619103
TSLA,2026-04-17,245.0,146.65,149.6,148.125,160.53,2.0,34.0,391.2000122070313,0.0876712328767123,1.5967347437021686,0.4679607588200025,0.296093284079042,0.1399877035574503,0.8847253817008139
TSLA,2026-04-17,250.0,141.95,143.85,142.89999999999998,145.8,10.0,665.0,391.2000122070313,0.0876712328767123,1.5648000488281253,0.4477580515024831,0.296093284079042,0.1371879494863013,0.8171525125129221
TSLA,2026-04-17,255.0,137.0,139.75,138.375,158.44,2.0,23.0,391.2000122070313,0.0876712328767123,1.5341176949295343,0.4279554242063034,0.296093284079042,0.1344979896924523,0.8468756700246334
TSLA,2026-04-17,260.0,132.4,134.5,133.45,133.38,1.0,179.0,391.2000122070313,0.0876712328767123,1.504615431565505,0.4085373383492017,0.296093284079042,0.1319114898906743,0.8210787287601828
TSLA,2026-04-17,265.0,126.9,129.75,128.325,133.23,2.0,37.0,391.2000122070313,0.0876712328767123,1.476226461158609,0.3894891433785073,0.296093284079042,0.1294225938550012,0.7730859788542985
TSLA,2026-04-17,270.0,122.4,124.7,123.55,122.83,5.0,76.0,391.2000122070313,0.0876712328767123,1.448888934100116,0.3707970103663547,0.296093284079042,0.1270258791539827,0.7642726005970237
TSLA,2026-04-17,275.0,118.1,119.6,118.85,121.48,100.0,112.0,391.2000122070313,0.0876712328767123,1.422545498934659,0.3524478716981583,0.296093284079042,0.1247163177148194,0.7597815113195181
TSLA,2026-04-17,280.0,113.25,114.3,113.775,116.65,100.0,244.0,391.2000122070313,0.0876712328767123,1.3971429007393976,0.33442936619548,0.296093284079042,0.122489240612769,0.7197969407930374
TSLA,2026-04-17,285.0,108.35,109.8,109.075,110.9,1.0,86.0,391.2000122070313,0.0876712328767123,1.3726316217790573,0.3167297890960791,0.296093284079042,0.120340306566931,0.7124226565995219
TSLA,2026-04-17,290.0,103.6,104.95,104.275,114.46,1.0,366.0,391.2000122070313,0.0876712328767123,1.3489655593345906,0.2993380463842097,0.296093284079042,0.1182654736950873,0.6948688561458589
TSLA,2026-04-17,295.0,98.85,100.3,99.575,103.22,1.0,122.0,391.2000122070313,0.0876712328767123,1.3261017362950214,0.2822436130249097,0.296093284079042,0.1162609741409333,0.6830543552221955
TSLA,2026-04-17,300.0,94.5,95.25,94.875,96.0,17.0,938.0,391.2000122070313,0.0876712328767123,1.3040000406901044,0.2654364947085285,0.296093284079042,0.1143232912385844,0.6692174693754317
TSLA,2026-04-17,305.0,89.45,90.85,90.15,90.1,2.0,151.0,391.2000122070313,0.0876712328767123,1.2826229908427256,0.2489071927573179,0.296093284079042,0.1124491389231978,0.652211197006166
TSLA,2026-04-17,310.0,84.85,86.3,85.57499999999999,93.82,2.0,208.0,391.2000122070313,0.0876712328767123,1.261935523248488,0.2326466718855376,0.296093284079042,0.110635443134114,0.6418954245734811
TSLA,2026-04-17,315.0,80.25,81.65,80.95,81.0,36.0,179.0,391.2000122070313,0.0876712328767123,1.2419048006572422,0.2166463305390964,0.296093284079042,0.108879324989128,0.6268066627897917
TSLA,2026-04-17,320.0,75.85,77.0,76.425,77.28,33.0,394.0,391.2000122070313,0.0876712328767123,1.2225000381469728,0.2008979735709573,0.296093284079042,0.1071780855361729,0.6145810687681437
TSLA,2026-04-17,325.0,71.4,72.5,71.95,71.9,10.0,192.0,391.2000122070313,0.0876712328767123,1.203692345252404,0.185393787034992,0.296093284079042,0.1055291919125395,0.6023228412143588
TSLA,2026-04-17,330.0,67.05,68.15,67.6,68.0,16.0,423.0,391.2000122070313,0.0876712328767123,1.1854545824455494,0.1701263149042035,0.296093284079042,0.1039302647623495,0.5927332319269181
TSLA,2026-04-17,335.0,62.8,63.85,63.325,63.02,1.0,122.0,391.2000122070313,0.0876712328767123,1.16776123046875,0.1550884375396631,0.296093284079042,0.1023790667808219,0.5832398245040775
TSLA,2026-04-17,340.0,58.55,59.65,59.099999999999994,61.77,1.0,231.0,391.2000122070313,0.0876712328767123,1.150588271197151,0.1402733517545224,0.296093284079042,0.1008734922693392,0.5727656229783892
TSLA,2026-04-17,345.0,54.35,55.5,54.925,54.36,102.0,117.0,391.2000122070313,0.0876712328767123,1.1339130788609604,0.1256745523333698,0.296093284079042,0.0994115575987691,0.5612746857610345
TSLA,2026-04-17,350.0,50.45,51.1,50.775000000000006,50.8,418.0,1183.0,391.2000122070313,0.0876712328767123,1.117714320591518,0.1112858148812702,0.296093284079042,0.0979913924902152,0.5479869820270091
TSLA,2026-04-17,355.0,46.3,47.35,46.825,47.7,1.0,198.0,391.2000122070313,0.0876712328767123,1.1019718653719193,0.0971011798893138,0.296093284079042,0.0966112320326065,0.5378447037562727
TSLA,2026-04-17,360.0,42.75,43.45,43.1,43.1,148.0,614.0,391.2000122070313,0.0876712328767123,1.086666700575087,0.0831149379145738,0.296093284079042,0.095269409365487,0.5307832991400512
TSLA,2026-04-17,365.0,39.05,40.0,39.525,40.1,24.0,170.0,391.2000122070313,0.0876712328767123,1.0717808553617296,0.069321615782238,0.296093284079042,0.0939643489632201,0.5242580232237128
TSLA,2026-04-17,370.0,35.6,35.95,35.775000000000006,36.28,109.0,402.0,391.2000122070313,0.0876712328767123,1.057297330289274,0.0557159637264594,0.296093284079042,0.0926945604637171,0.5101849689519107
TSLA,2026-04-17,375.0,32.3,32.55,32.425,32.7,131.0,361.0,391.2000122070313,0.0876712328767123,1.0432000325520834,0.0422929433943186,0.296093284079042,0.0914586329908675,0.5025546232897935
TSLA,2026-04-17,380.0,29.15,29.35,29.25,29.47,199.0,931.0,391.2000122070313,0.0876712328767123,1.0294737163342929,0.029047716644298,0.296093284079042,0.0902552299251982,0.4954540137315392
TSLA,2026-04-17,385.0,26.2,26.35,26.275,26.6,92.0,514.0,391.2000122070313,0.0876712328767123,1.0161039278104709,0.0159756350769452,0.296093284079042,0.0890830840820138,0.4892356718311608
TSLA,2026-04-17,390.0,23.4,23.55,23.475,23.45,1353.0,1533.0,391.2000122070313,0.0876712328767123,1.0030769543770033,0.0030722302410373,0.296093284079042,0.0879409932604495,0.48317862004578116
TSLA,2026-04-17,395.0,20.8,20.95,20.875,21.02,1609.0,1254.0,391.2000122070313,0.0876712328767123,0.9903797777393196,-0.0096667955363923,0.296093284079042,0.0868278161305704,0.47772153351356084
TSLA,2026-04-17,400.0,18.4,18.5,18.45,18.47,2713.0,5350.0,391.2000122070313,0.0876712328767123,0.9780000305175782,-0.0222455777432524,0.296093284079042,0.0857424684289383,0.4722534499280453
TSLA,2026-04-17,405.0,16.2,16.3,16.25,16.55,449.0,2396.0,391.2000122070313,0.0876712328767123,0.965925956066744,-0.0346680977418096,0.296093284079042,0.0846839194359884,0.46783862476810806
TSLA,2026-04-17,410.0,14.15,14.3,14.225,14.21,944.0,5917.0,391.2000122070313,0.0876712328767123,0.9541463712366616,-0.0469381903336239,0.296093284079042,0.0836511887111593,0.4634184351919294
TSLA,2026-04-17,415.0,12.35,12.5,12.425,12.36,385.0,2367.0,391.2000122070313,0.0876712328767123,0.942650631824172,-0.0590595508659687,0.296093284079042,0.0826433430640369,0.46019580683822925
TSLA,2026-04-17,420.0,10.75,10.85,10.8,10.85,2073.0,5979.0,391.2000122070313,0.0876712328767123,0.9314286004929316,-0.0710357419126845,0.296093284079042,0.081659493741846,0.45720210494764146
TSLA,2026-04-17,425.0,9.3,9.4,9.35,9.35,854.0,3551.0,391.2000122070313,0.0876712328767123,0.9204706169577208,-0.0828701995596873,0.296093284079042,0.0806987938154713,0.4546196302654445
TSLA,2026-04-17,430.0,8.0,8.1,8.05,8.1,1285.0,3952.0,391.2000122070313,0.0876712328767123,0.90976747024891,-0.0945662393228785,0.296093284079042,0.0797604357478496,0.45205011958916475
TSLA,2026-04-17,435.0,6.9,7.0,6.95,6.8,552.0,3784.0,391.2000122070313,0.0876712328767123,0.8993103728897271,-0.1061270617239545,0.296093284079042,0.0788436491300582,0.4511147442104966
TSLA,2026-04-17,440.0,5.9,6.0,5.95,5.95,606.0,6412.0,391.2000122070313,0.0876712328767123,0.8890909368341621,-0.1175557575475773,0.296093284079042,0.0779476985717621,0.44945088110621256
TSLA,2026-04-17,445.0,5.05,5.15,5.1,5.16,481.0,3089.0,391.2000122070313,0.0876712328767123,0.8791011510270367,-0.1288553128015106,0.296093284079042,0.0770718817338771,0.44879718228369947
TSLA,2026-04-17,450.0,4.35,4.4,4.375,4.35,2430.0,10179.0,391.2000122070313,0.0876712328767123,0.8693333604600696,-0.1400286133996358,0.296093284079042,0.0762155274923896,0.44887335699433095
TSLA,2026-04-17,455.0,3.7,3.8,3.75,3.73,466.0,3880.0,391.2000122070313,0.0876712328767123,0.85978024660886,-0.1510784495862209,0.296093284079042,0.0753779942232425,0.4492925861236155
TSLA,2026-04-17,460.0,3.15,3.25,3.2,3.2,723.0,5403.0,391.2000122070313,0.0876712328767123,0.8504348091457202,-0.1620075201184111,0.296093284079042,0.0745586681990768,0.4495016642466335
TSLA,2026-04-17,465.0,2.7,2.74,2.72,2.74,777.0,2797.0,391.2000122070313,0.0876712328767123,0.8412903488323253,-0.1728184362226268,0.296093284079042,0.0737569620894093,0.44959755318695305
TSLA,2026-04-17,470.0,2.3,2.35,2.325,2.32,314.0,4015.0,391.2000122070313,0.0876712328767123,0.8323404515043219,-0.1835137253393747,0.296093284079042,0.0729723135565432,0.4506841156966983
TSLA,2026-04-17,475.0,1.97,2.01,1.99,1.96,404.0,4982.0,391.2000122070313,0.0876712328767123,0.8235789730674343,-0.1940958346699116,0.296093284079042,0.0722041839401586,0.45211847119277715
TSLA,2026-04-17,480.0,1.68,1.73,1.705,1.77,572.0,3440.0,391.2000122070313,0.0876712328767123,0.8150000254313152,-0.204567134537207,0.296093284079042,0.0714520570241152,0.4538018250094056
TSLA,2026-04-17,485.0,1.44,1.49,1.465,1.42,176.0,3226.0,391.2000122070313,0.0876712328767123,0.8065979633134666,-0.2149299215727537,0.296093284079042,0.0707154378795367,0.4558658735653162
TSLA,2026-04-17,490.0,1.24,1.28,1.26,1.23,282.0,1789.0,391.2000122070313,0.0876712328767123,0.7983673718510843,-0.2251864217399427,0.296093284079042,0.0699938517787251,0.45806993338513374
TSLA,2026-04-17,495.0,1.06,1.1,1.08,1.04,131.0,1231.0,391.2000122070313,0.0876712328767123,0.7903030549636996,-0.2353387932039608,0.296093284079042,0.0692868431748996,0.45999486474651097
TSLA,2026-04-17,500.0,0.93,0.95,0.94,0.95,4328.0,24674.0,391.2000122070313,0.0876712328767123,0.7824000244140626,-0.2453891290574621,0.296093284079042,0.0685939747431506,0.4632691256065369
TSLA,2026-04-17,505.0,0.79,0.83,0.81,0.82,44.0,1416.0,391.2000122070313,0.0876712328767123,0.7746534895188739,-0.2553394599106302,0.296093284079042,0.067914826478367,0.4656401975853443
TSLA,2026-04-17,510.0,0.68,0.72,0.7,0.71,51.0,1871.0,391.2000122070313,0.0876712328767123,0.7670588474647673,-0.2651917563536419,0.296093284079042,0.0672489948462261,0.46822513095831864
TSLA,2026-04-17,515.0,0.59,0.63,0.61,0.6,73.0,932.0,391.2000122070313,0.0876712328767123,0.7596116741884104,-0.2749479312990065,0.296093284079042,0.0665960919836414,0.4714123094613552
TSLA,2026-04-17,520.0,0.52,0.55,0.535,0.56,64.0,1889.0,391.2000122070313,0.0876712328767123,0.7523077157827525,-0.2846098422107436,0.296093284079042,0.0659557449453371,0.4749969912078976
TSLA,2026-04-17,525.0,0.45,0.49,0.47,0.47,37.0,1523.0,391.2000122070313,0.0876712328767123,0.7451428803943454,-0.2941792932268941,0.296093284079042,0.0653275949934768,0.4785941899256706
TSLA,2026-04-17,530.0,0.4,0.43,0.415,0.4,95.0,1158.0,391.2000122070313,0.0876712328767123,0.7381132305793043,-0.303658037181438,0.296093284079042,0.0647112969275006,0.4824411916264295
TSLA,2026-04-17,535.0,0.35,0.39,0.37,0.37,39.0,857.0,391.2000122070313,0.0876712328767123,0.731214976087909,-0.313047777531277,0.296093284079042,0.0641065184515426,0.4868353637838364
TSLA,2026-04-17,540.0,0.31,0.35,0.3299999999999999,0.32,12.0,919.0,391.2000122070313,0.0876712328767123,0.7244444670500579,-0.3223501701935906,0.296093284079042,0.0635129395769913,0.49110758487868306
TSLA,2026-04-17,545.0,0.28,0.32,0.3,0.31,30.0,523.0,391.2000122070313,0.0876712328767123,0.7177981875358372,-0.3315668252985145,0.296093284079042,0.0629302520579364,0.4965152740780114
TSLA,2026-04-17,550.0,0.26,0.28,0.27,0.28,342.0,7345.0,391.2000122070313,0.0876712328767123,0.7112727494673297,-0.340699308861787,0.296093284079042,0.0623581588574097,0.5010846838326454
TSLA,2026-04-17,555.0,0.23,0.26,0.245,0.25,8.0,553.0,391.2000122070313,0.0876712328767123,0.7048648868595159,-0.3497491443817049,0.296093284079042,0.061796373642478,0.5060392586734292
TSLA,2026-04-17,560.0,0.21,0.24,0.2249999999999999,0.21,38.0,1205.0,391.2000122070313,0.0876712328767123,0.6985714503696988,-0.3587178143644653,0.296093284079042,0.0612446203063845,0.5116075227322577
TSLA,2026-04-17,565.0,0.19,0.22,0.205,0.22,9.0,455.0,391.2000122070313,0.0876712328767123,0.6923894021363386,-0.3676067617817114,0.296093284079042,0.0607026325160625,0.51650559238863
TSLA,2026-04-17,570.0,0.17,0.21,0.19,0.2,15.0,325.0,391.2000122070313,0.0876712328767123,0.6863158108895286,-0.3764173914638662,0.296093284079042,0.0601701532834655,0.5223306331715584
TSLA,2026-04-17,575.0,0.16,0.19,0.175,0.22,2.0,569.0,391.2000122070313,0.0876712328767123,0.6803478473165762,-0.3851510714326209,0.296093284079042,0.0596469345592614,0.5276020661983489
TSLA,2026-04-17,580.0,0.15,0.18,0.1649999999999999,0.16,34.0,647.0,391.2000122070313,0.0876712328767123,0.6744827796672953,-0.3938091341757355,0.296093284079042,0.0591327368475436,0.5341759794886114
TSLA,2026-04-17,585.0,0.13,0.17,0.15,0.15,21.0,899.0,391.2000122070313,0.0876712328767123,0.6687179695846689,-0.4023928778671269,0.296093284079042,0.0586273288402997,0.5383373359811305
TSLA,2026-04-17,590.0,0.12,0.16,0.14,0.17,1003.0,931.0,391.2000122070313,0.0876712328767123,0.6630508681475107,-0.4109035675350356,0.296093284079042,0.0581304870704666,0.5439814171228408
TSLA,2026-04-17,595.0,0.11,0.15,0.13,0.14,1.0,2746.0,391.2000122070313,0.0876712328767123,0.6574790121126577,-0.4193424361809001,0.296093284079042,0.0576419955824795,0.5491713110227583
TSLA,2026-04-17,600.0,0.11,0.13,0.12,0.12,1099.0,5427.0,391.2000122070313,0.0876712328767123,0.6520000203450522,-0.4277106858514167,0.296093284079042,0.0571616456192922,0.5538698243949414
TSLA,2026-04-17,605.0,0.1,0.14,0.12,0.12,1001.0,808.0,391.2000122070313,0.0876712328767123,0.6466115904248452,-0.4360094886661119,0.296093284079042,0.0566892353249179,0.5632668511393071
TSLA,2026-04-17,610.0,0.09,0.13,0.11,0.16,6.0,1630.0,391.2000122070313,0.0876712328767123,0.6413114954213628,-0.4442399878026274,0.296093284079042,0.0562245694615989,0.567260122589588
TSLA,2026-04-17,615.0,0.08,0.11,0.095,0.1,2.0,455.0,391.2000122070313,0.0876712328767123,0.6360975808244411,-0.4524032984417884,0.296093284079042,0.0557674591407729,0.5676234723830221
TSLA,2026-04-17,620.0,0.08,0.12,0.1,0.12,1749.0,1112.0,391.2000122070313,0.0876712328767123,0.6309677616242441,-0.4605005086744076,0.296093284079042,0.055317721567057,0.5796225986323357
TSLA,2026-04-17,625.0,0.07,0.11,0.09,0.09,3.0,267.0,391.2000122070313,0.0876712328767123,0.6259200195312501,-0.4685326803716719,0.296093284079042,0.0548751797945205,0.5821689082083702
TSLA,2026-04-17,630.0,0.07,0.1,0.085,0.1,11.0,2959.0,391.2000122070313,0.0876712328767123,0.6209524003286211,-0.4765008500208489,0.296093284079042,0.054439662494564,0.5874818260540963
TSLA,2026-04-17,635.0,0.06,0.09,0.075,0.1,1.0,338.0,391.2000122070313,0.0876712328767123,0.6160630113496556,-0.4844060295279621,0.296093284079042,0.0540110037347643,0.5887077739791868
TSLA,2026-04-17,675.0,0.06,0.07,0.065,0.07,101.0,2470.0,391.2000122070313,0.0876712328767123,0.5795555736400464,-0.5454937215078003,0.296093284079042,0.050810351661593,0.6450398665604592
TSLA,2026-04-24,315.0,82.55,84.2,83.375,84.51,8.0,9.0,391.2000122070313,0.1068493150684931,1.2419048006572422,0.2166463305390964,0.3268781348889722,0.1326966773304997,0.6581518409591021
TSLA,2026-04-24,340.0,61.3,63.2,62.25,65.5,1.0,7.0,391.2000122070313,0.1068493150684931,1.150588271197151,0.1402733517545224,0.3268781348889722,0.1229395687032571,0.6044046817508044
TSLA,2026-04-24,345.0,57.35,59.25,58.3,61.55,20.0,5.0,391.2000122070313,0.1068493150684931,1.1339130788609604,0.1256745523333698,0.3268781348889722,0.1211578358234998,0.595361885292262
TSLA,2026-04-24,350.0,53.55,55.3,54.425,55.65,2.0,52.0,391.2000122070313,0.1068493150684931,1.117714320591518,0.1112858148812702,0.3268781348889722,0.1194270095974498,0.5859687477496713
TSLA,2026-04-24,355.0,50.15,51.6,50.875,55.51,1.0,10.0,391.2000122070313,0.1068493150684931,1.1019718653719193,0.0971011798893138,0.3268781348889722,0.1177449390397392,0.582101808301881
TSLA,2026-04-24,360.0,46.55,47.95,47.25,59.02,6.0,13.0,391.2000122070313,0.1068493150684931,1.086666700575087,0.0831149379145738,0.3268781348889722,0.1161095926641873,0.5737958591175973
TSLA,2026-04-24,365.0,42.5,44.45,43.475,57.22,1.0,6.0,391.2000122070313,0.1068493150684931,1.0717808553617296,0.069321615782238,0.3268781348889722,0.1145190502989244,0.5597759125665873
TSLA,2026-04-24,375.0,36.2,37.5,36.85,41.07,1.0,47.0,391.2000122070313,0.1068493150684931,1.0432000325520834,0.0422929433943186,0.3268781348889722,0.1114652089576198,0.5447352070117295
TSLA,2026-04-24,380.0,33.35,34.4,33.875,36.0,9.0,41.0,391.2000122070313,0.1068493150684931,1.0294737163342929,0.029047716644298,0.3268781348889722,0.1099985614713353,0.5402265716227667
TSLA,2026-04-24,385.0,30.5,31.45,30.975,31.1,32.0,34.0,391.2000122070313,0.1068493150684931,1.0161039278104709,0.0159756350769452,0.3268781348889722,0.1085700087249543,0.53445211281465
TSLA,2026-04-24,390.0,27.8,28.35,28.075000000000003,28.44,115.0,75.0,391.2000122070313,0.1068493150684931,1.0030769543770033,0.0030722302410373,0.3268781348889722,0.1071780855361729,0.5259307823182642
TSLA,2026-04-24,395.0,25.3,25.55,25.425,24.99,110.0,103.0,391.2000122070313,0.1068493150684931,0.9903797777393196,-0.0096667955363923,0.3268781348889722,0.1058214009091327,0.5195716244915425
TSLA,2026-04-24,400.0,22.9,23.25,23.075,23.2,440.0,419.0,391.2000122070313,0.1068493150684931,0.9780000305175782,-0.0222455777432524,0.3268781348889722,0.1044986333977685,0.5162610420632138
TSLA,2026-04-24,405.0,20.55,20.95,20.75,20.95,452.0,237.0,391.2000122070313,0.1068493150684931,0.965925956066744,-0.0346680977418096,0.3268781348889722,0.1032085268126109,0.5105858696590364
TSLA,2026-04-24,410.0,18.45,18.85,18.65,18.7,167.0,374.0,391.2000122070313,0.1068493150684931,0.9541463712366616,-0.0469381903336239,0.3268781348889722,0.1019498862417254,0.5064813759786784
TSLA,2026-04-24,415.0,16.55,16.9,16.725,16.68,97.0,299.0,391.2000122070313,0.1068493150684931,0.942650631824172,-0.0590595508659687,0.3268781348889722,0.100721574359295,0.5030158736796376
TSLA,2026-04-24,420.0,14.75,15.2,14.975,15.29,115.0,903.0,391.2000122070313,0.1068493150684931,0.9314286004929316,-0.0710357419126845,0.3268781348889722,0.0995225079978748,0.5002777862229644
TSLA,2026-04-24,425.0,13.15,13.6,13.375,13.0,76.0,155.0,391.2000122070313,0.1068493150684931,0.9204706169577208,-0.0828701995596873,0.3268781348889722,0.0983516549626057,0.49786867159230996
TSLA,2026-04-24,430.0,11.7,12.05,11.875,11.9,77.0,273.0,391.2000122070313,0.1068493150684931,0.90976747024891,-0.0945662393228785,0.3268781348889722,0.0972080310676917,0.49482128083583704
TSLA,2026-04-24,435.0,10.35,10.75,10.55,10.4,100.0,79.0,391.2000122070313,0.1068493150684931,0.8993103728897271,-0.1061270617239545,0.3268781348889722,0.0960906973772584,0.49289322023165216
TSLA,2026-04-24,440.0,9.2,9.55,9.375,9.12,513.0,204.0,391.2000122070313,0.1068493150684931,0.8890909368341621,-0.1175557575475773,0.3268781348889722,0.094998757634335,0.49176396590931704
TSLA,2026-04-24,445.0,8.1,8.5,8.3,8.34,147.0,355.0,391.2000122070313,0.1068493150684931,0.8791011510270367,-0.1288553128015106,0.3268781348889722,0.0939313558631627,0.4904534837249517
TSLA,2026-04-24,450.0,7.2,7.45,7.325,7.42,230.0,758.0,391.2000122070313,0.1068493150684931,0.8693333604600696,-0.1400286133996358,0.3268781348889722,0.0928876741313498,0.4891051824060828
TSLA,2026-04-24,455.0,6.35,6.7,6.525,6.62,125.0,170.0,391.2000122070313,0.1068493150684931,0.85978024660886,-0.1510784495862209,0.3268781348889722,0.0918669304595767,0.48998977464433
TSLA,2026-04-24,460.0,5.6,5.9,5.75,5.87,68.0,439.0,391.2000122070313,0.1068493150684931,0.8504348091457202,-0.1620075201184111,0.3268781348889722,0.0908683768676248,0.48927214986160394
TSLA,2026-04-24,465.0,4.95,5.25,5.1,5.2,44.0,260.0,391.2000122070313,0.1068493150684931,0.8412903488323253,-0.1728184362226268,0.3268781348889722,0.0898912975464676,0.48999706130972503
TSLA,2026-04-24,470.0,4.5,4.65,4.575,4.56,46.0,342.0,391.2000122070313,0.1068493150684931,0.8323404515043219,-0.1835137253393747,0.3268781348889722,0.088935007147037,0.4926659477968811
TSLA,2026-04-24,475.0,3.9,4.15,4.025,4.02,65.0,152.0,391.2000122070313,0.1068493150684931,0.8235789730674343,-0.1940958346699116,0.3268781348889722,0.0879988491770682,0.4925113632021844
TSLA,2026-04-24,480.0,3.45,3.7,3.575,3.57,85.0,269.0,391.2000122070313,0.1068493150684931,0.8150000254313152,-0.204567134537207,0.3268781348889722,0.0870821944981404,0.49393168180909747
TSLA,2026-04-24,495.0,2.43,2.59,2.51,2.7,31.0,82.0,391.2000122070313,0.1068493150684931,0.7903030549636996,-0.2353387932039608,0.3268781348889722,0.0844433401194089,0.4989179067057072
TSLA,2026-04-24,500.0,2.18,2.31,2.245,2.26,127.0,678.0,391.2000122070313,0.1068493150684931,0.7824000244140626,-0.2453891290574621,0.3268781348889722,0.0835989067182148,0.5014011843909025
TSLA,2026-04-24,510.0,1.73,1.84,1.785,1.79,34.0,250.0,391.2000122070313,0.1068493150684931,0.7670588474647673,-0.2651917563536419,0.3268781348889722,0.0819597124688381,0.5056126981752813
TSLA,2026-04-24,515.0,1.55,1.7,1.625,2.12,31.0,84.0,391.2000122070313,0.1068493150684931,0.7596116741884104,-0.2749479312990065,0.3268781348889722,0.0811639871050629,0.5098615840594767
TSLA,2026-04-24,525.0,1.25,1.38,1.315,1.41,2.0,65.0,391.2000122070313,0.1068493150684931,0.7451428803943454,-0.2941792932268941,0.3268781348889722,0.0796180063982998,0.5155646737798452
TSLA,2026-04-24,535.0,1.02,1.16,1.09,1.15,1.0,3.0,391.2000122070313,0.1068493150684931,0.731214976087909,-0.313047777531277,0.3268781348889722,0.0781298193628176,0.5232341796805261
TSLA,2026-04-24,540.0,0.92,1.06,0.99,1.03,10.0,46.0,391.2000122070313,0.1068493150684931,0.7244444670500579,-0.3223501701935906,0.3268781348889722,0.0774063951094582,0.526663829797685
TSLA,2026-04-24,545.0,0.84,0.95,0.895,0.89,33.0,64.0,391.2000122070313,0.1068493150684931,0.7177981875358372,-0.3315668252985145,0.3268781348889722,0.0766962446956099,0.5295704493312834
TSLA,2026-04-24,560.0,0.63,0.74,0.685,0.86,1.0,65.0,391.2000122070313,0.1068493150684931,0.6985714503696988,-0.3587178143644653,0.3268781348889722,0.0746418809984061,0.5407802911375761
TSLA,2026-04-24,575.0,0.49,0.55,0.52,0.54,4.0,67.0,391.2000122070313,0.1068493150684931,0.6803478473165762,-0.3851510714326209,0.3268781348889722,0.0726947014940998,0.5503371774859428
TSLA,2026-04-24,580.0,0.43,0.54,0.485,0.51,2.0,809.0,391.2000122070313,0.1068493150684931,0.6744827796672953,-0.3938091341757355,0.3268781348889722,0.0720680230329438,0.5550871892540454
TSLA,2026-04-24,600.0,0.3,0.41,0.355,0.36,20.0,305.0,391.2000122070313,0.1068493150684931,0.6520000203450522,-0.4277106858514167,0.3268781348889722,0.0696657555985124,0.5702767126561403
TSLA,2026-05-15,5.0,389.5,397.7,393.6,416.95,50.0,6234.0,391.2000122070313,0.1643835616438356,78.24000244140626,4.359781056930629,0.4054424270396916,12.861370264340756,3.0
TSLA,2026-05-15,10.0,427.65,434.3,430.975,311.39,15.0,81.0,391.2000122070313,0.1643835616438356,39.12000122070313,3.666633876370684,0.4054424270396916,6.430685132170377,3.0
TSLA,2026-05-15,15.0,422.8,429.8,426.3,287.93,,1.0,391.2000122070313,0.1643835616438356,26.080000813802087,3.261168768262519,0.4054424270396916,4.2871234214469185,3.0
TSLA,2026-05-15,20.0,367.85,375.0,371.425,402.64,1.0,13.0,391.2000122070313,0.1643835616438356,19.560000610351565,2.9734866958107387,0.4054424270396916,3.2153425660851886,2.769521790082932
TSLA,2026-05-15,35.0,402.5,409.35,405.925,386.09,,7.0,391.2000122070313,0.1643835616438356,11.17714320591518,2.413870907875316,0.4054424270396916,1.8373386091915365,3.0
TSLA,2026-05-15,40.0,393.25,396.65,394.95,429.95,,18.0,391.2000122070313,0.1643835616438356,9.780000305175784,2.2803395152507933,0.4054424270396916,1.6076712830425943,3.0
TSLA,2026-05-15,45.0,392.65,399.7,396.1749999999999,376.92,5.0,5.0,391.2000122070313,0.1643835616438356,8.693333604600696,2.16255647959441,0.4054424270396916,1.429041140482306,3.0
TSLA,2026-05-15,50.0,381.25,384.85,383.05,380.85,1.0,1.0,391.2000122070313,0.1643835616438356,7.824000244140626,2.0571959639365835,0.4054424270396916,1.2861370264340757,3.0
TSLA,2026-05-15,55.0,378.55,384.95,381.75,365.25,1.0,1.0,391.2000122070313,0.1643835616438356,7.112727494673297,1.9618857841322583,0.4054424270396916,1.1692154785764322,3.0
TSLA,2026-05-15,60.0,328.2,335.15,331.67499999999995,360.97,2.0,2.0,391.2000122070313,0.1643835616438356,6.520000203450522,1.8748744071426289,0.4054424270396916,1.0717808553617296,1.7398313908205034
TSLA,2026-05-15,70.0,318.3,325.15,321.725,320.03,1.0,29.0,391.2000122070313,0.1643835616438356,5.5885716029575905,1.7207237273153706,0.4054424270396916,0.9186693045957682,1.5844807574844362
TSLA,2026-05-15,75.0,359.1,362.4,360.75,421.17,,4.0,391.2000122070313,0.1643835616438356,5.216000162760418,1.6517308558284192,0.4054424270396916,0.8574246842893837,3.0
TSLA,2026-05-15,80.0,308.4,315.2,311.79999999999995,321.88,2.0,2.0,391.2000122070313,0.1643835616438356,4.890000152587891,1.587192334690848,0.4054424270396916,0.8038356415212972,1.4835725117015839
TSLA,2026-05-15,85.0,310.15,318.4,314.275,365.4,2.0,2.0,391.2000122070313,0.1643835616438356,4.602353084788604,1.526567712874413,0.4054424270396916,0.7565511920200444,2.8026640476931926
TSLA,2026-05-15,90.0,299.4,305.3,302.35,304.47,2.0,4.0,391.2000122070313,0.1643835616438356,4.346666802300348,1.4694092990344645,0.4054424270396916,0.714520570241153,1.6667401466448313
TSLA,2026-05-15,95.0,337.45,340.35,338.9,354.67,1.0,4.0,391.2000122070313,0.1643835616438356,4.117894865337171,1.4153420777641887,0.4054424270396916,0.6769142244389871,3.0
TSLA,2026-05-15,100.0,289.55,295.3,292.425,302.64,3.0,375.0,391.2000122070313,0.1643835616438356,3.912000122070313,1.3640487833766382,0.4054424270396916,0.6430685132170377,1.5566101117148397
TSLA,2026-05-15,105.0,327.7,330.55,329.125,304.7,2.0,4.0,391.2000122070313,0.1643835616438356,3.7257144019717265,1.3152586192072062,0.4054424270396916,0.6124462030638455,3.0
TSLA,2026-05-15,110.0,352.35,359.15,355.75,335.25,2.0,141.0,391.2000122070313,0.1643835616438356,3.5563637473366483,1.2687386035723134,0.4054424270396916,0.5846077392882161,3.0
TSLA,2026-05-15,115.0,274.7,280.5,277.6,301.64,2.0,3.0,391.2000122070313,0.1643835616438356,3.401739236582881,1.2242868410014796,0.4054424270396916,0.5591900114930762,1.4298718441007137
TSLA,2026-05-15,120.0,268.95,275.55,272.25,287.46,1.0,113.0,391.2000122070313,0.1643835616438356,3.260000101725261,1.1817272265826837,0.4054424270396916,0.5358904276808648,1.2492433661785127
TSLA,2026-05-15,125.0,270.7,278.85,274.775,310.16,1.0,9.0,391.2000122070313,0.1643835616438356,3.1296000976562506,1.1409052320624284,0.4054424270396916,0.5144548105736302,2.1435569101320797
TSLA,2026-05-15,130.0,259.1,265.6,262.35,254.96,15.0,19.0,391.2000122070313,0.1643835616438356,3.00923086313101,1.101684518909147,0.4054424270396916,0.4946680870900289,1.1860469665744304
TSLA,2026-05-15,135.0,255.7,260.65,258.17499999999995,304.5,1.0,86.0,391.2000122070313,0.1643835616438356,2.897777868200232,1.0639441909263,0.4054424270396916,0.4763470468274353,1.3521868714834453
TSLA,2026-05-15,140.0,294.85,298.8,296.82500000000005,310.24,1.0,20.0,391.2000122070313,0.1643835616438356,2.7942858014787952,1.0275765467554252,0.4054424270396916,0.4593346522978841,3.0
TSLA,2026-05-15,145.0,288.3,291.8,290.05,315.85,2.0,321.0,391.2000122070313,0.1643835616438356,2.6979311186691812,0.9924852269441552,0.4054424270396916,0.4434955263565777,3.0
TSLA,2026-05-15,150.0,240.4,245.65,243.025,257.08,1.0,102.0,391.2000122070313,0.1643835616438356,2.608000081380209,0.958583675268474,0.4054424270396916,0.4287123421446918,1.1842030378983015
TSLA,2026-05-15,155.0,278.55,281.95,280.25,297.87,2.0,88.0,391.2000122070313,0.1643835616438356,2.523871046496976,0.925793852445483,0.4054424270396916,0.4148829117529276,3.0
TSLA,2026-05-15,160.0,230.45,234.65,232.55,252.42,7.0,198.0,391.2000122070313,0.1643835616438356,2.4450000762939457,0.8940451541309026,0.4054424270396916,0.4019178207606486,0.9834057854185103
TSLA,2026-05-15,165.0,225.7,230.85,228.275,220.13,1.0,164.0,391.2000122070313,0.1643835616438356,2.3709091648910987,0.8632734954641489,0.4054424270396916,0.3897384928588107,1.1039502980400326
TSLA,2026-05-15,170.0,220.85,225.9,223.375,237.75,1.0,159.0,391.2000122070313,0.1643835616438356,2.301176542394302,0.8334205323144678,0.4054424270396916,0.3782755960100222,1.0804176768711808
TSLA,2026-05-15,175.0,216.05,220.9,218.475,243.75,1.0,92.0,391.2000122070313,0.1643835616438356,2.235428641183036,0.8044329954412156,0.4054424270396916,0.3674677218383073,1.0569032947175505
TSLA,2026-05-15,180.0,211.15,216.0,213.575,251.84,1.0,66.0,391.2000122070313,0.1643835616438356,2.173333401150174,0.7762621184745192,0.4054424270396916,0.3572602851205765,1.0334414838430885
TSLA,2026-05-15,185.0,206.3,211.05,208.675,212.95,1.0,8.0,391.2000122070313,0.1643835616438356,2.1145946605785477,0.7488631442864048,0.4054424270396916,0.3476046017389393,1.0100587087012531
TSLA,2026-05-15,190.0,201.5,206.05,203.775,217.7,1.0,20.0,391.2000122070313,0.1643835616438356,2.0589474326685857,0.7221948972042433,0.4054424270396916,0.3384571122194935,0.9867753540737629
TSLA,2026-05-15,195.0,196.7,200.45,198.575,209.77,1.0,80.0,391.2000122070313,0.1643835616438356,2.0061539087540066,0.6962194108009827,0.4054424270396916,0.329778724726686,0.9268616195818187
TSLA,2026-05-15,200.0,191.95,196.1,194.025,206.06,1.0,1217.0,391.2000122070313,0.1643835616438356,1.9560000610351564,0.6709016028166929,0.4054424270396916,0.3215342566085188,0.9459646634460686
TSLA,2026-05-15,205.0,186.5,191.15,188.825,199.63,1.0,92.0,391.2000122070313,0.1643835616438356,1.9082927424733231,0.6462089902263213,0.4054424270396916,0.3136919576668476,0.8905523894363641
TSLA,2026-05-15,210.0,182.25,186.1,184.175,186.82,9.0,39.0,391.2000122070313,0.1643835616438356,1.8628572009858633,0.6221114386472608,0.4054424270396916,0.3062231015319227,0.8948680623027682
TSLA,2026-05-15,215.0,177.55,181.25,179.4,179.31,3.0,61.0,391.2000122070313,0.1643835616438356,1.81953494049782,0.5985809412370667,0.4054424270396916,0.2991016340544362,0.8837107917756436
TSLA,2026-05-15,220.0,172.8,176.25,174.525,187.33,1.0,67.0,391.2000122070313,0.1643835616438356,1.778181873668324,0.575591423012368,0.4054424270396916,0.292303869644108,0.8628162117005587
TSLA,2026-05-15,225.0,168.05,170.7,169.375,171.35,86.0,81.0,391.2000122070313,0.1643835616438356,1.7386667209201392,0.5531185671603094,0.4054424270396916,0.2858082280964612,0.8187414526036978
TSLA,2026-05-15,230.0,163.45,166.3,164.875,169.15,1.0,87.0,391.2000122070313,0.1643835616438356,1.7008696182914405,0.5311396604415342,0.4054424270396916,0.2795950057465381,0.8285517182125448
TSLA,2026-05-15,235.0,158.8,161.3,160.05,161.39,1.0,71.0,391.2000122070313,0.1643835616438356,1.6646809030086438,0.5096334552205706,0.4054424270396916,0.2736461758370373,0.8107929076515137
TSLA,2026-05-15,240.0,153.5,156.3,154.9,148.53,5.0,30.0,391.2000122070313,0.1643835616438356,1.6300000508626304,0.4885800460227382,0.4054424270396916,0.2679452138404324,0.7701793593206999
TSLA,2026-05-15,245.0,149.15,151.3,150.22500000000002,160.99,4.0,21.0,391.2000122070313,0.1643835616438356,1.5967347437021686,0.4679607588200025,0.4054424270396916,0.2624769441702195,0.7630285030636488
TSLA,2026-05-15,250.0,144.65,146.25,145.45,151.11,1.0,489.0,391.2000122070313,0.1643835616438356,1.5648000488281253,0.4477580515024831,0.4054424270396916,0.2572274052868151,0.7480615135286451
TSLA,2026-05-15,255.0,139.9,141.4,140.65,142.58,,1.0,391.2000122070313,0.1643835616438356,1.5341176949295343,0.4279554242063034,0.4054424270396916,0.2521837306733481,0.7310248428006769
TSLA,2026-05-15,260.0,135.2,136.65,135.925,142.36,1.0,154.0,391.2000122070313,0.1643835616438356,1.504615431565505,0.4085373383492017,0.4054424270396916,0.2473340435450144,0.7176898875002562
TSLA,2026-05-15,270.0,125.85,127.3,126.575,132.4,3.0,76.0,391.2000122070313,0.1643835616438356,1.448888934100116,0.3707970103663547,0.4054424270396916,0.2381735234137176,0.6934413849839568
TSLA,2026-05-15,275.0,121.3,122.65,121.975,121.45,2.0,109.0,391.2000122070313,0.1643835616438356,1.422545498934659,0.3524478716981583,0.4054424270396916,0.2338430957152864,0.6832294140055479
TSLA,2026-05-15,280.0,116.65,118.1,117.375,123.9,13.0,177.0,391.2000122070313,0.1643835616438356,1.3971429007393976,0.33442936619548,0.4054424270396916,0.229667326148942,0.6718235027856231
TSLA,2026-05-15,285.0,112.1,113.55,112.825,115.19,1.0,3.0,391.2000122070313,0.1643835616438356,1.3726316217790573,0.3167297890960791,0.4054424270396916,0.2256380748129957,0.6613076376271247
TSLA,2026-05-15,290.0,107.6,109.05,108.325,110.5,1.0,128.0,391.2000122070313,0.1643835616438356,1.3489655593345906,0.2993380463842097,0.4054424270396916,0.2217477631782888,0.6514500757484141
TSLA,2026-05-15,295.0,103.1,104.6,103.85,109.6,12.0,16.0,391.2000122070313,0.1643835616438356,1.3261017362950214,0.2822436130249097,0.4054424270396916,0.21798932651425,0.6412071252662093
TSLA,2026-05-15,300.0,98.9,100.05,99.475,100.53,7.0,860.0,391.2000122070313,0.1643835616438356,1.3040000406901044,0.2654364947085285,0.4054424270396916,0.2143561710723459,0.6329679630641342
TSLA,2026-05-15,305.0,94.5,95.75,95.125,98.92,2.0,12.0,391.2000122070313,0.1643835616438356,1.2826229908427256,0.2489071927573179,0.4054424270396916,0.2108421354809959,0.6240500680970849
TSLA,2026-05-15,310.0,90.15,91.45,90.8,93.09,3.0,178.0,391.2000122070313,0.1643835616438356,1.261935523248488,0.2326466718855376,0.4054424270396916,0.2074414558764638,0.6144844645723253
TSLA,2026-05-15,315.0,85.9,87.25,86.575,90.27,1.0,19.0,391.2000122070313,0.1643835616438356,1.2419048006572422,0.2166463305390964,0.4054424270396916,0.2041487343546151,0.6063074401917159
TSLA,2026-05-15,320.0,81.75,83.1,82.425,81.5,4.0,304.0,391.2000122070313,0.1643835616438356,1.2225000381469728,0.2008979735709573,0.4054424270396916,0.2009589103803243,0.5985848712737114
TSLA,2026-05-15,325.0,77.7,78.95,78.325,80.2,1.0,53.0,391.2000122070313,0.1643835616438356,1.203692345252404,0.185393787034992,0.4054424270396916,0.1978672348360116,0.5905632361502349
TSLA,2026-05-15,330.0,73.6,75.0,74.3,75.5,3.0,353.0,391.2000122070313,0.1643835616438356,1.1854545824455494,0.1701263149042035,0.4054424270396916,0.1948692464294053,0.5827779482656716
TSLA,2026-05-15,335.0,69.65,71.05,70.35,75.9,2.0,47.0,391.2000122070313,0.1643835616438356,1.16776123046875,0.1550884375396631,0.4054424270396916,0.1919607502140411,0.5751161313616038
TSLA,2026-05-15,340.0,65.8,67.2,66.5,70.63,14.0,413.0,391.2000122070313,0.1643835616438356,1.150588271197151,0.1402733517545224,0.4054424270396916,0.1891377980050111,0.568005910557583
TSLA,2026-05-15,345.0,62.25,63.45,62.85,69.6,6.0,38.0,391.2000122070313,0.1643835616438356,1.1339130788609604,0.1256745523333698,0.4054424270396916,0.1863966704976921,0.5633088723998667
TSLA,2026-05-15,350.0,58.75,59.4,59.075,58.53,35.0,917.0,391.2000122070313,0.1643835616438356,1.117714320591518,0.1112858148812702,0.4054424270396916,0.1837338609191536,0.5544007227889896
TSLA,2026-05-15,355.0,54.8,56.25,55.525,56.14,2.0,67.0,391.2000122070313,0.1643835616438356,1.1019718653719193,0.0971011798893138,0.4054424270396916,0.1811460600611374,0.5481838113996089
TSLA,2026-05-15,360.0,51.8,52.35,52.075,51.83,110.0,1391.0,391.2000122070313,0.1643835616438356,1.086666700575087,0.0831149379145738,0.4054424270396916,0.1786301425602882,0.5420649570687787
TSLA,2026-05-15,365.0,48.55,49.45,49.0,48.37,8.0,41.0,391.2000122070313,0.1643835616438356,1.0717808553617296,0.069321615782238,0.4054424270396916,0.1761831543060377,0.5407903494180293
TSLA,2026-05-15,370.0,45.0,46.15,45.575,45.35,17.0,560.0,391.2000122070313,0.1643835616438356,1.057297330289274,0.0557159637264594,0.4054424270396916,0.1738023008694696,0.5315545233817249
TSLA,2026-05-15,375.0,42.4,42.65,42.525,44.88,11.0,124.0,391.2000122070313,0.1643835616438356,1.0432000325520834,0.0422929433943186,0.4054424270396916,0.1714849368578767,0.5269736024839057
TSLA,2026-05-15,380.0,39.5,39.7,39.6,40.0,39.0,1316.0,391.2000122070313,0.1643835616438356,1.0294737163342929,0.029047716644298,0.4054424270396916,0.1692285561097467,0.5226129579280092
TSLA,2026-05-15,385.0,36.7,36.9,36.8,37.11,284.0,338.0,391.2000122070313,0.1643835616438356,1.0161039278104709,0.0159756350769452,0.4054424270396916,0.167030782653776,0.5184303002326636
TSLA,2026-05-15,390.0,34.05,34.25,34.15,34.12,642.0,1493.0,391.2000122070313,0.1643835616438356,1.0030769543770033,0.0030722302410373,0.4054424270396916,0.164889362363343,0.5147941647936699
TSLA,2026-05-15,395.0,31.55,31.7,31.625,31.85,392.0,767.0,391.2000122070313,0.1643835616438356,0.9903797777393196,-0.0096667955363923,0.4054424270396916,0.1628021552448196,0.5112784604993015
TSLA,2026-05-15,400.0,29.15,29.3,29.225,29.2,1163.0,8976.0,391.2000122070313,0.1643835616438356,0.9780000305175782,-0.0222455777432524,0.4054424270396916,0.1607671283042594,0.5078761242015062
TSLA,2026-05-15,405.0,26.9,27.05,26.975,27.05,452.0,12489.0,391.2000122070313,0.1643835616438356,0.965925956066744,-0.0346680977418096,0.4054424270396916,0.1587823489424784,0.5049840332952291
TSLA,2026-05-15,410.0,24.8,24.9,24.85,24.97,1253.0,13751.0,391.2000122070313,0.1643835616438356,0.9541463712366616,-0.0469381903336239,0.4054424270396916,0.1568459788334238,0.5022203754544705
TSLA,2026-05-15,415.0,22.8,22.95,22.875,22.56,159.0,811.0,391.2000122070313,0.1643835616438356,0.942650631824172,-0.0590595508659687,0.4054424270396916,0.1549562682450693,0.500009096024461
TSLA,2026-05-15,420.0,20.95,21.05,21.0,21.3,1063.0,5909.0,391.2000122070313,0.1643835616438356,0.9314286004929316,-0.0710357419126845,0.4054424270396916,0.1531115507659613,0.49758782205032537
TSLA,2026-05-15,425.0,19.25,19.3,19.275,19.41,148.0,1444.0,391.2000122070313,0.1643835616438356,0.9204706169577208,-0.0828701995596873,0.4054424270396916,0.1513102384040088,0.49580922749367345
TSLA,2026-05-15,430.0,17.6,17.7,17.65,17.65,583.0,2940.0,391.2000122070313,0.1643835616438356,0.90976747024891,-0.0945662393228785,0.4054424270396916,0.1495508170272181,0.49391558856037254
TSLA,2026-05-15,435.0,16.1,16.25,16.175,16.04,299.0,5670.0,391.2000122070313,0.1643835616438356,0.8993103728897271,-0.1061270617239545,0.4054424270396916,0.1478318421188592,0.4928114128839671
TSLA,2026-05-15,440.0,14.75,14.85,14.8,14.79,2580.0,10163.0,391.2000122070313,0.1643835616438356,0.8890909368341621,-0.1175557575475773,0.4054424270396916,0.146151934822054,0.4917388872633874
TSLA,2026-05-15,445.0,13.45,13.55,13.5,13.5,110.0,2382.0,391.2000122070313,0.1643835616438356,0.8791011510270367,-0.1288553128015106,0.4054424270396916,0.1445097782510197,0.49031990976053474
TSLA,2026-05-15,450.0,12.3,12.4,12.35,12.15,995.0,6578.0,391.2000122070313,0.1643835616438356,0.8693333604600696,-0.1400286133996358,0.4054424270396916,0.1429041140482306,0.48999639075769486
TSLA,2026-05-15,455.0,11.2,11.3,11.25,11.42,113.0,672.0,391.2000122070313,0.1643835616438356,0.85978024660886,-0.1510784495862209,0.4054424270396916,0.1413337391685797,0.4890301699856371
TSLA,2026-05-15,460.0,10.2,10.3,10.25,10.25,184.0,4621.0,391.2000122070313,0.1643835616438356,0.8504348091457202,-0.1620075201184111,0.4054424270396916,0.139797502873269,0.4884375808048099
TSLA,2026-05-15,465.0,9.3,9.4,9.35,9.33,669.0,1468.0,391.2000122070313,0.1643835616438356,0.8412903488323253,-0.1728184362226268,0.4054424270396916,0.1382943039176425,0.4883518842553496
TSLA,2026-05-15,470.0,8.45,8.55,8.5,8.3,3480.0,19346.0,391.2000122070313,0.1643835616438356,0.8323404515043219,-0.1835137253393747,0.4054424270396916,0.1368230879185186,0.4878434717060477
TSLA,2026-05-15,475.0,7.7,7.8,7.75,7.6,299.0,647.0,391.2000122070313,0.1643835616438356,0.8235789730674343,-0.1940958346699116,0.4054424270396916,0.1353828448877974,0.48808679268607497
TSLA,2026-05-15,480.0,7.0,7.1,7.05,7.15,189.0,3039.0,391.2000122070313,0.1643835616438356,0.8150000254313152,-0.204567134537207,0.4054424270396916,0.1339726069202162,0.48809613571102917
TSLA,2026-05-15,485.0,6.35,6.45,6.4,6.55,91.0,593.0,391.2000122070313,0.1643835616438356,0.8065979633134666,-0.2149299215727537,0.4054424270396916,0.1325914460241314,0.4879355161480606
TSLA,2026-05-15,490.0,5.8,5.9,5.85,5.95,51.0,3376.0,391.2000122070313,0.1643835616438356,0.7983673718510843,-0.2251864217399427,0.4054424270396916,0.1312384720851097,0.48899239555460217
TSLA,2026-05-15,495.0,5.25,5.35,5.3,5.4,35.0,243.0,391.2000122070313,0.1643835616438356,0.7903030549636996,-0.2353387932039608,0.4054424270396916,0.1299128309529369,0.48879713080340614
TSLA,2026-05-15,500.0,4.8,4.9,4.85,4.86,280.0,5386.0,391.2000122070313,0.1643835616438356,0.7824000244140626,-0.2453891290574621,0.4054424270396916,0.1286137026434075,0.49015870905247333
TSLA,2026-05-15,505.0,4.35,4.45,4.4,4.4,15.0,247.0,391.2000122070313,0.1643835616438356,0.7746534895188739,-0.2553394599106302,0.4054424270396916,0.1273402996469381,0.49036385327024756
TSLA,2026-05-15,510.0,3.95,4.05,4.0,4.0,501.0,17725.0,391.2000122070313,0.1643835616438356,0.7670588474647673,-0.2651917563536419,0.4054424270396916,0.126091865336674,0.49093610237282514
TSLA,2026-05-15,515.0,3.6,3.7,3.65,3.65,43.0,627.0,391.2000122070313,0.1643835616438356,0.7596116741884104,-0.2749479312990065,0.4054424270396916,0.1248676724693277,0.49204260262960187
TSLA,2026-05-15,520.0,3.3,3.35,3.325,3.29,29.0,1461.0,391.2000122070313,0.1643835616438356,0.7523077157827525,-0.2846098422107436,0.4054424270396916,0.1236670217725072,0.4929645222641974
TSLA,2026-05-15,525.0,3.0,3.1,3.05,3.05,14.0,182.0,391.2000122070313,0.1643835616438356,0.7451428803943454,-0.2941792932268941,0.4054424270396916,0.1224892406127691,0.4947299069458544
TSLA,2026-05-15,530.0,2.75,2.79,2.77,2.74,22.0,1860.0,391.2000122070313,0.1643835616438356,0.7381132305793043,-0.303658037181438,0.4054424270396916,0.1213336817390637,0.49533081097185605
TSLA,2026-05-15,535.0,2.51,2.55,2.53,2.55,9.0,291.0,391.2000122070313,0.1643835616438356,0.731214976087909,-0.313047777531277,0.4054424270396916,0.1201997220966425,0.49659708142569653
TSLA,2026-05-15,540.0,2.29,2.33,2.31,2.33,63.0,1136.0,391.2000122070313,0.1643835616438356,0.7244444670500579,-0.3223501701935906,0.4054424270396916,0.1190867617068588,0.4978226717230379
TSLA,2026-05-15,545.0,2.1,2.13,2.115,2.35,7.0,167.0,391.2000122070313,0.1643835616438356,0.7177981875358372,-0.3315668252985145,0.4054424270396916,0.1179942226086307,0.4993330231158732
TSLA,2026-05-15,550.0,1.91,1.94,1.925,1.94,133.0,3481.0,391.2000122070313,0.1643835616438356,0.7112727494673297,-0.340699308861787,0.4054424270396916,0.1169215478576432,0.5002202975622414
TSLA,2026-05-15,555.0,1.74,1.78,1.76,1.9,4.0,156.0,391.2000122070313,0.1643835616438356,0.7048648868595159,-0.3497491443817049,0.4054424270396916,0.1158682005796464,0.5015608651810287
TSLA,2026-05-15,560.0,1.59,1.63,1.61,1.61,5.0,839.0,391.2000122070313,0.1643835616438356,0.6985714503696988,-0.3587178143644653,0.4054424270396916,0.114833663074471,0.5029351392152008
TSLA,2026-05-15,565.0,1.46,1.49,1.475,1.67,26.0,164.0,391.2000122070313,0.1643835616438356,0.6923894021363386,-0.3676067617817114,0.4054424270396916,0.1138174359676173,0.5044290397315621
TSLA,2026-05-15,570.0,1.33,1.37,1.35,1.37,22.0,751.0,391.2000122070313,0.1643835616438356,0.6863158108895286,-0.3764173914638662,0.4054424270396916,0.1128190374064978,0.5058057277530432
TSLA,2026-05-15,575.0,1.22,1.25,1.235,1.3,36.0,140.0,391.2000122070313,0.1643835616438356,0.6803478473165762,-0.3851510714326209,0.4054424270396916,0.1118380022986152,0.5071158970131278
TSLA,2026-05-15,580.0,1.12,1.15,1.135,1.13,174.0,3164.0,391.2000122070313,0.1643835616438356,0.6744827796672953,-0.3938091341757355,0.4054424270396916,0.1108738815891444,0.5088037211766241
TSLA,2026-05-15,585.0,1.02,1.06,1.04,1.29,4.0,126.0,391.2000122070313,0.1643835616438356,0.6687179695846689,-0.4023928778671269,0.4054424270396916,0.109926241575562,0.5101988270272015
TSLA,2026-05-15,590.0,0.94,0.97,0.955,0.98,12.0,1070.0,391.2000122070313,0.1643835616438356,0.6630508681475107,-0.4109035675350356,0.4054424270396916,0.108994663257125,0.5117446729741693
TSLA,2026-05-15,595.0,0.86,0.9,0.88,0.99,3.0,269.0,391.2000122070313,0.1643835616438356,0.6574790121126577,-0.4193424361809001,0.4054424270396916,0.1080787417171492,0.5135390702069997
TSLA,2026-05-15,600.0,0.8,0.83,0.815,0.83,284.0,3601.0,391.2000122070313,0.1643835616438356,0.6520000203450522,-0.4277106858514167,0.4054424270396916,0.1071780855361729,0.5156935985835195
TSLA,2026-05-15,605.0,0.73,0.76,0.745,0.94,2.0,86.0,391.2000122070313,0.1643835616438356,0.6466115904248452,-0.4360094886661119,0.4054424270396916,0.1062923162342211,0.5167612962294816
TSLA,2026-05-15,610.0,0.68,0.71,0.6950000000000001,0.77,20.0,1937.0,391.2000122070313,0.1643835616438356,0.6413114954213628,-0.4442399878026274,0.4054424270396916,0.1054210677404979,0.5193798466109036
TSLA,2026-05-15,615.0,0.62,0.66,0.64,0.76,1.0,40.0,391.2000122070313,0.1643835616438356,0.6360975808244411,-0.4524032984417884,0.4054424270396916,0.1045639858889492,0.5209391035984754
TSLA,2026-05-15,620.0,0.58,0.61,0.595,0.64,3.0,1127.0,391.2000122070313,0.1643835616438356,0.6309677616242441,-0.4605005086744076,0.4054424270396916,0.1037207279382319,0.5231735617769955
TSLA,2026-05-15,630.0,0.51,0.53,0.52,0.58,1.0,3529.0,391.2000122070313,0.1643835616438356,0.6209524003286211,-0.4765008500208489,0.4054424270396916,0.1020743671773075,0.5282740487395525
TSLA,2026-05-15,640.0,0.43,0.47,0.4499999999999999,0.48,1.0,2211.0,391.2000122070313,0.1643835616438356,0.6112500190734864,-0.492249206988988,0.4054424270396916,0.1004794551901621,0.5324114441728591
TSLA,2026-05-15,650.0,0.38,0.41,0.395,0.4,107.0,2594.0,391.2000122070313,0.1643835616438356,0.601846172626202,-0.5077533935249533,0.4054424270396916,0.0989336174180058,0.5373238189392089
TSLA,2026-05-15,660.0,0.33,0.37,0.35,0.36,4.0,3260.0,391.2000122070313,0.1643835616438356,0.5927272912227747,-0.5230208656557417,0.4054424270396916,0.0974346232147026,0.54263351813519
TSLA,2026-05-15,670.0,0.3,0.33,0.315,0.31,22.0,880.0,391.2000122070313,0.1643835616438356,0.5838806152343751,-0.5380587430202822,0.4054424270396916,0.0959803751070205,0.5487335746574402
TSLA,2026-05-15,680.0,0.27,0.3,0.285,0.28,19.0,4291.0,391.2000122070313,0.1643835616438356,0.5752941355985755,-0.5528738288054228,0.4054424270396916,0.0945688990025055,0.5549126669123172
TSLA,2026-05-15,690.0,0.24,0.27,0.255,0.25,69.0,409.0,391.2000122070313,0.1643835616438356,0.5669565394304802,-0.5674726282265755,0.4054424270396916,0.093198335248846,0.5601004150457383
TSLA,2026-05-15,700.0,0.22,0.26,0.24,0.24,2.0,8896.0,391.2000122070313,0.1643835616438356,0.558857160295759,-0.5818613656786751,0.4054424270396916,0.0918669304595768,0.568328714304924
TSLA,2026-05-15,710.0,0.19,0.24,0.215,0.24,101.0,6308.0,391.2000122070313,0.1643835616438356,0.5509859326859596,-0.5960460006706315,0.4054424270396916,0.0905730300305687,0.5731005413657426
TSLA,2026-05-15,720.0,0.18,0.22,0.2,0.21,1.0,4347.0,391.2000122070313,0.1643835616438356,0.5433333502875435,-0.6100322426453715,0.4054424270396916,0.0893150712801441,0.580057831603408
TSLA,2026-05-15,730.0,0.16,0.2,0.18,0.18,3.0,2206.0,391.2000122070313,0.1643835616438356,0.5358904276808648,-0.6238255647777072,0.4054424270396916,0.0880915771530188,0.5846880380754469
TSLA,2026-05-15,740.0,0.15,0.19,0.1699999999999999,0.17,5.0,2733.0,391.2000122070313,0.1643835616438356,0.5286486651446369,-0.6374312168334858,0.4054424270396916,0.0869011504347348,0.5921352783298492
TSLA,2026-05-15,750.0,0.13,0.18,0.155,0.17,10.0,3250.0,391.2000122070313,0.1643835616438356,0.5216000162760417,-0.6508542371656267,0.4054424270396916,0.0857424684289383,0.5971592329540254
TSLA,2026-05-15,760.0,0.12,0.17,0.145,0.14,1.0,883.0,391.2000122070313,0.1643835616438356,0.5147368581671464,-0.6640994639156472,0.4054424270396916,0.0846142780548733,0.6035772205455303
TSLA,2026-05-15,770.0,0.11,0.16,0.135,0.13,2.0,3465.0,391.2000122070313,0.1643835616438356,0.5080519639052354,-0.6771715454830001,0.4054424270396916,0.083515391326888,0.6094981055653095
TSLA,2026-05-15,780.0,0.1,0.15,0.125,0.13,6.0,1975.0,391.2000122070313,0.1643835616438356,0.5015384771885016,-0.690074950318908,0.4054424270396916,0.0824446811816715,0.6148911320269108
TSLA,2026-05-15,790.0,0.09,0.14,0.115,0.11,20.0,2842.0,391.2000122070313,0.1643835616438356,0.4951898888696598,-0.7028139760963377,0.4054424270396916,0.0814010776224098,0.6197155303668975
TSLA,2026-05-15,800.0,0.08,0.13,0.105,0.13,2020.0,5330.0,391.2000122070313,0.1643835616438356,0.4890000152587891,-0.7153927583031978,0.4054424270396916,0.0803835641521297,0.6239183716783523
TSLA,2026-05-15,810.0,0.08,0.12,0.1,0.11,12.0,2477.0,391.2000122070313,0.1643835616438356,0.4829629780333719,-0.727815278301755,0.4054424270396916,0.0793911744712392,0.6304858476691247
TSLA,2026-05-15,820.0,0.07,0.11,0.09,0.1,1000.0,981.0,391.2000122070313,0.1643835616438356,0.4770731856183308,-0.7400853708935693,0.4054424270396916,0.0784229894167119,0.6335185309844017
TSLA,2026-05-15,830.0,0.07,0.1,0.085,0.1,3.0,1505.0,391.2000122070313,0.1643835616438356,0.4713253159120859,-0.752206731425914,0.4054424270396916,0.0774781341225346,0.6392591716184615
TSLA,2026-05-15,850.0,0.06,0.09,0.075,0.09,270.0,378.0,391.2000122070313,0.1643835616438356,0.4602353084788603,-0.7760173801196326,0.4054424270396916,0.0756551192020044,0.64964325095129
TSLA,2026-05-15,870.0,0.05,0.08,0.065,0.08,59.0,4074.0,391.2000122070313,0.1643835616438356,0.4496551864448636,-0.7992742422838999,0.4054424270396916,0.0739159210594296,0.6584165749006272
