contractSymbol,lastTradeDate,strike,lastPrice,bid,ask,change,percentChange,volume,openInterest,impliedVolatility,inTheMoney,contractSize,currency,expiry,dte,spot
SPY260116C00210000,2025-12-26 15:13:56+00:00,210.0,476.5,472.34,475.12,-4.1700134,-0.8675418,1.0,67,2.6445346386718755,True,REGULAR,USD,2026-01-16,12,683.1699829101562
SPY260116C00215000,2025-12-18 20:59:29+00:00,215.0,461.5,467.34,470.1,0.0,0.0,5.0,1,2.587894155273437,True,REGULAR,USD,2026-01-16,12,683.1699829101562
SPY260116C00220000,2025-12-18 19:48:00+00:00,220.0,456.33,462.35,465.14,0.0,0.0,50.0,5,2.5537145532226564,True,REGULAR,USD,2026-01-16,12,683.1699829101562
SPY260116C00225000,2025-12-18 19:48:00+00:00,225.0,451.66,457.37,460.12,0.0,0.0,50.0,0,2.5058631103515623,True,REGULAR,USD,2026-01-16,12,683.1699829101562
SPY260116C00230000,2025-12-19 17:02:16+00:00,230.0,450.6,452.37,455.15,0.0,0.0,2.0,7,2.4668007080078125,True,REGULAR,USD,2026-01-16,12,683.1699829101562
SPY260116C00235000,2025-12-18 19:48:00+00:00,235.0,441.65,447.38,450.18,0.0,0.0,25.0,5,2.4306679858398432,True,REGULAR,USD,2026-01-16,12,683.1699829101562
SPY260116C00240000,2025-12-18 19:48:00+00:00,240.0,436.53,442.39,445.17,0.0,0.0,25.0,8,2.3847696630859367,True,REGULAR,USD,2026-01-16,12,683.1699829101562
SPY260116C00245000,2025-06-23 13:30:09+00:00,245.0,354.04,418.27,421.45,0.0,0.0,1.0,3,1.0000000000000003e-05,True,REGULAR,USD,2026-01-16,12,683.1699829101562
SPY260116C00250000,2026-01-02 15:11:54+00:00,250.0,435.5,432.41,435.19,-2.899994,-0.661495,1.0,34,2.306644858398437,True,REGULAR,USD,2026-01-16,12,683.1699829101562
SPY260116C00255000,2025-12-19 15:04:51+00:00,255.0,425.93,427.42,430.17,0.0,0.0,1.0,3,2.2617230957031245,True,REGULAR,USD,2026-01-16,12,683.1699829101562
SPY260116C00260000,2025-12-08 14:59:01+00:00,260.0,425.5,422.42,425.2,0.0,0.0,1.0,1,2.2265669335937495,True,REGULAR,USD,2026-01-16,12,683.1699829101562
SPY260116C00265000,2025-11-20 18:12:57+00:00,265.0,396.27,417.42,420.21,0.0,0.0,1.0,0,2.1875045312499997,True,REGULAR,USD,2026-01-16,12,683.1699829101562
SPY260116C00270000,2025-12-18 19:48:00+00:00,270.0,406.17,412.44,415.23,0.0,0.0,25.0,1,2.156254609375,True,REGULAR,USD,2026-01-16,12,683.1699829101562
SPY260116C00275000,2025-12-18 19:48:00+00:00,275.0,401.34,407.45,410.24,0.0,0.0,50.0,6,2.1201218872070307,True,REGULAR,USD,2026-01-16,12,683.1699829101562
SPY260116C00280000,2025-12-18 19:48:00+00:00,280.0,396.17,402.45,405.24,0.0,0.0,50.0,7,2.081059484863281,True,REGULAR,USD,2026-01-16,12,683.1699829101562
SPY260116C00285000,2025-12-24 16:29:18+00:00,285.0,405.51,397.46,400.23,0.0,0.0,1.0,1,2.042973642578125,True,REGULAR,USD,2026-01-16,12,683.1699829101562
SPY260116C00290000,2025-12-18 21:09:19+00:00,290.0,384.9,392.46,395.27,0.0,0.0,495.0,0,2.0127002807617185,True,REGULAR,USD,2026-01-16,12,683.1699829101562
SPY260116C00295000,2025-12-18 19:48:00+00:00,295.0,381.47,387.48,390.26,0.0,0.0,50.0,0,1.9775391748046878,True,REGULAR,USD,2026-01-16,12,683.1699829101562
SPY260116C00300000,2025-12-31 18:38:19+00:00,300.0,380.53,382.48,385.27,-5.480011,-1.4196551,6.0,54,1.9423831005859378,True,REGULAR,USD,2026-01-16,12,683.1699829101562
SPY260116C00305000,2025-12-19 19:04:51+00:00,305.0,377.54,377.49,380.29,0.8200073,0.21767025,1.0,9,1.9121098144531252,True,REGULAR,USD,2026-01-16,12,683.1699829101562
SPY260116C00310000,2025-12-22 14:43:52+00:00,310.0,374.52,372.51,375.3,0.0,0.0,1.0,8,1.8818365283203122,True,REGULAR,USD,2026-01-16,12,683.1699829101562
SPY260116C00315000,2025-12-19 19:04:51+00:00,315.0,369.53,367.52,370.31,2.7900085,0.7607593,7.0,13,1.8500984057617185,True,REGULAR,USD,2026-01-16,12,683.1699829101562
SPY260116C00320000,2026-01-02 16:44:59+00:00,320.0,362.12,362.51,365.29,-1.3500061,-0.3714216,4.0,43,1.8105478222656248,True,REGULAR,USD,2026-01-16,12,683.1699829101562
SPY260116C00325000,2025-12-26 19:47:43+00:00,325.0,365.97,357.53,360.31,0.0,0.0,1.0,26,1.783204208984375,True,REGULAR,USD,2026-01-16,12,683.1699829101562
SPY260116C00330000,2025-12-18 21:08:11+00:00,330.0,344.84,352.54,355.32,0.0,0.0,675.0,40,1.7524426440429686,True,REGULAR,USD,2026-01-16,12,683.1699829101562
SPY260116C00335000,2025-12-19 19:04:09+00:00,335.0,348.56,347.55,350.33,0.0,0.0,24.0,44,1.72265763671875,True,REGULAR,USD,2026-01-16,12,683.1699829101562
SPY260116C00340000,2025-12-22 19:16:40+00:00,340.0,345.46,342.56,345.35,0.0,0.0,1.0,2,1.6943374658203125,True,REGULAR,USD,2026-01-16,12,683.1699829101562
SPY260116C00345000,2025-12-18 19:48:25+00:00,345.0,331.52,337.56,340.36,0.0,0.0,25.0,0,1.6635759008789064,True,REGULAR,USD,2026-01-16,12,683.1699829101562
SPY260116C00350000,2026-01-02 14:36:39+00:00,350.0,336.91,332.57,335.37,2.0,0.59717536,3.0,10,1.6342791723632812,True,REGULAR,USD,2026-01-16,12,683.1699829101562
SPY260116C00355000,2026-01-02 14:30:45+00:00,355.0,330.76,327.57,330.37,0.76000977,0.23030598,5.0,60,1.6030293286132813,True,REGULAR,USD,2026-01-16,12,683.1699829101562
SPY260116C00360000,2025-12-18 21:08:29+00:00,360.0,317.55,322.58,325.37,0.0,0.0,1920.0,82,1.5732443212890623,True,REGULAR,USD,2026-01-16,12,683.1699829101562
SPY260116C00365000,2026-01-02 14:34:18+00:00,365.0,320.13,317.59,320.39,7.580017,2.4252174,1.0,2,1.5463889868164062,True,REGULAR,USD,2026-01-16,12,683.1699829101562
SPY260116C00370000,2026-01-02 16:44:59+00:00,370.0,312.2,312.61,315.39,5.610016,1.8298104,4.0,4,1.519045373535156,True,REGULAR,USD,2026-01-16,12,683.1699829101562
SPY260116C00375000,2025-12-19 15:01:02+00:00,375.0,306.17,307.62,310.36,0.0,0.0,14.0,9,1.486330693359375,True,REGULAR,USD,2026-01-16,12,683.1699829101562
SPY260116C00380000,2025-12-18 21:09:02+00:00,380.0,297.55,302.62,305.4,0.0,0.0,446.0,0,1.4619167529296875,True,REGULAR,USD,2026-01-16,12,683.1699829101562
SPY260116C00385000,2025-12-18 21:08:16+00:00,385.0,292.55,297.63,300.43,0.0,0.0,990.0,0,1.4375028125,True,REGULAR,USD,2026-01-16,12,683.1699829101562
SPY260116C00390000,2025-12-18 21:08:46+00:00,390.0,287.55,292.64,295.44,0.0,0.0,880.0,2,1.410647478027344,True,REGULAR,USD,2026-01-16,12,683.1699829101562
SPY260116C00395000,2025-12-18 21:09:02+00:00,395.0,279.89,287.65,290.45,0.0,0.0,480.0,0,1.3842804223632812,True,REGULAR,USD,2026-01-16,12,683.1699829101562
SPY260116C00400000,2026-01-02 18:59:43+00:00,400.0,280.95,283.67,284.25,-8.769989,-3.0270567,12.0,134,1.3344759838867182,True,REGULAR,USD,2026-01-16,12,683.1699829101562
SPY260116C00405000,2025-12-18 21:08:11+00:00,405.0,269.84,277.66,280.45,0.0,0.0,625.0,1,1.3286166381835933,True,REGULAR,USD,2026-01-16,12,683.1699829101562
SPY260116C00410000,2025-12-23 19:09:07+00:00,410.0,279.06,272.68,275.46,0.0,0.0,3.0,16,1.3042026977539058,True,REGULAR,USD,2026-01-16,12,683.1699829101562
SPY260116C00415000,2025-12-19 14:48:54+00:00,415.0,265.5,267.69,270.46,0.0,0.0,1.0,1,1.2778356420898436,True,REGULAR,USD,2026-01-16,12,683.1699829101562
SPY260116C00420000,2025-12-23 15:17:52+00:00,420.0,266.43,262.69,265.48,0.0,0.0,1.0,31,1.2524451440429685,True,REGULAR,USD,2026-01-16,12,683.1699829101562
SPY260116C00425000,2025-12-26 19:50:25+00:00,425.0,264.8,257.7,259.58,0.0,0.0,1.0,9,1.1142622412109375,True,REGULAR,USD,2026-01-16,12,683.1699829101562
SPY260116C00430000,2025-12-26 20:51:28+00:00,430.0,250.76,252.7,255.34,-10.440018,-3.9969437,1.0,6,1.1853068078613282,True,REGULAR,USD,2026-01-16,12,683.1699829101562
SPY260116C00435000,2026-01-02 15:35:57+00:00,435.0,249.26,247.72,250.5,1.9700012,0.796636,2.0,0,1.1770060681152343,True,REGULAR,USD,2026-01-16,12,683.1699829101562
SPY260116C00440000,2025-12-18 18:48:39+00:00,440.0,238.89,242.72,245.51,0.0,0.0,1.0,5,1.1518597094726561,True,REGULAR,USD,2026-01-16,12,683.1699829101562
SPY260116C00445000,2025-12-19 15:05:05+00:00,445.0,236.52,237.73,240.52,0.0,0.0,3.0,6,1.1274457690429687,True,REGULAR,USD,2026-01-16,12,683.1699829101562
SPY260116C00450000,2026-01-02 19:41:42+00:00,450.0,234.46,232.75,235.54,-0.94999695,-0.40354994,3.0,44,1.1052290832519533,True,REGULAR,USD,2026-01-16,12,683.1699829101562
SPY260116C00455000,2025-12-29 14:36:58+00:00,455.0,235.0,227.76,230.55,0.0,0.0,1.0,17,1.0813034216308592,True,REGULAR,USD,2026-01-16,12,683.1699829101562
SPY260116C00460000,2025-12-26 16:31:56+00:00,460.0,231.47,222.77,225.54,0.0,0.0,2.0,12,1.0556687841796877,True,REGULAR,USD,2026-01-16,12,683.1699829101562
SPY260116C00465000,2025-12-26 16:30:47+00:00,465.0,224.72,217.78,220.57,0.0,0.0,4.0,4,1.0339403771972657,True,REGULAR,USD,2026-01-16,12,683.1699829101562
SPY260116C00470000,2025-12-23 14:51:09+00:00,470.0,217.24,212.78,215.58,0.0,0.0,5.0,31,1.009770576171875,True,REGULAR,USD,2026-01-16,12,683.1699829101562
SPY260116C00475000,2025-12-22 18:31:13+00:00,475.0,210.99,207.79,210.58,-0.33000183,-0.15616213,1.0,11,0.9855958471679689,True,REGULAR,USD,2026-01-16,12,683.1699829101562
SPY260116C00480000,2025-12-30 19:25:56+00:00,480.0,209.0,202.8,205.6,0.0,0.0,1.0,81,0.9631351342773438,True,REGULAR,USD,2026-01-16,12,683.1699829101562
SPY260116C00485000,2025-12-31 15:06:27+00:00,485.0,201.69,198.87,199.36,0.0,0.0,4.0,2297,0.9255378540039063,True,REGULAR,USD,2026-01-16,12,683.1699829101562
SPY260116C00490000,2025-12-31 15:06:23+00:00,490.0,196.66,193.82,194.41,0.0,0.0,4.0,325,0.901368173828125,True,REGULAR,USD,2026-01-16,12,683.1699829101562
SPY260116C00495000,2025-12-29 17:13:29+00:00,495.0,193.03,188.86,189.42,0.0,0.0,4.0,165,0.8813488427734374,True,REGULAR,USD,2026-01-16,12,683.1699829101562
SPY260116C00500000,2026-01-02 19:36:37+00:00,500.0,184.27,183.83,184.46,-2.399994,-1.2856882,60.0,1795,0.858399853515625,True,REGULAR,USD,2026-01-16,12,683.1699829101562
SPY260116C00505000,2025-12-31 15:04:44+00:00,505.0,181.67,178.84,179.4,0.0,0.0,4.0,241,0.831056376953125,True,REGULAR,USD,2026-01-16,12,683.1699829101562
SPY260116C00510000,2026-01-02 14:38:06+00:00,510.0,173.94,173.85,174.48,-4.2099915,-2.3631723,3.0,1243,0.8142108422851562,True,REGULAR,USD,2026-01-16,12,683.1699829101562
SPY260116C00515000,2026-01-02 20:38:16+00:00,515.0,169.2,168.84,169.49,-4.529999,-2.6074936,17.0,1379,0.7907735766601562,True,REGULAR,USD,2026-01-16,12,683.1699829101562
SPY260116C00520000,2026-01-02 20:20:14+00:00,520.0,164.5,163.87,164.5,-1.8600006,-1.1180576,4.0,2701,0.7702659692382813,True,REGULAR,USD,2026-01-16,12,683.1699829101562
SPY260116C00525000,2026-01-02 14:44:43+00:00,525.0,160.75,158.89,159.44,-3.2299957,-1.9697498,3.0,2810,0.7446314599609375,True,REGULAR,USD,2026-01-16,12,683.1699829101562
SPY260116C00530000,2026-01-02 19:31:05+00:00,530.0,153.96,153.87,154.49,-1.8399963,-1.1809989,3.0,4334,0.7236355761718749,True,REGULAR,USD,2026-01-16,12,683.1699829101562
SPY260116C00535000,2025-12-31 15:09:46+00:00,535.0,151.73,148.93,149.5,0.0,0.0,4.0,2970,0.7050810742187501,True,REGULAR,USD,2026-01-16,12,683.1699829101562
SPY260116C00540000,2026-01-02 19:09:10+00:00,540.0,142.39,143.92,144.49,-3.1100006,-2.1374574,11.0,3633,0.6811555322265627,True,REGULAR,USD,2026-01-16,12,683.1699829101562
SPY260116C00545000,2025-12-31 19:59:30+00:00,545.0,140.49,138.91,139.52,0.0,0.0,3.0,3143,0.6596713720703126,True,REGULAR,USD,2026-01-16,12,683.1699829101562
SPY260116C00550000,2026-01-02 21:05:39+00:00,550.0,134.25,133.95,134.56,-1.8600006,-1.3665422,10.0,12632,0.641605146484375,True,REGULAR,USD,2026-01-16,12,683.1699829101562
SPY260116C00555000,2026-01-02 19:11:13+00:00,555.0,127.37,129.03,129.54,-6.609993,-4.933567,5.0,3237,0.6223182299804688,True,REGULAR,USD,2026-01-16,12,683.1699829101562
SPY260116C00560000,2026-01-02 16:56:21+00:00,560.0,121.5,123.96,124.56,-5.779999,-4.541168,5.0,2469,0.5971719970703125,True,REGULAR,USD,2026-01-16,12,683.1699829101562
SPY260116C00565000,2026-01-02 19:12:07+00:00,565.0,117.87,118.95,119.6,-6.949997,-5.5680156,10.0,3440,0.5764202514648438,True,REGULAR,USD,2026-01-16,12,683.1699829101562
SPY260116C00570000,2026-01-02 14:35:38+00:00,570.0,115.47,114.0,114.58,1.090004,0.9529673,1.0,11160,0.5556685058593751,True,REGULAR,USD,2026-01-16,12,683.1699829101562
SPY260116C00575000,2026-01-02 19:25:02+00:00,575.0,108.67,109.0,109.63,-0.20999908,-0.19287205,8.0,5006,0.5356491748046875,True,REGULAR,USD,2026-01-16,12,683.1699829101562
SPY260116C00580000,2026-01-02 18:03:39+00:00,580.0,102.59,104.08,104.61,-0.9700012,-0.93665624,46.0,6536,0.5161181201171875,True,REGULAR,USD,2026-01-16,12,683.1699829101562
SPY260116C00585000,2026-01-02 18:24:25+00:00,585.0,97.75,99.04,99.63,-1.75,-1.758794,16.0,3197,0.5163622583007812,True,REGULAR,USD,2026-01-16,12,683.1699829101562
SPY260116C00590000,2026-01-02 17:45:03+00:00,590.0,93.07,94.06,94.65,-4.1299973,-4.2489686,21.0,3689,0.49487809814453126,True,REGULAR,USD,2026-01-16,12,683.1699829101562
SPY260116C00595000,2026-01-02 16:52:41+00:00,595.0,86.66,89.07,89.63,-2.3799973,-2.672953,10.0,3905,0.47058634887695316,True,REGULAR,USD,2026-01-16,12,683.1699829101562
SPY260116C00600000,2026-01-02 20:48:42+00:00,600.0,83.28,84.09,84.64,-1.1100006,-1.3153224,137.0,18941,0.44836977416992185,True,REGULAR,USD,2026-01-16,12,683.1699829101562
SPY260116C00605000,2026-01-02 21:05:45+00:00,605.0,79.4,79.12,79.7,-2.1800003,-2.672224,6.0,3455,0.4294490649414063,True,REGULAR,USD,2026-01-16,12,683.1699829101562
SPY260116C00610000,2026-01-02 21:05:37+00:00,610.0,74.42,74.14,74.72,-0.22000122,-0.29474977,170.0,4319,0.40759869750976563,True,REGULAR,USD,2026-01-16,12,683.1699829101562
SPY260116C00615000,2026-01-02 20:59:50+00:00,615.0,69.17,69.16,69.71,-2.209999,-3.0961041,88.0,2936,0.3839172937011719,True,REGULAR,USD,2026-01-16,12,683.1699829101562
SPY260116C00620000,2026-01-02 20:49:47+00:00,620.0,63.66,64.23,64.73,-1.1099968,-1.7137514,74.0,5416,0.3619448571777344,True,REGULAR,USD,2026-01-16,12,683.1699829101562
SPY260116C00621000,2025-12-23 20:45:19+00:00,621.0,69.31,63.18,64.98,0.0,0.0,54.0,40,0.4172421557617187,True,REGULAR,USD,2026-01-16,12,683.1699829101562
SPY260116C00622000,2026-01-02 20:59:43+00:00,622.0,62.2,61.21,64.0,-7.0600014,-10.193476,28.0,28,0.41296973754882804,True,REGULAR,USD,2026-01-16,12,683.1699829101562
SPY260116C00623000,2025-12-26 14:53:05+00:00,623.0,69.99,60.21,62.98,0.0,0.0,40.0,45,0.40698835205078127,True,REGULAR,USD,2026-01-16,12,683.1699829101562
SPY260116C00624000,2025-12-24 16:46:43+00:00,624.0,68.67,60.21,60.77,0.0,0.0,352.0,196,0.3455875988769531,True,REGULAR,USD,2026-01-16,12,683.1699829101562
SPY260116C00625000,2026-01-02 20:46:22+00:00,625.0,58.69,59.21,59.84,-0.5400009,-0.91170174,36.0,3035,0.34448897705078124,True,REGULAR,USD,2026-01-16,12,683.1699829101562
SPY260116C00626000,2025-12-29 17:19:56+00:00,626.0,62.62,58.21,58.85,0.0,0.0,17.0,105,0.3403386279296875,True,REGULAR,USD,2026-01-16,12,683.1699829101562
SPY260116C00627000,2025-12-23 14:50:21+00:00,627.0,56.78,56.24,59.03,-4.7800026,-7.7647867,40.0,75,0.38843385009765624,True,REGULAR,USD,2026-01-16,12,683.1699829101562
SPY260116C00628000,2025-12-31 14:48:57+00:00,628.0,54.49,56.25,56.8,-4.779999,-8.064786,1.0,128,0.3283758569335937,True,REGULAR,USD,2026-01-16,12,683.1699829101562
SPY260116C00629000,2025-12-31 17:23:43+00:00,629.0,57.49,54.27,57.05,0.0,0.0,2.0,62,0.3788514263916015,True,REGULAR,USD,2026-01-16,12,683.1699829101562
SPY260116C00630000,2026-01-02 19:07:56+00:00,630.0,52.67,54.25,54.86,-2.210003,-4.0269732,85.0,3788,0.3219061950683593,True,REGULAR,USD,2026-01-16,12,683.1699829101562
SPY260116C00631000,2026-01-02 20:56:52+00:00,631.0,52.65,53.27,53.86,-9.919998,-15.854241,40.0,201,0.3171455004882812,True,REGULAR,USD,2026-01-16,12,683.1699829101562
SPY260116C00632000,2025-12-24 16:27:24+00:00,632.0,60.36,51.3,54.08,0.0,0.0,2.0,2,0.36438623901367195,True,REGULAR,USD,2026-01-16,12,683.1699829101562
SPY260116C00633000,2025-12-29 14:35:05+00:00,633.0,57.04,50.31,53.08,0.0,0.0,40.0,94,0.3591372680664062,True,REGULAR,USD,2026-01-16,12,683.1699829101562
SPY260116C00634000,2026-01-02 20:59:04+00:00,634.0,50.25,49.31,52.11,-7.279999,-12.654265,40.0,26,0.3550479534912109,True,REGULAR,USD,2026-01-16,12,683.1699829101562
SPY260116C00635000,2026-01-02 20:08:23+00:00,635.0,49.64,49.29,49.93,-0.13000107,-0.26120368,32.0,4420,0.3013985876464844,True,REGULAR,USD,2026-01-16,12,683.1699829101562
SPY260116C00636000,2025-12-26 14:53:41+00:00,636.0,57.26,48.34,48.87,0.0,0.0,40.0,765,0.29383030395507803,True,REGULAR,USD,2026-01-16,12,683.1699829101562
SPY260116C00637000,2025-12-26 17:27:11+00:00,637.0,55.17,46.34,49.11,0.0,0.0,2.0,24,0.33924000610351557,True,REGULAR,USD,2026-01-16,12,683.1699829101562
SPY260116C00638000,2025-12-24 16:32:22+00:00,638.0,54.53,45.36,48.16,0.0,0.0,40.0,47,0.33576103698730464,True,REGULAR,USD,2026-01-16,12,683.1699829101562
SPY260116C00639000,2026-01-02 20:57:15+00:00,639.0,44.73,44.38,47.15,-4.549999,-9.232953,32.0,9,0.33008482421874996,True,REGULAR,USD,2026-01-16,12,683.1699829101562
SPY260116C00640000,2026-01-02 20:52:30+00:00,640.0,44.23,44.39,44.94,-0.61999893,-1.3823835,66.0,16668,0.2776561492919921,True,REGULAR,USD,2026-01-16,12,683.1699829101562
SPY260116C00641000,2026-01-02 20:49:16+00:00,641.0,42.65,43.41,43.98,-6.459999,-13.154141,2.0,168,0.2745433874511719,True,REGULAR,USD,2026-01-16,12,683.1699829101562
SPY260116C00642000,2025-12-30 15:40:46+00:00,642.0,46.75,42.42,43.0,0.0,0.0,2.0,172,0.27045407287597656,True,REGULAR,USD,2026-01-16,12,683.1699829101562
SPY260116C00643000,2025-12-30 15:35:35+00:00,643.0,39.1,40.45,43.2,-6.630001,-14.498144,2.0,77,0.3104317004394531,True,REGULAR,USD,2026-01-16,12,683.1699829101562
SPY260116C00644000,2026-01-02 20:59:49+00:00,644.0,40.5,40.45,41.04,-4.299999,-9.598212,82.0,1002,0.2622144091796875,True,REGULAR,USD,2026-01-16,12,683.1699829101562
SPY260116C00645000,2026-01-02 19:46:17+00:00,645.0,39.6,39.48,40.06,-1.4600029,-3.5557792,7.0,8151,0.2580640600585938,True,REGULAR,USD,2026-01-16,12,683.1699829101562
SPY260116C00646000,2025-12-30 18:48:48+00:00,646.0,43.69,37.51,40.28,0.0,0.0,1.0,40,0.29682099670410156,True,REGULAR,USD,2026-01-16,12,683.1699829101562
SPY260116C00647000,2026-01-02 20:54:44+00:00,647.0,37.19,37.5,38.11,-1.050003,-2.7458239,30.0,344,0.2500685345458984,True,REGULAR,USD,2026-01-16,12,683.1699829101562
SPY260116C00648000,2026-01-02 20:56:43+00:00,648.0,35.92,35.56,38.35,-4.710003,-11.592426,32.0,51,0.28815409118652335,True,REGULAR,USD,2026-01-16,12,683.1699829101562
SPY260116C00649000,2025-12-26 19:45:25+00:00,649.0,43.61,34.59,37.37,0.0,0.0,42.0,51,0.28321029296874994,True,REGULAR,USD,2026-01-16,12,683.1699829101562
SPY260116C00650000,2026-01-02 20:28:53+00:00,650.0,35.01,34.79,35.16,-0.11000061,-0.3132136,126.0,29571,0.23676300354003904,True,REGULAR,USD,2026-01-16,12,683.1699829101562
SPY260116C00651000,2026-01-02 20:57:58+00:00,651.0,33.15,32.66,35.43,-9.199997,-21.723724,32.0,17,0.2739330419921875,True,REGULAR,USD,2026-01-16,12,683.1699829101562
SPY260116C00652000,2026-01-02 18:51:03+00:00,652.0,30.05,31.69,34.44,-11.959999,-28.46941,1.0,24,0.2686230364990234,True,REGULAR,USD,2026-01-16,12,683.1699829101562
SPY260116C00653000,2026-01-02 20:04:03+00:00,653.0,32.24,30.73,33.49,-5.0099983,-13.44966,2.0,52,0.2644726873779296,True,REGULAR,USD,2026-01-16,12,683.1699829101562
SPY260116C00654000,2026-01-02 17:17:48+00:00,654.0,30.1,29.78,32.56,-5.789999,-16.132624,14.0,37,0.2608716491699219,True,REGULAR,USD,2026-01-16,12,683.1699829101562
SPY260116C00655000,2026-01-02 20:27:53+00:00,655.0,30.07,29.94,30.39,-1.5300007,-4.8417745,26.0,7898,0.21887988159179686,True,REGULAR,USD,2026-01-16,12,683.1699829101562
SPY260116C00656000,2026-01-02 14:39:52+00:00,656.0,30.61,27.88,30.64,-6.9300003,-18.46031,6.0,13,0.25165543273925783,True,REGULAR,USD,2026-01-16,12,683.1699829101562
SPY260116C00657000,2026-01-02 14:51:49+00:00,657.0,31.24,26.94,29.69,1.6900005,5.719122,1.0,14,0.2472609454345703,True,REGULAR,USD,2026-01-16,12,683.1699829101562
SPY260116C00658000,2026-01-02 20:01:35+00:00,658.0,27.37,27.17,27.52,-4.8500004,-15.052763,11.0,21,0.2069781451416015,True,REGULAR,USD,2026-01-16,12,683.1699829101562
SPY260116C00659000,2025-12-26 17:16:18+00:00,659.0,33.47,26.17,26.59,0.0,0.0,46.0,13,0.20368227966308594,True,REGULAR,USD,2026-01-16,12,683.1699829101562
SPY260116C00660000,2026-01-02 20:36:39+00:00,660.0,25.37,25.27,25.71,0.41000175,1.6426352,456.0,11640,0.20172917419433595,True,REGULAR,USD,2026-01-16,12,683.1699829101562
SPY260116C00661000,2026-01-02 17:42:44+00:00,661.0,25.0,24.39,24.76,-1.5599995,-5.873492,6.0,16,0.1975788250732422,True,REGULAR,USD,2026-01-16,12,683.1699829101562
SPY260116C00662000,2026-01-02 17:14:36+00:00,662.0,22.58,23.45,23.82,-1.7299995,-7.1164117,3.0,16,0.19367261413574222,True,REGULAR,USD,2026-01-16,12,683.1699829101562
SPY260116C00663000,2026-01-02 17:20:48+00:00,663.0,21.82,22.53,22.95,-5.710001,-20.741013,40.0,585,0.1915364050292969,True,REGULAR,USD,2026-01-16,12,683.1699829101562
SPY260116C00664000,2025-12-31 15:26:46+00:00,664.0,24.5,21.63,22.0,0.0,0.0,1.0,14,0.18708088317871097,True,REGULAR,USD,2026-01-16,12,683.1699829101562
SPY260116C00665000,2026-01-02 20:36:48+00:00,665.0,20.91,20.75,21.13,-0.07999992,-0.38113353,183.0,12460,0.18470053588867186,True,REGULAR,USD,2026-01-16,12,683.1699829101562
SPY260116C00666000,2026-01-02 15:35:37+00:00,666.0,20.39,19.83,20.25,-0.020000458,-0.097993426,7.0,70,0.18180139495849607,True,REGULAR,USD,2026-01-16,12,683.1699829101562
SPY260116C00667000,2026-01-02 15:39:07+00:00,667.0,18.35,18.94,19.34,-1.1000004,-5.6555285,7.0,49,0.17798673583984376,True,REGULAR,USD,2026-01-16,12,683.1699829101562
SPY260116C00668000,2026-01-02 15:27:36+00:00,668.0,17.47,18.09,18.48,-2.4700012,-12.387167,5.0,31,0.17527069854736327,True,REGULAR,USD,2026-01-16,12,683.1699829101562
SPY260116C00669000,2026-01-02 15:45:44+00:00,669.0,18.29,17.28,17.6,-0.45999908,-2.4533284,2.0,45,0.17188328125000002,True,REGULAR,USD,2026-01-16,12,683.1699829101562
SPY260116C00670000,2026-01-02 21:00:10+00:00,670.0,16.76,16.44,16.75,0.44000053,2.6960819,707.0,26333,0.16901465759277345,True,REGULAR,USD,2026-01-16,12,683.1699829101562
SPY260116C00671000,2026-01-02 19:13:13+00:00,671.0,14.99,15.56,15.93,-0.57000065,-3.663243,11.0,92,0.166573275756836,True,REGULAR,USD,2026-01-16,12,683.1699829101562
SPY260116C00672000,2026-01-02 19:22:20+00:00,672.0,14.15,14.76,15.09,-1.4400005,-9.236693,24.0,162,0.16352154846191408,True,REGULAR,USD,2026-01-16,12,683.1699829101562
SPY260116C00673000,2026-01-02 20:45:08+00:00,673.0,13.5,13.94,14.26,-4.6499996,-25.619831,35.0,233,0.16040878662109376,True,REGULAR,USD,2026-01-16,12,683.1699829101562
SPY260116C00674000,2026-01-02 20:42:29+00:00,674.0,12.9,13.15,13.46,-0.97000027,-6.9935126,40.0,509,0.1577232666015625,True,REGULAR,USD,2026-01-16,12,683.1699829101562
SPY260116C00675000,2026-01-02 21:12:15+00:00,675.0,12.4,12.45,12.68,-0.20000076,-1.5873077,3079.0,18395,0.15515981567382814,True,REGULAR,USD,2026-01-16,12,683.1699829101562
SPY260116C00676000,2026-01-02 20:50:00+00:00,676.0,11.0,11.6,11.91,-0.5,-4.347826,36.0,1076,0.15253533020019533,True,REGULAR,USD,2026-01-16,12,683.1699829101562
SPY260116C00677000,2026-01-02 21:12:04+00:00,677.0,10.94,10.86,11.17,0.0899992,0.8294857,211.0,1166,0.15024653472900396,True,REGULAR,USD,2026-01-16,12,683.1699829101562
SPY260116C00678000,2026-01-02 20:41:36+00:00,678.0,10.0,10.12,10.44,-0.5,-4.7619047,171.0,2531,0.14783567016601565,True,REGULAR,USD,2026-01-16,12,683.1699829101562
SPY260116C00679000,2026-01-02 20:59:04+00:00,679.0,9.3,9.42,9.72,-0.34999943,-3.6269372,204.0,3467,0.14527221923828126,True,REGULAR,USD,2026-01-16,12,683.1699829101562
SPY260116C00680000,2026-01-02 21:01:04+00:00,680.0,8.93,8.73,8.93,-0.029999733,-0.33481845,3958.0,25340,0.14096928375244144,True,REGULAR,USD,2026-01-16,12,683.1699829101562
SPY260116C00681000,2026-01-02 21:02:53+00:00,681.0,8.3,8.06,8.3,0.14000034,1.7156905,1349.0,1635,0.1394739373779297,True,REGULAR,USD,2026-01-16,12,683.1699829101562
SPY260116C00682000,2026-01-02 21:14:01+00:00,682.0,7.52,7.49,7.57,-0.09000015,-1.1826564,3709.0,2571,0.13559824371337892,True,REGULAR,USD,2026-01-16,12,683.1699829101562
SPY260116C00683000,2026-01-02 21:14:56+00:00,683.0,6.9,6.9,6.93,-0.19999981,-2.8168988,4718.0,2797,0.13306531005859373,True,REGULAR,USD,2026-01-16,12,683.1699829101562
SPY260116C00684000,2026-01-02 21:14:08+00:00,684.0,6.27,6.3,6.33,-0.23000002,-3.5384617,3940.0,2312,0.13086806640624998,False,REGULAR,USD,2026-01-16,12,683.1699829101562
SPY260116C00685000,2026-01-02 21:14:24+00:00,685.0,5.7,5.72,5.75,-0.26000023,-4.36242,14678.0,22476,0.12860978820800778,False,REGULAR,USD,2026-01-16,12,683.1699829101562
SPY260116C00686000,2026-01-02 21:06:35+00:00,686.0,5.14,5.17,5.2,-0.16000032,-3.018874,1879.0,3877,0.12641254455566403,False,REGULAR,USD,2026-01-16,12,683.1699829101562
SPY260116C00687000,2026-01-02 21:03:04+00:00,687.0,4.7,4.65,4.68,-0.11000013,-2.286905,1208.0,4591,0.1243373699951172,False,REGULAR,USD,2026-01-16,12,683.1699829101562
SPY260116C00688000,2026-01-02 21:12:29+00:00,688.0,4.11,4.16,4.19,-0.27999973,-6.378126,2307.0,5488,0.12229271270751954,False,REGULAR,USD,2026-01-16,12,683.1699829101562
SPY260116C00689000,2026-01-02 21:14:56+00:00,689.0,3.72,3.71,3.74,-0.07999992,-2.105261,17326.0,3592,0.12049219360351562,False,REGULAR,USD,2026-01-16,12,683.1699829101562
SPY260116C00690000,2026-01-02 21:14:39+00:00,690.0,3.27,3.28,3.31,-0.24000001,-6.8376074,15601.0,29416,0.11853908813476563,False,REGULAR,USD,2026-01-16,12,683.1699829101562
SPY260116C00691000,2026-01-02 21:11:47+00:00,691.0,2.89,2.89,2.92,-0.19999981,-6.4724865,1770.0,2245,0.11686063812255859,False,REGULAR,USD,2026-01-16,12,683.1699829101562
SPY260116C00692000,2026-01-02 21:09:57+00:00,692.0,2.54,2.53,2.55,-0.18000007,-6.6176496,1267.0,2485,0.11496856719970702,False,REGULAR,USD,2026-01-16,12,683.1699829101562
SPY260116C00693000,2026-01-02 21:12:15+00:00,693.0,2.15,2.2,2.22,-0.15999985,-6.9264,3216.0,4417,0.11335115173339844,False,REGULAR,USD,2026-01-16,12,683.1699829101562
SPY260116C00694000,2026-01-02 21:03:40+00:00,694.0,1.9,1.9,1.92,-0.16999996,-8.212559,2897.0,2931,0.11176425354003905,False,REGULAR,USD,2026-01-16,12,683.1699829101562
SPY260116C00695000,2026-01-02 21:14:53+00:00,695.0,1.63,1.63,1.65,-0.19000006,-10.439564,13097.0,24801,0.11029942443847655,False,REGULAR,USD,2026-01-16,12,683.1699829101562
SPY260116C00696000,2026-01-02 21:02:15+00:00,696.0,1.41,1.39,1.41,-0.14999998,-9.615383,1138.0,2849,0.1088956298828125,False,REGULAR,USD,2026-01-16,12,683.1699829101562
SPY260116C00697000,2026-01-02 21:09:00+00:00,697.0,1.16,1.17,1.19,-0.19000006,-14.074079,2138.0,3017,0.10736976623535156,False,REGULAR,USD,2026-01-16,12,683.1699829101562
SPY260116C00698000,2026-01-02 21:11:17+00:00,698.0,0.98,0.98,1.0,-0.16999996,-14.782604,2029.0,3261,0.10602700622558593,False,REGULAR,USD,2026-01-16,12,683.1699829101562
SPY260116C00699000,2026-01-02 21:10:13+00:00,699.0,0.82,0.81,0.82,-0.13,-13.68421,658.0,2818,0.10425700439453123,False,REGULAR,USD,2026-01-16,12,683.1699829101562
SPY260116C00700000,2026-01-02 21:14:56+00:00,700.0,0.68,0.67,0.68,-0.13999999,-17.07317,13878.0,48808,0.10309734802246093,False,REGULAR,USD,2026-01-16,12,683.1699829101562
SPY260116C00701000,2026-01-02 21:10:57+00:00,701.0,0.55,0.55,0.56,-0.13999999,-20.289854,15728.0,3637,0.10205976074218749,False,REGULAR,USD,2026-01-16,12,683.1699829101562
SPY260116C00702000,2026-01-02 21:11:56+00:00,702.0,0.45,0.44,0.46,-0.17000002,-27.41936,1050.0,3224,0.10120527709960936,False,REGULAR,USD,2026-01-16,12,683.1699829101562
SPY260116C00703000,2026-01-02 21:13:29+00:00,703.0,0.36,0.35,0.37,-0.089999974,-19.999994,843.0,5188,0.09998458618164063,False,REGULAR,USD,2026-01-16,12,683.1699829101562
SPY260116C00704000,2026-01-02 21:13:09+00:00,704.0,0.28,0.29,0.3,-0.109999985,-28.205126,523.0,4576,0.09925217163085936,False,REGULAR,USD,2026-01-16,12,683.1699829101562
SPY260116C00705000,2026-01-02 21:14:59+00:00,705.0,0.24,0.23,0.24,-0.10000001,-29.411766,4119.0,24495,0.09839768798828125,False,REGULAR,USD,2026-01-16,12,683.1699829101562
SPY260116C00706000,2026-01-02 21:03:52+00:00,706.0,0.18,0.18,0.19,-0.07999998,-30.769226,325.0,2899,0.0976652734375,False,REGULAR,USD,2026-01-16,12,683.1699829101562
SPY260116C00707000,2026-01-02 21:14:07+00:00,707.0,0.15,0.14,0.16,-0.06999999,-31.818178,750.0,2874,0.09790941162109376,False,REGULAR,USD,2026-01-16,12,683.1699829101562
SPY260116C00708000,2026-01-02 20:47:29+00:00,708.0,0.11,0.12,0.13,-0.08,-42.105263,213.0,3660,0.09790941162109376,False,REGULAR,USD,2026-01-16,12,683.1699829101562
SPY260116C00709000,2026-01-02 19:25:12+00:00,709.0,0.11,0.1,0.11,-0.07000001,-38.888893,33.0,1361,0.09839768798828125,False,REGULAR,USD,2026-01-16,12,683.1699829101562
SPY260116C00710000,2026-01-02 21:12:37+00:00,710.0,0.08,0.08,0.09,-0.049999997,-38.461536,3757.0,27470,0.09839768798828125,False,REGULAR,USD,2026-01-16,12,683.1699829101562
SPY260116C00711000,2026-01-02 20:12:56+00:00,711.0,0.07,0.07,0.08,-0.04,-36.363636,237.0,1906,0.09961837890625,False,REGULAR,USD,2026-01-16,12,683.1699829101562
SPY260116C00712000,2026-01-02 20:42:57+00:00,712.0,0.07,0.06,0.07,-0.04,-36.363636,385.0,1193,0.100594931640625,False,REGULAR,USD,2026-01-16,12,683.1699829101562
SPY260116C00713000,2026-01-02 21:00:12+00:00,713.0,0.06,0.05,0.06,-0.040000003,-40.000004,41.0,5213,0.10157148437499999,False,REGULAR,USD,2026-01-16,12,683.1699829101562
SPY260116C00714000,2026-01-02 20:45:47+00:00,714.0,0.05,0.05,0.06,-0.05,-50.0,513.0,1220,0.10450114257812498,False,REGULAR,USD,2026-01-16,12,683.1699829101562
SPY260116C00715000,2026-01-02 21:12:21+00:00,715.0,0.04,0.04,0.05,-0.030000001,-42.857143,2080.0,17984,0.10450114257812498,False,REGULAR,USD,2026-01-16,12,683.1699829101562
SPY260116C00716000,2026-01-02 19:02:43+00:00,716.0,0.04,0.04,0.05,-0.060000002,-60.000004,67.0,779,0.10743080078125,False,REGULAR,USD,2026-01-16,12,683.1699829101562
SPY260116C00717000,2026-01-02 16:36:00+00:00,717.0,0.05,0.04,0.05,-0.02,-28.571426,8.0,804,0.11036045898437499,False,REGULAR,USD,2026-01-16,12,683.1699829101562
SPY260116C00718000,2026-01-02 20:26:00+00:00,718.0,0.05,0.03,0.05,-0.02,-28.571426,31.0,1368,0.1132901171875,False,REGULAR,USD,2026-01-16,12,683.1699829101562
SPY260116C00719000,2026-01-02 20:58:52+00:00,719.0,0.04,0.03,0.04,-0.030000001,-42.857143,629.0,688,0.11231356445312499,False,REGULAR,USD,2026-01-16,12,683.1699829101562
SPY260116C00720000,2026-01-02 20:59:14+00:00,720.0,0.04,0.03,0.04,0.0,0.0,1075.0,18543,0.11524322265625,False,REGULAR,USD,2026-01-16,12,683.1699829101562
SPY260116C00725000,2026-01-02 21:09:18+00:00,725.0,0.03,0.03,0.04,-0.01,-25.0,238.0,19327,0.1289149609375,False,REGULAR,USD,2026-01-16,12,683.1699829101562
SPY260116C00730000,2026-01-02 20:48:41+00:00,730.0,0.02,0.02,0.03,-0.02,-50.0,757.0,19148,0.13672738281250002,False,REGULAR,USD,2026-01-16,12,683.1699829101562
SPY260116C00735000,2026-01-02 19:44:04+00:00,735.0,0.02,0.02,0.03,0.0,0.0,780.0,20739,0.149422568359375,False,REGULAR,USD,2026-01-16,12,683.1699829101562
SPY260116C00740000,2026-01-02 20:52:12+00:00,740.0,0.02,0.02,0.03,-0.01,-33.333336,130.0,20603,0.16211775390625,False,REGULAR,USD,2026-01-16,12,683.1699829101562
SPY260116C00745000,2026-01-02 21:08:14+00:00,745.0,0.02,0.01,0.02,0.0,0.0,329.0,10354,0.16602396484375004,False,REGULAR,USD,2026-01-16,12,683.1699829101562
SPY260116C00750000,2026-01-02 20:22:21+00:00,750.0,0.01,0.01,0.02,-0.02,-66.66667,425.0,21815,0.17774259765625,False,REGULAR,USD,2026-01-16,12,683.1699829101562
SPY260116C00755000,2025-12-31 18:52:21+00:00,755.0,0.02,0.01,0.02,-0.01,-33.333336,6.0,5261,0.18946123046875002,False,REGULAR,USD,2026-01-16,12,683.1699829101562
SPY260116C00760000,2026-01-02 14:57:11+00:00,760.0,0.02,0.01,0.02,0.0,0.0,36.0,4689,0.20117986328124998,False,REGULAR,USD,2026-01-16,12,683.1699829101562
SPY260116C00765000,2026-01-02 14:57:47+00:00,765.0,0.01,0.01,0.02,0.0,0.0,4.0,5747,0.21094539062499998,False,REGULAR,USD,2026-01-16,12,683.1699829101562
SPY260116C00770000,2025-12-31 17:15:20+00:00,770.0,0.02,0.01,0.02,0.0,0.0,72.0,13121,0.22266402343749997,False,REGULAR,USD,2026-01-16,12,683.1699829101562
SPY260116C00775000,2026-01-02 16:50:30+00:00,775.0,0.01,0.01,0.02,0.0,0.0,263.0,3243,0.23438265625,False,REGULAR,USD,2026-01-16,12,683.1699829101562
SPY260116C00780000,2026-01-02 15:41:34+00:00,780.0,0.02,0.01,0.02,0.0,0.0,7.0,4190,0.24414818359375,False,REGULAR,USD,2026-01-16,12,683.1699829101562
SPY260116C00785000,2026-01-02 17:00:15+00:00,785.0,0.02,0.01,0.02,0.01,100.0,4.0,1274,0.25391371093750004,False,REGULAR,USD,2026-01-16,12,683.1699829101562
SPY260116C00790000,2025-12-29 20:47:17+00:00,790.0,0.01,0.01,0.02,0.0,0.0,2.0,5442,0.26563234375,False,REGULAR,USD,2026-01-16,12,683.1699829101562
SPY260116C00795000,2026-01-02 16:40:32+00:00,795.0,0.01,0.01,0.02,0.0,0.0,2.0,3966,0.27539787109374997,False,REGULAR,USD,2026-01-16,12,683.1699829101562
SPY260116C00800000,2026-01-02 21:13:47+00:00,800.0,0.01,0.0,0.01,0.0,0.0,186.0,19397,0.2695385546875,False,REGULAR,USD,2026-01-16,12,683.1699829101562
SPY260116C00805000,2025-12-31 20:51:58+00:00,805.0,0.01,0.01,0.02,0.0,0.0,13.0,3384,0.29688203124999996,False,REGULAR,USD,2026-01-16,12,683.1699829101562
SPY260116C00810000,2026-01-02 21:13:52+00:00,810.0,0.01,0.01,0.02,0.0,0.0,152.0,6938,0.30664755859375,False,REGULAR,USD,2026-01-16,12,683.1699829101562
SPY260116C00815000,2025-12-31 18:17:44+00:00,815.0,0.01,0.0,0.01,0.0,0.0,8.0,5188,0.29688203124999996,False,REGULAR,USD,2026-01-16,12,683.1699829101562
SPY260116C00820000,2025-12-31 14:33:35+00:00,820.0,0.01,0.0,0.01,0.0,0.0,3.0,3711,0.3086006640625,False,REGULAR,USD,2026-01-16,12,683.1699829101562
SPY260116C00825000,2025-12-30 14:40:02+00:00,825.0,0.01,0.0,0.01,0.0,0.0,13.0,11267,0.31641308593749995,False,REGULAR,USD,2026-01-16,12,683.1699829101562
SPY260116C00830000,2025-12-29 21:10:12+00:00,830.0,0.01,0.0,0.01,0.0,0.0,7.0,6961,0.32813171874999997,False,REGULAR,USD,2026-01-16,12,683.1699829101562
SPY260116C00835000,2025-12-29 20:03:22+00:00,835.0,0.01,0.0,0.01,0.0,0.0,1.0,9844,0.335944140625,False,REGULAR,USD,2026-01-16,12,683.1699829101562
SPY260116C00840000,2025-12-31 20:00:21+00:00,840.0,0.02,0.0,0.01,0.0,0.0,28.0,50138,0.3437565625,False,REGULAR,USD,2026-01-16,12,683.1699829101562
SPY260116C00850000,2025-12-29 15:45:53+00:00,850.0,0.01,0.0,0.01,0.0,0.0,1251.0,3031,0.3632876171875,False,REGULAR,USD,2026-01-16,12,683.1699829101562
SPY260116C00860000,2025-12-26 15:42:39+00:00,860.0,0.01,0.0,0.01,0.0,0.0,2397.0,2560,0.38281867187499996,False,REGULAR,USD,2026-01-16,12,683.1699829101562
SPY260116C00865000,2025-12-26 15:46:08+00:00,865.0,0.01,0.0,0.01,0.0,0.0,9228.0,9258,0.39063109375,False,REGULAR,USD,2026-01-16,12,683.1699829101562
SPY260116C00870000,2025-12-26 20:55:25+00:00,870.0,0.01,0.0,0.01,0.0,0.0,3293.0,16295,0.398443515625,False,REGULAR,USD,2026-01-16,12,683.1699829101562
SPY260116C00875000,2025-12-26 17:08:19+00:00,875.0,0.01,0.0,0.01,0.0,0.0,19264.0,19355,0.4062559375,False,REGULAR,USD,2026-01-16,12,683.1699829101562
SPY260116C00880000,2025-12-26 14:54:03+00:00,880.0,0.01,0.0,0.01,0.0,0.0,404.0,501,0.414068359375,False,REGULAR,USD,2026-01-16,12,683.1699829101562
SPY260116C00885000,2025-12-26 14:56:08+00:00,885.0,0.01,0.0,0.01,0.0,0.0,384.0,528,0.42188078125,False,REGULAR,USD,2026-01-16,12,683.1699829101562
SPY260116C00890000,2025-12-24 14:50:08+00:00,890.0,0.01,0.0,0.01,0.0,0.0,10.0,9498,0.42969320312500003,False,REGULAR,USD,2026-01-16,12,683.1699829101562
SPY260116C00895000,2025-12-23 19:41:54+00:00,895.0,0.01,0.0,0.01,0.0,0.0,,505,0.437505625,False,REGULAR,USD,2026-01-16,12,683.1699829101562
SPY260116C00900000,2025-12-22 16:22:36+00:00,900.0,0.01,0.0,0.01,0.0,0.0,,4,0.445318046875,False,REGULAR,USD,2026-01-16,12,683.1699829101562
SPY260116C00905000,2025-12-22 14:55:40+00:00,905.0,0.01,0.0,0.01,0.0,0.0,,5,0.45703667968750006,False,REGULAR,USD,2026-01-16,12,683.1699829101562
SPY260116C00930000,2025-12-19 15:20:31+00:00,930.0,0.01,0.0,0.01,0.0,0.0,2.0,3,0.500005,False,REGULAR,USD,2026-01-16,12,683.1699829101562
SPY260116C00935000,2025-12-22 14:32:08+00:00,935.0,0.01,0.0,0.01,0.0,0.0,31.0,33,0.507817421875,False,REGULAR,USD,2026-01-16,12,683.1699829101562
SPY260116C00940000,2025-12-23 14:43:47+00:00,940.0,0.01,0.0,0.01,0.0,0.0,128.0,130,0.51562984375,False,REGULAR,USD,2026-01-16,12,683.1699829101562
SPY260116C00945000,2025-12-19 15:02:43+00:00,945.0,0.01,0.0,0.01,0.0,0.0,1.0,1,0.500005,False,REGULAR,USD,2026-01-16,12,683.1699829101562
SPY260116C00950000,2025-12-23 14:34:07+00:00,950.0,0.01,0.0,0.01,0.0,0.0,,1,0.500005,False,REGULAR,USD,2026-01-16,12,683.1699829101562
SPY260116C00955000,2025-12-18 14:56:09+00:00,955.0,0.01,0.0,0.01,0.0,0.0,,8,0.51562984375,False,REGULAR,USD,2026-01-16,12,683.1699829101562
SPY260116C00970000,2025-12-18 14:41:55+00:00,970.0,0.01,0.0,0.01,0.0,0.0,,736,0.5312546875,False,REGULAR,USD,2026-01-16,12,683.1699829101562
SPY260116C00975000,2025-12-16 17:05:34+00:00,975.0,0.01,0.0,0.01,0.0,0.0,,485,0.5390671093750001,False,REGULAR,USD,2026-01-16,12,683.1699829101562
SPY260116C00980000,2025-12-16 16:37:21+00:00,980.0,0.01,0.0,0.01,0.0,0.0,,230,0.5468795312500001,False,REGULAR,USD,2026-01-16,12,683.1699829101562
SPY260116C00985000,2025-12-18 14:39:25+00:00,985.0,0.01,0.0,0.01,0.0,0.0,,92,0.5468795312500001,False,REGULAR,USD,2026-01-16,12,683.1699829101562
SPY260116C00995000,2025-12-17 16:14:57+00:00,995.0,0.01,0.0,0.01,0.0,0.0,142.0,142,0.5625043750000001,False,REGULAR,USD,2026-01-16,12,683.1699829101562
SPY260116C01000000,2025-12-17 15:27:34+00:00,1000.0,0.01,0.0,0.01,0.0,0.0,20.0,2964,0.57812921875,False,REGULAR,USD,2026-01-16,12,683.1699829101562
SPY260123C00500000,2025-12-31 18:47:39+00:00,500.0,187.17,183.2,185.96,0.0,0.0,7.0,8,0.7375514526367187,True,REGULAR,USD,2026-01-23,19,683.1699829101562
SPY260123C00505000,2025-12-19 16:46:15+00:00,505.0,177.0,178.22,181.0,0.0,0.0,3.0,3,0.7202176416015625,True,REGULAR,USD,2026-01-23,19,683.1699829101562
SPY260123C00510000,2025-12-29 14:56:34+00:00,510.0,179.46,173.22,176.01,0.0,0.0,2.0,3,0.7008086560058593,True,REGULAR,USD,2026-01-23,19,683.1699829101562
SPY260123C00515000,2026-01-02 19:14:52+00:00,515.0,168.55,168.24,171.04,4.26001,2.5929818,2.0,1,0.6831086376953126,True,REGULAR,USD,2026-01-23,19,683.1699829101562
SPY260123C00520000,2025-12-17 14:55:33+00:00,520.0,159.27,163.26,166.04,0.0,0.0,2.0,4,0.664309997558594,True,REGULAR,USD,2026-01-23,19,683.1699829101562
SPY260123C00525000,2025-12-30 18:36:01+00:00,525.0,164.39,158.28,161.07,0.0,0.0,30.0,31,0.6467320483398438,True,REGULAR,USD,2026-01-23,19,683.1699829101562
SPY260123C00530000,2025-12-18 14:30:04+00:00,530.0,148.25,153.3,156.09,0.0,0.0,1.0,1,0.6289099609375001,True,REGULAR,USD,2026-01-23,19,683.1699829101562
SPY260123C00535000,2025-12-24 14:44:06+00:00,535.0,155.47,148.32,151.11,0.0,0.0,2.0,4,0.6109658044433595,True,REGULAR,USD,2026-01-23,19,683.1699829101562
SPY260123C00540000,2025-12-23 20:25:02+00:00,540.0,151.66,143.32,146.11,0.0,0.0,1.0,3,0.5915568188476563,True,REGULAR,USD,2026-01-23,19,683.1699829101562
SPY260123C00545000,2025-12-11 18:53:40+00:00,545.0,144.81,138.35,141.13,0.0,0.0,,3,0.5742230078125,True,REGULAR,USD,2026-01-23,19,683.1699829101562
SPY260123C00550000,2025-12-31 19:59:30+00:00,550.0,136.04,133.37,136.15,0.0,0.0,1.0,3,0.5564009204101563,True,REGULAR,USD,2026-01-23,19,683.1699829101562
SPY260123C00555000,2025-12-29 20:01:35+00:00,555.0,135.09,128.39,131.17,0.0,0.0,20.0,4,0.5385788330078126,True,REGULAR,USD,2026-01-23,19,683.1699829101562
SPY260123C00565000,2025-12-12 19:24:11+00:00,565.0,118.0,118.43,121.22,0.0,0.0,,2,0.5033008654785156,True,REGULAR,USD,2026-01-23,19,683.1699829101562
SPY260123C00570000,2025-12-11 14:50:10+00:00,570.0,115.72,113.44,116.23,0.0,0.0,,1,0.5572554040527344,True,REGULAR,USD,2026-01-23,19,683.1699829101562
SPY260123C00580000,2025-12-31 16:43:42+00:00,580.0,106.62,103.49,106.29,0.0,0.0,1.0,4,0.5180712255859375,True,REGULAR,USD,2026-01-23,19,683.1699829101562
SPY260123C00585000,2025-12-29 18:25:47+00:00,585.0,104.43,98.52,101.3,0.0,0.0,20.0,10,0.4975636181640626,True,REGULAR,USD,2026-01-23,19,683.1699829101562
SPY260123C00590000,2025-12-22 15:47:57+00:00,590.0,96.8,93.54,96.34,0.0,0.0,2.0,3,0.47827670166015623,True,REGULAR,USD,2026-01-23,19,683.1699829101562
SPY260123C00595000,2025-12-30 20:11:16+00:00,595.0,94.31,88.58,91.37,0.0,0.0,1.0,5,0.45856254333496105,True,REGULAR,USD,2026-01-23,19,683.1699829101562
SPY260123C00600000,2025-12-18 20:35:23+00:00,600.0,79.82,83.6,86.37,0.0,0.0,3.0,2,0.4376276940917969,True,REGULAR,USD,2026-01-23,19,683.1699829101562
SPY260123C00605000,2025-12-29 20:01:32+00:00,605.0,85.42,78.65,81.43,0.0,0.0,2.0,1,0.4188290539550781,True,REGULAR,USD,2026-01-23,19,683.1699829101562
SPY260123C00610000,2025-12-31 16:02:09+00:00,610.0,76.5,73.68,76.48,0.0,0.0,1.0,15,0.39954213745117195,True,REGULAR,USD,2026-01-23,19,683.1699829101562
SPY260123C00615000,2025-12-29 20:32:04+00:00,615.0,75.67,69.71,70.35,0.0,0.0,2.0,212,0.33728690063476563,True,REGULAR,USD,2026-01-23,19,683.1699829101562
SPY260123C00620000,2025-12-31 18:58:30+00:00,620.0,67.91,63.77,66.58,0.0,0.0,1.0,8,0.3604189935302734,True,REGULAR,USD,2026-01-23,19,683.1699829101562
SPY260123C00625000,2025-12-22 15:42:50+00:00,625.0,62.22,58.83,61.63,0.0,0.0,8.0,9,0.34052173156738286,True,REGULAR,USD,2026-01-23,19,683.1699829101562
SPY260123C00630000,2025-12-31 17:45:08+00:00,630.0,57.33,53.91,56.71,0.0,0.0,1.0,55,0.3212348150634765,True,REGULAR,USD,2026-01-23,19,683.1699829101562
SPY260123C00635000,2026-01-02 18:31:21+00:00,635.0,48.16,49.02,51.8,-6.709999,-12.228903,2.0,32,0.30188686401367193,True,REGULAR,USD,2026-01-23,19,683.1699829101562
SPY260123C00640000,2026-01-02 21:00:02+00:00,640.0,45.5,44.14,46.93,-1.8600006,-3.927366,8.0,27,0.28314925842285155,True,REGULAR,USD,2026-01-23,19,683.1699829101562
SPY260123C00645000,2026-01-02 18:29:48+00:00,645.0,38.54,39.32,42.11,-9.43,-19.65812,16.0,8,0.2650525155639648,True,REGULAR,USD,2026-01-23,19,683.1699829101562
SPY260123C00650000,2025-12-31 20:09:43+00:00,650.0,36.4,34.57,37.36,0.0,0.0,11.0,79,0.2477492218017578,True,REGULAR,USD,2026-01-23,19,683.1699829101562
SPY260123C00651000,2025-12-29 14:50:33+00:00,651.0,40.51,33.62,36.42,0.0,0.0,2.0,5,0.24439232177734377,True,REGULAR,USD,2026-01-23,19,683.1699829101562
SPY260123C00652000,2025-12-24 14:43:17+00:00,652.0,32.91,33.81,34.28,-7.75,-19.060501,3.0,5,0.2125933233642578,True,REGULAR,USD,2026-01-23,19,683.1699829101562
SPY260123C00653000,2025-12-23 15:35:56+00:00,653.0,32.3,32.86,33.35,-4.9000015,-13.172047,3.0,2,0.2098162515258789,True,REGULAR,USD,2026-01-23,19,683.1699829101562
SPY260123C00654000,2026-01-02 16:58:52+00:00,654.0,29.92,31.95,32.42,-1.9300003,-6.0596557,1.0,2,0.2069781451416015,True,REGULAR,USD,2026-01-23,19,683.1699829101562
SPY260123C00655000,2026-01-02 20:52:23+00:00,655.0,30.69,31.08,31.47,-2.4400005,-7.3649273,8.0,62,0.20356021057128904,True,REGULAR,USD,2026-01-23,19,683.1699829101562
SPY260123C00656000,2025-12-17 16:22:21+00:00,656.0,26.19,30.1,30.57,0.0,0.0,2.0,5,0.20124089782714843,True,REGULAR,USD,2026-01-23,19,683.1699829101562
SPY260123C00657000,2026-01-02 15:04:37+00:00,657.0,28.95,29.18,29.64,-8.049999,-21.756754,2.0,3,0.19818917053222657,True,REGULAR,USD,2026-01-23,19,683.1699829101562
SPY260123C00658000,2025-12-15 19:46:28+00:00,658.0,29.48,28.25,28.73,0.0,0.0,1.0,1,0.1955036505126953,True,REGULAR,USD,2026-01-23,19,683.1699829101562
SPY260123C00659000,2025-12-29 20:32:02+00:00,659.0,33.0,27.35,27.81,0.0,0.0,2.0,1,0.19248244049072266,True,REGULAR,USD,2026-01-23,19,683.1699829101562
SPY260123C00660000,2026-01-02 19:50:24+00:00,660.0,26.87,26.51,26.88,-1.8299999,-6.376306,17.0,101,0.18918657501220704,True,REGULAR,USD,2026-01-23,19,683.1699829101562
SPY260123C00661000,2025-12-29 20:32:03+00:00,661.0,31.16,25.56,26.01,0.0,0.0,2.0,19,0.18708088317871097,True,REGULAR,USD,2026-01-23,19,683.1699829101562
SPY260123C00662000,2025-12-31 20:44:55+00:00,662.0,27.81,24.68,25.13,2.2600002,8.845403,1.0,9,0.1846395013427734,True,REGULAR,USD,2026-01-23,19,683.1699829101562
SPY260123C00663000,2026-01-02 19:26:12+00:00,663.0,23.54,23.8,24.24,-7.3199997,-23.720024,46.0,61,0.18189294677734374,True,REGULAR,USD,2026-01-23,19,683.1699829101562
SPY260123C00664000,2025-12-29 14:59:03+00:00,664.0,28.06,22.93,23.33,0.0,0.0,1.0,5,0.17865811584472657,True,REGULAR,USD,2026-01-23,19,683.1699829101562
SPY260123C00665000,2026-01-02 16:00:54+00:00,665.0,20.82,22.06,22.46,-1.5599995,-6.9705067,6.0,460,0.17609466491699222,True,REGULAR,USD,2026-01-23,19,683.1699829101562
SPY260123C00666000,2025-12-30 18:30:57+00:00,666.0,20.82,21.31,21.51,-5.1100006,-19.706905,1.0,580,0.1718527639770508,True,REGULAR,USD,2026-01-23,19,683.1699829101562
SPY260123C00667000,2026-01-02 18:24:49+00:00,667.0,18.9,20.38,20.76,-6.17,-24.61109,4.0,139,0.17133397033691405,True,REGULAR,USD,2026-01-23,19,683.1699829101562
SPY260123C00668000,2026-01-02 20:54:40+00:00,668.0,19.12,19.54,19.95,-5.0999985,-21.056973,3.0,8,0.1695334512329102,True,REGULAR,USD,2026-01-23,19,683.1699829101562
SPY260123C00669000,2026-01-02 17:24:24+00:00,669.0,18.17,18.71,19.12,-1.9500008,-9.691853,12.0,21,0.16718362121582034,True,REGULAR,USD,2026-01-23,19,683.1699829101562
SPY260123C00670000,2026-01-02 21:04:19+00:00,670.0,18.05,17.95,18.16,0.0,0.0,102.0,1223,0.16233137481689452,True,REGULAR,USD,2026-01-23,19,683.1699829101562
SPY260123C00671000,2026-01-02 21:04:19+00:00,671.0,17.25,17.11,17.34,-3.58,-17.186749,28.0,80,0.15988999298095702,True,REGULAR,USD,2026-01-23,19,683.1699829101562
SPY260123C00672000,2025-12-31 20:52:33+00:00,672.0,18.7,16.29,16.61,2.0300007,12.177568,2.0,49,0.1588524057006836,True,REGULAR,USD,2026-01-23,19,683.1699829101562
SPY260123C00673000,2026-01-02 18:49:08+00:00,673.0,13.83,15.52,15.79,-6.0200005,-30.327457,20.0,89,0.15604481658935548,True,REGULAR,USD,2026-01-23,19,683.1699829101562
SPY260123C00674000,2025-12-31 17:49:49+00:00,674.0,16.61,14.72,15.06,0.0,0.0,5.0,27,0.15461050476074223,True,REGULAR,USD,2026-01-23,19,683.1699829101562
SPY260123C00675000,2026-01-02 19:24:11+00:00,675.0,14.3,13.98,14.18,0.32000065,2.288989,94.0,1063,0.15046015563964849,True,REGULAR,USD,2026-01-23,19,683.1699829101562
SPY260123C00676000,2026-01-02 19:47:26+00:00,676.0,13.57,13.15,13.51,-2.0900002,-13.346106,32.0,268,0.14963618927001954,True,REGULAR,USD,2026-01-23,19,683.1699829101562
SPY260123C00677000,2025-12-31 21:12:16+00:00,677.0,12.69,12.41,12.76,0.0,0.0,18.0,175,0.14722532470703126,True,REGULAR,USD,2026-01-23,19,683.1699829101562
SPY260123C00678000,2026-01-02 18:17:02+00:00,678.0,10.43,11.76,11.97,-1.5999994,-13.300079,34.0,201,0.14399049377441403,True,REGULAR,USD,2026-01-23,19,683.1699829101562
SPY260123C00679000,2026-01-02 20:07:29+00:00,679.0,11.1,11.05,11.27,-0.029999733,-0.2695394,43.0,551,0.1419763537597656,True,REGULAR,USD,2026-01-23,19,683.1699829101562
SPY260123C00680000,2026-01-02 21:04:23+00:00,680.0,10.49,10.41,10.54,-0.06000042,-0.56872433,245.0,672,0.1392603164672852,True,REGULAR,USD,2026-01-23,19,683.1699829101562
SPY260123C00681000,2026-01-02 21:10:17+00:00,681.0,9.88,9.7,9.96,-1.0599995,-9.68921,60.0,267,0.1386499710083008,True,REGULAR,USD,2026-01-23,19,683.1699829101562
SPY260123C00682000,2026-01-02 21:09:13+00:00,682.0,9.2,9.09,9.18,-0.05000019,-0.5405426,399.0,227,0.13462169097900395,True,REGULAR,USD,2026-01-23,19,683.1699829101562
SPY260123C00683000,2026-01-02 21:01:21+00:00,683.0,8.56,8.49,8.53,-0.049999237,-0.58071125,679.0,579,0.13236341278076175,True,REGULAR,USD,2026-01-23,19,683.1699829101562
SPY260123C00684000,2026-01-02 21:14:10+00:00,684.0,7.88,7.88,7.92,-0.01999998,-0.2531643,440.0,854,0.13044082458496092,False,REGULAR,USD,2026-01-23,19,683.1699829101562
SPY260123C00685000,2026-01-02 21:06:07+00:00,685.0,7.28,7.28,7.32,-0.099999905,-1.3550122,3828.0,1325,0.12836565002441402,False,REGULAR,USD,2026-01-23,19,683.1699829101562
SPY260123C00686000,2026-01-02 21:13:49+00:00,686.0,6.7,6.71,6.75,-0.10000038,-1.4705938,575.0,483,0.12647357910156248,False,REGULAR,USD,2026-01-23,19,683.1699829101562
SPY260123C00687000,2026-01-02 20:59:53+00:00,687.0,6.14,6.17,6.2,-0.03999996,-0.6472486,641.0,802,0.12455099090576172,False,REGULAR,USD,2026-01-23,19,683.1699829101562
SPY260123C00688000,2026-01-02 21:13:59+00:00,688.0,5.62,5.64,5.68,-0.03000021,-0.5309772,729.0,793,0.12275047180175781,False,REGULAR,USD,2026-01-23,19,683.1699829101562
SPY260123C00689000,2026-01-02 20:52:08+00:00,689.0,4.88,5.14,5.18,-0.38999987,-7.4003773,269.0,798,0.1209194354248047,False,REGULAR,USD,2026-01-23,19,683.1699829101562
SPY260123C00690000,2026-01-02 21:11:33+00:00,690.0,4.67,4.67,4.7,-0.1500001,-3.112035,2281.0,2187,0.11902736450195311,False,REGULAR,USD,2026-01-23,19,683.1699829101562
SPY260123C00691000,2026-01-02 21:02:22+00:00,691.0,4.29,4.23,4.26,-0.119999886,-2.721086,264.0,1207,0.11744046630859376,False,REGULAR,USD,2026-01-23,19,683.1699829101562
SPY260123C00692000,2026-01-02 21:02:22+00:00,692.0,3.86,3.81,3.84,-0.00999999,-0.2583977,486.0,1047,0.11579253356933594,False,REGULAR,USD,2026-01-23,19,683.1699829101562
SPY260123C00693000,2026-01-02 20:51:40+00:00,693.0,3.22,3.42,3.45,-0.26,-7.4712644,689.0,403,0.11423615264892578,False,REGULAR,USD,2026-01-23,19,683.1699829101562
SPY260123C00694000,2026-01-02 21:10:17+00:00,694.0,3.08,3.05,3.08,-0.11000013,-3.4482799,507.0,420,0.11261873718261718,False,REGULAR,USD,2026-01-23,19,683.1699829101562
SPY260123C00695000,2026-01-02 21:14:28+00:00,695.0,2.71,2.71,2.74,-0.13999987,-4.9122763,3104.0,843,0.11112339080810546,False,REGULAR,USD,2026-01-23,19,683.1699829101562
SPY260123C00696000,2026-01-02 21:01:45+00:00,696.0,2.4,2.4,2.43,-0.099999905,-3.9999962,308.0,644,0.10975011352539063,False,REGULAR,USD,2026-01-23,19,683.1699829101562
SPY260123C00697000,2026-01-02 20:30:31+00:00,697.0,2.01,2.12,2.14,-0.22000003,-9.865472,418.0,576,0.10834631896972656,False,REGULAR,USD,2026-01-23,19,683.1699829101562
SPY260123C00698000,2026-01-02 20:44:54+00:00,698.0,1.68,1.86,1.88,-0.34000003,-16.831686,708.0,1952,0.10706459350585937,False,REGULAR,USD,2026-01-23,19,683.1699829101562
SPY260123C00699000,2026-01-02 20:16:56+00:00,699.0,1.6,1.62,1.65,-0.18999994,-10.614522,193.0,1289,0.10596597167968749,False,REGULAR,USD,2026-01-23,19,683.1699829101562
SPY260123C00700000,2026-01-02 21:09:17+00:00,700.0,1.4,1.41,1.43,-0.18000007,-11.392408,1634.0,2942,0.1046842462158203,False,REGULAR,USD,2026-01-23,19,683.1699829101562
SPY260123C00701000,2026-01-02 20:49:54+00:00,701.0,1.14,1.22,1.24,-0.24000001,-17.391304,240.0,1605,0.10358562438964843,False,REGULAR,USD,2026-01-23,19,683.1699829101562
SPY260123C00702000,2026-01-02 21:13:30+00:00,702.0,1.03,1.05,1.07,-0.20000005,-16.260166,360.0,2538,0.10254803710937499,False,REGULAR,USD,2026-01-23,19,683.1699829101562
SPY260123C00703000,2026-01-02 21:11:19+00:00,703.0,0.89,0.9,0.92,-0.110000014,-11.000002,165.0,1079,0.10163251892089843,False,REGULAR,USD,2026-01-23,19,683.1699829101562
SPY260123C00704000,2026-01-02 21:13:30+00:00,704.0,0.77,0.77,0.79,-0.16000003,-17.204304,240.0,1361,0.10083906982421875,False,REGULAR,USD,2026-01-23,19,683.1699829101562
SPY260123C00705000,2026-01-02 20:58:55+00:00,705.0,0.6,0.65,0.67,-0.14999998,-19.999998,3678.0,2264,0.09986251708984376,False,REGULAR,USD,2026-01-23,19,683.1699829101562
SPY260123C00706000,2026-01-02 21:11:46+00:00,706.0,0.54,0.55,0.57,-0.120000005,-18.181818,1091.0,617,0.0991301025390625,False,REGULAR,USD,2026-01-23,19,683.1699829101562
SPY260123C00707000,2026-01-02 20:58:29+00:00,707.0,0.43,0.47,0.48,-0.15999997,-27.118639,82.0,950,0.09827561889648437,False,REGULAR,USD,2026-01-23,19,683.1699829101562
SPY260123C00708000,2026-01-02 20:59:40+00:00,708.0,0.4,0.4,0.41,-0.099999994,-19.999998,240.0,1525,0.09790941162109376,False,REGULAR,USD,2026-01-23,19,683.1699829101562
SPY260123C00709000,2026-01-02 20:42:41+00:00,709.0,0.31,0.33,0.35,-0.13999999,-31.111109,90.0,1726,0.0976652734375,False,REGULAR,USD,2026-01-23,19,683.1699829101562
SPY260123C00710000,2026-01-02 21:06:52+00:00,710.0,0.28,0.28,0.3,-0.099999994,-26.315788,1099.0,4560,0.09754320434570313,False,REGULAR,USD,2026-01-23,19,683.1699829101562
SPY260123C00711000,2026-01-02 19:40:13+00:00,711.0,0.27,0.24,0.25,-0.07999998,-22.857138,30.0,290,0.09693285888671876,False,REGULAR,USD,2026-01-23,19,683.1699829101562
SPY260123C00712000,2026-01-02 20:13:55+00:00,712.0,0.21,0.2,0.22,-0.13000001,-38.2353,26.0,115,0.09742113525390625,False,REGULAR,USD,2026-01-23,19,683.1699829101562
SPY260123C00713000,2026-01-02 17:36:52+00:00,713.0,0.19,0.17,0.19,-0.19999999,-51.282047,7.0,39,0.09754320434570313,False,REGULAR,USD,2026-01-23,19,683.1699829101562
SPY260123C00714000,2026-01-02 18:48:56+00:00,714.0,0.17,0.15,0.16,-0.17,-50.0,34.0,109,0.09742113525390625,False,REGULAR,USD,2026-01-23,19,683.1699829101562
SPY260123C00715000,2026-01-02 21:07:31+00:00,715.0,0.14,0.13,0.14,-0.060000002,-30.000002,520.0,5362,0.09790941162109376,False,REGULAR,USD,2026-01-23,19,683.1699829101562
SPY260123C00716000,2026-01-02 20:42:20+00:00,716.0,0.12,0.11,0.12,-0.15,-55.555557,11.0,50,0.09790941162109376,False,REGULAR,USD,2026-01-23,19,683.1699829101562
SPY260123C00717000,2025-12-31 15:22:01+00:00,717.0,0.26,0.1,0.11,0.0,0.0,1.0,384,0.0991301025390625,False,REGULAR,USD,2026-01-23,19,683.1699829101562
SPY260123C00719000,2026-01-02 14:57:56+00:00,719.0,0.15,0.08,0.09,-0.08,-34.782608,1.0,327,0.1010832080078125,False,REGULAR,USD,2026-01-23,19,683.1699829101562
SPY260123C00720000,2026-01-02 20:46:54+00:00,720.0,0.08,0.08,0.09,-0.049999997,-38.461536,368.0,3682,0.10328045166015623,False,REGULAR,USD,2026-01-23,19,683.1699829101562
SPY260123C00725000,2026-01-02 17:32:05+00:00,725.0,0.07,0.05,0.06,-0.049999997,-41.666664,156.0,844,0.1088956298828125,False,REGULAR,USD,2026-01-23,19,683.1699829101562
SPY260123C00730000,2026-01-02 20:01:32+00:00,730.0,0.04,0.04,0.05,-0.030000001,-42.857143,29.0,436,0.117196328125,False,REGULAR,USD,2026-01-23,19,683.1699829101562
SPY260123C00735000,2026-01-02 15:42:38+00:00,735.0,0.04,0.03,0.04,-0.010000002,-20.000004,3.0,134,0.1245204736328125,False,REGULAR,USD,2026-01-23,19,683.1699829101562
SPY260123C00740000,2025-12-31 15:23:25+00:00,740.0,0.05,0.03,0.04,0.0,0.0,3.0,94,0.13477427734375003,False,REGULAR,USD,2026-01-23,19,683.1699829101562
SPY260123C00745000,2025-12-31 15:22:58+00:00,745.0,0.05,0.02,0.03,0.0,0.0,10.0,46,0.139657041015625,False,REGULAR,USD,2026-01-23,19,683.1699829101562
SPY260123C00750000,2026-01-02 16:50:26+00:00,750.0,0.02,0.02,0.03,-0.01,-33.333336,6.0,2994,0.149422568359375,False,REGULAR,USD,2026-01-23,19,683.1699829101562
SPY260123C00755000,2025-12-31 16:35:04+00:00,755.0,0.03,0.02,0.03,0.0,0.0,14.0,70,0.159188095703125,False,REGULAR,USD,2026-01-23,19,683.1699829101562
SPY260123C00760000,2026-01-02 15:06:17+00:00,760.0,0.03,0.02,0.03,0.0,0.0,3.0,383,0.16797707031250003,False,REGULAR,USD,2026-01-23,19,683.1699829101562
SPY260123C00765000,2026-01-02 14:35:34+00:00,765.0,0.03,0.01,0.02,0.0,0.0,25.0,120,0.17090672851562502,False,REGULAR,USD,2026-01-23,19,683.1699829101562
SPY260123C00770000,2025-12-31 16:32:01+00:00,770.0,0.03,0.01,0.02,0.0,0.0,3.0,133,0.179695703125,False,REGULAR,USD,2026-01-23,19,683.1699829101562
SPY260123C00775000,2025-12-18 14:43:17+00:00,775.0,0.03,0.01,0.02,0.0,0.0,34.0,34,0.188484677734375,False,REGULAR,USD,2026-01-23,19,683.1699829101562
SPY260123C00780000,2025-12-30 15:03:31+00:00,780.0,0.03,0.01,0.02,0.0,0.0,10.0,205,0.19727365234375,False,REGULAR,USD,2026-01-23,19,683.1699829101562
SPY260123C00785000,2025-12-31 16:32:01+00:00,785.0,0.01,0.01,0.02,0.0,0.0,4.0,27,0.20508607421874997,False,REGULAR,USD,2026-01-23,19,683.1699829101562
SPY260123C00790000,2025-12-18 15:21:48+00:00,790.0,0.02,0.01,0.02,0.0,0.0,1.0,25,0.2148516015625,False,REGULAR,USD,2026-01-23,19,683.1699829101562
SPY260123C00795000,2026-01-02 14:58:48+00:00,795.0,0.01,0.01,0.02,-0.01,-50.0,4.0,15,0.22266402343749997,False,REGULAR,USD,2026-01-23,19,683.1699829101562
SPY260123C00800000,2025-12-31 15:10:20+00:00,800.0,0.02,0.01,0.02,0.0,0.0,2.0,215,0.2304764453125,False,REGULAR,USD,2026-01-23,19,683.1699829101562
SPY260130C00415000,2025-12-22 15:19:13+00:00,415.0,268.06,268.33,271.11,-3.8200073,-1.4050343,10.0,2,0.9660647924804688,True,REGULAR,USD,2026-01-30,26,683.1699829101562
SPY260130C00420000,2025-12-18 14:52:08+00:00,420.0,257.27,263.34,266.12,0.0,0.0,1.0,2,0.9467778759765625,True,REGULAR,USD,2026-01-30,26,683.1699829101562
SPY260130C00425000,2025-12-24 14:53:41+00:00,425.0,265.47,258.36,261.14,0.0,0.0,,1,0.9285895812988281,True,REGULAR,USD,2026-01-30,26,683.1699829101562
SPY260130C00435000,2025-10-10 19:12:24+00:00,435.0,227.0,239.15,238.71,0.0,0.0,,0,1.0000000000000003e-05,True,REGULAR,USD,2026-01-30,26,683.1699829101562
SPY260130C00450000,2025-12-26 16:58:50+00:00,450.0,242.04,233.45,236.25,0.0,0.0,2.0,50,0.8398453515625,True,REGULAR,USD,2026-01-30,26,683.1699829101562
SPY260130C00455000,2025-11-14 21:13:39+00:00,455.0,220.98,228.46,231.25,0.0,0.0,2.0,0,0.8210467114257811,True,REGULAR,USD,2026-01-30,26,683.1699829101562
SPY260130C00460000,2025-11-14 21:13:38+00:00,460.0,216.07,223.48,226.27,0.0,0.0,2.0,79,0.8038349694824218,True,REGULAR,USD,2026-01-30,26,683.1699829101562
SPY260130C00465000,2025-12-05 18:13:44+00:00,465.0,223.11,218.51,221.28,0.0,0.0,2.0,2,0.7866232275390624,True,REGULAR,USD,2026-01-30,26,683.1699829101562
SPY260130C00470000,2025-12-18 20:44:37+00:00,470.0,209.03,213.53,216.31,0.0,0.0,1.0,36,0.7698997619628907,True,REGULAR,USD,2026-01-30,26,683.1699829101562
SPY260130C00475000,2025-12-18 20:49:17+00:00,475.0,204.09,208.55,211.33,0.0,0.0,2.0,3,0.752932158203125,True,REGULAR,USD,2026-01-30,26,683.1699829101562
SPY260130C00480000,2025-12-29 16:23:19+00:00,480.0,209.08,203.57,206.35,0.0,0.0,10.0,17,0.7359645544433593,True,REGULAR,USD,2026-01-30,26,683.1699829101562
SPY260130C00485000,2025-11-14 17:51:08+00:00,485.0,192.77,198.59,201.36,0.0,0.0,2.0,1,0.7187528125,True,REGULAR,USD,2026-01-30,26,683.1699829101562
SPY260130C00490000,2025-11-14 18:29:15+00:00,490.0,187.15,193.61,196.39,0.0,0.0,2.0,14,0.7022734851074219,True,REGULAR,USD,2026-01-30,26,683.1699829101562
SPY260130C00495000,2025-12-15 15:52:30+00:00,495.0,188.33,188.63,191.41,0.0,0.0,21.0,18,0.68555001953125,True,REGULAR,USD,2026-01-30,26,683.1699829101562
SPY260130C00500000,2025-12-29 16:24:33+00:00,500.0,189.35,184.73,185.29,0.0,0.0,10.0,460,0.6668734484863283,True,REGULAR,USD,2026-01-30,26,683.1699829101562
SPY260130C00505000,2025-12-29 17:50:39+00:00,505.0,185.41,179.62,180.28,0.0,0.0,2.0,131,0.6449010119628906,True,REGULAR,USD,2026-01-30,26,683.1699829101562
SPY260130C00510000,2025-12-18 20:47:43+00:00,510.0,169.59,173.68,176.49,0.0,0.0,3.0,30,0.6362341064453125,True,REGULAR,USD,2026-01-30,26,683.1699829101562
SPY260130C00515000,2025-12-29 16:39:20+00:00,515.0,174.25,168.71,171.51,0.0,0.0,1.0,4,0.6201209863281252,True,REGULAR,USD,2026-01-30,26,683.1699829101562
SPY260130C00520000,2025-12-29 14:47:00+00:00,520.0,170.24,163.74,166.53,0.0,0.0,2.0,36,0.6040078662109377,True,REGULAR,USD,2026-01-30,26,683.1699829101562
SPY260130C00525000,2025-12-24 14:50:01+00:00,525.0,165.96,159.83,160.4,0.0,0.0,5.0,597,0.5852092260742188,True,REGULAR,USD,2026-01-30,26,683.1699829101562
SPY260130C00530000,2025-12-29 17:46:16+00:00,530.0,158.86,154.73,155.43,0.0,0.0,2.0,196,0.5656781713867188,True,REGULAR,USD,2026-01-30,26,683.1699829101562
SPY260130C00535000,2025-12-11 15:46:54+00:00,535.0,153.07,148.8,151.61,0.0,0.0,4.0,7,0.5556074713134767,True,REGULAR,USD,2026-01-30,26,683.1699829101562
SPY260130C00540000,2025-12-29 16:53:11+00:00,540.0,149.36,143.84,146.62,0.0,0.0,3.0,5,0.5396774548339844,True,REGULAR,USD,2026-01-30,26,683.1699829101562
SPY260130C00545000,2025-11-26 16:24:03+00:00,545.0,139.5,139.86,140.53,0.0,0.0,1.0,183,0.520390538330078,True,REGULAR,USD,2026-01-30,26,683.1699829101562
SPY260130C00550000,2025-12-30 19:39:45+00:00,550.0,140.06,134.88,135.5,0.0,0.0,1.0,1063,0.503056727294922,True,REGULAR,USD,2026-01-30,26,683.1699829101562
SPY260130C00555000,2026-01-02 18:31:29+00:00,555.0,127.95,128.91,131.72,-7.3399963,-5.42538,3.0,12,0.5535933312988282,True,REGULAR,USD,2026-01-30,26,683.1699829101562
SPY260130C00560000,2025-12-29 18:10:34+00:00,560.0,129.42,124.94,125.6,0.0,0.0,9.0,379,0.4885305053710938,True,REGULAR,USD,2026-01-30,26,683.1699829101562
SPY260130C00565000,2025-12-31 18:34:08+00:00,565.0,124.04,118.98,121.77,0.0,0.0,1.0,17,0.5182543292236328,True,REGULAR,USD,2026-01-30,26,683.1699829101562
SPY260130C00570000,2025-12-19 16:19:56+00:00,570.0,113.54,114.02,116.79,0.0,0.0,4.0,31,0.5004322418212892,True,REGULAR,USD,2026-01-30,26,683.1699829101562
SPY260130C00572000,2025-12-22 20:44:28+00:00,572.0,116.22,112.02,114.82,0.0,0.0,3.0,9,0.49408464904785165,True,REGULAR,USD,2026-01-30,26,683.1699829101562
SPY260130C00573000,2025-12-29 17:12:14+00:00,573.0,116.57,111.03,113.8,0.0,0.0,2.0,15,0.48969016174316415,True,REGULAR,USD,2026-01-30,26,683.1699829101562
SPY260130C00574000,2025-12-23 15:57:57+00:00,574.0,115.5,110.05,112.83,0.0,0.0,2.0,18,0.4870046417236329,True,REGULAR,USD,2026-01-30,26,683.1699829101562
SPY260130C00575000,2025-12-26 17:14:54+00:00,575.0,117.33,110.02,110.66,0.0,0.0,2.0,301,0.43897045410156255,True,REGULAR,USD,2026-01-30,26,683.1699829101562
SPY260130C00576000,2025-12-19 16:20:43+00:00,576.0,107.5,108.06,110.84,0.0,0.0,1.0,8,0.47998566894531247,True,REGULAR,USD,2026-01-30,26,683.1699829101562
SPY260130C00577000,2025-12-22 15:07:30+00:00,577.0,109.97,107.06,109.86,0.0,0.0,2.0,2,0.4769339416503906,True,REGULAR,USD,2026-01-30,26,683.1699829101562
SPY260130C00578000,2025-12-30 20:19:06+00:00,578.0,111.79,106.08,108.86,0.0,0.0,1.0,18,0.473210834350586,True,REGULAR,USD,2026-01-30,26,683.1699829101562
SPY260130C00579000,2025-12-26 17:25:41+00:00,579.0,113.25,105.09,107.84,0.0,0.0,1.0,0,0.4688163470458985,True,REGULAR,USD,2026-01-30,26,683.1699829101562
SPY260130C00580000,2025-12-31 16:55:55+00:00,580.0,107.52,105.11,105.7,0.0,0.0,22.0,381,0.4232235412597656,True,REGULAR,USD,2026-01-30,26,683.1699829101562
SPY260130C00581000,2025-08-15 16:12:46+00:00,581.0,80.65,93.02,95.97,0.0,0.0,1.0,1,1.0000000000000003e-05,True,REGULAR,USD,2026-01-30,26,683.1699829101562
SPY260130C00582000,2025-11-24 17:41:57+00:00,582.0,93.7,102.1,104.89,0.0,0.0,1.0,6,0.45941702697753906,True,REGULAR,USD,2026-01-30,26,683.1699829101562
SPY260130C00584000,2025-12-31 14:30:28+00:00,584.0,105.6,100.13,102.91,0.0,0.0,1.0,1,0.45264219238281256,True,REGULAR,USD,2026-01-30,26,683.1699829101562
SPY260130C00585000,2025-12-29 15:03:25+00:00,585.0,105.22,99.14,101.92,0.0,0.0,2.0,53,0.4492852923583984,True,REGULAR,USD,2026-01-30,26,683.1699829101562
SPY260130C00586000,2025-12-31 18:12:29+00:00,586.0,101.33,98.14,100.92,0.0,0.0,1.0,3,0.44556218505859374,True,REGULAR,USD,2026-01-30,26,683.1699829101562
SPY260130C00587000,2025-12-29 18:44:57+00:00,587.0,103.32,97.15,99.95,0.0,0.0,2.0,13,0.4428156304931641,True,REGULAR,USD,2026-01-30,26,683.1699829101562
SPY260130C00588000,2025-12-29 18:44:57+00:00,588.0,102.27,96.15,98.95,0.0,0.0,2.0,7,0.4390925231933594,True,REGULAR,USD,2026-01-30,26,683.1699829101562
SPY260130C00589000,2025-12-11 14:54:06+00:00,589.0,97.21,95.17,97.93,0.0,0.0,7.0,2,0.4347590704345704,True,REGULAR,USD,2026-01-30,26,683.1699829101562
SPY260130C00590000,2026-01-02 17:16:19+00:00,590.0,95.56,94.17,96.96,0.36999512,0.38869116,6.0,55,0.43201251586914063,True,REGULAR,USD,2026-01-30,26,683.1699829101562
SPY260130C00591000,2025-11-21 16:26:47+00:00,591.0,74.82,93.19,95.97,0.0,0.0,48.0,24,0.4285945812988281,True,REGULAR,USD,2026-01-30,26,683.1699829101562
SPY260130C00592000,2025-09-05 13:53:50+00:00,592.0,74.98,88.86,91.98,0.0,0.0,3.0,0,0.2985909985351562,True,REGULAR,USD,2026-01-30,26,683.1699829101562
SPY260130C00593000,2025-12-19 17:22:11+00:00,593.0,91.23,91.2,93.99,0.0,0.0,2.0,3,0.4218197467041016,True,REGULAR,USD,2026-01-30,26,683.1699829101562
SPY260130C00594000,2025-12-18 14:43:19+00:00,594.0,85.12,91.29,91.86,0.0,0.0,2.0,182,0.38056039367675776,True,REGULAR,USD,2026-01-30,26,683.1699829101562
SPY260130C00595000,2025-12-22 20:09:46+00:00,595.0,89.62,89.23,91.99,-3.8499985,-4.118967,1.0,35,0.4143735321044921,True,REGULAR,USD,2026-01-30,26,683.1699829101562
SPY260130C00596000,2025-12-26 19:42:28+00:00,596.0,97.14,88.23,91.03,0.0,0.0,3.0,5,0.4118711157226562,True,REGULAR,USD,2026-01-30,26,683.1699829101562
SPY260130C00597000,2025-11-14 18:02:57+00:00,597.0,85.08,87.24,90.04,0.0,0.0,1.0,3,0.40845318115234375,True,REGULAR,USD,2026-01-30,26,683.1699829101562
SPY260130C00598000,2025-12-29 14:44:08+00:00,598.0,93.23,86.26,89.02,0.0,0.0,1.0,4,0.4041197283935547,True,REGULAR,USD,2026-01-30,26,683.1699829101562
SPY260130C00599000,2025-12-17 17:17:51+00:00,599.0,78.29,85.27,88.06,0.0,0.0,1.0,8,0.40161731201171874,True,REGULAR,USD,2026-01-30,26,683.1699829101562
SPY260130C00600000,2026-01-02 17:59:15+00:00,600.0,83.32,85.31,85.89,-3.6800003,-4.229885,1.0,328,0.3606020971679687,True,REGULAR,USD,2026-01-30,26,683.1699829101562
SPY260130C00601000,2025-12-29 17:21:38+00:00,601.0,88.87,83.3,86.08,0.0,0.0,1.0,6,0.3947204083251954,True,REGULAR,USD,2026-01-30,26,683.1699829101562
SPY260130C00602000,2025-12-26 15:01:17+00:00,602.0,91.65,82.31,85.1,0.0,0.0,1.0,9,0.39160764648437496,True,REGULAR,USD,2026-01-30,26,683.1699829101562
SPY260130C00603000,2025-12-30 21:01:27+00:00,603.0,86.79,81.32,84.1,0.0,0.0,4.0,61,0.3878235046386719,True,REGULAR,USD,2026-01-30,26,683.1699829101562
SPY260130C00604000,2025-12-18 18:59:58+00:00,604.0,77.2,80.34,83.12,0.0,0.0,1.0,30,0.3846497082519531,True,REGULAR,USD,2026-01-30,26,683.1699829101562
SPY260130C00605000,2025-12-31 19:25:06+00:00,605.0,79.83,80.32,80.99,-3.0599976,-3.6916368,1.0,152,0.3463810479736328,True,REGULAR,USD,2026-01-30,26,683.1699829101562
SPY260130C00606000,2025-11-21 18:32:53+00:00,606.0,64.89,78.35,81.14,0.0,0.0,2.0,5,0.3777528045654296,True,REGULAR,USD,2026-01-30,26,683.1699829101562
SPY260130C00607000,2025-11-24 17:41:57+00:00,607.0,70.76,77.38,80.16,0.0,0.0,1.0,4,0.3745790081787109,True,REGULAR,USD,2026-01-30,26,683.1699829101562
SPY260130C00608000,2025-12-30 15:25:58+00:00,608.0,81.85,76.38,79.19,0.0,0.0,2.0,20,0.37164934997558596,True,REGULAR,USD,2026-01-30,26,683.1699829101562
SPY260130C00609000,2025-12-03 17:18:49+00:00,609.0,79.35,75.41,78.21,0.0,0.0,11.0,79,0.3684145190429688,True,REGULAR,USD,2026-01-30,26,683.1699829101562
SPY260130C00610000,2026-01-02 16:55:38+00:00,610.0,73.03,75.42,76.06,-4.6100006,-5.937662,3.0,101,0.33100034240722653,True,REGULAR,USD,2026-01-30,26,683.1699829101562
SPY260130C00611000,2025-12-30 20:44:26+00:00,611.0,79.49,73.44,76.23,0.0,0.0,1.0,57,0.3614565808105469,True,REGULAR,USD,2026-01-30,26,683.1699829101562
SPY260130C00612000,2025-12-16 15:22:21+00:00,612.0,70.02,72.45,75.23,0.0,0.0,4.0,31,0.35767243896484374,True,REGULAR,USD,2026-01-30,26,683.1699829101562
SPY260130C00613000,2025-11-28 18:08:11+00:00,613.0,76.15,71.47,74.24,0.0,0.0,2.0,2,0.35419346984863276,True,REGULAR,USD,2026-01-30,26,683.1699829101562
SPY260130C00614000,2026-01-02 15:13:22+00:00,614.0,73.2,70.49,73.27,7.329994,11.127971,50.0,73,0.35120277709960934,True,REGULAR,USD,2026-01-30,26,683.1699829101562
SPY260130C00615000,2025-12-31 15:44:49+00:00,615.0,68.94,70.5,71.12,-4.1800003,-5.7166305,1.0,433,0.31500929138183587,True,REGULAR,USD,2026-01-30,26,683.1699829101562
SPY260130C00616000,2025-12-18 17:24:28+00:00,616.0,62.86,68.52,71.31,0.0,0.0,8.0,15,0.34467208068847655,True,REGULAR,USD,2026-01-30,26,683.1699829101562
SPY260130C00617000,2025-12-18 14:44:06+00:00,617.0,63.04,67.54,70.33,0.0,0.0,4.0,68,0.341376215209961,True,REGULAR,USD,2026-01-30,26,683.1699829101562
SPY260130C00618000,2025-12-16 15:18:25+00:00,618.0,64.59,66.56,69.35,0.0,0.0,4.0,9,0.3380803497314453,True,REGULAR,USD,2026-01-30,26,683.1699829101562
SPY260130C00619000,2025-12-17 19:53:24+00:00,619.0,58.34,65.59,68.37,0.0,0.0,8.0,21,0.3347844842529296,True,REGULAR,USD,2026-01-30,26,683.1699829101562
SPY260130C00620000,2026-01-02 17:30:38+00:00,620.0,63.99,65.55,66.25,-3.920002,-5.7723484,44.0,443,0.3009103112792969,True,REGULAR,USD,2026-01-30,26,683.1699829101562
SPY260130C00621000,2026-01-02 17:28:41+00:00,621.0,62.4,63.62,66.43,3.0,5.050505,1.0,11,0.3286199951171874,True,REGULAR,USD,2026-01-30,26,683.1699829101562
SPY260130C00622000,2025-12-18 14:44:07+00:00,622.0,58.34,62.65,65.42,0.0,0.0,2.0,45,0.3245306805419921,True,REGULAR,USD,2026-01-30,26,683.1699829101562
SPY260130C00623000,2025-11-21 20:58:53+00:00,623.0,49.63,61.68,64.48,0.0,0.0,45.0,24,0.32221136779785153,True,REGULAR,USD,2026-01-30,26,683.1699829101562
SPY260130C00624000,2025-12-30 17:18:07+00:00,624.0,66.55,60.7,63.49,0.0,0.0,1.0,24,0.3185798123168945,True,REGULAR,USD,2026-01-30,26,683.1699829101562
SPY260130C00625000,2026-01-02 19:48:40+00:00,625.0,61.17,60.68,61.34,-2.6400032,-4.1372876,1.0,303,0.28528546752929684,True,REGULAR,USD,2026-01-30,26,683.1699829101562
SPY260130C00626000,2025-11-19 14:30:00+00:00,626.0,49.78,58.76,61.55,0.0,0.0,1.0,5,0.3122932540893554,True,REGULAR,USD,2026-01-30,26,683.1699829101562
SPY260130C00627000,2025-12-17 15:28:02+00:00,627.0,55.85,57.79,60.57,0.0,0.0,3.0,13,0.3089058367919921,True,REGULAR,USD,2026-01-30,26,683.1699829101562
SPY260130C00628000,2025-12-30 20:10:58+00:00,628.0,62.65,56.82,59.59,0.0,0.0,1.0,43,0.30548790222167965,True,REGULAR,USD,2026-01-30,26,683.1699829101562
SPY260130C00629000,2025-12-18 19:39:20+00:00,629.0,52.15,55.84,58.62,0.0,0.0,2.0,64,0.30225307128906254,True,REGULAR,USD,2026-01-30,26,683.1699829101562
SPY260130C00630000,2026-01-02 16:12:06+00:00,630.0,53.86,55.89,56.52,-7.0200005,-11.530881,16.0,643,0.27161372924804683,True,REGULAR,USD,2026-01-30,26,683.1699829101562
SPY260130C00631000,2025-12-31 16:35:16+00:00,631.0,57.17,54.92,55.52,0.0,0.0,1.0,102,0.26792113922119143,True,REGULAR,USD,2026-01-30,26,683.1699829101562
SPY260130C00632000,2025-12-19 14:33:36+00:00,632.0,51.81,52.94,55.74,0.0,0.0,1.0,34,0.29325047576904284,True,REGULAR,USD,2026-01-30,26,683.1699829101562
SPY260130C00633000,2025-12-17 14:52:32+00:00,633.0,50.43,53.0,53.59,0.0,0.0,2.0,109,0.2622144091796875,True,REGULAR,USD,2026-01-30,26,683.1699829101562
SPY260130C00634000,2025-12-18 14:44:07+00:00,634.0,47.38,51.02,53.79,0.0,0.0,4.0,14,0.2864451239013671,True,REGULAR,USD,2026-01-30,26,683.1699829101562
SPY260130C00635000,2026-01-02 18:14:19+00:00,635.0,49.22,51.09,51.67,-5.3099976,-9.737755,1.0,233,0.25666026550292964,True,REGULAR,USD,2026-01-30,26,683.1699829101562
SPY260130C00636000,2025-12-16 17:36:01+00:00,636.0,47.9,49.11,51.9,0.0,0.0,1.0,41,0.28089098022460934,True,REGULAR,USD,2026-01-30,26,683.1699829101562
SPY260130C00637000,2025-12-31 20:55:31+00:00,637.0,47.6,48.16,50.95,-1.920002,-3.8772252,5.0,27,0.2779613220214844,True,REGULAR,USD,2026-01-30,26,683.1699829101562
SPY260130C00638000,2025-12-31 15:43:49+00:00,638.0,50.71,48.28,48.8,0.0,0.0,1.0,106,0.2483595672607422,True,REGULAR,USD,2026-01-30,26,683.1699829101562
SPY260130C00639000,2025-12-26 20:06:47+00:00,639.0,55.07,46.25,49.05,0.0,0.0,1.0,15,0.27201045379638666,True,REGULAR,USD,2026-01-30,26,683.1699829101562
SPY260130C00640000,2025-12-31 17:31:04+00:00,640.0,48.7,46.38,46.94,0.0,0.0,5.0,615,0.24390404541015626,True,REGULAR,USD,2026-01-30,26,683.1699829101562
SPY260130C00641000,2025-12-23 16:42:51+00:00,641.0,49.4,44.35,47.15,0.0,0.0,1.0,37,0.26593751647949215,True,REGULAR,USD,2026-01-30,26,683.1699829101562
SPY260130C00642000,2025-12-30 17:02:34+00:00,642.0,49.17,43.41,46.21,0.0,0.0,2.0,53,0.26306889282226564,True,REGULAR,USD,2026-01-30,26,683.1699829101562
SPY260130C00643000,2025-12-19 14:59:37+00:00,643.0,43.4,43.49,44.08,0.0,0.0,1.0,185,0.23532869171142579,True,REGULAR,USD,2026-01-30,26,683.1699829101562
SPY260130C00644000,2025-12-30 14:50:39+00:00,644.0,48.41,42.63,43.24,0.0,0.0,1.0,19,0.23484041534423827,True,REGULAR,USD,2026-01-30,26,683.1699829101562
SPY260130C00645000,2026-01-02 20:58:00+00:00,645.0,41.2,41.71,42.2,-5.459999,-11.70167,6.0,1099,0.23001868621826171,True,REGULAR,USD,2026-01-30,26,683.1699829101562
SPY260130C00646000,2025-12-29 15:49:45+00:00,646.0,45.97,40.76,41.29,0.0,0.0,1.0,226,0.22791299438476562,True,REGULAR,USD,2026-01-30,26,683.1699829101562
SPY260130C00647000,2025-12-31 20:10:49+00:00,647.0,40.34,39.84,40.37,0.0,0.0,2.0,357,0.22556316436767576,True,REGULAR,USD,2026-01-30,26,683.1699829101562
SPY260130C00648000,2025-12-26 16:57:59+00:00,648.0,46.45,38.94,39.43,0.0,0.0,3.0,177,0.22275557525634765,True,REGULAR,USD,2026-01-30,26,683.1699829101562
SPY260130C00649000,2026-01-02 18:40:33+00:00,649.0,36.24,38.0,38.5,-4.709999,-11.501829,2.0,115,0.22010057250976559,True,REGULAR,USD,2026-01-30,26,683.1699829101562
SPY260130C00650000,2026-01-02 19:40:01+00:00,650.0,37.59,37.15,37.57,-0.95000076,-2.4649734,603.0,1810,0.21738453521728518,True,REGULAR,USD,2026-01-30,26,683.1699829101562
SPY260130C00651000,2025-12-26 18:23:26+00:00,651.0,43.23,36.19,36.68,0.0,0.0,6.0,54,0.21540091247558596,True,REGULAR,USD,2026-01-30,26,683.1699829101562
SPY260130C00652000,2025-12-30 14:55:53+00:00,652.0,40.55,35.25,35.75,0.0,0.0,2.0,224,0.2125933233642578,True,REGULAR,USD,2026-01-30,26,683.1699829101562
SPY260130C00653000,2025-12-31 18:56:21+00:00,653.0,37.36,34.35,34.85,0.0,0.0,2.0,105,0.21033504516601562,True,REGULAR,USD,2026-01-30,26,683.1699829101562
SPY260130C00654000,2026-01-02 18:51:03+00:00,654.0,30.96,33.45,33.94,-8.43,-21.401373,1.0,105,0.20777159423828123,True,REGULAR,USD,2026-01-30,26,683.1699829101562
SPY260130C00655000,2026-01-02 17:37:59+00:00,655.0,31.66,32.62,33.01,-2.75,-7.9918633,9.0,535,0.204811418762207,True,REGULAR,USD,2026-01-30,26,683.1699829101562
SPY260130C00656000,2025-12-31 19:33:09+00:00,656.0,33.5,31.68,32.18,0.0,0.0,11.0,255,0.20359072784423826,True,REGULAR,USD,2026-01-30,26,683.1699829101562
SPY260130C00657000,2026-01-02 17:27:58+00:00,657.0,30.12,30.78,31.27,-5.319998,-15.011281,1.0,171,0.20084417327880855,True,REGULAR,USD,2026-01-30,26,683.1699829101562
SPY260130C00658000,2026-01-02 17:34:13+00:00,658.0,27.45,29.9,30.36,-5.239998,-16.029362,4.0,138,0.1980671014404297,True,REGULAR,USD,2026-01-30,26,683.1699829101562
SPY260130C00659000,2025-12-26 18:10:57+00:00,659.0,36.22,29.03,29.48,0.0,0.0,1.0,48,0.19571727142333983,True,REGULAR,USD,2026-01-30,26,683.1699829101562
SPY260130C00660000,2026-01-02 19:34:27+00:00,660.0,28.5,28.21,28.64,-0.10000038,-0.34965166,35.0,1173,0.1939777868652344,True,REGULAR,USD,2026-01-30,26,683.1699829101562
SPY260130C00661000,2025-12-24 15:59:02+00:00,661.0,34.6,27.3,27.71,0.0,0.0,1.0,283,0.19062088684082032,True,REGULAR,USD,2026-01-30,26,683.1699829101562
SPY260130C00662000,2026-01-02 16:50:26+00:00,662.0,25.06,26.45,26.85,-9.030001,-26.488708,1.0,291,0.18839312591552732,True,REGULAR,USD,2026-01-30,26,683.1699829101562
SPY260130C00663000,2025-12-31 18:56:21+00:00,663.0,28.43,25.59,26.0,0.0,0.0,1.0,427,0.1862263995361328,True,REGULAR,USD,2026-01-30,26,683.1699829101562
SPY260130C00664000,2026-01-02 20:36:39+00:00,664.0,24.88,24.78,25.17,-2.2700005,-8.36096,5.0,153,0.1842732940673828,True,REGULAR,USD,2026-01-30,26,683.1699829101562
SPY260130C00665000,2026-01-02 20:07:31+00:00,665.0,24.0,23.9,24.34,-0.21999931,-0.9083374,161.0,1131,0.18225915405273438,True,REGULAR,USD,2026-01-30,26,683.1699829101562
SPY260130C00666000,2025-12-31 20:29:25+00:00,666.0,23.43,23.1,23.55,0.0,0.0,3.0,218,0.18073329040527342,True,REGULAR,USD,2026-01-30,26,683.1699829101562
SPY260130C00667000,2026-01-02 15:15:50+00:00,667.0,23.2,22.28,22.65,0.63000107,2.7913208,12.0,440,0.17740690765380857,True,REGULAR,USD,2026-01-30,26,683.1699829101562
SPY260130C00668000,2025-12-30 15:42:01+00:00,668.0,22.22,21.47,21.84,-2.8200016,-11.261987,6.0,70,0.17536225036621095,True,REGULAR,USD,2026-01-30,26,683.1699829101562
SPY260130C00669000,2026-01-02 19:28:06+00:00,669.0,20.05,20.67,21.05,-3.0900002,-13.353501,23.0,214,0.17350069671630858,True,REGULAR,USD,2026-01-30,26,683.1699829101562
SPY260130C00670000,2026-01-02 21:12:57+00:00,670.0,19.97,19.83,20.23,0.1099987,0.55387056,47.0,1033,0.17108983215332033,True,REGULAR,USD,2026-01-30,26,683.1699829101562
SPY260130C00671000,2026-01-02 15:32:10+00:00,671.0,19.0,19.1,19.44,-1.8600006,-8.91659,1.0,251,0.16899939895629884,True,REGULAR,USD,2026-01-30,26,683.1699829101562
SPY260130C00672000,2025-12-31 15:44:46+00:00,672.0,20.08,18.31,18.72,-0.29000092,-1.4236667,1.0,139,0.16779396667480473,True,REGULAR,USD,2026-01-30,26,683.1699829101562
SPY260130C00673000,2026-01-02 19:21:34+00:00,673.0,16.92,17.55,17.88,-1.0499992,-5.843068,111.0,236,0.1647422393798828,True,REGULAR,USD,2026-01-30,26,683.1699829101562
SPY260130C00674000,2026-01-02 18:55:29+00:00,674.0,15.04,16.77,17.13,-5.8100004,-27.865707,10.0,155,0.16281965118408204,True,REGULAR,USD,2026-01-30,26,683.1699829101562
SPY260130C00675000,2026-01-02 21:11:30+00:00,675.0,16.22,16.02,16.38,0.18999863,1.185269,195.0,3027,0.16079025253295898,True,REGULAR,USD,2026-01-30,26,683.1699829101562
SPY260130C00676000,2026-01-02 18:53:04+00:00,676.0,13.29,15.32,15.66,-1.9899998,-13.023559,28.0,356,0.1590355093383789,True,REGULAR,USD,2026-01-30,26,683.1699829101562
SPY260130C00677000,2026-01-02 20:21:34+00:00,677.0,14.86,14.52,14.94,-0.45000076,-2.9392605,18.0,490,0.15711292114257813,True,REGULAR,USD,2026-01-30,26,683.1699829101562
SPY260130C00678000,2026-01-02 21:05:53+00:00,678.0,14.05,13.81,14.21,-2.1400003,-13.218038,29.0,721,0.1548851602172852,True,REGULAR,USD,2026-01-30,26,683.1699829101562
SPY260130C00679000,2026-01-02 21:14:47+00:00,679.0,13.3,13.15,13.51,0.25,1.9157088,70.0,793,0.15293205474853522,True,REGULAR,USD,2026-01-30,26,683.1699829101562
SPY260130C00680000,2026-01-02 21:12:13+00:00,680.0,12.58,12.6,12.72,-0.05000019,-0.3958843,4275.0,4429,0.14957515472412108,True,REGULAR,USD,2026-01-30,26,683.1699829101562
SPY260130C00681000,2026-01-02 21:02:01+00:00,681.0,12.0,11.8,12.16,0.22999954,1.9541167,859.0,1003,0.14914791290283202,True,REGULAR,USD,2026-01-30,26,683.1699829101562
SPY260130C00682000,2026-01-02 21:00:05+00:00,682.0,11.36,11.27,11.35,-0.010000229,-0.08795276,1477.0,1070,0.14518066741943358,True,REGULAR,USD,2026-01-30,26,683.1699829101562
SPY260130C00683000,2026-01-02 21:13:10+00:00,683.0,10.62,10.63,10.72,0.05000019,0.4730387,1059.0,1061,0.14347170013427735,True,REGULAR,USD,2026-01-30,26,683.1699829101562
SPY260130C00684000,2026-01-02 21:02:33+00:00,684.0,10.18,10.04,10.08,0.07000065,0.6923902,1226.0,1289,0.1413965255737305,False,REGULAR,USD,2026-01-30,26,683.1699829101562
SPY260130C00685000,2026-01-02 21:14:29+00:00,685.0,9.43,9.44,9.48,-0.049999237,-0.52741814,3623.0,4301,0.1396875582885742,False,REGULAR,USD,2026-01-30,26,683.1699829101562
SPY260130C00686000,2026-01-02 21:10:17+00:00,686.0,8.93,8.85,8.89,-0.019999504,-0.22345816,477.0,1879,0.13787178054809573,False,REGULAR,USD,2026-01-30,26,683.1699829101562
SPY260130C00687000,2026-01-02 20:37:51+00:00,687.0,8.05,8.28,8.32,-0.14999962,-1.8292638,612.0,1245,0.13611703735351563,False,REGULAR,USD,2026-01-30,26,683.1699829101562
SPY260130C00688000,2026-01-02 21:13:10+00:00,688.0,7.72,7.73,7.77,-0.03000021,-0.38709947,961.0,1320,0.1344080700683594,False,REGULAR,USD,2026-01-30,26,683.1699829101562
SPY260130C00689000,2026-01-02 20:54:40+00:00,689.0,6.86,7.2,7.24,-0.3699999,-5.117564,307.0,799,0.13272962005615235,False,REGULAR,USD,2026-01-30,26,683.1699829101562
SPY260130C00690000,2026-01-02 21:14:59+00:00,690.0,6.7,6.69,6.72,-0.0800004,-1.1799469,2891.0,5954,0.13095961822509766,False,REGULAR,USD,2026-01-30,26,683.1699829101562
SPY260130C00691000,2026-01-02 20:57:58+00:00,691.0,5.89,6.2,6.23,-0.3000002,-4.8465295,434.0,751,0.12934220275878905,False,REGULAR,USD,2026-01-30,26,683.1699829101562
SPY260130C00692000,2026-01-02 21:14:56+00:00,692.0,5.74,5.73,5.77,-0.09000015,-1.543742,570.0,2033,0.12787737365722657,False,REGULAR,USD,2026-01-30,26,683.1699829101562
SPY260130C00693000,2026-01-02 20:58:48+00:00,693.0,5.03,5.28,5.32,-0.55999994,-10.017887,366.0,805,0.1263057341003418,False,REGULAR,USD,2026-01-30,26,683.1699829101562
SPY260130C00694000,2026-01-02 21:12:13+00:00,694.0,4.79,4.86,4.89,-0.09000015,-1.8442653,715.0,992,0.12473409454345702,False,REGULAR,USD,2026-01-30,26,683.1699829101562
SPY260130C00695000,2026-01-02 21:00:58+00:00,695.0,4.5,4.46,4.49,-0.07999992,-1.7467233,1831.0,2186,0.12333029998779299,False,REGULAR,USD,2026-01-30,26,683.1699829101562
SPY260130C00696000,2026-01-02 21:02:41+00:00,696.0,4.14,4.08,4.11,-0.010000229,-0.24096936,785.0,903,0.12195702270507813,False,REGULAR,USD,2026-01-30,26,683.1699829101562
SPY260130C00697000,2026-01-02 21:12:11+00:00,697.0,3.68,3.72,3.75,-0.18999982,-4.9095564,462.0,1007,0.12058374542236328,False,REGULAR,USD,2026-01-30,26,683.1699829101562
SPY260130C00698000,2026-01-02 20:54:58+00:00,698.0,3.16,3.39,3.42,-0.32999992,-9.4555855,724.0,4758,0.11939357177734375,False,REGULAR,USD,2026-01-30,26,683.1699829101562
SPY260130C00699000,2026-01-02 20:47:26+00:00,699.0,2.8,3.07,3.1,-0.33000016,-10.543136,187.0,969,0.11805081176757812,False,REGULAR,USD,2026-01-30,26,683.1699829101562
SPY260130C00700000,2026-01-02 21:12:11+00:00,700.0,2.74,2.78,2.81,-0.17000008,-5.841927,4557.0,9784,0.11692167266845702,False,REGULAR,USD,2026-01-30,26,683.1699829101562
SPY260130C00701000,2026-01-02 21:00:58+00:00,701.0,2.52,2.51,2.54,-0.099999905,-3.8167906,630.0,1121,0.11582305084228516,False,REGULAR,USD,2026-01-30,26,683.1699829101562
SPY260130C00702000,2026-01-02 20:58:48+00:00,702.0,2.12,2.26,2.28,-0.23000002,-9.787235,353.0,1800,0.1145718426513672,False,REGULAR,USD,2026-01-30,26,683.1699829101562
SPY260130C00703000,2026-01-02 20:58:48+00:00,703.0,1.9,2.03,2.05,-0.24000013,-11.214959,901.0,1813,0.11359528991699218,False,REGULAR,USD,2026-01-30,26,683.1699829101562
SPY260130C00704000,2026-01-02 20:58:48+00:00,704.0,1.76,1.81,1.84,-0.14999998,-7.853402,470.0,1632,0.11267977172851562,False,REGULAR,USD,2026-01-30,26,683.1699829101562
SPY260130C00705000,2026-01-02 21:11:30+00:00,705.0,1.61,1.62,1.64,-0.15999997,-9.039547,1016.0,3496,0.11164218444824218,False,REGULAR,USD,2026-01-30,26,683.1699829101562
SPY260130C00706000,2026-01-02 20:59:18+00:00,706.0,1.41,1.44,1.46,-0.13999999,-9.032258,502.0,883,0.11072666625976563,False,REGULAR,USD,2026-01-30,26,683.1699829101562
SPY260130C00707000,2026-01-02 21:12:11+00:00,707.0,1.25,1.28,1.3,-0.13,-9.42029,180.0,876,0.10993321716308593,False,REGULAR,USD,2026-01-30,26,683.1699829101562
SPY260130C00708000,2026-01-02 21:12:17+00:00,708.0,1.11,1.13,1.16,-0.120000005,-9.756098,729.0,1370,0.10932287170410156,False,REGULAR,USD,2026-01-30,26,683.1699829101562
SPY260130C00709000,2026-01-02 21:03:48+00:00,709.0,1.0,1.0,1.02,-0.13,-11.504424,428.0,1091,0.108407353515625,False,REGULAR,USD,2026-01-30,26,683.1699829101562
SPY260130C00710000,2026-01-02 21:02:34+00:00,710.0,0.9,0.89,0.9,-0.08000004,-8.16327,2462.0,3650,0.10767493896484376,False,REGULAR,USD,2026-01-30,26,683.1699829101562
SPY260130C00711000,2026-01-02 20:52:32+00:00,711.0,0.73,0.78,0.8,-0.21999997,-23.157892,188.0,888,0.10730873168945312,False,REGULAR,USD,2026-01-30,26,683.1699829101562
SPY260130C00712000,2026-01-02 21:00:16+00:00,712.0,0.7,0.69,0.7,-0.100000024,-12.500003,442.0,1179,0.10657631713867188,False,REGULAR,USD,2026-01-30,26,683.1699829101562
SPY260130C00713000,2026-01-02 18:48:32+00:00,713.0,0.57,0.6,0.62,-0.13999999,-19.71831,101.0,879,0.10621010986328125,False,REGULAR,USD,2026-01-30,26,683.1699829101562
SPY260130C00714000,2026-01-02 20:28:56+00:00,714.0,0.54,0.53,0.54,-0.15999997,-22.857138,107.0,756,0.10559976440429686,False,REGULAR,USD,2026-01-30,26,683.1699829101562
SPY260130C00715000,2026-01-02 20:41:14+00:00,715.0,0.46,0.47,0.48,-0.09,-16.363638,703.0,4104,0.1054776953125,False,REGULAR,USD,2026-01-30,26,683.1699829101562
SPY260130C00716000,2026-01-02 19:40:15+00:00,716.0,0.44,0.41,0.42,-0.060000002,-12.0,162.0,1315,0.10505045349121094,False,REGULAR,USD,2026-01-30,26,683.1699829101562
SPY260130C00717000,2026-01-02 21:14:18+00:00,717.0,0.36,0.36,0.37,-0.089999974,-19.999994,234.0,2413,0.10486734985351562,False,REGULAR,USD,2026-01-30,26,683.1699829101562
SPY260130C00718000,2026-01-02 21:13:29+00:00,718.0,0.32,0.32,0.33,-0.099999994,-23.809523,398.0,19101,0.1049894189453125,False,REGULAR,USD,2026-01-30,26,683.1699829101562
SPY260130C00719000,2026-01-02 16:38:32+00:00,719.0,0.29,0.28,0.29,-0.07000002,-19.444448,88.0,3091,0.10474528076171874,False,REGULAR,USD,2026-01-30,26,683.1699829101562
SPY260130C00720000,2026-01-02 21:06:07+00:00,720.0,0.25,0.25,0.26,-0.08000001,-24.242428,3150.0,7030,0.1049894189453125,False,REGULAR,USD,2026-01-30,26,683.1699829101562
SPY260130C00721000,2026-01-02 20:23:29+00:00,721.0,0.23,0.22,0.23,-0.059999987,-20.689651,412.0,1116,0.1049894189453125,False,REGULAR,USD,2026-01-30,26,683.1699829101562
SPY260130C00722000,2026-01-02 20:28:06+00:00,722.0,0.21,0.19,0.21,-0.07000001,-25.000004,534.0,927,0.10572183349609374,False,REGULAR,USD,2026-01-30,26,683.1699829101562
SPY260130C00723000,2026-01-02 18:36:10+00:00,723.0,0.17,0.17,0.19,-0.11999999,-41.37931,406.0,277,0.10608804077148437,False,REGULAR,USD,2026-01-30,26,683.1699829101562
SPY260130C00724000,2026-01-02 18:13:51+00:00,724.0,0.17,0.16,0.17,-0.060000002,-26.086956,168.0,519,0.106454248046875,False,REGULAR,USD,2026-01-30,26,683.1699829101562
SPY260130C00725000,2026-01-02 20:58:08+00:00,725.0,0.14,0.14,0.15,-0.099999994,-41.666664,726.0,5308,0.106454248046875,False,REGULAR,USD,2026-01-30,26,683.1699829101562
SPY260130C00726000,2026-01-02 17:48:33+00:00,726.0,0.13,0.13,0.14,-0.060000002,-31.578949,14.0,2866,0.10743080078125,False,REGULAR,USD,2026-01-30,26,683.1699829101562
SPY260130C00727000,2026-01-02 18:15:06+00:00,727.0,0.11,0.12,0.13,-0.11,-50.0,4.0,312,0.10816321533203124,False,REGULAR,USD,2026-01-30,26,683.1699829101562
SPY260130C00728000,2026-01-02 20:36:50+00:00,728.0,0.11,0.11,0.12,-0.049999997,-31.25,184.0,599,0.10913976806640624,False,REGULAR,USD,2026-01-30,26,683.1699829101562
SPY260130C00729000,2025-12-31 18:17:33+00:00,729.0,0.13,0.1,0.11,-0.07000001,-35.000004,8.0,593,0.10962804443359375,False,REGULAR,USD,2026-01-30,26,683.1699829101562
SPY260130C00730000,2026-01-02 20:34:13+00:00,730.0,0.1,0.09,0.1,-0.059999995,-37.499996,2042.0,2271,0.11011632080078124,False,REGULAR,USD,2026-01-30,26,683.1699829101562
SPY260130C00731000,2026-01-02 18:04:15+00:00,731.0,0.09,0.08,0.1,-0.029999994,-24.999996,102.0,3611,0.11206942626953123,False,REGULAR,USD,2026-01-30,26,683.1699829101562
SPY260130C00732000,2026-01-02 16:54:34+00:00,732.0,0.09,0.08,0.09,-0.08,-47.058823,104.0,1042,0.11255770263671874,False,REGULAR,USD,2026-01-30,26,683.1699829101562
SPY260130C00733000,2026-01-02 18:02:28+00:00,733.0,0.08,0.07,0.09,-0.07000001,-46.66667,1.0,613,0.11426666992187501,False,REGULAR,USD,2026-01-30,26,683.1699829101562
SPY260130C00734000,2026-01-02 16:49:02+00:00,734.0,0.09,0.07,0.08,-0.03999999,-30.769226,154.0,782,0.11451080810546876,False,REGULAR,USD,2026-01-30,26,683.1699829101562
SPY260130C00735000,2026-01-02 18:28:36+00:00,735.0,0.07,0.07,0.08,-0.049999997,-41.666664,16.0,712,0.11646391357421876,False,REGULAR,USD,2026-01-30,26,683.1699829101562
SPY260130C00736000,2025-12-30 18:29:31+00:00,736.0,0.1,0.06,0.07,-0.080000006,-44.444447,100.0,629,0.116219775390625,False,REGULAR,USD,2026-01-30,26,683.1699829101562
SPY260130C00737000,2026-01-02 20:44:10+00:00,737.0,0.06,0.06,0.07,-0.06999999,-53.84615,19.0,341,0.118172880859375,False,REGULAR,USD,2026-01-30,26,683.1699829101562
SPY260130C00738000,2026-01-02 15:20:30+00:00,738.0,0.06,0.06,0.07,-0.06,-50.0,102.0,336,0.12012598632812499,False,REGULAR,USD,2026-01-30,26,683.1699829101562
SPY260130C00739000,2026-01-02 14:44:29+00:00,739.0,0.09,0.06,0.07,0.0,0.0,8.0,181,0.12183495361328125,False,REGULAR,USD,2026-01-30,26,683.1699829101562
SPY260130C00740000,2026-01-02 20:58:08+00:00,740.0,0.05,0.05,0.06,-0.040000003,-44.444447,31.0,2495,0.1215908154296875,False,REGULAR,USD,2026-01-30,26,683.1699829101562
SPY260130C00741000,2025-12-31 20:54:40+00:00,741.0,0.07,0.05,0.06,0.0,0.0,5.0,313,0.12305564453125001,False,REGULAR,USD,2026-01-30,26,683.1699829101562
SPY260130C00742000,2025-12-31 17:26:04+00:00,742.0,0.06,0.05,0.06,-0.030000005,-33.333336,100.0,314,0.12500875,False,REGULAR,USD,2026-01-30,26,683.1699829101562
SPY260130C00743000,2025-12-31 20:39:51+00:00,743.0,0.08,0.05,0.06,0.0,0.0,1.0,552,0.12696185546875,False,REGULAR,USD,2026-01-30,26,683.1699829101562
SPY260130C00744000,2026-01-02 14:47:32+00:00,744.0,0.05,0.05,0.06,-0.029999997,-37.499996,1317.0,281,0.12842668457031248,False,REGULAR,USD,2026-01-30,26,683.1699829101562
SPY260130C00745000,2026-01-02 21:12:17+00:00,745.0,0.05,0.04,0.05,-0.02,-28.571426,16.0,2046,0.1274501318359375,False,REGULAR,USD,2026-01-30,26,683.1699829101562
SPY260130C00746000,2026-01-02 14:44:41+00:00,746.0,0.05,0.04,0.05,-0.029999997,-37.499996,40.0,694,0.1294032373046875,False,REGULAR,USD,2026-01-30,26,683.1699829101562
SPY260130C00747000,2025-12-31 19:27:37+00:00,747.0,0.07,0.04,0.05,0.0,0.0,68.0,1211,0.13086806640624998,False,REGULAR,USD,2026-01-30,26,683.1699829101562
SPY260130C00748000,2025-12-31 19:25:52+00:00,748.0,0.07,0.04,0.05,0.0,0.0,338.0,647,0.132821171875,False,REGULAR,USD,2026-01-30,26,683.1699829101562
SPY260130C00749000,2026-01-02 20:05:23+00:00,749.0,0.04,0.04,0.05,-0.030000001,-42.857143,606.0,519,0.13428600097656251,False,REGULAR,USD,2026-01-30,26,683.1699829101562
SPY260130C00750000,2026-01-02 20:50:29+00:00,750.0,0.04,0.04,0.05,-0.02,-33.333336,4994.0,7368,0.1362391064453125,False,REGULAR,USD,2026-01-30,26,683.1699829101562
SPY260130C00755000,2026-01-02 19:53:53+00:00,755.0,0.04,0.03,0.04,-0.02,-33.333336,51.0,1076,0.14112187011718752,False,REGULAR,USD,2026-01-30,26,683.1699829101562
SPY260130C00760000,2026-01-02 19:36:39+00:00,760.0,0.03,0.03,0.04,-0.020000001,-40.000004,8.0,1793,0.149422568359375,False,REGULAR,USD,2026-01-30,26,683.1699829101562
SPY260130C00765000,2026-01-02 20:34:12+00:00,765.0,0.03,0.03,0.04,-0.01,-25.0,28.0,1622,0.157234990234375,False,REGULAR,USD,2026-01-30,26,683.1699829101562
SPY260130C00770000,2026-01-02 20:04:53+00:00,770.0,0.03,0.02,0.03,-0.01,-25.0,2860.0,693,0.161141201171875,False,REGULAR,USD,2026-01-30,26,683.1699829101562
SPY260130C00775000,2025-12-31 15:12:05+00:00,775.0,0.03,0.02,0.03,0.0,0.0,6.0,804,0.16895362304687503,False,REGULAR,USD,2026-01-30,26,683.1699829101562
SPY260130C00780000,2026-01-02 16:07:37+00:00,780.0,0.02,0.02,0.03,-0.01,-33.333336,1004.0,2319,0.1757894921875,False,REGULAR,USD,2026-01-30,26,683.1699829101562
SPY260130C00785000,2025-12-31 20:51:10+00:00,785.0,0.02,0.02,0.03,0.0,0.0,7.0,762,0.18360191406249998,False,REGULAR,USD,2026-01-30,26,683.1699829101562
SPY260130C00790000,2026-01-02 17:02:57+00:00,790.0,0.02,0.02,0.03,0.0,0.0,51.0,3255,0.1914143359375,False,REGULAR,USD,2026-01-30,26,683.1699829101562
SPY260130C00795000,2025-12-30 19:48:01+00:00,795.0,0.03,0.01,0.02,0.0,0.0,50.0,55,0.1914143359375,False,REGULAR,USD,2026-01-30,26,683.1699829101562
SPY260130C00800000,2026-01-02 17:13:11+00:00,800.0,0.02,0.01,0.02,-0.01,-33.333336,2.0,142,0.1992267578125,False,REGULAR,USD,2026-01-30,26,683.1699829101562
SPY260206C00600000,2025-12-26 16:47:19+00:00,600.0,93.8,84.67,88.09,0.0,0.0,1.0,1,0.38040780731201174,True,REGULAR,USD,2026-02-06,33,683.1699829101562
SPY260206C00625000,2025-12-31 16:13:38+00:00,625.0,63.62,60.32,63.77,0.0,0.0,1.0,3,0.3068306622314453,True,REGULAR,USD,2026-02-06,33,683.1699829101562
SPY260206C00630000,2025-12-31 17:23:43+00:00,630.0,59.14,55.53,59.04,0.0,0.0,8.0,9,0.2937997866821288,True,REGULAR,USD,2026-02-06,33,683.1699829101562
SPY260206C00640000,2025-12-29 18:18:06+00:00,640.0,46.47,46.09,49.57,-5.6399994,-10.823257,1.0,3,0.2658459646606446,True,REGULAR,USD,2026-02-06,33,683.1699829101562
SPY260206C00645000,2026-01-02 20:47:05+00:00,645.0,42.32,41.47,44.98,-4.779999,-10.148618,26.0,48,0.25336440002441407,True,REGULAR,USD,2026-02-06,33,683.1699829101562
SPY260206C00650000,2026-01-02 18:40:33+00:00,650.0,38.84,36.91,40.43,-1.4399986,-3.574972,597.0,17,0.2406081799316406,True,REGULAR,USD,2026-02-06,33,683.1699829101562
SPY260206C00655000,2025-12-31 20:54:59+00:00,655.0,34.05,32.46,35.97,0.0,0.0,1.0,3,0.22818764984130857,True,REGULAR,USD,2026-02-06,33,683.1699829101562
SPY260206C00661000,2026-01-02 18:54:08+00:00,661.0,26.65,27.63,30.2,-3.6100006,-11.929943,2.0,2,0.20584900604248046,True,REGULAR,USD,2026-02-06,33,683.1699829101562
SPY260206C00666000,2026-01-02 20:11:16+00:00,666.0,24.88,23.45,26.08,-4.450001,-15.172182,2.0,3,0.19545787460327146,True,REGULAR,USD,2026-02-06,33,683.1699829101562
SPY260206C00668000,2025-12-26 16:52:59+00:00,668.0,23.26,21.82,24.48,-6.6800003,-22.311289,2.0,3,0.1914143359375,True,REGULAR,USD,2026-02-06,33,683.1699829101562
SPY260206C00669000,2025-12-29 20:58:01+00:00,669.0,26.85,21.02,23.69,0.0,0.0,2.0,1,0.18936967864990234,True,REGULAR,USD,2026-02-06,33,683.1699829101562
SPY260206C00670000,2026-01-02 18:07:40+00:00,670.0,20.09,20.23,22.91,-2.0100002,-9.095023,4.0,12,0.18738605590820312,True,REGULAR,USD,2026-02-06,33,683.1699829101562
SPY260206C00674000,2026-01-02 16:59:06+00:00,674.0,16.98,17.16,19.87,-8.790001,-34.109432,2.0,5,0.17954311676025392,True,REGULAR,USD,2026-02-06,33,683.1699829101562
SPY260206C00675000,2026-01-02 19:31:08+00:00,675.0,17.55,17.72,17.95,-0.80000114,-4.359679,14.0,134,0.16291120300292972,True,REGULAR,USD,2026-02-06,33,683.1699829101562
SPY260206C00676000,2026-01-02 17:02:26+00:00,676.0,15.7,15.7,18.4,-5.2799997,-25.166824,2.0,27,0.17563690582275393,True,REGULAR,USD,2026-02-06,33,683.1699829101562
SPY260206C00677000,2026-01-02 16:24:35+00:00,677.0,15.85,15.17,17.59,-2.5100002,-13.671024,5.0,7,0.17258517852783206,True,REGULAR,USD,2026-02-06,33,683.1699829101562
SPY260206C00679000,2026-01-02 20:45:53+00:00,679.0,14.5,14.88,15.11,-0.77999973,-5.1047106,65.0,8,0.15573964385986327,True,REGULAR,USD,2026-02-06,33,683.1699829101562
SPY260206C00680000,2026-01-02 20:52:02+00:00,680.0,13.83,14.22,14.38,-0.6300001,-4.3568473,899.0,23,0.15338981384277345,True,REGULAR,USD,2026-02-06,33,683.1699829101562
SPY260206C00681000,2026-01-02 20:59:53+00:00,681.0,13.6,13.6,13.73,0.11000061,0.81542337,391.0,9,0.1518639501953125,True,REGULAR,USD,2026-02-06,33,683.1699829101562
SPY260206C00683000,2026-01-02 21:14:48+00:00,683.0,12.33,12.31,12.4,0.17000008,1.398027,342.0,121,0.1480492910766602,True,REGULAR,USD,2026-02-06,33,683.1699829101562
SPY260206C00684000,2026-01-02 21:14:30+00:00,684.0,11.7,11.7,11.74,-0.77999973,-6.249998,490.0,31,0.14595885787963864,False,REGULAR,USD,2026-02-06,33,683.1699829101562
SPY260206C00685000,2026-01-02 21:13:49+00:00,685.0,11.07,11.09,11.13,0.03999996,0.362647,1904.0,318,0.14432618377685547,False,REGULAR,USD,2026-02-06,33,683.1699829101562
SPY260206C00686000,2026-01-02 21:06:48+00:00,686.0,10.49,10.49,10.53,0.059999466,0.57525855,196.0,110,0.14264773376464845,False,REGULAR,USD,2026-02-06,33,683.1699829101562
SPY260206C00687000,2026-01-02 21:12:51+00:00,687.0,9.88,9.9,9.95,0.0,0.0,100.0,249,0.14103031829833984,False,REGULAR,USD,2026-02-06,33,683.1699829101562
SPY260206C00688000,2026-01-02 20:53:26+00:00,688.0,9.07,9.34,9.38,-0.3600006,-3.8176098,107.0,143,0.13936712692260744,False,REGULAR,USD,2026-02-06,33,683.1699829101562
SPY260206C00689000,2026-01-02 19:54:34+00:00,689.0,8.84,8.79,8.83,-0.60999966,-6.455023,364.0,172,0.13776497009277344,False,REGULAR,USD,2026-02-06,33,683.1699829101562
SPY260206C00690000,2026-01-02 21:05:36+00:00,690.0,8.26,8.26,8.3,0.030000687,0.36452842,1028.0,482,0.1362391064453125,False,REGULAR,USD,2026-02-06,33,683.1699829101562
SPY260206C00691000,2026-01-02 20:58:48+00:00,691.0,7.44,7.74,7.77,-0.3800001,-4.8593364,12.0,82,0.13449962188720704,False,REGULAR,USD,2026-02-06,33,683.1699829101562
SPY260206C00692000,2026-01-02 18:50:47+00:00,692.0,6.0,7.25,7.29,-1.3200002,-18.03279,98.0,179,0.1332026377868652,False,REGULAR,USD,2026-02-06,33,683.1699829101562
SPY260206C00693000,2026-01-02 18:50:47+00:00,693.0,6.67,6.77,6.81,-0.46000004,-6.4516134,73.0,238,0.13169203277587893,False,REGULAR,USD,2026-02-06,33,683.1699829101562
SPY260206C00694000,2026-01-02 20:25:42+00:00,694.0,6.24,6.31,6.35,-0.64000034,-9.302331,115.0,39,0.130242462310791,False,REGULAR,USD,2026-02-06,33,683.1699829101562
SPY260206C00695000,2026-01-02 21:12:04+00:00,695.0,5.84,5.87,5.91,-0.12999964,-2.1775484,294.0,738,0.1288234091186523,False,REGULAR,USD,2026-02-06,33,683.1699829101562
SPY260206C00696000,2026-01-02 20:58:48+00:00,696.0,5.23,5.45,5.49,-0.34000015,-6.1041317,173.0,170,0.12748064910888673,False,REGULAR,USD,2026-02-06,33,683.1699829101562
SPY260206C00697000,2026-01-02 21:02:02+00:00,697.0,5.1,5.06,5.1,-0.1800003,-3.4090967,185.0,149,0.12629047546386718,False,REGULAR,USD,2026-02-06,33,683.1699829101562
SPY260206C00698000,2026-01-02 20:58:48+00:00,698.0,4.47,4.68,4.72,-0.2800002,-5.8947415,409.0,43,0.12500875,False,REGULAR,USD,2026-02-06,33,683.1699829101562
SPY260206C00699000,2026-01-02 21:13:41+00:00,699.0,4.29,4.33,4.36,-0.61000013,-12.448982,144.0,137,0.12378805908203125,False,REGULAR,USD,2026-02-06,33,683.1699829101562
SPY260206C00700000,2026-01-02 21:08:35+00:00,700.0,4.0,3.99,4.02,-0.11000013,-2.6764023,841.0,720,0.12262840270996095,False,REGULAR,USD,2026-02-06,33,683.1699829101562
SPY260206C00701000,2026-01-02 20:58:48+00:00,701.0,3.48,3.67,3.7,-0.31999993,-8.421051,271.0,23,0.12149926361083985,False,REGULAR,USD,2026-02-06,33,683.1699829101562
SPY260206C00702000,2026-01-02 21:02:02+00:00,702.0,3.38,3.37,3.4,-0.07999992,-2.3121364,225.0,210,0.12043115905761718,False,REGULAR,USD,2026-02-06,33,683.1699829101562
SPY260206C00704000,2026-01-02 21:13:41+00:00,704.0,2.82,2.82,2.85,-0.48000002,-14.545456,163.0,409,0.11835598449707031,False,REGULAR,USD,2026-02-06,33,683.1699829101562
SPY260206C00705000,2026-01-02 21:14:45+00:00,705.0,2.56,2.58,2.6,-0.13000011,-4.832718,626.0,1002,0.11737943176269532,False,REGULAR,USD,2026-02-06,33,683.1699829101562
SPY260206C00706000,2026-01-02 21:01:41+00:00,706.0,2.35,2.35,2.37,-0.13000011,-5.24194,437.0,919,0.11646391357421876,False,REGULAR,USD,2026-02-06,33,683.1699829101562
SPY260206C00707000,2026-01-02 20:58:48+00:00,707.0,2.02,2.14,2.16,-0.49,-19.521914,431.0,613,0.11567046447753906,False,REGULAR,USD,2026-02-06,33,683.1699829101562
SPY260206C00708000,2026-01-02 20:56:39+00:00,708.0,1.87,1.94,1.97,-0.17999995,-8.780485,70.0,715,0.11502960174560548,False,REGULAR,USD,2026-02-06,33,683.1699829101562
SPY260206C00709000,2026-01-02 17:32:05+00:00,709.0,1.75,1.76,1.78,-0.3599999,-17.061607,39.0,478,0.1141140835571289,False,REGULAR,USD,2026-02-06,33,683.1699829101562
SPY260206C00710000,2026-01-02 20:43:43+00:00,710.0,1.51,1.59,1.62,-0.28999996,-16.11111,195.0,482,0.11356477264404297,False,REGULAR,USD,2026-02-06,33,683.1699829101562
SPY260206C00711000,2026-01-02 17:23:43+00:00,711.0,1.37,1.44,1.46,-0.7399999,-35.071087,10.0,733,0.11274080627441406,False,REGULAR,USD,2026-02-06,33,683.1699829101562
SPY260206C00712000,2026-01-02 20:26:59+00:00,712.0,1.29,1.3,1.32,-0.1500001,-10.416673,320.0,722,0.11219149536132811,False,REGULAR,USD,2026-02-06,33,683.1699829101562
SPY260206C00713000,2026-01-02 18:57:26+00:00,713.0,0.93,1.17,1.19,-0.34999996,-27.343746,414.0,317,0.11158114990234375,False,REGULAR,USD,2026-02-06,33,683.1699829101562
SPY260206C00714000,2026-01-02 21:11:10+00:00,714.0,1.06,1.06,1.07,-0.2700001,-20.30076,293.0,606,0.11097080444335936,False,REGULAR,USD,2026-02-06,33,683.1699829101562
SPY260206C00715000,2026-01-02 21:14:45+00:00,715.0,0.95,0.95,0.97,-0.120000064,-11.214959,203.0,1165,0.11066563171386719,False,REGULAR,USD,2026-02-06,33,683.1699829101562
SPY260206C00716000,2026-01-02 18:11:20+00:00,716.0,0.74,0.85,0.87,-0.29999995,-28.846151,22.0,518,0.11017735534667968,False,REGULAR,USD,2026-02-06,33,683.1699829101562
SPY260206C00717000,2026-01-02 19:29:23+00:00,717.0,0.74,0.77,0.78,-0.120000005,-13.953489,8.0,508,0.10968907897949219,False,REGULAR,USD,2026-02-06,33,683.1699829101562
SPY260206C00718000,2026-01-02 18:14:34+00:00,718.0,0.72,0.69,0.7,-0.06999999,-8.860759,552.0,1795,0.10932287170410156,False,REGULAR,USD,2026-02-06,33,683.1699829101562
SPY260206C00719000,2026-01-02 16:36:34+00:00,719.0,0.59,0.62,0.63,-0.120000005,-16.90141,25.0,323,0.10901769897460936,False,REGULAR,USD,2026-02-06,33,683.1699829101562
SPY260206C00720000,2026-01-02 21:10:44+00:00,720.0,0.56,0.56,0.57,-0.089999974,-13.84615,160.0,2023,0.10895666442871094,False,REGULAR,USD,2026-02-06,33,683.1699829101562
SPY260206C00725000,2026-01-02 20:48:17+00:00,725.0,0.31,0.33,0.34,-0.099999994,-24.390244,163.0,808,0.10865149169921876,False,REGULAR,USD,2026-02-06,33,683.1699829101562
SPY260206C00730000,2026-01-02 20:07:23+00:00,730.0,0.2,0.2,0.22,-0.11999999,-37.499996,111.0,345,0.11036045898437499,False,REGULAR,USD,2026-02-06,33,683.1699829101562
SPY260206C00735000,2026-01-02 21:11:10+00:00,735.0,0.13,0.13,0.15,-0.13,-50.0,12.0,394,0.11304597900390626,False,REGULAR,USD,2026-02-06,33,683.1699829101562
SPY260206C00740000,2026-01-02 21:13:19+00:00,740.0,0.11,0.1,0.11,-0.060000002,-35.294117,34.0,175,0.1167080517578125,False,REGULAR,USD,2026-02-06,33,683.1699829101562
SPY260206C00745000,2026-01-02 18:51:52+00:00,745.0,0.08,0.08,0.09,-0.07000001,-46.66667,4.0,54,0.12207909179687501,False,REGULAR,USD,2026-02-06,33,683.1699829101562
SPY260206C00750000,2026-01-02 14:33:04+00:00,750.0,0.09,0.06,0.07,-0.029999994,-24.999996,8.0,232,0.12622944091796873,False,REGULAR,USD,2026-02-06,33,683.1699829101562
SPY260206C00755000,2025-12-31 17:29:43+00:00,755.0,0.1,0.05,0.06,0.0,0.0,15.0,26,0.131844619140625,False,REGULAR,USD,2026-02-06,33,683.1699829101562
SPY260206C00760000,2026-01-02 14:40:10+00:00,760.0,0.07,0.05,0.06,-0.009999998,-12.499998,7.0,16,0.13916876464843753,False,REGULAR,USD,2026-02-06,33,683.1699829101562
SPY260206C00765000,2025-12-26 14:42:37+00:00,765.0,0.12,0.04,0.05,0.0,0.0,10.0,10,0.143563251953125,False,REGULAR,USD,2026-02-06,33,683.1699829101562
SPY260206C00770000,2026-01-02 20:44:57+00:00,770.0,0.04,0.04,0.05,-0.02,-33.333336,27.0,115,0.15137567382812503,False,REGULAR,USD,2026-02-06,33,683.1699829101562
SPY260206C00775000,2025-12-26 17:54:38+00:00,775.0,0.08,0.03,0.04,0.0,0.0,40.0,40,0.15430533203125002,False,REGULAR,USD,2026-02-06,33,683.1699829101562
SPY260206C00780000,2025-12-30 17:48:55+00:00,780.0,0.05,0.03,0.04,0.0,0.0,4.0,6,0.16162947753906248,False,REGULAR,USD,2026-02-06,33,683.1699829101562
SPY260206C00800000,2025-12-26 20:36:46+00:00,800.0,0.04,0.02,0.03,0.0,0.0,1.0,1,0.18360191406249998,False,REGULAR,USD,2026-02-06,33,683.1699829101562
